[
  {
    "review_id": "9934666",
    "movie_id": "100041",
    "author": "wwo_****",
    "review": "평생 잊지말아야할가슴아픈 진실입니다..마음이너무아프네요 잘버텨주셔서감사합니다 평생잊지않겠습니다.",
    "rating": "10",
    "date": "15.05.21"
  },
  {
    "review_id": "9931178",
    "movie_id": "100041",
    "author": "dktm****",
    "review": "안녕하세요 일반물리 실험보고서 쓰다가 검색했는데 나왔어요",
    "rating": "1",
    "date": "15.05.19"
  },
  {
    "review_id": "9897995",
    "movie_id": "100041",
    "author": "krys****",
    "review": "소리굽쇠 독립영화가 일본에 전해졌으면 합니다. 일본어 자막으로 유튜브에 퍼졌으면..그리고 평론가는 뇌부터 탑제하시길.",
    "rating": "10",
    "date": "15.05.05"
  },
  {
    "review_id": "9895643",
    "movie_id": "100041",
    "author": "dbst****",
    "review": "진심극혐이다조선족들욕하는사람들있는데우리가버리민족이데어떤해보면ㄷㄷ진심개노답막판남자3명극혐무슨조선족하고한국사람은개무시하넫ㄷㄷㄷ",
    "rating": "10",
    "date": "15.05.05"
  },
  {
    "review_id": "9836428",
    "movie_id": "100041",
    "author": "imji****",
    "review": "ㅜㅜ일본ㅆㄷ벌어엘..",
    "rating": "10",
    "date": "15.04.09"
  },
  {
    "review_id": "9827817",
    "movie_id": "100041",
    "author": "dlfa****",
    "review": "왜 대사 중에서 어떻게 보상해? 내청춘을 돌려 주겠소? 이 대사가 왜 게속 들으면 눈물이 나지?",
    "rating": "10",
    "date": "15.04.05"
  },
  {
    "review_id": "9802571",
    "movie_id": "100041",
    "author": "iene****",
    "review": "평점이 높기에 기대하고 봤는데.. 위안부할머니, 국제결혼, 원폭피해, .. 가뜩이나 무거운주제들을 한번에 다루다보니, 이도저도 아닌것 같다.. 영화의전개는 과거와 현재, 할머니와 손녀, 한국과 중국을 오가다 보니 집중도 안되고..",
    "rating": "4",
    "date": "15.03.23"
  },
  {
    "review_id": "9680524",
    "movie_id": "100041",
    "author": "huks****",
    "review": "일제 시대의 위안부 문제라는 사건에 있어서는 반드시 일본에 사과 및 합당한 보상을 받아야 함에는 의심의 여지가 없다. 하지만  향옥이의 불행이 마치 귀임 할머니의 위안부 피해 때문이라는 다분히 개연성에 근거한 억지 논리는 보는 이로선 적잖이 불편하다",
    "rating": "3",
    "date": "15.02.08"
  },
  {
    "review_id": "9643501",
    "movie_id": "100041",
    "author": "kos4****",
    "review": "이정도로는 정신대나 원폭피해 등을  담을 그릇이 못된다. 담대한 이야기들을 담기엔 짜임새가 너무 열악하다.",
    "rating": "5",
    "date": "15.01.27"
  },
  {
    "review_id": "9638782",
    "movie_id": "100041",
    "author": "moni****",
    "review": "우리가  절대 잊어서는 안될 사실이며, 정말 꼭 보고 많은사람들이 느껴보아야할 영화입니다.",
    "rating": "10",
    "date": "15.01.26"
  },
  {
    "review_id": "9617876",
    "movie_id": "100041",
    "author": "ckdm****",
    "review": "극이 마지막일때쯤  엉엉 울었네요",
    "rating": "10",
    "date": "15.01.21"
  },
  {
    "review_id": "9578718",
    "movie_id": "100041",
    "author": "cksa****",
    "review": "지루할줄알았는대.. 평을쓰게되다니....처음쓰네여",
    "rating": "10",
    "date": "15.01.10"
  },
  {
    "review_id": "9576753",
    "movie_id": "100041",
    "author": "styl****",
    "review": "보는내내 가슴이 먹먹하고 눈물이 났다.잊어선 안됀다.절대로",
    "rating": "10",
    "date": "15.01.09"
  },
  {
    "review_id": "9563751",
    "movie_id": "100041",
    "author": "prin****",
    "review": "참 좋은 영화다... 많은 사람들이 보고 잊지않고 기억했으면 좋겠다. 남 일이 아니라... 우리의 일이다.",
    "rating": "10",
    "date": "15.01.05"
  },
  {
    "review_id": "9557356",
    "movie_id": "100041",
    "author": "hanc****",
    "review": "우리민족은  세뇌에  약하다  한국이든  중국이든  북한이든  ..  가치관을  잃어버렸거든   사람이  그러는게  아니다 댓글을  신증하고  책임성있게  하시길",
    "rating": "10",
    "date": "15.01.03"
  },
  {
    "review_id": "9530652",
    "movie_id": "100041",
    "author": "whdc****",
    "review": "저기...  빵점은 어떻게주나요??",
    "rating": "1",
    "date": "14.12.28"
  },
  {
    "review_id": "9526501",
    "movie_id": "100041",
    "author": "wnrn****",
    "review": "이 영화를 보는내내 계속 울었던것 같아요... 그동안 알면서도 잊은채 무관심했던 저의 모습이 너무나도 부끄럽고 죄송합니다. 지금의 일본인들이 이 영화를 본다면 자신들의 할아버지 또는 그 윗조상들이 한 일에 대해 미안함을 느끼고 제대로 용서를 구하는",
    "rating": "10",
    "date": "14.12.27"
  },
  {
    "review_id": "9510862",
    "movie_id": "100041",
    "author": "a109****",
    "review": "요즘애들한테 좋은영화이지만 중국교포 살짝미화해서 약간 흠있는듯 싶다.남자교포들은 교포끼리 중국말로 어울리더라.",
    "rating": "8",
    "date": "14.12.25"
  },
  {
    "review_id": "9506114",
    "movie_id": "100041",
    "author": "ghkt****",
    "review": "잊지 않고 관심을 갖자..",
    "rating": "10",
    "date": "14.12.24"
  },
  {
    "review_id": "9500594",
    "movie_id": "100041",
    "author": "dksd****",
    "review": "보고서 한없이 울었습니다.ㅠㅠ",
    "rating": "10",
    "date": "14.12.22"
  },
  {
    "review_id": "9490718",
    "movie_id": "100041",
    "author": "lo15****",
    "review": "간만에 좋은영화 봣네요.",
    "rating": "10",
    "date": "14.12.19"
  },
  {
    "review_id": "9489227",
    "movie_id": "100041",
    "author": "whdl****",
    "review": "스토리가 약하면 연기를 잘해야 할꺼아냐? 국어책 읽냐?",
    "rating": "1",
    "date": "14.12.19"
  },
  {
    "review_id": "9488374",
    "movie_id": "100041",
    "author": "fill****",
    "review": "누구나 원하고 갖고 싶은것이 행복이다. 과거도 그랬고 현재도 그렇고 앞으로도 그럴것이다. 우리나라는 전부 행복해 지기에는 이기심이 너무 많은것 같아 씁쓸...",
    "rating": "10",
    "date": "14.12.19"
  },
  {
    "review_id": "9483405",
    "movie_id": "100041",
    "author": "sb98****",
    "review": "박평식? ㅉㅉㅉ 맨날 방구석에서 영화나 보다보니 세상을 보는 눈이 없어지셨나? 어디서 말도 안되는 평점을",
    "rating": "10",
    "date": "14.12.17"
  },
  {
    "review_id": "9480096",
    "movie_id": "100041",
    "author": "plan****",
    "review": "흥미를 위해 조안 캐릭터를 만들었겠지만 결국은 패착이 됐다",
    "rating": "6",
    "date": "14.12.17"
  },
  {
    "review_id": "9477923",
    "movie_id": "100041",
    "author": "dhs1****",
    "review": "실제 관람객 평 2개... 뒷페이지는 평이 다양한데 그다음부터 다 10점이네 아무리 좋은소재라지만 너무티나요",
    "rating": "5",
    "date": "14.12.16"
  },
  {
    "review_id": "9477843",
    "movie_id": "100041",
    "author": "mlb4****",
    "review": "재능기부로 만들어진 부분과 소재가 참 좋았습니다.보는내내 생각하게되는 부분이 참 많네요..국가가 꼭 되짚고 넘어가야 할 부분을 망각하고 점점 잊혀져가는게 너무 아쉽습니다.",
    "rating": "9",
    "date": "14.12.16"
  },
  {
    "review_id": "9469262",
    "movie_id": "100041",
    "author": "bles****",
    "review": "가지가 뻗다보니 기둥이 안보인다",
    "rating": "4",
    "date": "14.12.13"
  },
  {
    "review_id": "9465037",
    "movie_id": "100041",
    "author": "rlfe****",
    "review": "박평식은 또 악플 달고 갔다",
    "rating": "10",
    "date": "14.12.11"
  },
  {
    "review_id": "9438485",
    "movie_id": "100041",
    "author": "ojo6****",
    "review": "위안부 문제는 아직도 끝나지 않는 문제로서 이걸 소재로 다룬 '소리굽쇠'는 온 국민이 봐야할 영화인것 같습니다. 그리고 국민여배우 조안 화이팅이다~~",
    "rating": "10",
    "date": "14.12.01"
  },
  {
    "review_id": "9436281",
    "movie_id": "100041",
    "author": "chlg****",
    "review": "이번에 위안부에대한 주제로 발표를 준비하면서 느낀점이 많았습니다. 화이팅",
    "rating": "10",
    "date": "14.11.30"
  },
  {
    "review_id": "9418937",
    "movie_id": "100041",
    "author": "chun****",
    "review": "죄송합니다. 할머니들..꼭 우리가 그 한 풀어드리겠습니다.",
    "rating": "10",
    "date": "14.11.24"
  },
  {
    "review_id": "9414784",
    "movie_id": "100041",
    "author": "mome****",
    "review": "정말 꼭 봐야할 영화입니다...",
    "rating": "10",
    "date": "14.11.23"
  },
  {
    "review_id": "9409942",
    "movie_id": "100041",
    "author": "gpdu****",
    "review": "소재가 이렇다보니 신파 쪽으로 흐르겠구나 했는데, 의외로 구성이 탄탄한데다 나름의 반전도 있어 저는 재밌게 봤어요. 과거와 이어지는 현재의 아픔을 보여주는 영화.. 우리는 알면서도 모른척 외면하며 살아가고 있지는 않은지..",
    "rating": "9",
    "date": "14.11.22"
  },
  {
    "review_id": "9393526",
    "movie_id": "100041",
    "author": "123g****",
    "review": "정말 모든 국민들이 봤으면 하는 영화라고 생각합니다. 정말 가슴이 먹먹해지면서 많은 사회의 문제를 다시 생각해 보게되었습니다.  배우님들의 연기력에 감탄하고갑니다.",
    "rating": "10",
    "date": "14.11.16"
  },
  {
    "review_id": "9391226",
    "movie_id": "100041",
    "author": "wjdg****",
    "review": "박평식 평론가는 여기서도 3점을 주고 갔습니다.",
    "rating": "10",
    "date": "14.11.16"
  },
  {
    "review_id": "9378733",
    "movie_id": "100041",
    "author": "hey_****",
    "review": "한국인이라면  꼭 봐야할 영화입니다",
    "rating": "10",
    "date": "14.11.13"
  },
  {
    "review_id": "9375025",
    "movie_id": "100041",
    "author": "soul****",
    "review": "진심기자평론가는뭐 3점이상이않돼네",
    "rating": "10",
    "date": "14.11.12"
  },
  {
    "review_id": "9366771",
    "movie_id": "100041",
    "author": "sooo****",
    "review": "10개월 아기랑 신랑이랑 자동차극장에서 봤는데요..아기가 보는도중 울어서 집에와야했습니다..얼릉 집에서 개봉하면 다시 보고싶어요..",
    "rating": "10",
    "date": "14.11.10"
  },
  {
    "review_id": "9363565",
    "movie_id": "100041",
    "author": "oran****",
    "review": "이런 영화가 더 흥행했으면좋겠어요",
    "rating": "10",
    "date": "14.11.09"
  },
  {
    "review_id": "9352092",
    "movie_id": "100041",
    "author": "jua0****",
    "review": "정말 의미 있는 영화였습니다 왜 홍보가 많이 안되고 있는지 아쉽고 대한민국 국민이라면 꼭 한번쯤 보았으면 하는 영화입니다. 보는내내 마음아팠어요. 적극추천 합니다",
    "rating": "10",
    "date": "14.11.07"
  },
  {
    "review_id": "9345276",
    "movie_id": "100041",
    "author": "yomi****",
    "review": "보는내내 가슴 먹먹했습니다. 우리사회의 아픈 과거를 제대로 직시하는 감동적인 소리굽쇠! 이 시대의 필요한 영화인것 같네요. 진짜 최고였습니다.",
    "rating": "10",
    "date": "14.11.06"
  },
  {
    "review_id": "9344801",
    "movie_id": "100041",
    "author": "dnjs****",
    "review": "어제 압구정 시사회를 다녀왔습니다^^ 예고편과 줄거리를 보고 갔었기 때문에 향옥이의 비극적인 인생이 자칫 너무 무겁지 않을까 생각을 했거든요 근데중간중간재밌는부분들과 극본을 짜임세 있는 영화드라고요. 무엇보다  울림이남는영화였습니다.많은분들꼭보세요",
    "rating": "10",
    "date": "14.11.06"
  },
  {
    "review_id": "9344101",
    "movie_id": "100041",
    "author": "boml****",
    "review": "영화가 너무 빨리내려가네요ㅠㅠ현실이..",
    "rating": "7",
    "date": "14.11.06"
  },
  {
    "review_id": "9343800",
    "movie_id": "100041",
    "author": "wlei****",
    "review": "배우와스탭의 재능기부로 만들어진영화! 열악한환경때문에 다 담아내지못했고 그래서 젊은이들의 공감도 이끌어내기 어려울수있지만 사그라드는불씨를 살려내기위한 그들의 노력과뜻이 작은불씨를 살려 중,고생의 80프로가 잘 알지못한다는 이때에도 기억되었으면 한다!",
    "rating": "9",
    "date": "14.11.06"
  },
  {
    "review_id": "9342917",
    "movie_id": "100041",
    "author": "shan****",
    "review": "정말 담담하면서도 울림있는 영화!멀리퍼져나가면 좋겠어요!",
    "rating": "10",
    "date": "14.11.05"
  },
  {
    "review_id": "9342892",
    "movie_id": "100041",
    "author": "kitt****",
    "review": "꼭 한번봐야 할 영화^^",
    "rating": "10",
    "date": "14.11.05"
  },
  {
    "review_id": "9342773",
    "movie_id": "100041",
    "author": "o2ge****",
    "review": "사람이라면 꼭 봐야 될 영화 맞습니다. 특히  소녀들의 희생과  그들의 침묵으로  얻어진 평화 ,,,,우린 그안에서  잊지 말아야 합니다. 기억해야 합니다.",
    "rating": "10",
    "date": "14.11.05"
  },
  {
    "review_id": "9342668",
    "movie_id": "100041",
    "author": "whdk****",
    "review": "위안부 문제라길래 보긴했는데 생각보다 보는 사람들이 너무 적어 아쉬웠다. 실은 이 영화를 혼자보러갔었는데 아무도 없어서 텅빈 영화관에서 혼자 영화를 관람하고 왔다. 취지가 좋은만큼 많이 알려졌으면 좋겠다.",
    "rating": "9",
    "date": "14.11.05"
  },
  {
    "review_id": "9342418",
    "movie_id": "100041",
    "author": "jeec****",
    "review": "영화를 보기 전 까지도 이런 아픈 역사를 모르고 살아왔다는게 참 부끄럽네요, 이미 저 세상에 계신 할머니의 어머니의 지난 과거에 관한 얘기를 들어보고 싶어지네요.",
    "rating": "10",
    "date": "14.11.05"
  },
  {
    "review_id": "9342112",
    "movie_id": "100041",
    "author": "cuie****",
    "review": "나의일이 아니라고 무심하고 지나갔는데  이영화를 보고 다시 생각할수 있게됬네요...소리굽쇠 화이팅 하세요....참 좋은 영화 였어요..잊지 않을게요...",
    "rating": "10",
    "date": "14.11.05"
  },
  {
    "review_id": "9341045",
    "movie_id": "100041",
    "author": "imag****",
    "review": "사실 이런 주제의 영화는  가슴이 넘 아파서 피하고 싶었는데 생각보다 담담하게 풀어나가 훨씬 좋았어요. 점점 잊혀져가는 역사의 피해자들...위안부할머니도, 원폭 피해자도 ..그들이 돌아가시기 전에 더 관심을 보여야겠어요. 재미도, 의미도  좋은 영화!",
    "rating": "10",
    "date": "14.11.04"
  },
  {
    "review_id": "9340972",
    "movie_id": "100041",
    "author": "dkqj****",
    "review": "한가지만 집중적으로 하시지...이도저도...",
    "rating": "1",
    "date": "14.11.04"
  },
  {
    "review_id": "9340824",
    "movie_id": "100041",
    "author": "skyv****",
    "review": "그녀가 당연히 누렸어야 함에도, 잃어버린 것에 대한 이야기 \"귀 열고 들어라!\"라고 얘기해 줄 사람들이 많아 너무 접적으로 표현해서/그녀의 과거를 더 잔혹하게는 그릴수 없어서/혹은 누군가의 발연기때문에 쩝! 그럼에도 불구 하고 간혹 반짝임",
    "rating": "6",
    "date": "14.11.04"
  },
  {
    "review_id": "9340612",
    "movie_id": "100041",
    "author": "whac****",
    "review": "너무 감동적이고 인상적이었습니다.",
    "rating": "10",
    "date": "14.11.04"
  },
  {
    "review_id": "9340587",
    "movie_id": "100041",
    "author": "kdon****",
    "review": "일본군 성노예 원폭피해자 조선족 문제 등 가슴 아픈 역사와 현실을 소재로 한 영화 다소 작위적인 면이 있지만 많은사람들이 보면 좋을 영화",
    "rating": "10",
    "date": "14.11.04"
  },
  {
    "review_id": "9340574",
    "movie_id": "100041",
    "author": "dbwl****",
    "review": "조안 연기잘해서 빠져들면서 봤고 눈물 펑펑",
    "rating": "10",
    "date": "14.11.04"
  },
  {
    "review_id": "9340400",
    "movie_id": "100041",
    "author": "bitn****",
    "review": "위안부 문제를 다루면서도 이야기가 있어서 잘보았네요 먹먹하고 가슴이 뭉클했습니다.. 위안부문제를 떠나 조선족 등 얘기가 서로연관성이있는문제라 많은걸 또 반성하고 느끼게 해준 고마운 영화입니다 마지막에나오는 노래 끝까지듣고 왔네요 ! 꼭보세요 !",
    "rating": "10",
    "date": "14.11.04"
  },
  {
    "review_id": "9340310",
    "movie_id": "100041",
    "author": "rlaa****",
    "review": "이 영화를 보면서 위안부 할머니들이 얼마나 깊은 상처를 받으셨는지 느꼈어요. 정말 좋은 영화인것같아요 ^^",
    "rating": "10",
    "date": "14.11.04"
  },
  {
    "review_id": "9340305",
    "movie_id": "100041",
    "author": "minj****",
    "review": "위안부 역사에 대해 잘 알지 못하고 있엇는데 이번 기회에 잘 알수잇게 되어서 좋은거같아요.",
    "rating": "10",
    "date": "14.11.04"
  },
  {
    "review_id": "9339715",
    "movie_id": "100041",
    "author": "as22****",
    "review": "영화소리굽쇠 감동적이였고,우리의 역사의아픔을 잊지말아야겠습니다.",
    "rating": "10",
    "date": "14.11.03"
  },
  {
    "review_id": "9339580",
    "movie_id": "100041",
    "author": "lone****",
    "review": "우리에게 관심이 필요한 소재를 영화화한점은 너무 좋았지만 작품의 스토리 전개가 매끄럽지는 않았던거 같아요",
    "rating": "8",
    "date": "14.11.03"
  },
  {
    "review_id": "9339535",
    "movie_id": "100041",
    "author": "sdas****",
    "review": "많은 사람이 보고 느껴야만 하는 주제의 내용입니다.나의 바쁘고 힘든 일상은 아픈 역사가 있었기에 행복하다는 것을 알게 되었습니다. 소리굽쇠 화이팅!!",
    "rating": "10",
    "date": "14.11.03"
  },
  {
    "review_id": "9339523",
    "movie_id": "100041",
    "author": "joeu****",
    "review": "위안부, 조선족, 원폭피해 등 많은 이야기를 담다보니 깊이감 있게 다루지 못한 점이 없지 않았나  싶어요. 위안부 문제가 주종인 줄 알고 본 관객은 허탈할 수도...마지막 반전은 귀임 입장에서 충분히 가능한 상황같아요. 잔잔한 반전, 좋았네요. 홧팅",
    "rating": "8",
    "date": "14.11.03"
  },
  {
    "review_id": "9339418",
    "movie_id": "100041",
    "author": "leez****",
    "review": "위안부 할머니들에 관한 영화라고 해서 딸아이를 데리고 가서 봤습니다. 귀국하지 못하셨던 위안부 할머님들이 어떻게 사셨을지 생생하게 느껴집니다. 아프고 힘들게 살아오신 할머님들의 삶과 대를 이어 힘들게 사는 그 후손들 때문에 가슴이 아픕니다...",
    "rating": "10",
    "date": "14.11.03"
  },
  {
    "review_id": "9339130",
    "movie_id": "100041",
    "author": "as10****",
    "review": "개봉하는날가서 보았는데 엄청 실망했습니다. 위안부에 대한 문제라고 홍보 예고편 다 해놓고 , 그렇기에 가서 봤는데실상 실제로 위안부에 대한 내용은 불과 10~20%밖에 안되네요다른 내용도 왔다리갔다리 집중도안되고...여하튼..별로였네요",
    "rating": "4",
    "date": "14.11.03"
  },
  {
    "review_id": "9338726",
    "movie_id": "100041",
    "author": "yanw****",
    "review": "많이 무겁지 않을까 생각했는데, 생각보다는 괜찮았습니다. 김민상님의 '귀여운(?)' 모습도 볼 수 있고... 하지만 역시 아픈 역사라는 건 슬픕니다.. 더불어 이런 영화를 보려고 하는 사람은 많지 않네요, 극장안이 쓸쓸했습니다..ㅠㅠ",
    "rating": "9",
    "date": "14.11.03"
  },
  {
    "review_id": "9338701",
    "movie_id": "100041",
    "author": "khun****",
    "review": "너무 아프기만 하지 않을까 하고 걱정했는데 ... 절때 그렇지 않습니다 ~ 극영화답게 적절히 잘 만들어진듯 합니다 지루하지도 않고 .... 근데 관객이 ㅜ.ㅜ 아직 홍보가 안된듯 하네요 ... 전 꼭 보시라고 추천합니다 ~",
    "rating": "10",
    "date": "14.11.03"
  },
  {
    "review_id": "9338561",
    "movie_id": "100041",
    "author": "suo_****",
    "review": "무겁지않게 그려진 이야기, 처음부터 끝까지 쏙 빠져서 지루할 틈이 없는 영화.,, 정말 의외다.  그리고 소망이 있다면 요즘 젊은 친구들이 많이 봐 줬으면 하는 우리의 사실을 담고 있는 영화. 단순 위안부 관련 영화가 아닌 인간에 대한 예의다.",
    "rating": "10",
    "date": "14.11.03"
  },
  {
    "review_id": "9338103",
    "movie_id": "100041",
    "author": "pmh1****",
    "review": "가슴을 찡하게 하는 사랑에 눈물이 주루룩...우리의 선입견에 대한 반성도 하게하는..감성을 자극하는  영화 ..",
    "rating": "10",
    "date": "14.11.03"
  },
  {
    "review_id": "9338039",
    "movie_id": "100041",
    "author": "ziyi****",
    "review": "영화 끝나고나서 고향집의 푸근함과 고향에 계신 어머니의 따뜻함이 생각났어요.. 그리고 스타탄생 여배우 '조안'",
    "rating": "10",
    "date": "14.11.03"
  },
  {
    "review_id": "9338005",
    "movie_id": "100041",
    "author": "njh3****",
    "review": "할머니가 손녀 향옥에게 울먹이며 했던 말들이 가장 가슴을 아프고 먹먹하게 하네요.. 옥아.. 듣고 있니? 우리는 그동안 할머니들의 맘을 얼마나 이해하고  그분들의 이야기에 얼마나 귀기울였는지... 죄송한 맘이  듭니다.. 이 영화 꼭 보시기 바랍니다.",
    "rating": "9",
    "date": "14.11.03"
  },
  {
    "review_id": "9337894",
    "movie_id": "100041",
    "author": "soph****",
    "review": "스릴이 넘치지도, 배꼽 잡게 웃기지도 않지만 끝까지 보게 하는 힘이 있습니다. 할머니의 절제된 연기도 좋았습니다. 영화적 재미 이외에도 사람들이 이 영화를 많이 봐서 화제가 되어야 이 영화를 제작한 의미가 제대로 살 수 있을 텐데... 많이들 보셨으면",
    "rating": "10",
    "date": "14.11.02"
  },
  {
    "review_id": "9337467",
    "movie_id": "100041",
    "author": "okhe****",
    "review": "시간 가는 줄 모르고 봤네요~~나도 모르게 눈물  흘리며...딸 아이를 둔 엄마이고 또 같은 여자라...꼭! 기억하겠습니다.~가슴 아픈 과거와 상처 잊지않겠습니다!~",
    "rating": "9",
    "date": "14.11.02"
  },
  {
    "review_id": "9337265",
    "movie_id": "100041",
    "author": "redb****",
    "review": "위안부 할머니들의 아픔을 느낄수 있었던 영화",
    "rating": "10",
    "date": "14.11.02"
  },
  {
    "review_id": "9337264",
    "movie_id": "100041",
    "author": "rlaw****",
    "review": "의미있고 좋은영화입니다^^",
    "rating": "10",
    "date": "14.11.02"
  },
  {
    "review_id": "9337173",
    "movie_id": "100041",
    "author": "swee****",
    "review": "위안부 할머니를 둔 조선족 처녀의 코리언 드림의 무상함? 혹은 비참한 삶을 사신 할머니의 행복이란 허락되지 않은 것?? 사진을 처음 찍는 사람들이 가장 많이 실수가 보이는 많은 것들을 담아 어수선하게 만드는데 이 영화가 딱 그런 경우.",
    "rating": "2",
    "date": "14.11.02"
  },
  {
    "review_id": "9335277",
    "movie_id": "100041",
    "author": "534k****",
    "review": "워낭소리 보는 느낌 받았음",
    "rating": "10",
    "date": "14.11.02"
  },
  {
    "review_id": "9334880",
    "movie_id": "100041",
    "author": "lzx1****",
    "review": "영화를 보는 내내  가슴 뭉클해 졌어요 짜임과 구성이 좋은 영화네요 많은 이들이  보셨으면 하네요 ^^",
    "rating": "10",
    "date": "14.11.01"
  },
  {
    "review_id": "9334481",
    "movie_id": "100041",
    "author": "wol0****",
    "review": "이 노래를 부탁해 끊이지 않은 비극 너와 나의 무관심을 노래해줘 이 노래를 부탁해 침묵으로 얻은 평화 또 망각을 위한 망각을 노래해줘",
    "rating": "10",
    "date": "14.11.01"
  },
  {
    "review_id": "9334159",
    "movie_id": "100041",
    "author": "dkzk****",
    "review": "전체적으로 괜찮았지만 너무 방대한 메시지를 전달하려 하다보니 핵심에서 멀어진 영화였습니다",
    "rating": "8",
    "date": "14.11.01"
  },
  {
    "review_id": "9334049",
    "movie_id": "100041",
    "author": "ehru****",
    "review": "솔직히 포스터들 보다가 위안부 글귀 적혀있는거 보고 깜짝 놀라서 예매했다. 상영관에 사람이 거의 없어서 안타까웠던... 제발 홍보 좀 똑바로 하길ㅠㅠㅠㅠ",
    "rating": "10",
    "date": "14.11.01"
  },
  {
    "review_id": "9333956",
    "movie_id": "100041",
    "author": "yosf****",
    "review": "영화 전체적인 내용 흐름 너무 좋았습니다마지막 반전도 너무 좋았구요!!!",
    "rating": "10",
    "date": "14.11.01"
  },
  {
    "review_id": "9332192",
    "movie_id": "100041",
    "author": "yang****",
    "review": "독도는 우리땅....일본 관광객을 상대로 보여 주고싶어요",
    "rating": "10",
    "date": "14.10.31"
  },
  {
    "review_id": "9331956",
    "movie_id": "100041",
    "author": "kyra****",
    "review": "영화관서 나혼자 본 영화였지만 이런 좋은영화를 왜 안보는지 모르겠습니다!! 한시도 시선을 안팔고 보았네요 소리굽쇠화이팅",
    "rating": "10",
    "date": "14.10.31"
  },
  {
    "review_id": "9331352",
    "movie_id": "100041",
    "author": "itsp****",
    "review": "꼭 봐야합니다~! 특히 엔딩크레딧은 정말 최고의 감동이었습니다.",
    "rating": "10",
    "date": "14.10.31"
  },
  {
    "review_id": "9331349",
    "movie_id": "100041",
    "author": "jjan****",
    "review": "제목 처럼 울림이 있는 영화네요~",
    "rating": "10",
    "date": "14.10.31"
  },
  {
    "review_id": "9331346",
    "movie_id": "100041",
    "author": "piaa****",
    "review": "이시대에 필요한 의미있고 무게감있는영화 ..!",
    "rating": "10",
    "date": "14.10.31"
  },
  {
    "review_id": "9331338",
    "movie_id": "100041",
    "author": "kooo****",
    "review": "모두가 꼭 보고 잊지 않았으면 하는  영화입니다ㅠㅠ",
    "rating": "10",
    "date": "14.10.31"
  },
  {
    "review_id": "9331308",
    "movie_id": "100041",
    "author": "goms****",
    "review": "가슴 먹먹한 울림이 느껴지는 좋은 영화입니다... 잊어서는 안 되는 우리의 역사",
    "rating": "10",
    "date": "14.10.31"
  },
  {
    "review_id": "9331301",
    "movie_id": "100041",
    "author": "embr****",
    "review": "눈물이나네요...ㅠ",
    "rating": "10",
    "date": "14.10.31"
  },
  {
    "review_id": "9331226",
    "movie_id": "100041",
    "author": "mooo****",
    "review": "이 영화는 정말.. 대한민국 국민 모두가 봤으면 좋겠어요ㅠ_ㅠ 솔직히 무관심했던 내가 부끄럽기도 하고.. 그리고 소재도 소재지만 막 눈물 쥐어짜는 억지 설정이 아니라서 더 마음에 와 닿았던 것 같아요. 춧천합니다!!",
    "rating": "10",
    "date": "14.10.31"
  },
  {
    "review_id": "9331179",
    "movie_id": "100041",
    "author": "0015****",
    "review": "?아쉬운 영화 위안부할머니쪽에 더 영화중심을 두시지ㅠ 조안 성형 ㅠ아후 ...마지막...할머니들 ㅠㅠ 잊지않겠습니다 ..",
    "rating": "6",
    "date": "14.10.31"
  },
  {
    "review_id": "9331139",
    "movie_id": "100041",
    "author": "pepp****",
    "review": "무거운 소재임에도 잘 풀어 좋은 영화를 만들어 냈다.다만 너무 많은 것들을 담으려다보니 영화 초반에 살짝 다큐멘터리 같았다;; 그래서 1점감점! 하지만 정말 대한민국 국민이 봐야할영화임은 틀림없더",
    "rating": "9",
    "date": "14.10.31"
  },
  {
    "review_id": "9331123",
    "movie_id": "100041",
    "author": "chm5****",
    "review": "보는내내 가슴이 먹먹하고.. 진짜 엔딩크레딧 노래랑 사진들보고도 왈칵 ㅠㅠ 이런영화는 진짜 꼭 봐야한다",
    "rating": "10",
    "date": "14.10.31"
  },
  {
    "review_id": "9330533",
    "movie_id": "100041",
    "author": "smil****",
    "review": "꼭 보겠습니다. 요즘 한국사를 공부하고 있는데 마침 일제강점기 부분을 공부하고 있습니다. 그래서인지 더 와닿습니다. 많은 분들이 한국사에 관심을 가지고 보시는 것도 좋을 것 같습니다.",
    "rating": "10",
    "date": "14.10.31"
  },
  {
    "review_id": "9329932",
    "movie_id": "100041",
    "author": "gong****",
    "review": "시사회 당첨이 되어 광주에서 바로 달려가 보았습니다.위안부에 대한 그 때 그 시절에 아픈기억, 애절한 역사가 오늘날에도 그대로 남아있다는 것. 위안부, 그것을 넘어서 전쟁이 남기고 간 피해를 잘 보여주는 영화였습니다.",
    "rating": "10",
    "date": "14.10.30"
  },
  {
    "review_id": "9329713",
    "movie_id": "100041",
    "author": "secr****",
    "review": "우리사회의 아픈과거를 제대로 직시하는 영화네여 할머니들과 피해자분들이 살아있을때 사과받았으면 합니다",
    "rating": "10",
    "date": "14.10.30"
  },
  {
    "review_id": "9329420",
    "movie_id": "100041",
    "author": "haha****",
    "review": "잊지 말아야 합니다. 잊지 말고 복수하자는 게 아니라, 잊지 말고 다시는 그런 일이 이 땅에 일어나지 않게 하자는 겁니다. 위안부 문제뿐만 아니라 원자폭탄 문제, 재외 한인 문제, 사회적 무관심과 냉대 등등 생각할 거리가 아주 많은 영화입니다.",
    "rating": "9",
    "date": "14.10.30"
  },
  {
    "review_id": "9329019",
    "movie_id": "100041",
    "author": "djat****",
    "review": "많은생각을하게해준영화였습니다 감사합니다",
    "rating": "10",
    "date": "14.10.30"
  }
]