[
  {
    "review": "나의 꿈이자 즐거운 상상의 한 요소가 되버린 슈 퍼맨!!!",
    "date": "15.06.25",
    "rating": "10",
    "author": "seju****",
    "review_id": "10031910",
    "movie_id": "10008"
  },
  {
    "review": "스타워즈와 쌍탑을 이루는 영화",
    "date": "15.06.19",
    "rating": "9",
    "author": "ratr****",
    "review_id": "10011592",
    "movie_id": "10008"
  },
  {
    "review": "슈퍼맨.. 영화로서의 그 위대한 역사의 시작..",
    "date": "15.06.10",
    "rating": "8",
    "author": "blue****",
    "review_id": "9988375",
    "movie_id": "10008"
  },
  {
    "review": "70년대 후반에 초고층 빌딩이 수십개 있는 미국의 저력이 느껴졌다. 그에 반해 헬조센은ㅋㅋㅋ",
    "date": "15.05.25",
    "rating": "8",
    "author": "sdad****",
    "review_id": "9949146",
    "movie_id": "10008"
  },
  {
    "review": "최초의 영화이자 오랫동안 최고였던 영화",
    "date": "15.05.21",
    "rating": "10",
    "author": "ikno****",
    "review_id": "9935788",
    "movie_id": "10008"
  },
  {
    "review": "You'll Believe a Man Can Fly!",
    "date": "15.05.04",
    "rating": "2",
    "author": "huit****",
    "review_id": "9894446",
    "movie_id": "10008"
  },
  {
    "review": "이 영화가 나왔을 당시에 사람들이 느꼈을 충격이 실감 난다. 지금 보더라도 cg기술들이 그렇게 유치하지 않다. 줄거리 면에서도 뛰어나고 무엇보다도 지나치게 잘생긴 크리스토퍼 리브와 그와 최고의 케미를 보여준 마곳 키더의 연기 모두 훌륭하다.",
    "date": "15.04.23",
    "rating": "10",
    "author": "turb****",
    "review_id": "9857484",
    "movie_id": "10008"
  },
  {
    "review": "너무재밌다ㅋㅋㅋ굿!!",
    "date": "15.04.20",
    "rating": "10",
    "author": "jmw0****",
    "review_id": "9854803",
    "movie_id": "10008"
  },
  {
    "review": "하두 슈퍼맨 슈퍼맨그러길랴봤는데대박",
    "date": "15.04.17",
    "rating": "10",
    "author": "dnjs****",
    "review_id": "9849462",
    "movie_id": "10008"
  },
  {
    "review": "어렸을때는 참 재미있게 봤었는데..",
    "date": "15.03.12",
    "rating": "7",
    "author": "ehwj****",
    "review_id": "9775843",
    "movie_id": "10008"
  },
  {
    "review": "SF에 관심있는  젊은 세대들이라면 오리지날 이 영화를 꼭 볼 것을 권해드립니다..지금에 비해 컴퓨터 효과가 상대적으로 부족함에도 왜 위대한 영화일 수 밖에 없는지 느껴보세요..",
    "date": "15.01.22",
    "rating": "10",
    "author": "bonb****",
    "review_id": "9624610",
    "movie_id": "10008"
  },
  {
    "review": "히어로 영화의 전설이다.",
    "date": "14.11.17",
    "rating": "10",
    "author": "885t****",
    "review_id": "9396212",
    "movie_id": "10008"
  },
  {
    "review": "다시봐도 히어로영화에선 이영화가 내용면에선 갑중 갑~!!!그래픽은 더 좋아 졌지만 오리지날 슈퍼맨 1,2 아성을 시나리오로 무너뜨릴 히어로영화가 나올수 있을려나...?!",
    "date": "14.11.11",
    "rating": "10",
    "author": "al2d****",
    "review_id": "9371556",
    "movie_id": "10008"
  },
  {
    "review": "70년대 최고고퀄영화. 약간만 타협하면서본다면 지금도수작~",
    "date": "14.10.26",
    "rating": "10",
    "author": "k711****",
    "review_id": "9318050",
    "movie_id": "10008"
  },
  {
    "review": "심심할때보면좋은영화.",
    "date": "14.10.12",
    "rating": "5",
    "author": "jjeo****",
    "review_id": "9288363",
    "movie_id": "10008"
  },
  {
    "review": "3점이 아무도없어서...",
    "date": "14.09.01",
    "rating": "3",
    "author": "i25n****",
    "review_id": "9153970",
    "movie_id": "10008"
  },
  {
    "review": "솔까말  그래픽뺴고 요즘은 변한게없슴 ㅇㅇ 78년도 치고 졸라잘만든거",
    "date": "14.08.13",
    "rating": "10",
    "author": "twof****",
    "review_id": "9076344",
    "movie_id": "10008"
  },
  {
    "review": "나도 슈퍼맨처럼 하늘을 날고 싶다",
    "date": "14.07.25",
    "rating": "10",
    "author": "mara****",
    "review_id": "8954702",
    "movie_id": "10008"
  },
  {
    "review": "빨간 팬츠를 이렇도록 간지나게 입는 사나이..",
    "date": "14.06.01",
    "rating": "9",
    "author": "pont****",
    "review_id": "8782274",
    "movie_id": "10008"
  },
  {
    "review": "전세계 흥행기록을 갈아치웠던 원조 수퍼맨요즘 수퍼맨은 이런 감성을 담아낼수가 없엉더군다나 잘생긴 크리스토퍼 리브와 여주인공의 연기력이 아니였다면이만큼 흥행했을려나스토리상 모든게 완벽했던 수퍼맨 1978",
    "date": "14.05.25",
    "rating": "10",
    "author": "zai0****",
    "review_id": "8765157",
    "movie_id": "10008"
  },
  {
    "review": "모든 히어로의 원조 아닌가 어릴때부터 마음 깊은 곳에 자리 잡고 있는 진정한 영웅의 시작을 알리는 작품",
    "date": "14.05.24",
    "rating": "10",
    "author": "deff****",
    "review_id": "8758714",
    "movie_id": "10008"
  },
  {
    "review": "재밌는 영화... 크리스토퍼 리브가 계속 출연하였다면...",
    "date": "14.04.23",
    "rating": "8",
    "author": "batm****",
    "review_id": "8667744",
    "movie_id": "10008"
  },
  {
    "review": "슈퍼맨이란영화 오늘 이영화로 처음봐봤는데 옛날영화풍이 물론 낫긴났지만  70년대영화라니.. 내용도 너무재밌고 감동적이고 크리스토퍼 너무 멋있다",
    "date": "14.02.26",
    "rating": "10",
    "author": "jijj****",
    "review_id": "8539031",
    "movie_id": "10008"
  },
  {
    "review": "어린 시절 정말 좋아했던 히어로슈퍼맨 멋지고 까리하네 재미있게 즐겨 봤다 ㅋ",
    "date": "14.02.26",
    "rating": "10",
    "author": "yyho****",
    "review_id": "8538554",
    "movie_id": "10008"
  },
  {
    "review": "78년도의 영화가 이렇게 잘 짜여 있다니. 대단합니다.",
    "date": "14.02.19",
    "rating": "10",
    "author": "jjy3****",
    "review_id": "8521401",
    "movie_id": "10008"
  },
  {
    "review": "크리스토퍼 리브.. 영원하시라..",
    "date": "14.02.02",
    "rating": "10",
    "author": "spar****",
    "review_id": "8466887",
    "movie_id": "10008"
  },
  {
    "review": "밀레니엄세대인 내가 봐도 이상적인 슈퍼히어로물",
    "date": "14.01.30",
    "rating": "10",
    "author": "5736****",
    "review_id": "8449890",
    "movie_id": "10008"
  },
  {
    "review": "이 아저씨가 대부 말론브란도라니ㅋㅋ",
    "date": "14.01.27",
    "rating": "8",
    "author": "huve****",
    "review_id": "8436526",
    "movie_id": "10008"
  },
  {
    "review": "영웅의 전설, 슈퍼맨!",
    "date": "13.12.31",
    "rating": "8",
    "author": "whoo****",
    "review_id": "8330762",
    "movie_id": "10008"
  },
  {
    "review": "슈퍼맨 시리즈의 근본같은 작품",
    "date": "13.12.08",
    "rating": "8",
    "author": "kimg****",
    "review_id": "8199609",
    "movie_id": "10008"
  },
  {
    "review": "솔직히 크리스토퍼 리브가 진정한 슈퍼맨이었다",
    "date": "13.12.01",
    "rating": "10",
    "author": "tjgu****",
    "review_id": "8182501",
    "movie_id": "10008"
  },
  {
    "review": "진짜 슈퍼맨 크리스토퍼 리브의 전설적인 커리어.",
    "date": "13.11.19",
    "rating": "10",
    "author": "jun9****",
    "review_id": "8152800",
    "movie_id": "10008"
  },
  {
    "review": "그 누구보다 슈퍼맨에 어울리는 남자와 지금봐도 나쁘지 않은 줄거리를 만든 감독이 만든 작품",
    "date": "13.10.22",
    "rating": "8",
    "author": "inos****",
    "review_id": "8080693",
    "movie_id": "10008"
  },
  {
    "review": "단순무식 맨몸액션의 대명사 슈퍼맨, 가끔보면 영웅인지 격투가인지 구분이 안가 근육도 우락부락하니 ㅋ 팬티도 옷밖으로 꺼내입어 변태같기도 하고...슈퍼히어로계의 패셔니스티스타 같아 빨간팬티에 망토에 레인부츠까지 ㅎㄷㄷ",
    "date": "13.07.30",
    "rating": "8",
    "author": "bajj****",
    "review_id": "7799390",
    "movie_id": "10008"
  },
  {
    "review": "역대 최고의 슈퍼맨이라면 단연 크리스토퍼 리브의 슈퍼맨이 최고라고 할수있지. 슈퍼맨의 표준이랄까.  가장 슈퍼맨 다운 슈퍼맨",
    "date": "13.07.18",
    "rating": "10",
    "author": "cidd****",
    "review_id": "7757731",
    "movie_id": "10008"
  },
  {
    "review": "언제나 재미가 넘치는 우리의 정의의 사도 슈퍼파워수퍼맨. 정말 재미있다",
    "date": "13.07.12",
    "rating": "10",
    "author": "zinn****",
    "review_id": "7730079",
    "movie_id": "10008"
  },
  {
    "review": "35년이나 지난 작품을 오늘 날 보기에는 좀 무리가 있는게 사실이지만, 특수효과가 의외로 볼만함.",
    "date": "13.06.28",
    "rating": "8",
    "author": "virt****",
    "review_id": "7687405",
    "movie_id": "10008"
  },
  {
    "review": "슈퍼맨. 역시 멋있어요!  헤헤 슈퍼맨 지금도재밌게보고있어요!  근데 아쉬운건ㅜㅜ 크리스분이 돌아가셔서. .  ㅜㅜ 다른분이 하셨는데 이번 배우분은 온몸이 울퉁불퉁 그래도 크리스배우가하셨을때도 멋있었어요!  ㅎ. 사랑해요!  슈퍼맨♥♥♥",
    "date": "13.06.22",
    "rating": "10",
    "author": "kss0****",
    "review_id": "7667484",
    "movie_id": "10008"
  },
  {
    "review": "맨오브스틸보다 훨낫다 정통적인 슈퍼맨이야기 흠잡을데없다 몰입도가 상당했다. cg는 어쩔수가없다.. 그시대에선 그래도 기발했을거라생각한다",
    "date": "13.06.20",
    "rating": "9",
    "author": "ddok****",
    "review_id": "7660806",
    "movie_id": "10008"
  },
  {
    "review": "정말, 80년대도 안되서 만들어진건데 명작이다.",
    "date": "13.06.19",
    "rating": "10",
    "author": "chri****",
    "review_id": "7657235",
    "movie_id": "10008"
  },
  {
    "review": "당시는 그냥  재밌는 영화다...라고 봤는데 최근 계속되는 졸작 리메이크를 보니 이 영화가 얼마나 명작인지 새삼 느끼게 된다.",
    "date": "13.06.19",
    "rating": "10",
    "author": "ehpt****",
    "review_id": "7657149",
    "movie_id": "10008"
  },
  {
    "review": "맨 오브 스틸을 봤다! 기대에 한참 모자른 CG로 도배한 빌딩철거원 칼엘이었다~ 79년도 국제극장에서본 크리스토퍼 리브의 슈퍼맨이 그립기만하다...",
    "date": "13.06.18",
    "rating": "9",
    "author": "sly1****",
    "review_id": "7654374",
    "movie_id": "10008"
  },
  {
    "review": "최고의 영화",
    "date": "13.06.16",
    "rating": "10",
    "author": "dave****",
    "review_id": "7649416",
    "movie_id": "10008"
  },
  {
    "review": "맨 오브 스틸 보고 왔더니, 원조 수퍼맨을 다시 보고 싶네요. 로이스 레인과 수퍼맨의 로맨스는 어린 시절 저의 로망이었습니다.",
    "date": "13.06.16",
    "rating": "10",
    "author": "redb****",
    "review_id": "7648832",
    "movie_id": "10008"
  },
  {
    "review": "79년도 작품이라고 믿기 힘들정도로 10점 만점에 10점인 고전 슈퍼 히어로 물중에 최고 명작이다. 극장판 고전 슈퍼 히어로 시리즈 중에서 이만큼 대히트 한 작품이 없다. 팀버튼의 배트맨 시리즈는 90년대 작품이라 고전이라고 하기엔 아직은 애매하다.",
    "date": "13.06.16",
    "rating": "10",
    "author": "wino****",
    "review_id": "7645524",
    "movie_id": "10008"
  },
  {
    "review": "그당시 기술력을 감안하면 이정도의 작품성과 표현력을 갖추기란 쉽지않다. 자칫 유치해질수있는 히어로물을 잘살린영화. 원작의 슈퍼맨의 이름을 잘 이어갔다",
    "date": "13.06.16",
    "rating": "9",
    "author": "dnjs****",
    "review_id": "7645176",
    "movie_id": "10008"
  },
  {
    "review": "역사에 고이고이남을듯한 영화..ㅎ내 자손들까지 다볼듯한ㅋㅋㅋㅋㅋㅋ나는여자지만히어로시리즈광팬이고히어로영화는전부봄..꺄악ㅎ 아직학생이지만 미래의 자식들한테강제라도 히어로시리즈 다보여줄테다!!!",
    "date": "13.06.15",
    "rating": "10",
    "author": "ddiu****",
    "review_id": "7643529",
    "movie_id": "10008"
  },
  {
    "review": "진짜 최고의 영화~지금 어린것들은 못느낄것이다 보자기하고 공사장 2층서 슈퍼맨하고 흙더미 위로 점프안해봤으면 말을하지마라.그당시 슈퍼맨은 정말 위대했다.",
    "date": "13.06.15",
    "rating": "10",
    "author": "lsw2****",
    "review_id": "7641797",
    "movie_id": "10008"
  },
  {
    "review": "왜사람들은 원작에 충실해야만 명작이라고 하는지를 모르겠다.조금만 틀을 벗어난다면 더욱 재미있고 더욱 새로운 세계가 열릴텐데 원작에만 비교한다면 그냥 독같이 만들면 되지않을까?",
    "date": "13.06.14",
    "rating": "10",
    "author": "hitt****",
    "review_id": "7636425",
    "movie_id": "10008"
  },
  {
    "review": "초등학교1학년때 봤던 영화 추억이 새롭다 그리고 그시절이 그럽다",
    "date": "13.06.13",
    "rating": "10",
    "author": "unic****",
    "review_id": "7632910",
    "movie_id": "10008"
  },
  {
    "review": "운명하신 크리스토퍼 리브는 크립톤 행성에서 환생햇겟지? 어릴적엔 참 유치하다 생각한 영화엿으나 세월이 흐를수록 이보다 원작을 충실히 재현한 오리지널 슈퍼맨은 없다고 본다... 말론브란도란 대배우가 왜 이깟유치한영화에 나왓을까에 대한 의문은 싸악 사라짐",
    "date": "13.06.12",
    "rating": "10",
    "author": "pin0****",
    "review_id": "7630016",
    "movie_id": "10008"
  },
  {
    "review": "너무나 완벽한 영화여서 이 78년판 슈퍼맨을 본 사람들은 어쩔 수 없이 맨 오브 스틸에 불만족을 느끼게 될겁니다.",
    "date": "13.06.11",
    "rating": "10",
    "author": "bigb****",
    "review_id": "7625783",
    "movie_id": "10008"
  },
  {
    "review": "어린시절 기억나요.......",
    "date": "13.06.10",
    "rating": "9",
    "author": "jose****",
    "review_id": "7622592",
    "movie_id": "10008"
  },
  {
    "review": "몇번을 봤는지 모른다",
    "date": "13.06.07",
    "rating": "10",
    "author": "baeq****",
    "review_id": "7604084",
    "movie_id": "10008"
  },
  {
    "review": "78년도에 만든 영화가 지금도 재밌으면 정말 잘 만든거다. 배우들의 연기는 물론 연출도 뛰어나 영화. 스파이더맨에서도 언급하지만 강한 힘에는 그만한 책임이 따른다는걸 알려주는 부모님이 안계셨다면 어떻게 됐을까",
    "date": "13.05.30",
    "rating": "10",
    "author": "coco****",
    "review_id": "7562047",
    "movie_id": "10008"
  },
  {
    "review": "어릴적에 당시 최고 SF영화 그때 당시의 인기는 장난 아니었는데..그때의 영상기술로는 가히 기술혁명적인 영화",
    "date": "13.05.13",
    "rating": "10",
    "author": "adiv****",
    "review_id": "7526457",
    "movie_id": "10008"
  },
  {
    "review": "70년대 충격 그 자체의 영화",
    "date": "13.03.08",
    "rating": "10",
    "author": "ssss****",
    "review_id": "7331968",
    "movie_id": "10008"
  },
  {
    "review": "당시에는 정말 센세이셔널 했을듯. 어찌되었던 곧 개봉할 수퍼맨리턴즈에 시초. 시대를 아우르는 수퍼맨, 배트맨등 수퍼히어로여 영원하라.",
    "date": "13.03.03",
    "rating": "10",
    "author": "jere****",
    "review_id": "7322820",
    "movie_id": "10008"
  },
  {
    "review": "어릴 때 보고 오늘 또 보게 되었는데 감회가 새롭다.이미 고인이 되어 버린 크리스토퍼 리브의 신인 때 모습이 정말 좋았다.슈퍼맨은 어릴 때나 지금이나 나를 설레게 한다.cg기술은 떨어지지만 스토리나 연기 면에서는 1편이 최고다.다시 봐도 설레게한다.",
    "date": "13.02.07",
    "rating": "10",
    "author": "davi****",
    "review_id": "7232937",
    "movie_id": "10008"
  },
  {
    "review": "슈퍼맨은  어릴때 TV로 한번봤지만 내용을 기억합니다. 밤마다 되새겼거든요, 기억이안나면 친구가 스토리기억나게 해주고 ,,이 영화는 어릴적 꿈이 있는 특별한 영화에요",
    "date": "13.01.16",
    "rating": "10",
    "author": "easy****",
    "review_id": "7120837",
    "movie_id": "10008"
  },
  {
    "review": "팬티웃김ㅋㅋㅋㅋ 그런데 그런데....... 못생김 ㄱㅡ",
    "date": "12.11.14",
    "rating": "1",
    "author": "kho0****",
    "review_id": "6887956",
    "movie_id": "10008"
  },
  {
    "review": "1세기에 이런 영화 나오기 힘들다...",
    "date": "12.10.07",
    "rating": "10",
    "author": "song****",
    "review_id": "6768785",
    "movie_id": "10008"
  },
  {
    "review": "정말 최고의 영화다. 특히 초반 50분이 가장 맘에 든 영화였다.",
    "date": "12.09.29",
    "rating": "10",
    "author": "ajtw****",
    "review_id": "6743882",
    "movie_id": "10008"
  },
  {
    "review": "굿",
    "date": "12.07.19",
    "rating": "10",
    "author": "myju****",
    "review_id": "6493119",
    "movie_id": "10008"
  },
  {
    "review": "최고예요",
    "date": "12.05.28",
    "rating": "10",
    "author": "aird****",
    "review_id": "6342930",
    "movie_id": "10008"
  },
  {
    "review": "재미있다",
    "date": "12.05.20",
    "rating": "10",
    "author": "kwon****",
    "review_id": "6316702",
    "movie_id": "10008"
  },
  {
    "review": "천상천하 유아독존! 그이름은 슈퍼맨!!!",
    "date": "12.05.04",
    "rating": "9",
    "author": "rosn****",
    "review_id": "6271053",
    "movie_id": "10008"
  },
  {
    "review": "천하무적을 꿈구는 자들의 표상아닐까",
    "date": "12.04.18",
    "rating": "7",
    "author": "kos4****",
    "review_id": "6229527",
    "movie_id": "10008"
  },
  {
    "review": "슈퍼맨은 9점짜리 영환데, 평점이 왜 이리적지?",
    "date": "12.03.19",
    "rating": "10",
    "author": "tkk4****",
    "review_id": "6155034",
    "movie_id": "10008"
  },
  {
    "review": "이대로만 가지.... 정말 아깝고도 아까운 영화",
    "date": "12.02.14",
    "rating": "10",
    "author": "slim****",
    "review_id": "6075024",
    "movie_id": "10008"
  },
  {
    "review": "1978년 이영화가 시작될 때 그 웅장함이 아직도 잊혀지지 않는다..",
    "date": "11.12.12",
    "rating": "10",
    "author": "djmo****",
    "review_id": "5902076",
    "movie_id": "10008"
  },
  {
    "review": "슈퍼맨이여 영원하라~~",
    "date": "11.08.02",
    "rating": "10",
    "author": "aron****",
    "review_id": "5592559",
    "movie_id": "10008"
  },
  {
    "review": "미국인의 안녕을 위해 바지 위에 팬티를 걸치고 2차원의 세계를 박차고 나온 그대여.",
    "date": "11.07.01",
    "rating": "5",
    "author": "tori****",
    "review_id": "5514438",
    "movie_id": "10008"
  },
  {
    "review": "여자 앞에 아버지의 당부따위... 우주촌놈의 지구문명사회 적응기",
    "date": "11.06.26",
    "rating": "9",
    "author": "biza****",
    "review_id": "5501269",
    "movie_id": "10008"
  },
  {
    "review": "영웅영화의 표본이 되는 아주 좋은 작품 스케일부터가 남다르다",
    "date": "11.05.26",
    "rating": "6",
    "author": "hjj5****",
    "review_id": "5449856",
    "movie_id": "10008"
  },
  {
    "review": "어릴 적 슈퍼맨을 흉내내기 위해 망토 두르고 높은 곳에서 점프 안해본 사람이 있을까",
    "date": "11.05.08",
    "rating": "10",
    "author": "bsm9****",
    "review_id": "5414139",
    "movie_id": "10008"
  },
  {
    "review": "5점준놈 생각좀해 78년작인데 ㅡㅡ 멀더바래",
    "date": "11.05.05",
    "rating": "10",
    "author": "kst1****",
    "review_id": "5406482",
    "movie_id": "10008"
  },
  {
    "review": "슈퍼맨은 이작품이 최고",
    "date": "11.03.15",
    "rating": "10",
    "author": "mais****",
    "review_id": "5314335",
    "movie_id": "10008"
  },
  {
    "review": "영원한 전설이자 명작",
    "date": "11.03.05",
    "rating": "10",
    "author": "dwte****",
    "review_id": "5295053",
    "movie_id": "10008"
  },
  {
    "review": "5점만 줄게요 SF영화는 고로 CG가 최우선임",
    "date": "10.12.15",
    "rating": "5",
    "author": "jsga****",
    "review_id": "5054719",
    "movie_id": "10008"
  },
  {
    "review": "전설이죠.....",
    "date": "10.11.01",
    "rating": "10",
    "author": "lee7****",
    "review_id": "4933661",
    "movie_id": "10008"
  },
  {
    "review": "명작중에 명작 지금봐도 크리스토퍼리브는 너무잘생겼다.",
    "date": "10.09.22",
    "rating": "10",
    "author": "ghh0****",
    "review_id": "4857094",
    "movie_id": "10008"
  },
  {
    "review": "20년이 지난 지금봐도 명작~!! 감독판으로 보길...",
    "date": "10.09.06",
    "rating": "10",
    "author": "sung****",
    "review_id": "4821462",
    "movie_id": "10008"
  },
  {
    "review": "이런 훌륭한 신인을 발굴하다니. 슈퍼맨은 크리스토퍼 리브와 리처드도너가 진리.",
    "date": "10.09.06",
    "rating": "10",
    "author": "alel****",
    "review_id": "4820121",
    "movie_id": "10008"
  },
  {
    "review": "이건 아니자나.. 오락영화가 뭐이렇게 지루해",
    "date": "10.07.09",
    "rating": "1",
    "author": "elfr****",
    "review_id": "4623331",
    "movie_id": "10008"
  },
  {
    "review": "평점 깍기",
    "date": "10.07.06",
    "rating": "1",
    "author": "loep****",
    "review_id": "4616587",
    "movie_id": "10008"
  },
  {
    "review": "음...1편은 수작이지 암..그 찬란한 음악의 시작..음악 자체부터 품격이 다르잖아..",
    "date": "10.07.02",
    "rating": "10",
    "author": "rlaa****",
    "review_id": "4604166",
    "movie_id": "10008"
  },
  {
    "review": "어릴때 수건둘르구 미싱위에서 뛰다가 떨어져서 팔 부러진 기억이 ㅋㅋ",
    "date": "10.04.15",
    "rating": "8",
    "author": "psyc****",
    "review_id": "4433395",
    "movie_id": "10008"
  },
  {
    "review": "어린노무자식들이 인제쳐보고 유치하다며  평점주는 꼴이란",
    "date": "10.02.09",
    "rating": "10",
    "author": "rnal****",
    "review_id": "4262590",
    "movie_id": "10008"
  },
  {
    "review": "당시시대를 생각해보면 괜찮은 영화. 슈퍼맨탄생설명이 너무 길어서 좀 지루.",
    "date": "10.01.23",
    "rating": "7",
    "author": "ard2****",
    "review_id": "4201191",
    "movie_id": "10008"
  },
  {
    "review": "마음에 듭니다.",
    "date": "09.12.19",
    "rating": "10",
    "author": "nimb****",
    "review_id": "4056443",
    "movie_id": "10008"
  },
  {
    "review": "어렸을적 나에게 꿈과 희망을 주었고 환상과 모험의 세계로 인도했던 훌륭한 영화",
    "date": "09.12.01",
    "rating": "7",
    "author": "thra****",
    "review_id": "4006945",
    "movie_id": "10008"
  },
  {
    "review": "재미있었서",
    "date": "09.10.13",
    "rating": "10",
    "author": "501k****",
    "review_id": "3890414",
    "movie_id": "10008"
  },
  {
    "review": "획기적인 영화.",
    "date": "09.08.14",
    "rating": "10",
    "author": "dlwo****",
    "review_id": "3747069",
    "movie_id": "10008"
  },
  {
    "review": "괜찮긴 한데 약간 유아틱(?)한..",
    "date": "09.07.31",
    "rating": "8",
    "author": "sfwo****",
    "review_id": "3689672",
    "movie_id": "10008"
  },
  {
    "review": "슈퍼맨은 역시 내 취향이 아니다",
    "date": "09.07.27",
    "rating": "4",
    "author": "hjki****",
    "review_id": "3671137",
    "movie_id": "10008"
  },
  {
    "review": "정말 재밌는 영화다..............",
    "date": "09.07.14",
    "rating": "10",
    "author": "kil3****",
    "review_id": "3632305",
    "movie_id": "10008"
  },
  {
    "review": "좋은데요.",
    "date": "09.07.08",
    "rating": "10",
    "author": "0527****",
    "review_id": "3618029",
    "movie_id": "10008"
  },
  {
    "review": "서장이 너무 지루하네요",
    "date": "09.04.11",
    "rating": "5",
    "author": "enia****",
    "review_id": "3415785",
    "movie_id": "10008"
  },
  {
    "review": "옛날 슈퍼맨영화도 재미있네요.",
    "date": "09.02.28",
    "rating": "10",
    "author": "dong****",
    "review_id": "3338417",
    "movie_id": "10008"
  }
]