[
  {
    "review_id": "10216452",
    "movie_id": "100022",
    "author": "anis****",
    "review": "최근 마마마 를 접했다... 마법소녀 물이라고 유치할줄알았는데...마마마 접하고 몇번째 다시 돌려보는지 모르겠다... 아 미치겠다 정말....ㅠㅠ",
    "rating": "10",
    "date": "15.08.11"
  },
  {
    "review_id": "10201049",
    "movie_id": "100022",
    "author": "jomk****",
    "review": "얼마나 할짓없으면 별점테러하고갈까;; 그것부터 니들이 애니덕보다 덜떨어진다는걸 인정하는것이다",
    "rating": "10",
    "date": "15.08.08"
  },
  {
    "review_id": "10153694",
    "movie_id": "100022",
    "author": "erin****",
    "review": "진짜 엄청난 대작. 어린이들을 위한만화처럼 위장하고 있지만 사실 어른들의 만화.",
    "rating": "10",
    "date": "15.07.28"
  },
  {
    "review_id": "10124662",
    "movie_id": "100022",
    "author": "mino****",
    "review": "정말 명작이었다 마마마",
    "rating": "10",
    "date": "15.07.21"
  },
  {
    "review_id": "10056768",
    "movie_id": "100022",
    "author": "flcl****",
    "review": "로리한 그림체 적응이 힘들당",
    "rating": "1",
    "date": "15.06.30"
  },
  {
    "review_id": "9989953",
    "movie_id": "100022",
    "author": "jski****",
    "review": "본격 동심파괴 마법소녀☆",
    "rating": "10",
    "date": "15.06.11"
  },
  {
    "review_id": "9917854",
    "movie_id": "100022",
    "author": "usmy****",
    "review": "명작.. 그 이외의 단어로는 표현불가.",
    "rating": "10",
    "date": "15.05.15"
  },
  {
    "review_id": "9836978",
    "movie_id": "100022",
    "author": "woos****",
    "review": "에반게리온을 떠올리게 하는 어른을 위한 마법소녀물",
    "rating": "9",
    "date": "15.04.09"
  },
  {
    "review_id": "9790192",
    "movie_id": "100022",
    "author": "jjan****",
    "review": "호무라는 호무호무해!!!",
    "rating": "10",
    "date": "15.03.17"
  },
  {
    "review_id": "9771946",
    "movie_id": "100022",
    "author": "vhvm****",
    "review": "TV판을 본 후에 보면 좋을듯. 마마마 작가님 사랑함",
    "rating": "10",
    "date": "15.03.11"
  },
  {
    "review_id": "9760783",
    "movie_id": "100022",
    "author": "gmlf****",
    "review": "이건 진짜 명작이다.아니 근데 왜 별테를 하고  난리야.",
    "rating": "10",
    "date": "15.03.06"
  },
  {
    "review_id": "9700685",
    "movie_id": "100022",
    "author": "lkmk****",
    "review": "명작입니다 다만 절대 어린이용은 아님",
    "rating": "10",
    "date": "15.02.15"
  },
  {
    "review_id": "9694127",
    "movie_id": "100022",
    "author": "khj0****",
    "review": "마도카tva시리즈 좋은 정리. tva안보신분들한테 추천. 하지만 난 이미봐서ㅎㅎ",
    "rating": "7",
    "date": "15.02.14"
  },
  {
    "review_id": "9689831",
    "movie_id": "100022",
    "author": "cr00****",
    "review": "말이 안나오지....",
    "rating": "10",
    "date": "15.02.12"
  },
  {
    "review_id": "9651299",
    "movie_id": "100022",
    "author": "kksk****",
    "review": "초현실주의 기법을 이용한 마법소녀의 일생을 나타낸  작품으로써  우리시대의 흔히 생각하고 착각하는  마법소녀에  대한  환상에 이면을 보여주어 마법소녀의 현실에 대해 꼬집어주는 그 속에서  강제 노동을 당하고있는 소녀들의 일상을 보여주는 스펙타클판타지",
    "rating": "10",
    "date": "15.01.30"
  },
  {
    "review_id": "9633280",
    "movie_id": "100022",
    "author": "seri****",
    "review": "레알 다크 판타지..덕통사고 당했다ㅠㅠ",
    "rating": "10",
    "date": "15.01.25"
  },
  {
    "review_id": "9626506",
    "movie_id": "100022",
    "author": "114r****",
    "review": "보지도 않고 제목이나 표지로 유치하다라고 평가하는데, 정말 뒤통수 맞는다 꼭 봐야할 명작임",
    "rating": "10",
    "date": "15.01.23"
  },
  {
    "review_id": "9622739",
    "movie_id": "100022",
    "author": "aste****",
    "review": "역시 마마마는 최고의 역작이다",
    "rating": "10",
    "date": "15.01.22"
  },
  {
    "review_id": "9589472",
    "movie_id": "100022",
    "author": "yesh****",
    "review": "대단하다! 어떻게 이게 12세지? 원작 애니는 15인데? 정말 약을 잘빨았네요^^",
    "rating": "10",
    "date": "15.01.13"
  },
  {
    "review_id": "9571964",
    "movie_id": "100022",
    "author": "spro****",
    "review": "몇번을 봐도 정말 대작이다...내 인생의 영화",
    "rating": "10",
    "date": "15.01.07"
  },
  {
    "review_id": "9545911",
    "movie_id": "100022",
    "author": "nox0****",
    "review": "시작으 ㅣ이야기는 tv판 총집편이라 오랫만에 찾아보는 즐거움이 있다",
    "rating": "10",
    "date": "15.01.01"
  },
  {
    "review_id": "9527660",
    "movie_id": "100022",
    "author": "sims****",
    "review": "그냥 보기엔 마법소녀물이다. 하지만 결코 쓸데없고 진부한 다른 마법소녀물과 다르다. 이안에는 감동이 있고, 우리가 사는 세상의 어두운 단편이 있다.",
    "rating": "8",
    "date": "14.12.28"
  },
  {
    "review_id": "9516607",
    "movie_id": "100022",
    "author": "fprh****",
    "review": "왠지 이런 어두운 판타지? 마음에들더라",
    "rating": "10",
    "date": "14.12.25"
  },
  {
    "review_id": "9512646",
    "movie_id": "100022",
    "author": "jkh1****",
    "review": "내가 마법소녀물을 눈 시리게 보게 되다니.. 당했군:.",
    "rating": "10",
    "date": "14.12.25"
  },
  {
    "review_id": "9422261",
    "movie_id": "100022",
    "author": "vlvk****",
    "review": "이런 명작을 위해서라면 오타쿠로 오해받는것쯤은 기꺼히 감수할수 있다",
    "rating": "9",
    "date": "14.11.26"
  },
  {
    "review_id": "9420893",
    "movie_id": "100022",
    "author": "3479****",
    "review": "꿈? 희망? 없어요 그런거",
    "rating": "10",
    "date": "14.11.25"
  },
  {
    "review_id": "9385878",
    "movie_id": "100022",
    "author": "f3b8****",
    "review": "별점1개단 보지도않은것들에게는 스포가 되겠지만12세는 좀 아닌듯애니에서는3화부터 목잘리고...주인공친구랑 마법소녀는 죄다 죽고주인공은 마지막에 소멸... (호무라는 예외)아 그리고큐베는 영원한 사기꾼",
    "rating": "10",
    "date": "14.11.15"
  },
  {
    "review_id": "9382768",
    "movie_id": "100022",
    "author": "side****",
    "review": "진심 명작임!꼭보셈 두번보셈 계속보셈!",
    "rating": "10",
    "date": "14.11.14"
  },
  {
    "review_id": "9315539",
    "movie_id": "100022",
    "author": "dlaw****",
    "review": "정부.등급위원회:걍 12세 귀찮아 ㄱㄱ관람객:저런 호구들... 아이들 동심이 걱정된다",
    "rating": "10",
    "date": "14.10.25"
  },
  {
    "review_id": "9289772",
    "movie_id": "100022",
    "author": "l335****",
    "review": "동심 파괴이긴한데 그래도 명작인듯...",
    "rating": "10",
    "date": "14.10.13"
  },
  {
    "review_id": "9272390",
    "movie_id": "100022",
    "author": "okaz****",
    "review": "명작이다 꼭봐라 두번바라!",
    "rating": "10",
    "date": "14.10.07"
  },
  {
    "review_id": "9263740",
    "movie_id": "100022",
    "author": "jsj6****",
    "review": "애니에서 나온거 압축한 편임 여기서 충공깽 장면 나옴 ㅋ",
    "rating": "10",
    "date": "14.10.04"
  },
  {
    "review_id": "9232114",
    "movie_id": "100022",
    "author": "wjdg****",
    "review": "먹어라 10점 먹어라 10점",
    "rating": "10",
    "date": "14.09.21"
  },
  {
    "review_id": "9228935",
    "movie_id": "100022",
    "author": "leek****",
    "review": "희망과절망 그리고 마법소녀.",
    "rating": "10",
    "date": "14.09.20"
  },
  {
    "review_id": "9225189",
    "movie_id": "100022",
    "author": "arpi****",
    "review": "내가 명작이라고 샹각하는 몇안되는 애니중 하나",
    "rating": "10",
    "date": "14.09.19"
  },
  {
    "review_id": "9218557",
    "movie_id": "100022",
    "author": "guar****",
    "review": "이 시리즈는 OST가 또 그리 지린다지.. 마법소녀란 타이틀은 멋모르고 접근한 사람들한테 더 크게 한방 먹이기 위한 훼이크..",
    "rating": "10",
    "date": "14.09.16"
  },
  {
    "review_id": "9145736",
    "movie_id": "100022",
    "author": "junn****",
    "review": "마마마안본사람은 후회한다 꼭보길.강추한다.",
    "rating": "10",
    "date": "14.08.30"
  },
  {
    "review_id": "9100528",
    "movie_id": "100022",
    "author": "suwo****",
    "review": "이거 보고 다른애니가 보이지가 않는다...이것만큼 내 마음을 울린 애니는 없다.",
    "rating": "10",
    "date": "14.08.17"
  },
  {
    "review_id": "9091370",
    "movie_id": "100022",
    "author": "hwin****",
    "review": "애니를 보고 이렇게까지 감동받아본 적은 처음이다. 오글거리는 대사로 억지로 짜내려는 감동이 아닌 스토리를 따라가다 보면 엄청난 감동에 빠지게 되는 죽기전에 꼭 봐야 할 애니...(꿈도 희망도 없는 그저 어둡기만 한  애니라 표현하는건 말도 안된다.)",
    "rating": "10",
    "date": "14.08.15"
  },
  {
    "review_id": "9080464",
    "movie_id": "100022",
    "author": "pw12****",
    "review": "재편집판이지만..그래도 재밌다!!",
    "rating": "9",
    "date": "14.08.13"
  },
  {
    "review_id": "9050102",
    "movie_id": "100022",
    "author": "heri****",
    "review": "쿄코는 레알 성녀입니다♥",
    "rating": "10",
    "date": "14.08.08"
  },
  {
    "review_id": "9030877",
    "movie_id": "100022",
    "author": "ralr****",
    "review": "TV판보다 훨씬 몰입해서 봤다. 이미 티비판을 봤음에도 재밌게 볼수 있었다",
    "rating": "9",
    "date": "14.08.05"
  },
  {
    "review_id": "9013860",
    "movie_id": "100022",
    "author": "ehdg****",
    "review": "Tva볼때는 그냥 재밌네하고 말았는데 총집편인데도 tva보다 퀄도 높고 더 재밌었던거같네요이거보고 빠져서 반역도 보러갔었음 ㅋㅋ",
    "rating": "10",
    "date": "14.08.03"
  },
  {
    "review_id": "9002218",
    "movie_id": "100022",
    "author": "cgor****",
    "review": "프리큐어나 카드챕터 사쿠라 같은거 생각하면 안돼",
    "rating": "10",
    "date": "14.08.01"
  },
  {
    "review_id": "8988806",
    "movie_id": "100022",
    "author": "gusw****",
    "review": "재미있습니다...ㅠㅠ//",
    "rating": "10",
    "date": "14.07.31"
  },
  {
    "review_id": "8881417",
    "movie_id": "100022",
    "author": "sunw****",
    "review": "너무예뻐 도카야 마미도",
    "rating": "10",
    "date": "14.07.04"
  },
  {
    "review_id": "8855014",
    "movie_id": "100022",
    "author": "yhdo****",
    "review": "나에게 있어 심한 충격을 받은 혁명작이자매트릭스1. 메멘토급의 신선한 충격이었다.나역시 마법소녀물들을 익숙하게 봐온세대 였기에 똑같겠구나 생각하고 보았지. 착각이었어성우들은 캐릭터 그자체에 빙의되었고 연계성 .진행. 메세지등높은완성도로사로잡았지",
    "rating": "10",
    "date": "14.06.25"
  },
  {
    "review_id": "8834562",
    "movie_id": "100022",
    "author": "doh3****",
    "review": "Tv판부터 봐왔지만 이건 진심 명작이다마마마가 일본 국민애니라는소리를 괜히 하는게아니였어",
    "rating": "10",
    "date": "14.06.16"
  },
  {
    "review_id": "8834401",
    "movie_id": "100022",
    "author": "wltm****",
    "review": "오타쿠~!@ㅋㅋㅋㅋ",
    "rating": "10",
    "date": "14.06.16"
  },
  {
    "review_id": "8757208",
    "movie_id": "100022",
    "author": "a537****",
    "review": "정말 감동적인이야기다... 다시 한번 나를 돌아볼수있어서 좋았다.",
    "rating": "10",
    "date": "14.05.23"
  },
  {
    "review_id": "8756104",
    "movie_id": "100022",
    "author": "ligh****",
    "review": "대단한 통수물!대단한 애니메이션",
    "rating": "10",
    "date": "14.05.23"
  },
  {
    "review_id": "8686548",
    "movie_id": "100022",
    "author": "judi****",
    "review": "나 이거 보고 잠깐 울었음.. 호무라가 왠지 모르게 너무 불쌍해서.. 고독하고 외로운 캐릭터임",
    "rating": "10",
    "date": "14.05.01"
  },
  {
    "review_id": "8681021",
    "movie_id": "100022",
    "author": "hele****",
    "review": "마마마는 짱이었습니다...",
    "rating": "10",
    "date": "14.04.28"
  },
  {
    "review_id": "8615301",
    "movie_id": "100022",
    "author": "ksh2****",
    "review": "내가 영화는 못봤지만 애니는 봣으니까 별점달아야징 마마마는 미친 스토리에 작화도 좋다고 생각하는데 다시 방영했음 좋겠다",
    "rating": "10",
    "date": "14.03.29"
  },
  {
    "review_id": "8606466",
    "movie_id": "100022",
    "author": "qkrw****",
    "review": "취향 문제랄까 뒤로 갈수록 머리가 아파왔다. 수작인 건 분명하다.",
    "rating": "9",
    "date": "14.03.25"
  },
  {
    "review_id": "8605975",
    "movie_id": "100022",
    "author": "beom****",
    "review": "한컷한컷에 의미가 있는 소중한 명작!",
    "rating": "10",
    "date": "14.03.25"
  },
  {
    "review_id": "8585034",
    "movie_id": "100022",
    "author": "llll****",
    "review": "호무호무호무호무호무!!",
    "rating": "10",
    "date": "14.03.17"
  },
  {
    "review_id": "8581938",
    "movie_id": "100022",
    "author": "tear****",
    "review": "호무라쨩ㅠㅠ엉엉엉엉",
    "rating": "10",
    "date": "14.03.16"
  },
  {
    "review_id": "8547801",
    "movie_id": "100022",
    "author": "fdt1****",
    "review": "아 쩔긴 쩔었다. 명작은 명작인데 그냥 애니메 다시본 느낌임.",
    "rating": "10",
    "date": "14.03.01"
  },
  {
    "review_id": "8512681",
    "movie_id": "100022",
    "author": "qwse****",
    "review": "보쿠토계약쿠시데마호소죠니낫데호신다",
    "rating": "10",
    "date": "14.02.16"
  },
  {
    "review_id": "8498592",
    "movie_id": "100022",
    "author": "myne****",
    "review": "혹시나해서 말하는건데 애들데리고 오지 마세요",
    "rating": "10",
    "date": "14.02.11"
  },
  {
    "review_id": "8496207",
    "movie_id": "100022",
    "author": "meru****",
    "review": "5덕새!끼들 변태물10000 보고 안죽나yo?",
    "rating": "1",
    "date": "14.02.10"
  },
  {
    "review_id": "8474675",
    "movie_id": "100022",
    "author": "dltj****",
    "review": "여태 본 일본 에니메이션 중 최고의 명작.꼭봐라 두번봐라",
    "rating": "10",
    "date": "14.02.04"
  },
  {
    "review_id": "8472515",
    "movie_id": "100022",
    "author": "bsm1****",
    "review": "나는왜7월에개봉인데 10월에봣지 영등포롯데시네마에서하길래와@이러면서봣는ㄷ에 ㅋㅋ?",
    "rating": "10",
    "date": "14.02.03"
  },
  {
    "review_id": "8469972",
    "movie_id": "100022",
    "author": "popp****",
    "review": "쿠쿡 흐흠...스멜 대작의 냄새라구욧!!",
    "rating": "10",
    "date": "14.02.03"
  },
  {
    "review_id": "8451744",
    "movie_id": "100022",
    "author": "dlwl****",
    "review": "그냥 굳인데 왜 이거를 무시하는지 ....",
    "rating": "10",
    "date": "14.01.30"
  },
  {
    "review_id": "8448305",
    "movie_id": "100022",
    "author": "thin****",
    "review": "마미 머리 냠냠 사라졋어여",
    "rating": "10",
    "date": "14.01.30"
  },
  {
    "review_id": "8425602",
    "movie_id": "100022",
    "author": "duck****",
    "review": "진짜  이건 명작중에 명작이다. 그러니까 결론은 큐베 깨깪끼",
    "rating": "10",
    "date": "14.01.25"
  },
  {
    "review_id": "8407017",
    "movie_id": "100022",
    "author": "icdi****",
    "review": "보.고.싶.다.!!",
    "rating": "10",
    "date": "14.01.21"
  },
  {
    "review_id": "8405064",
    "movie_id": "100022",
    "author": "jadu****",
    "review": "헐 마마마 극장판 애니랑 똑같은 내용인가???",
    "rating": "10",
    "date": "14.01.20"
  },
  {
    "review_id": "8382310",
    "movie_id": "100022",
    "author": "gyg_****",
    "review": "재밌음 근데 연령제한 15정도는 해야할듯",
    "rating": "10",
    "date": "14.01.14"
  },
  {
    "review_id": "8363538",
    "movie_id": "100022",
    "author": "xoxl****",
    "review": "역시 마마마 소름돋는 반전 식스센스도 놀라고 갈듯",
    "rating": "10",
    "date": "14.01.09"
  },
  {
    "review_id": "8360780",
    "movie_id": "100022",
    "author": "rosa****",
    "review": "볼수 있는 영화관이 있다면 좋을텐데...하아",
    "rating": "10",
    "date": "14.01.08"
  },
  {
    "review_id": "8360655",
    "movie_id": "100022",
    "author": "oots****",
    "review": "꿀잼임 한번쯤 볼만한작품",
    "rating": "10",
    "date": "14.01.08"
  },
  {
    "review_id": "8351930",
    "movie_id": "100022",
    "author": "reti****",
    "review": "제목이 마법소녀라서 어린이들 애니라는 생각이 있엇는데 내용도 좀 무겁고 고등학생인 내가 보기에도 재밌었음",
    "rating": "10",
    "date": "14.01.05"
  },
  {
    "review_id": "8338088",
    "movie_id": "100022",
    "author": "goku****",
    "review": "작품 완성도에비해 평점이 너무 높아서..",
    "rating": "1",
    "date": "14.01.02"
  },
  {
    "review_id": "8312771",
    "movie_id": "100022",
    "author": "kimw****",
    "review": "ㅈㄴ 꿀잼이네 안 그런가",
    "rating": "10",
    "date": "13.12.27"
  },
  {
    "review_id": "8214114",
    "movie_id": "100022",
    "author": "swee****",
    "review": "오타쿠라고 까는 새끼들은 짱구랑 도라에몽도 보지마삼 ㅋㅋ",
    "rating": "10",
    "date": "13.12.14"
  },
  {
    "review_id": "8213287",
    "movie_id": "100022",
    "author": "a_r_****",
    "review": "마마마는 리얼잼! 소울잼! 히잌",
    "rating": "10",
    "date": "13.12.14"
  },
  {
    "review_id": "8187845",
    "movie_id": "100022",
    "author": "jiyu****",
    "review": "압축이 상당해서 애니에서 있던 부분이 생략된게 약간 아쉽네...",
    "rating": "7",
    "date": "13.12.03"
  },
  {
    "review_id": "8183605",
    "movie_id": "100022",
    "author": "mrmg****",
    "review": "얘들이 보면 멘탈이 아작나겠네요.\" 엄마 마법소녀는 원래 이렇게 잔혹한 거야 ..?\" 이러지 않으면 다행이겠네,",
    "rating": "10",
    "date": "13.12.01"
  },
  {
    "review_id": "8179673",
    "movie_id": "100022",
    "author": "gold****",
    "review": "오덕오덕오덕오덕오덕오덕",
    "rating": "1",
    "date": "13.11.30"
  },
  {
    "review_id": "8179270",
    "movie_id": "100022",
    "author": "jisu****",
    "review": "이거 진심 명작이다...",
    "rating": "10",
    "date": "13.11.30"
  },
  {
    "review_id": "8170678",
    "movie_id": "100022",
    "author": "aper****",
    "review": "나는 지금까지 수십편의 애니를 보았고, 그중 가장 최고라고 생각하는것은 이작품이다.",
    "rating": "10",
    "date": "13.11.27"
  },
  {
    "review_id": "8161679",
    "movie_id": "100022",
    "author": "v104****",
    "review": "TV편보다 퀄리티는 확실히 높아진 게 느껴지는데, 이야기 전개가 역시 너무 빠른 것 같다. TV판 정도의 전개속도가 적절했음.",
    "rating": "7",
    "date": "13.11.23"
  },
  {
    "review_id": "8161233",
    "movie_id": "100022",
    "author": "flow****",
    "review": "이것은 진정한 마법소녀물의 혁명이자 명작이다.",
    "rating": "10",
    "date": "13.11.23"
  },
  {
    "review_id": "8160928",
    "movie_id": "100022",
    "author": "qovl****",
    "review": "TVA는  한번 본적은 있지만, 대한민국의 사회적 인식때문에 차마 극장에 보러갈수는 없다. TVA도 크게 재밌다고는 못느꼇지만... 아노하나 극장판이나 국내개봉했으면 좋겠다. 슈타게는 이미 봤으니 패스..",
    "rating": "1",
    "date": "13.11.22"
  },
  {
    "review_id": "8142729",
    "movie_id": "100022",
    "author": "kmap****",
    "review": "이게 진리지.. 내가 페제만큼이나 좋아하는 작품... 작품성은 참 끝내주고 기법도 다양해서 참신하다.",
    "rating": "10",
    "date": "13.11.16"
  },
  {
    "review_id": "8118656",
    "movie_id": "100022",
    "author": "kims****",
    "review": "내가 봤던 만화중, 명작 중에 명작.우리에게 주는 가르침이 무척 많은 만화.정말로 감동이 많이 와요,",
    "rating": "10",
    "date": "13.11.06"
  },
  {
    "review_id": "8117579",
    "movie_id": "100022",
    "author": "tjdq****",
    "review": "ㅋㅋ 좋다 반역의 이야기 빨리 보고 싶네",
    "rating": "10",
    "date": "13.11.05"
  },
  {
    "review_id": "8113413",
    "movie_id": "100022",
    "author": "stpl****",
    "review": "솔직히 이런거 보면 우리나라에선 오덕 맞구만.. 뭘 또 아니라고 ㅋㅋ",
    "rating": "1",
    "date": "13.11.03"
  },
  {
    "review_id": "8107134",
    "movie_id": "100022",
    "author": "whwl****",
    "review": "명작이다. 설명이 필요한가?",
    "rating": "10",
    "date": "13.11.01"
  },
  {
    "review_id": "8107115",
    "movie_id": "100022",
    "author": "zonc****",
    "review": "히도이요 상영관없는 우리도시 도시요",
    "rating": "6",
    "date": "13.11.01"
  },
  {
    "review_id": "8099894",
    "movie_id": "100022",
    "author": "chlg****",
    "review": "오덕영화 씹노잼일거같음 애초에 씹타쿠만화를 왜 한국에서",
    "rating": "1",
    "date": "13.10.29"
  },
  {
    "review_id": "8091501",
    "movie_id": "100022",
    "author": "jiho****",
    "review": "아직 보지는 않았지만 재미있게 보인다.",
    "rating": "10",
    "date": "13.10.26"
  },
  {
    "review_id": "8075187",
    "movie_id": "100022",
    "author": "andc****",
    "review": "6 8 10 대박! 중딩애니같은데, 내용은 졸 진지하고 짜임새가 장난아님. 창든애가 사야카랑 친해지는 부분에선 감동먹음.",
    "rating": "10",
    "date": "13.10.20"
  },
  {
    "review_id": "8071875",
    "movie_id": "100022",
    "author": "0c8j****",
    "review": "마마마로 인하여 저는 입덕을 하게 되었으며, 마마마는 제가 이제까지 본 애니중에서 과연 돋보일정도로 명작이었습니다. 카나메마도카 최고~!!!!",
    "rating": "10",
    "date": "13.10.19"
  },
  {
    "review_id": "8067516",
    "movie_id": "100022",
    "author": "seor****",
    "review": "본판이랑 비슷하지만 본판이조으니 ㅋㅋ",
    "rating": "9",
    "date": "13.10.18"
  },
  {
    "review_id": "8064797",
    "movie_id": "100022",
    "author": "sdc0****",
    "review": "진짜 재밌게 봤습니다. 신편도 빨리 보고 싶네요 ㅠㅠ",
    "rating": "10",
    "date": "13.10.17"
  },
  {
    "review_id": "8061982",
    "movie_id": "100022",
    "author": "cksr****",
    "review": "후유증겁나기네 ㅅㅂ..부왘",
    "rating": "10",
    "date": "13.10.15"
  }
]