[
  {
    "review": "솔직히 너무 재밌닼ㅋㅋㅋ",
    "date": "15.08.24",
    "rating": "10",
    "author": "yean****",
    "review_id": "10270185",
    "movie_id": "10002"
  },
  {
    "review": "두고두고 꺼내보고싶은 영화. 지금 현재를 충실히!",
    "date": "15.08.21",
    "rating": "10",
    "author": "dode****",
    "review_id": "10256966",
    "movie_id": "10002"
  },
  {
    "review": "인터스텔라만큼 놀라운 발상",
    "date": "15.08.15",
    "rating": "10",
    "author": "wlst****",
    "review_id": "10237540",
    "movie_id": "10002"
  },
  {
    "review": "옛날 작품도 재밌군요.",
    "date": "15.08.12",
    "rating": "9",
    "author": "keyb****",
    "review_id": "10219388",
    "movie_id": "10002"
  },
  {
    "review": "방금보고왔다...믿기지않는다 이게 85년작이라니...영화를 만든이가 백투더퓨처한게 아닐까?",
    "date": "15.08.10",
    "rating": "10",
    "author": "lynx****",
    "review_id": "10214802",
    "movie_id": "10002"
  },
  {
    "review": "이 영화가 나보다 2살이나 많은 영화라니!!!",
    "date": "15.08.10",
    "rating": "10",
    "author": "dyna****",
    "review_id": "10214786",
    "movie_id": "10002"
  },
  {
    "review": "5번 봐도 재미있어요..이미 30년이 지났는데..",
    "date": "15.08.07",
    "rating": "10",
    "author": "alka****",
    "review_id": "10198813",
    "movie_id": "10002"
  },
  {
    "review": "10점 만점에 100점 짜리 작품",
    "date": "15.08.06",
    "rating": "10",
    "author": "maxw****",
    "review_id": "10195358",
    "movie_id": "10002"
  },
  {
    "review": "촌스럽고 재미없는데....",
    "date": "15.08.04",
    "rating": "1",
    "author": "skyl****",
    "review_id": "10182371",
    "movie_id": "10002"
  },
  {
    "review": "모든 영화를 대분류로 정리하다보면 한 분류의 꼭지점쪽에 가까이 있을 명작입니다.",
    "date": "15.08.02",
    "rating": "10",
    "author": "chmc****",
    "review_id": "10176320",
    "movie_id": "10002"
  },
  {
    "review": "진짜 내가 명작이란 명작은 다 찾아봤는데 이건 살짝 거부감들었다.. 촌스러운영화.. 근데 정말 할짓없어서 보니깐 .. 진짜.. 이제봤네..",
    "date": "15.08.01",
    "rating": "10",
    "author": "gpem****",
    "review_id": "10171914",
    "movie_id": "10002"
  },
  {
    "review": "말이 필요 없는 명작이다",
    "date": "15.07.31",
    "rating": "10",
    "author": "acce****",
    "review_id": "10166174",
    "movie_id": "10002"
  },
  {
    "review": "그냥 보셈 말이 필요없는 명작임",
    "date": "15.07.31",
    "rating": "10",
    "author": "gkwl****",
    "review_id": "10165203",
    "movie_id": "10002"
  },
  {
    "review": "말이 필요 없다. 정말 재미있다 !!!",
    "date": "15.07.30",
    "rating": "10",
    "author": "777s****",
    "review_id": "10159759",
    "movie_id": "10002"
  },
  {
    "review": "뒤늦게 다시 봤는데 역시 베스트 무비!!",
    "date": "15.07.29",
    "rating": "10",
    "author": "kjk6****",
    "review_id": "10155484",
    "movie_id": "10002"
  },
  {
    "review": "타임머신 영화 중 최고일 듯 싶다.",
    "date": "15.07.28",
    "rating": "10",
    "author": "phea****",
    "review_id": "10154945",
    "movie_id": "10002"
  },
  {
    "review": "11점도 모자라다. 최고.",
    "date": "15.07.27",
    "rating": "10",
    "author": "leeh****",
    "review_id": "10150527",
    "movie_id": "10002"
  },
  {
    "review": "와..이런명작이....",
    "date": "15.07.26",
    "rating": "10",
    "author": "tnrm****",
    "review_id": "10143542",
    "movie_id": "10002"
  },
  {
    "review": "대박인 영화 타임머신 영화는 처음이다",
    "date": "15.07.25",
    "rating": "10",
    "author": "fnsl****",
    "review_id": "10142327",
    "movie_id": "10002"
  },
  {
    "review": "솔직히 기대이하, 하긴 그시대에 이정도면 훌륭한거지!",
    "date": "15.07.25",
    "rating": "7",
    "author": "tjdd****",
    "review_id": "10140607",
    "movie_id": "10002"
  },
  {
    "review": "왜 어렸을땐 티비에 나오는게 싫었을까? 그때 내가 이 영화를 제대로 봤더라면",
    "date": "15.07.24",
    "rating": "10",
    "author": "supe****",
    "review_id": "10135805",
    "movie_id": "10002"
  },
  {
    "review": "더 어렸을때 봤으면 좋았을것 같다 ㅎ..",
    "date": "15.07.24",
    "rating": "10",
    "author": "star****",
    "review_id": "10135681",
    "movie_id": "10002"
  },
  {
    "review": "ㅠㅠ 최고 요즘 봐도 이런 영화 없음",
    "date": "15.07.22",
    "rating": "10",
    "author": "heyd****",
    "review_id": "10128221",
    "movie_id": "10002"
  },
  {
    "review": "내인생 최고의영화이다.",
    "date": "15.07.22",
    "rating": "10",
    "author": "tbvj****",
    "review_id": "10127601",
    "movie_id": "10002"
  },
  {
    "review": "어렸을 때 너무 재미있게 봤던 영화. 당시에는 시간여행에 대한 매우 새롭고 유쾌한 스토리였고, 깜짝 놀랄 특수효과였음. 그러나, 개인적으로는 1편이 정말 좋았고, 나머지는 그냥 괜찮은 정도였음.",
    "date": "15.07.22",
    "rating": "8",
    "author": "cool****",
    "review_id": "10127408",
    "movie_id": "10002"
  },
  {
    "review": "재밌다라는 말 밖에 못하겠다.",
    "date": "15.07.21",
    "rating": "10",
    "author": "taeh****",
    "review_id": "10126252",
    "movie_id": "10002"
  },
  {
    "review": "30년이 지나도 최고의 영화",
    "date": "15.07.21",
    "rating": "10",
    "author": "futu****",
    "review_id": "10124904",
    "movie_id": "10002"
  },
  {
    "review": "진짜 지금까지 영화중에 최고의 시간여행 영화",
    "date": "15.07.20",
    "rating": "10",
    "author": "yaho****",
    "review_id": "10124102",
    "movie_id": "10002"
  },
  {
    "review": "지금다시봐도재미있네요",
    "date": "15.07.20",
    "rating": "10",
    "author": "kimt****",
    "review_id": "10123923",
    "movie_id": "10002"
  },
  {
    "review": "이 3부작 영화를 뛰어넘는 SF영화는 단언컨데 안나옴. 중간중간 자잘한 실수조차도 귀엽게 보일정도로 치밀하고 완벽하고 뭐라 표현자체가 불경스러운 마스터피스",
    "date": "15.07.20",
    "rating": "10",
    "author": "wrec****",
    "review_id": "10123722",
    "movie_id": "10002"
  },
  {
    "review": "공상, 과학, 가족, 오락 굿!!!",
    "date": "15.07.18",
    "rating": "8",
    "author": "popy****",
    "review_id": "10116404",
    "movie_id": "10002"
  },
  {
    "review": "현재 10대들이 이 영화를 찾아볼지 의문이지만 단연컨데 요즘 나오는 그 어떤 영화보다 꽉 짜인 스토리와 재미 하나만큼은 일품이다~",
    "date": "15.07.17",
    "rating": "10",
    "author": "kisi****",
    "review_id": "10114124",
    "movie_id": "10002"
  },
  {
    "review": "(영화 속에선 미래로 나오는) 2015년, 현재도 여전히 재미있다.",
    "date": "15.07.15",
    "rating": "10",
    "author": "chri****",
    "review_id": "10106756",
    "movie_id": "10002"
  },
  {
    "review": "30년전영화라는게 새삼 놀랍기만 하다 정말 80년대 90년대 영화만큼 재밌고 기억에 남는영화를 요즘은 볼수 없다는게 아쉽기만함",
    "date": "15.07.14",
    "rating": "10",
    "author": "hico****",
    "review_id": "10103097",
    "movie_id": "10002"
  },
  {
    "review": "말그대로 백투더 퓨처입니다. 어? 하면 끝나있음 시간가는줄 몰라요",
    "date": "15.07.13",
    "rating": "10",
    "author": "ckmi****",
    "review_id": "10101885",
    "movie_id": "10002"
  },
  {
    "review": "하나님 맙소사 ... 이게 진정 1985년에 나온 영화입니까",
    "date": "15.07.12",
    "rating": "10",
    "author": "ac67****",
    "review_id": "10099327",
    "movie_id": "10002"
  },
  {
    "review": "지금봐도 명작이라는 말 밖에 안나오네요.",
    "date": "15.07.12",
    "rating": "10",
    "author": "chen****",
    "review_id": "10098804",
    "movie_id": "10002"
  },
  {
    "review": "부가 설명이 필요 없음!",
    "date": "15.07.12",
    "rating": "10",
    "author": "tome****",
    "review_id": "10097746",
    "movie_id": "10002"
  },
  {
    "review": "오랜세월이 흐르면 영화의 촌스러움이 묻어나기 마련인데 이 영화는 몇번을 봐도 언제 어디서든 어느나이때도 봐도봐도 질리지 않는다 ~~내가 생각한 영화중에 명작임",
    "date": "15.07.12",
    "rating": "10",
    "author": "dlal****",
    "review_id": "10097353",
    "movie_id": "10002"
  },
  {
    "review": "영화 속에서 주인공은 30년 전인 1955년 과거로 가고,현재 2015년은 이 영화가 만들어진지 30년이나 되었네요.어릴적 대한극장에서 이 영화 봤는데 다시보니 감회가 새롭네요.",
    "date": "15.07.12",
    "rating": "10",
    "author": "shar****",
    "review_id": "10097209",
    "movie_id": "10002"
  },
  {
    "review": "최고 팬 짱짱  다시봐도 재미있네요",
    "date": "15.07.12",
    "rating": "10",
    "author": "h316****",
    "review_id": "10097107",
    "movie_id": "10002"
  },
  {
    "review": "이런영화 보면 시간이 타임머신처럼 흐름.",
    "date": "15.07.12",
    "rating": "10",
    "author": "imoi****",
    "review_id": "10097096",
    "movie_id": "10002"
  },
  {
    "review": "완벽한 오락영화 넘 재밌게 봤네요! 2015년에..ㅋ",
    "date": "15.07.12",
    "rating": "10",
    "author": "jiam****",
    "review_id": "10097049",
    "movie_id": "10002"
  },
  {
    "review": "명작중의 명작 전설 아니고 레전드",
    "date": "15.07.12",
    "rating": "10",
    "author": "neth****",
    "review_id": "10097039",
    "movie_id": "10002"
  },
  {
    "review": "15점 주도싶은데 아쉽네요.",
    "date": "15.07.12",
    "rating": "10",
    "author": "kima****",
    "review_id": "10096858",
    "movie_id": "10002"
  },
  {
    "review": "역시 영화는 상상력최고",
    "date": "15.07.12",
    "rating": "10",
    "author": "jest****",
    "review_id": "10096755",
    "movie_id": "10002"
  },
  {
    "review": "초등학교때 보고 지금도 잊혀지지 않는 명작!!",
    "date": "15.07.12",
    "rating": "10",
    "author": "flaw****",
    "review_id": "10096677",
    "movie_id": "10002"
  },
  {
    "review": "2015년이다.  30년 전,  고등학교때  친구들과 극장에서 봤다.  이거 보고 며칠동안  이 영화이야기를 했던 기억이 난다.  그당시 터미네이터, 인디에나 존스와 더블어  80년대 가장 기억에 남는 영화",
    "date": "15.07.12",
    "rating": "10",
    "author": "dine****",
    "review_id": "10095895",
    "movie_id": "10002"
  },
  {
    "review": "사상 최고의 시간여행영화. 말이필요한가?",
    "date": "15.07.09",
    "rating": "10",
    "author": "momo****",
    "review_id": "10084461",
    "movie_id": "10002"
  },
  {
    "review": "SF 영화의 최고봉~!",
    "date": "15.07.08",
    "rating": "10",
    "author": "lori****",
    "review_id": "10080513",
    "movie_id": "10002"
  },
  {
    "review": "터미네이터2, 스타워즈와 함께 SF 3대 걸작.",
    "date": "15.07.05",
    "rating": "10",
    "author": "u_mu****",
    "review_id": "10071370",
    "movie_id": "10002"
  },
  {
    "review": "졸잼ㅋㅋㅋ 2편배경인 2015년에서 봤습니다^^ 날아다니는 차는 개-뿔",
    "date": "15.06.21",
    "rating": "10",
    "author": "jwlo****",
    "review_id": "10017547",
    "movie_id": "10002"
  },
  {
    "review": "진짜 진짜 최고 완전 재밌다",
    "date": "15.06.17",
    "rating": "10",
    "author": "nell****",
    "review_id": "10006053",
    "movie_id": "10002"
  },
  {
    "review": "중3때 극장가서 보구 마이클제이폭스에 푹 빠졌었는데 어제 울 아들과 너무나 재밌게 다시 봤네 시간이 지나두 이리 재미질수가",
    "date": "15.06.16",
    "rating": "10",
    "author": "ffka****",
    "review_id": "10003921",
    "movie_id": "10002"
  },
  {
    "review": "11점이 뭐야. 100점은 줘야지",
    "date": "15.06.16",
    "rating": "10",
    "author": "duda****",
    "review_id": "10003779",
    "movie_id": "10002"
  },
  {
    "review": "대단한 영화다. 특히 세 편을 매끄럽게 이은 이야기가 환상적이다.",
    "date": "15.06.14",
    "rating": "10",
    "author": "band****",
    "review_id": "9998607",
    "movie_id": "10002"
  },
  {
    "review": "이거 87년 영화 맞나여? 맞냐구여 ㅡㅡ 내 인생 최고으 영화 ㄹㅇ",
    "date": "15.06.13",
    "rating": "10",
    "author": "zkvh****",
    "review_id": "9997249",
    "movie_id": "10002"
  },
  {
    "review": "99점과 101점 사이",
    "date": "15.06.13",
    "rating": "10",
    "author": "rkdr****",
    "review_id": "9996908",
    "movie_id": "10002"
  },
  {
    "review": "트릴로지 중에서 가장 내용이 좋다. 이제라도 봐서 다행이다",
    "date": "15.06.13",
    "rating": "10",
    "author": "elws****",
    "review_id": "9995917",
    "movie_id": "10002"
  },
  {
    "review": "고1때  아무생각없이 보다가 한달동안  영화앓이 하게 만든 그 문제작",
    "date": "15.06.11",
    "rating": "10",
    "author": "hang****",
    "review_id": "9991143",
    "movie_id": "10002"
  },
  {
    "review": "박사님 살아나서 기뻤다",
    "date": "15.06.07",
    "rating": "10",
    "author": "vdhk****",
    "review_id": "9981414",
    "movie_id": "10002"
  },
  {
    "review": "방금봤는데 너무너무 좋다",
    "date": "15.06.04",
    "rating": "10",
    "author": "dnjs****",
    "review_id": "9973665",
    "movie_id": "10002"
  },
  {
    "review": "별 10개도 턱없이 부족한 내 인생 최고의 영화",
    "date": "15.06.01",
    "rating": "10",
    "author": "zimm****",
    "review_id": "9968468",
    "movie_id": "10002"
  },
  {
    "review": "어떤 오락영화던 그 이상의 것을 보여줬다. 그것도 85년도에",
    "date": "15.05.31",
    "rating": "10",
    "author": "dday****",
    "review_id": "9964991",
    "movie_id": "10002"
  },
  {
    "review": "말이 필요없는 최고의 타임머신 영화.",
    "date": "15.05.26",
    "rating": "10",
    "author": "ci30****",
    "review_id": "9951996",
    "movie_id": "10002"
  },
  {
    "review": "시대를 초월한 레전드...",
    "date": "15.05.25",
    "rating": "9",
    "author": "mono****",
    "review_id": "9948523",
    "movie_id": "10002"
  },
  {
    "review": "1985년에 저 상상을 할수있는것 자체가 말이 안된다.영화성을 떠나서 진짜 대단한 영화",
    "date": "15.05.23",
    "rating": "8",
    "author": "kenn****",
    "review_id": "9941644",
    "movie_id": "10002"
  },
  {
    "review": "터미네이터2에 버금가는 최고의 SF명작",
    "date": "15.05.23",
    "rating": "10",
    "author": "lysk****",
    "review_id": "9939906",
    "movie_id": "10002"
  },
  {
    "review": "그야말로 대박~~1987년 영화라니...미국꺼니까 만들땐 1984년쯤됐겠지...대다나다...근데 지금 2015년...ㅎㅎ 저때는 2000년도 들어선다는것 자체도 엄청나게 과학이 발전할꺼라 생각했겠지~~",
    "date": "15.05.20",
    "rating": "10",
    "author": "inam****",
    "review_id": "9933999",
    "movie_id": "10002"
  },
  {
    "review": "왜 요즘은 이런영화는 안나올까요 ㅎㅎ",
    "date": "15.05.19",
    "rating": "10",
    "author": "wowl****",
    "review_id": "9931963",
    "movie_id": "10002"
  },
  {
    "review": "10점도 부족하다 더 주고 싶다",
    "date": "15.05.17",
    "rating": "10",
    "author": "jp88****",
    "review_id": "9924677",
    "movie_id": "10002"
  },
  {
    "review": "1~3탄 까지 모두 완벽했던 명작",
    "date": "15.05.13",
    "rating": "10",
    "author": "chun****",
    "review_id": "9914023",
    "movie_id": "10002"
  },
  {
    "review": "이감독님 설마 타임머신 타고 85년으로가서 영화제작한거 아닐까요 ㅋㅋ 진짜 그 당시에는 상상도 못할일이었을텐데 말이죠",
    "date": "15.05.04",
    "rating": "10",
    "author": "zhdn****",
    "review_id": "9894820",
    "movie_id": "10002"
  },
  {
    "review": "2002년생인내가이걸보고충격을받았다세대가틀려도영화를좋아하는것같다고생각함",
    "date": "15.04.29",
    "rating": "10",
    "author": "soun****",
    "review_id": "9878626",
    "movie_id": "10002"
  },
  {
    "review": "최고란 말이 아깝지 않은 영화",
    "date": "15.04.22",
    "rating": "10",
    "author": "aa1n****",
    "review_id": "9857329",
    "movie_id": "10002"
  },
  {
    "review": "어렸을때나 지금이나 재밌음",
    "date": "15.04.19",
    "rating": "10",
    "author": "rayl****",
    "review_id": "9852719",
    "movie_id": "10002"
  },
  {
    "review": "묵혀놓은 보드를 꺼냈다.",
    "date": "15.04.12",
    "rating": "10",
    "author": "gy50****",
    "review_id": "9842172",
    "movie_id": "10002"
  },
  {
    "review": "재 미 있 엇 다 !! ㅎㅎㅎ",
    "date": "15.04.06",
    "rating": "10",
    "author": "pju4****",
    "review_id": "9831568",
    "movie_id": "10002"
  },
  {
    "review": "졸꿀잼!! 진심 졸꿀잼!! 미국도 80년대는 좀 촌스럽긴 하구나 ㅋㅋㅋ 근데 진짜 창의력+스토리텔링 이 모든 것이 완벽하다. 대박! 속편들도 재밌을라나?",
    "date": "15.04.03",
    "rating": "10",
    "author": "wlgp****",
    "review_id": "9823478",
    "movie_id": "10002"
  },
  {
    "review": "정말 재미있었다~! 시간여행이 진짜 가능했으면 재미있었을텐데~",
    "date": "15.03.30",
    "rating": "10",
    "author": "lego****",
    "review_id": "9817136",
    "movie_id": "10002"
  },
  {
    "review": "시간의 소중함을 알려주고 과거와 미래를 잘표현했고 재미를 주는영화 오늘 또봐도 재밌다.3부작에서 순위를 말해보자면 1등 : 1,  2등 : 3,  3등 : 2",
    "date": "15.03.29",
    "rating": "10",
    "author": "vsyy****",
    "review_id": "9815011",
    "movie_id": "10002"
  },
  {
    "review": "말이 필요없다.꿀잼乃강추",
    "date": "15.03.15",
    "rating": "10",
    "author": "zero****",
    "review_id": "9784837",
    "movie_id": "10002"
  },
  {
    "review": "이젠 너무 촌스럽고 어설프단 생각뿐 다시 현대 기술로 세련된 리메이크 작품으로 만나봤으면",
    "date": "15.03.12",
    "rating": "5",
    "author": "nuns****",
    "review_id": "9773219",
    "movie_id": "10002"
  },
  {
    "review": "비프가 조지머리통 때리면서 Hello hello hi anybody home? Think Mcfly Think 이부분이 가장 재밌음 ㅋㅋㅋㅋ 30년전에도 똑같이 괴롭힘당하는거 완전 웃겼음 ㅋㅋ",
    "date": "15.03.03",
    "rating": "10",
    "author": "inja****",
    "review_id": "9754298",
    "movie_id": "10002"
  },
  {
    "review": "미래는 미리 적힌게 아니야",
    "date": "15.03.03",
    "rating": "10",
    "author": "pooh****",
    "review_id": "9753894",
    "movie_id": "10002"
  },
  {
    "review": "내가 태어나기도 전에 이런 영화가 나왔다는 사실에 놀라울 따름이다. 별 12개 주고싶다",
    "date": "15.03.01",
    "rating": "10",
    "author": "cn31****",
    "review_id": "9749791",
    "movie_id": "10002"
  },
  {
    "review": "100점 주고 싶다!!!",
    "date": "15.02.27",
    "rating": "10",
    "author": "minh****",
    "review_id": "9743414",
    "movie_id": "10002"
  },
  {
    "review": "옛날영화지만 정말정말 재미있고 스토리 전개도 탄탄하고 일편보면 삼편까지 볼수밖에없음.추천합니다",
    "date": "15.02.21",
    "rating": "10",
    "author": "ppss****",
    "review_id": "9721110",
    "movie_id": "10002"
  },
  {
    "review": "스필버그 마저 뛰어넘은 오락영화의 끝판왕.",
    "date": "15.02.19",
    "rating": "9",
    "author": "uncl****",
    "review_id": "9711813",
    "movie_id": "10002"
  },
  {
    "review": "꿀잼...꼭 보세요.",
    "date": "15.02.18",
    "rating": "10",
    "author": "rapu****",
    "review_id": "9710882",
    "movie_id": "10002"
  },
  {
    "review": "이게 85년도에 나왔다니...진짜 재밌다 강추임",
    "date": "15.02.15",
    "rating": "10",
    "author": "skin****",
    "review_id": "9699838",
    "movie_id": "10002"
  },
  {
    "review": "내인생 최고의 영화중 하나",
    "date": "15.02.10",
    "rating": "10",
    "author": "fdq2****",
    "review_id": "9684532",
    "movie_id": "10002"
  },
  {
    "review": "ebs에서 우연히 봤는데 한 동안 다른 영화 재미없어짐ㅠㅠ내 돈내놔",
    "date": "15.02.09",
    "rating": "10",
    "author": "ehdr****",
    "review_id": "9683001",
    "movie_id": "10002"
  },
  {
    "review": "당연히 만점. 미취학아동일 때 할부지 손잡고 극장가서 본 영화를 거의 삼십 년만에 다시 보는 중. 그냥 최고. 놀라움의 연속.",
    "date": "15.02.08",
    "rating": "10",
    "author": "love****",
    "review_id": "9680545",
    "movie_id": "10002"
  },
  {
    "review": "여태까지 본 오락영화중 손에 꼽는다. 소름이 돋을 정도.",
    "date": "15.02.08",
    "rating": "10",
    "author": "ajtw****",
    "review_id": "9678789",
    "movie_id": "10002"
  },
  {
    "review": "역대 최고의 오락 sf영화",
    "date": "15.02.05",
    "rating": "9",
    "author": "binn****",
    "review_id": "9667620",
    "movie_id": "10002"
  },
  {
    "review": "30년전 할리우드영화가 정말 이정도였다",
    "date": "15.01.31",
    "rating": "10",
    "author": "gksr****",
    "review_id": "9652856",
    "movie_id": "10002"
  },
  {
    "review": "말이필요함? 게임끝.",
    "date": "15.01.31",
    "rating": "10",
    "author": "dlat****",
    "review_id": "9652816",
    "movie_id": "10002"
  },
  {
    "review": "그래 미래라고 말했던 2015년이다비록 날라다니는 자동차가 대중화 되진 못했지만이 영화 아직도 재미있다",
    "date": "15.01.29",
    "rating": "10",
    "author": "rock****",
    "review_id": "9647376",
    "movie_id": "10002"
  },
  {
    "review": "그때 미래였던 2015년은 이제  과거가 되었고 베이비 부머의 찬란한 미래는 자본주의의 끝과 더불어 절벽 밑으로 떨어질 일만 남았다...",
    "date": "15.01.29",
    "rating": "8",
    "author": "blue****",
    "review_id": "9647359",
    "movie_id": "10002"
  }
]