[
  {
    "review": "어렸을 때 재미있게 봤었음. 33년 원작은 다른 영화들에도 많은 영감을 주었을 듯. 철없지만 순수한 아가씨와 너무나 외로운 킹콩. 킹콩이 사람이라면 지금 내 나이쯤 되었을 듯. 제시카 랭 매우 아름다움.",
    "date": "15.08.06",
    "rating": "8",
    "author": "cool****",
    "review_id": "10191167",
    "movie_id": "10013"
  },
  {
    "review": "여자미모좋음....",
    "date": "15.08.05",
    "rating": "9",
    "author": "pine****",
    "review_id": "10190553",
    "movie_id": "10013"
  },
  {
    "review": "킹콩이면 도대체 콩진호가 얼마나 큰 건가요?",
    "date": "14.08.23",
    "rating": "2",
    "author": "tkdq****",
    "review_id": "9123958",
    "movie_id": "10013"
  },
  {
    "review": "역대 최고의 작품.  제시카랭의 관능미 쩐다.",
    "date": "14.07.06",
    "rating": "10",
    "author": "nlc3****",
    "review_id": "8890968",
    "movie_id": "10013"
  },
  {
    "review": "그때 그시절 기술을 감안한다고 해도 대단한 영화..  지금 봐도 왠만한 b급보다는 나은 영화",
    "date": "13.12.30",
    "rating": "9",
    "author": "adiv****",
    "review_id": "8325527",
    "movie_id": "10013"
  },
  {
    "review": "많은 킹콩 영화가 만들어졌지만 이작품이 나에게는 최고의 작품으로 남아있음..어렸을적 명화극장에서 봤을때 그충격이란..걸작",
    "date": "13.12.07",
    "rating": "7",
    "author": "thra****",
    "review_id": "8196339",
    "movie_id": "10013"
  },
  {
    "review": "이젠 911테러로 리메이크를 할 수도 없는...",
    "date": "13.12.05",
    "rating": "10",
    "author": "tkm0****",
    "review_id": "8191978",
    "movie_id": "10013"
  },
  {
    "review": "특수효과는 촌스럽지만 지금 봐도 볼만한 1976년작 킹콩. 특히 제시카랭의 매력이 쩔어서 킹콩뿐만 아니라 남자라면 누구나 미칠 듯",
    "date": "13.12.02",
    "rating": "8",
    "author": "coco****",
    "review_id": "8184080",
    "movie_id": "10013"
  },
  {
    "review": "영화사에 걸작이라 부를수 있는 작품",
    "date": "13.12.01",
    "rating": "10",
    "author": "kimg****",
    "review_id": "8182995",
    "movie_id": "10013"
  },
  {
    "review": "제시카 랭의 비명소리가 들리는듯 ....",
    "date": "13.12.01",
    "rating": "7",
    "author": "wyk6****",
    "review_id": "8181770",
    "movie_id": "10013"
  },
  {
    "review": "명화극장에서 본 기억이 새록새록. 불쌍한 킹콩 형.. ㅠㅠ",
    "date": "13.11.24",
    "rating": "8",
    "author": "pont****",
    "review_id": "8163994",
    "movie_id": "10013"
  },
  {
    "review": "9점이 맞다 명작",
    "date": "13.09.21",
    "rating": "9",
    "author": "iwma****",
    "review_id": "8006086",
    "movie_id": "10013"
  },
  {
    "review": "애잔합니다.",
    "date": "13.07.22",
    "rating": "10",
    "author": "arde****",
    "review_id": "7773384",
    "movie_id": "10013"
  },
  {
    "review": "개요봐봨ㅋㅋㅋ 모험, 가족, 공포, 판타지, 스릴러, 멜로/애정/로맨스, SF 이거슨 즉슨, 대단한 영화라는 의미",
    "date": "13.07.21",
    "rating": "9",
    "author": "xorb****",
    "review_id": "7770113",
    "movie_id": "10013"
  },
  {
    "review": "지듬보면서도매미있는데2005년꺼가더재미있어",
    "date": "13.07.14",
    "rating": "10",
    "author": "fose****",
    "review_id": "7739916",
    "movie_id": "10013"
  },
  {
    "review": "앳날영화생각나내",
    "date": "13.07.14",
    "rating": "10",
    "author": "wngu****",
    "review_id": "7739903",
    "movie_id": "10013"
  },
  {
    "review": "ㅇ",
    "date": "12.12.25",
    "rating": "1",
    "author": "mis6****",
    "review_id": "7046104",
    "movie_id": "10013"
  },
  {
    "review": "죽어가는  킹콩의 심장박동소리 장면 보며 어렸을 때 엄청 울었음요",
    "date": "12.10.06",
    "rating": "7",
    "author": "dhqk****",
    "review_id": "6766743",
    "movie_id": "10013"
  },
  {
    "review": "왼딴 섬에서 잘 살고 있는 콩을 미국으로 데려와 이리저리 괴롭히다 결국 죽이는 이야기.",
    "date": "12.08.30",
    "rating": "8",
    "author": "jaju****",
    "review_id": "6655006",
    "movie_id": "10013"
  },
  {
    "review": "음좀그렀지만재미있다",
    "date": "11.11.26",
    "rating": "9",
    "author": "dlrh****",
    "review_id": "5871031",
    "movie_id": "10013"
  },
  {
    "review": "나쁜 인간 쉤키들 콩이 얼마나 고통스러운 지모르다니",
    "date": "11.09.27",
    "rating": "10",
    "author": "sw14****",
    "review_id": "5756667",
    "movie_id": "10013"
  },
  {
    "review": "킹콩이 기관총탄을 맞을 때 볼만함. 33년작을 능가하진 못했다.",
    "date": "11.03.28",
    "rating": "5",
    "author": "sykm****",
    "review_id": "5339296",
    "movie_id": "10013"
  },
  {
    "review": "잼있어요...",
    "date": "11.03.27",
    "rating": "7",
    "author": "qhde****",
    "review_id": "5338751",
    "movie_id": "10013"
  },
  {
    "review": "재미있게 보았다.",
    "date": "11.03.27",
    "rating": "10",
    "author": "hdh0****",
    "review_id": "5338529",
    "movie_id": "10013"
  },
  {
    "review": "역시 2005년 킹콩에 비해 많이 부족한데, 그래도 감동있네요",
    "date": "11.03.27",
    "rating": "5",
    "author": "arbi****",
    "review_id": "5338400",
    "movie_id": "10013"
  },
  {
    "review": "콩 죽을때 정말 슬펐다. 고릴라보다도 못한 인간들",
    "date": "11.03.27",
    "rating": "8",
    "author": "fate****",
    "review_id": "5338183",
    "movie_id": "10013"
  },
  {
    "review": "EBS 잘봤어요... 어렸을때 킹콩 70대 명작",
    "date": "11.03.27",
    "rating": "10",
    "author": "jose****",
    "review_id": "5338180",
    "movie_id": "10013"
  },
  {
    "review": "어렸을때 대박이었던 특수효과....70년대 영화라고는 믿기지 않는다.",
    "date": "11.03.27",
    "rating": "10",
    "author": "fall****",
    "review_id": "5338130",
    "movie_id": "10013"
  },
  {
    "review": "EBS에서 해줬는데 재미있게 잘 봤습니다^^ 마지막이 짠하네요..",
    "date": "11.03.27",
    "rating": "10",
    "author": "crea****",
    "review_id": "5338107",
    "movie_id": "10013"
  },
  {
    "review": "70년대라 특수촬영이 요즘만큼은 못해도 내용면에선 피터잭슨의 킹콩보다 나은 듯",
    "date": "11.02.26",
    "rating": "10",
    "author": "hyz3****",
    "review_id": "5278235",
    "movie_id": "10013"
  },
  {
    "review": "아날로그시대의 특수효과,분장과 세트의 힘만으로 일궈낸 헐리웃고전몬스터무비!!",
    "date": "11.01.26",
    "rating": "10",
    "author": "seal****",
    "review_id": "5185895",
    "movie_id": "10013"
  },
  {
    "review": "킹콩의 심장소리가 점차 줄어드는 장면은 공포에서 연민의 대상으로 바꾼 최고의 장면",
    "date": "11.01.24",
    "rating": "10",
    "author": "kos4****",
    "review_id": "5180860",
    "movie_id": "10013"
  },
  {
    "review": "CG에 눈이 흐려진10대20대는 이 영화를 논하지 마라 내인생 최고의 영화중 하나입니다",
    "date": "10.10.17",
    "rating": "10",
    "author": "blue****",
    "review_id": "4908343",
    "movie_id": "10013"
  },
  {
    "review": "솔직히 볼만한 거라곤 제시카 랭의 엉덩이 뿐이었다.",
    "date": "10.08.04",
    "rating": "5",
    "author": "hack****",
    "review_id": "4706870",
    "movie_id": "10013"
  },
  {
    "review": "33년작은 아 진짜 넘 보기힘들다. 솔직히 mbc주말의명화로 알려진 이영화가 진국인듯",
    "date": "10.02.07",
    "rating": "10",
    "author": "redo****",
    "review_id": "4255212",
    "movie_id": "10013"
  },
  {
    "review": "거대 괴수가 등장하는 영화치고 이토록 애절한 러브스토리를 본 적이 있던가",
    "date": "10.01.11",
    "rating": "8",
    "author": "mygr****",
    "review_id": "4157619",
    "movie_id": "10013"
  },
  {
    "review": "초등학교 시절, 너무 재미있었지. 특히 지하철을 뽀개는 포스터에 가슴이 쿵쾅!",
    "date": "09.03.29",
    "rating": "7",
    "author": "acin****",
    "review_id": "3393386",
    "movie_id": "10013"
  },
  {
    "review": "1976년 작품인걸 생각하면 훌륭한 리메이크",
    "date": "09.03.24",
    "rating": "10",
    "author": "bloo****",
    "review_id": "3384728",
    "movie_id": "10013"
  },
  {
    "review": "킹콩 디게 불쌍하지만 너무 재밋다 감독님 최고!",
    "date": "08.06.11",
    "rating": "10",
    "author": "qkra****",
    "review_id": "2692869",
    "movie_id": "10013"
  },
  {
    "review": "어릴때 놀래며 본 기억이 있다 지금보니 차이는 있지만 볼만하다",
    "date": "08.05.16",
    "rating": "6",
    "author": "si2p****",
    "review_id": "2644391",
    "movie_id": "10013"
  },
  {
    "review": "왜 그래? 낭만있자나",
    "date": "08.02.21",
    "rating": "7",
    "author": "stra****",
    "review_id": "2470183",
    "movie_id": "10013"
  },
  {
    "review": "존내 재미없어",
    "date": "08.02.16",
    "rating": "1",
    "author": "clsr****",
    "review_id": "2452563",
    "movie_id": "10013"
  },
  {
    "review": "아..어릴때 보고 킹콩의 마지막에 얼마나 허무하고 애잔한 감정이 들던지..",
    "date": "08.01.07",
    "rating": "10",
    "author": "rmft****",
    "review_id": "2306275",
    "movie_id": "10013"
  },
  {
    "review": "오리지널과 피터잭슨의 킹콩과의 어중간한 작품",
    "date": "07.11.04",
    "rating": "7",
    "author": "deff****",
    "review_id": "2131794",
    "movie_id": "10013"
  },
  {
    "review": "good",
    "date": "07.10.20",
    "rating": "6",
    "author": "cles****",
    "review_id": "2101416",
    "movie_id": "10013"
  },
  {
    "review": "어쨌든 놀라워하며 봤지만 이 외의 작품들은 흥미가 생기질 않는다..",
    "date": "07.07.22",
    "rating": "7",
    "author": "skat****",
    "review_id": "1800252",
    "movie_id": "10013"
  },
  {
    "review": "요즘 6점, 옛날엔 9점짜리",
    "date": "07.05.15",
    "rating": "6",
    "author": "ysuh****",
    "review_id": "1640073",
    "movie_id": "10013"
  },
  {
    "review": "76년이때이영화를리메이크하기엔너무시기상조였는듯",
    "date": "07.04.28",
    "rating": "6",
    "author": "i971****",
    "review_id": "1609226",
    "movie_id": "10013"
  },
  {
    "review": "지금보면 어설프겠지만 그래도 내가 처음본 킹콩영화였다",
    "date": "07.04.01",
    "rating": "8",
    "author": "nala****",
    "review_id": "1566629",
    "movie_id": "10013"
  },
  {
    "review": "모자라지도, 넘치지도 않은 제법 좋은 리메이크였다",
    "date": "06.12.23",
    "rating": "9",
    "author": "bbq2****",
    "review_id": "1317351",
    "movie_id": "10013"
  },
  {
    "review": "작품성은 지금 보면 당연히 떨어지지만 추억을 떠올리며..",
    "date": "06.11.15",
    "rating": "10",
    "author": "8901****",
    "review_id": "1234366",
    "movie_id": "10013"
  },
  {
    "review": "오락성에만 치중한 허술한 리메이크작.",
    "date": "06.07.21",
    "rating": "6",
    "author": "movi****",
    "review_id": "911017",
    "movie_id": "10013"
  },
  {
    "review": "극장에서 본 최초의 영화..그때의 흥분과 공포감이란...",
    "date": "06.06.25",
    "rating": "10",
    "author": "rg52****",
    "review_id": "857401",
    "movie_id": "10013"
  },
  {
    "review": "2005킹콩보다 내용면에서 감동을 준 영화",
    "date": "06.06.17",
    "rating": "10",
    "author": "wdoh****",
    "review_id": "846993",
    "movie_id": "10013"
  },
  {
    "review": "예전에 Video로 빌려서 봤던 영화, 다시보니 어릴적 추억이~ㅎㅎ",
    "date": "06.02.05",
    "rating": "8",
    "author": "anar****",
    "review_id": "648573",
    "movie_id": "10013"
  },
  {
    "review": "특수효과가 부족하지만, 지금봐도 먹어준다. 특히 랭의 미모는",
    "date": "06.01.06",
    "rating": "10",
    "author": "sick****",
    "review_id": "564665",
    "movie_id": "10013"
  },
  {
    "review": "콩은영리해젓지만,반대로구성은다소억지스러움이없지않다",
    "date": "06.01.01",
    "rating": "8",
    "author": "izzo****",
    "review_id": "550017",
    "movie_id": "10013"
  },
  {
    "review": "CG없이도 충분한 볼거리를 제공했었다.",
    "date": "05.12.26",
    "rating": "8",
    "author": "blue****",
    "review_id": "530779",
    "movie_id": "10013"
  },
  {
    "review": "충분한 재미를 줬던작품",
    "date": "05.12.26",
    "rating": "9",
    "author": "kws7****",
    "review_id": "530504",
    "movie_id": "10013"
  },
  {
    "review": "전체적인 균형과 분위기는 아쉽지만,틀을 벗어나 스타일리쉬하다",
    "date": "05.12.21",
    "rating": "8",
    "author": "rapa****",
    "review_id": "519353",
    "movie_id": "10013"
  },
  {
    "review": "전혀 감정이입이 안됨. 단순한 오락영화",
    "date": "05.12.20",
    "rating": "4",
    "author": "newf****",
    "review_id": "517101",
    "movie_id": "10013"
  },
  {
    "review": "여자는 이뻤다..",
    "date": "05.12.18",
    "rating": "7",
    "author": "penn****",
    "review_id": "512212",
    "movie_id": "10013"
  },
  {
    "review": "원작을 제발 이런식으로 망치지 말아줘!",
    "date": "05.12.18",
    "rating": "3",
    "author": "time****",
    "review_id": "512035",
    "movie_id": "10013"
  },
  {
    "review": "젊은 제시카 랭을 보는 기쁨.",
    "date": "05.12.17",
    "rating": "8",
    "author": "cher****",
    "review_id": "509395",
    "movie_id": "10013"
  },
  {
    "review": "생각보다 별루네요.",
    "date": "05.12.06",
    "rating": "6",
    "author": "clou****",
    "review_id": "495769",
    "movie_id": "10013"
  },
  {
    "review": "감동의 역작!",
    "date": "05.12.03",
    "rating": "8",
    "author": "as25****",
    "review_id": "492514",
    "movie_id": "10013"
  }
]