[
  {
    "review_id": "10273004",
    "movie_id": "100100",
    "author": "bbq2****",
    "review": "드래곤볼이 어째 점점 아동용이 되어가는 느낌",
    "rating": "5",
    "date": "15.08.25"
  },
  {
    "review_id": "10262646",
    "movie_id": "100100",
    "author": "yowh****",
    "review": "오랜만에 드래곤볼  즐겁습니다",
    "rating": "9",
    "date": "15.08.22"
  },
  {
    "review_id": "10186301",
    "movie_id": "100100",
    "author": "xpfk****",
    "review": "지구 파괴가 걸렸는데도 주인공들의 너무나 유쾌하고 병맛스러운 모습들이 넘 웃겼음ㅋㅋ",
    "rating": "10",
    "date": "15.08.05"
  },
  {
    "review_id": "10149318",
    "movie_id": "100100",
    "author": "tlaw****",
    "review": "1980년 드래곤볼 나오는 처음 시절 그러면 여기있는사람들 죄다 아재들  인정?!?",
    "rating": "7",
    "date": "15.07.27"
  },
  {
    "review_id": "10137496",
    "movie_id": "100100",
    "author": "ljho****",
    "review": "드래곤볼 슈퍼 3화 나오기 전인데 못참겠어서 신들의 전쟁봄. 베지터의 댄스 하나만으로도 볼만하다. ㅋㅋㅋㅋ",
    "rating": "9",
    "date": "15.07.24"
  },
  {
    "review_id": "10127671",
    "movie_id": "100100",
    "author": "sylz****",
    "review": "어릴적부터 드래곤볼을 봐 왔지만 역시...",
    "rating": "10",
    "date": "15.07.22"
  },
  {
    "review_id": "10124702",
    "movie_id": "100100",
    "author": "neo2****",
    "review": "95년도에 나온 쟈넨바가 나오는 극장판보다 개그 전투신이 떨어진다 원래는 조금 어두운 쪽으로 갈려다가 토리야마가 관동대지진 사건후라서 일부러 밝게했다는데 여기서 토리야마가 얼마나 감이 떨어진지 알수있다. 토리야마는 극장판 애니에서 빠져야 한다",
    "rating": "1",
    "date": "15.07.21"
  },
  {
    "review_id": "10109461",
    "movie_id": "100100",
    "author": "show****",
    "review": "1점도 아깝다  개노잼 베지터 저따구로 망가뜨리고 스토리도 그렇고  흐유 초사이어인 이름은 또 저게 뭐여  개억지",
    "rating": "1",
    "date": "15.07.16"
  },
  {
    "review_id": "10084838",
    "movie_id": "100100",
    "author": "olg3****",
    "review": "이 모든게 전부 푸딩때문이었습니다.",
    "rating": "10",
    "date": "15.07.09"
  },
  {
    "review_id": "10079009",
    "movie_id": "100100",
    "author": "sang****",
    "review": "와우 역시 드래곤볼은 전설입니다 스토리 전개도 좋았고 이데로 전설을 이어가기를 바랍니다",
    "rating": "10",
    "date": "15.07.07"
  },
  {
    "review_id": "10070751",
    "movie_id": "100100",
    "author": "terr****",
    "review": "종합 평점은 6점 드립니다.",
    "rating": "6",
    "date": "15.07.05"
  },
  {
    "review_id": "10003397",
    "movie_id": "100100",
    "author": "kydh****",
    "review": "볼만하긴 한데.. 너무 파워인플레가 심하다..",
    "rating": "8",
    "date": "15.06.15"
  },
  {
    "review_id": "9987657",
    "movie_id": "100100",
    "author": "agai****",
    "review": "이제 내가 나이를 먹어서 드래곤볼이 유치해보이는건가... 시간 맞출라고 아무 의미없는 씬도 길게 낑겨놓고. 옛날 재밌게 본 향수가 다시 떠오르지 않아 너무 아쉽네.",
    "rating": "6",
    "date": "15.06.10"
  },
  {
    "review_id": "9969355",
    "movie_id": "100100",
    "author": "dldl****",
    "review": "나름드래곤볼팬으로드래곤볼세계관이좀더이어지길바랐고원작자의새극장판이나온단소식에기대만빵.새로운캐릭터에새로운변신,오공보다더강한인물이둘이나등장!!해서좀아쉬웠다.갠적으로오공이우주최강이었으면했고초사이언4,5를기대했다.그래도현재드래곤볼의부활을있게해준것만으로의미가크다",
    "rating": "7",
    "date": "15.06.01"
  },
  {
    "review_id": "9964377",
    "movie_id": "100100",
    "author": "blac****",
    "review": "상대역이 악으로 뭉친 적이 아닌 역대급 신이어서 그런가 여유도 넘치고 한낱 지구인들 노는것도 구경하고 음식도 먹고 ㅋㅋ 여러 등장인물을 다 보여주려 도둑들 포함 스토리가 약간 이것저것 덧붙인 느낌은 있지만 가볍게 볼 수 있는 시리즈. 개그요소도 많음.",
    "rating": "8",
    "date": "15.05.31"
  },
  {
    "review_id": "9951468",
    "movie_id": "100100",
    "author": "pc59****",
    "review": "역시 드래곤볼 재미 있었다.",
    "rating": "10",
    "date": "15.05.26"
  },
  {
    "review_id": "9938589",
    "movie_id": "100100",
    "author": "lyu9****",
    "review": "드래곤볼은 소년만화의 전설!!",
    "rating": "10",
    "date": "15.05.22"
  },
  {
    "review_id": "9936255",
    "movie_id": "100100",
    "author": "shoo****",
    "review": "드래곤볼 시리즈는 무조건 10점입니다. 저에게는^^",
    "rating": "10",
    "date": "15.05.21"
  },
  {
    "review_id": "9930403",
    "movie_id": "100100",
    "author": "sss9****",
    "review": "옛날의 느낌이 약간 없어지기는 했지만, 그렇다고 못 봐줄 정도는 아니었다고 본다",
    "rating": "7",
    "date": "15.05.18"
  },
  {
    "review_id": "9925646",
    "movie_id": "100100",
    "author": "jwee****",
    "review": "처음 드래곤볼을 봤을때의 감동을 다시 느꼈다",
    "rating": "10",
    "date": "15.05.17"
  },
  {
    "review_id": "9912676",
    "movie_id": "100100",
    "author": "wlxo****",
    "review": "잘도 내 부르마를!!!",
    "rating": "10",
    "date": "15.05.12"
  },
  {
    "review_id": "9889812",
    "movie_id": "100100",
    "author": "dydg****",
    "review": "손오공 이렇게 약했나?",
    "rating": "10",
    "date": "15.05.03"
  },
  {
    "review_id": "9885036",
    "movie_id": "100100",
    "author": "lss2****",
    "review": "세월이 흐를수록 오히려 점점 퇴보하고 있네요. 예전 명성에 비하면 형편없는 수준입니다. 20년 팬으로서 안타깝습니다.",
    "rating": "6",
    "date": "15.05.01"
  },
  {
    "review_id": "9853499",
    "movie_id": "100100",
    "author": "zkzh****",
    "review": "어떻게 옛날 극장판보다 더 퀄리티가 떨어지냐 진짜 개실망이다",
    "rating": "3",
    "date": "15.04.19"
  },
  {
    "review_id": "9850638",
    "movie_id": "100100",
    "author": "ejrd****",
    "review": "솔직히 오공보다는 이번극장판의 비루스와 배지터 캐릭터가 너무 재밌었어요 신치고는 디게 철없는 듯 하면서 전투력 없는 일반 지구인 한테까지 사과를하는 겸손함을 갖추고 끝까지 여유를 잃지않는 비루스와 그런 비루스에게서 자존심다버리고 지구를 지키려는 배지터",
    "rating": "10",
    "date": "15.04.18"
  },
  {
    "review_id": "9850015",
    "movie_id": "100100",
    "author": "cher****",
    "review": "드래곤볼 사랑해요. 영원하길 ㅠㅠㅠ",
    "rating": "10",
    "date": "15.04.17"
  },
  {
    "review_id": "9846299",
    "movie_id": "100100",
    "author": "noon****",
    "review": "원작에 마이너스를 주는 극장판...  괜찮은 전작들이 있는데 뜬금없이 오랜만에 나온 이번편은 왜 되도않는 개그설정에 이상한 캐릭터 설정에... 본래 캐릭터들을 다 죽여놓은 느낌. 전체적으로 난감하다. 원작은 원작으로 놔둬야 한다고 다시한번 느낌",
    "rating": "3",
    "date": "15.04.15"
  },
  {
    "review_id": "9835409",
    "movie_id": "100100",
    "author": "as_0****",
    "review": "드래곤볼은 전설중 전설 이다!",
    "rating": "10",
    "date": "15.04.09"
  },
  {
    "review_id": "9829332",
    "movie_id": "100100",
    "author": "frui****",
    "review": "나이 10대에 동네 힘쎈 형한테 처맞고 부들부들거리며 복수하고싶다는걸 대리만족하는걸 나이 30~40 넘어서도 그짓거리하는 내용임  그러니까 김성모 일본판임   100단  콤보니 초 사이어인이니  노잼  좋은것도 한두번이지",
    "rating": "1",
    "date": "15.04.05"
  },
  {
    "review_id": "9826710",
    "movie_id": "100100",
    "author": "pree****",
    "review": "추억의 장면이 많이 나와서 즐거웠다. 이젠 손오공을 신으로 만들어버렸다.",
    "rating": "8",
    "date": "15.04.04"
  },
  {
    "review_id": "9816748",
    "movie_id": "100100",
    "author": "shop****",
    "review": "구우유요아오이에고미굳",
    "rating": "10",
    "date": "15.03.30"
  },
  {
    "review_id": "9804606",
    "movie_id": "100100",
    "author": "sbbi****",
    "review": "전작 극장판은 너무 코믹스러움만 강조해서 2프로 부족했는데, 토리야마가 직접 관여해서 그런지 나름의 긴장감까지 플러스되어 좋았음.부활의 F이후에더 계속 연계되는 작품으로 나오면 좋겠음.",
    "rating": "10",
    "date": "15.03.25"
  },
  {
    "review_id": "9786856",
    "movie_id": "100100",
    "author": "vlzk****",
    "review": "드레곤불 게속되면좋겠다",
    "rating": "10",
    "date": "15.03.16"
  },
  {
    "review_id": "9776433",
    "movie_id": "100100",
    "author": "evil****",
    "review": "지구가 푸딩때문에 멸망할뻔 했다..",
    "rating": "10",
    "date": "15.03.13"
  },
  {
    "review_id": "9771546",
    "movie_id": "100100",
    "author": "ogr5****",
    "review": "옛 명성을 회상시키는 정도.",
    "rating": "4",
    "date": "15.03.10"
  },
  {
    "review_id": "9767365",
    "movie_id": "100100",
    "author": "wint****",
    "review": "... 평점에 속았군....",
    "rating": "1",
    "date": "15.03.08"
  },
  {
    "review_id": "9762428",
    "movie_id": "100100",
    "author": "slsn****",
    "review": "진심으로 드래곤볼 진짜로 재미있었다 ㅎㅎ",
    "rating": "10",
    "date": "15.03.07"
  },
  {
    "review_id": "9704863",
    "movie_id": "100100",
    "author": "high****",
    "review": ";-_-장난하냐 완전 ㄱ ㅐ 쓱액이",
    "rating": "1",
    "date": "15.02.17"
  },
  {
    "review_id": "9616926",
    "movie_id": "100100",
    "author": "elou****",
    "review": "토리야마아키라는 드래곤볼 만화책의 원작자이지, 그동안 나왔던 '모든 애니'와는 직접적 관련이 없다. 그렇기 떄문에 <신과 신>이 재미 없다고 한다면 개인의 취향이지만, 다른 드래곤볼 애니랑 내용이 상충돼서 엉터리라고 비판한다면 그건 잘못된 지적",
    "rating": "6",
    "date": "15.01.20"
  },
  {
    "review_id": "9612708",
    "movie_id": "100100",
    "author": "kjh0****",
    "review": "개잼졸잼씹잼존나잼있음",
    "rating": "10",
    "date": "15.01.19"
  },
  {
    "review_id": "9603172",
    "movie_id": "100100",
    "author": "dhde****",
    "review": "내가 이걸 영화관에서 못본게 한이다...망할 유치하다며 치를 떨던 친구 샛길들...전부 원망스럽다. 진짜 공중 액션씬이랑 우주씬은 스크린으로 봐야 할 것 같던데....이번에 나오는 부활의 F는 꼭 극장서 본다.",
    "rating": "10",
    "date": "15.01.17"
  },
  {
    "review_id": "9600220",
    "movie_id": "100100",
    "author": "zeno****",
    "review": "개막장임 드래곤볼은 역시쓰레기ㅉㅉ",
    "rating": "1",
    "date": "15.01.16"
  },
  {
    "review_id": "9585193",
    "movie_id": "100100",
    "author": "sgdj****",
    "review": "별1점도아깝내쉬래기영화일새 신들의전쟁이 아니고 개그폭소 전쟁이내",
    "rating": "1",
    "date": "15.01.11"
  },
  {
    "review_id": "9540331",
    "movie_id": "100100",
    "author": "rlad****",
    "review": "it is so cool",
    "rating": "10",
    "date": "14.12.31"
  },
  {
    "review_id": "9519742",
    "movie_id": "100100",
    "author": "chad****",
    "review": "good good good",
    "rating": "10",
    "date": "14.12.26"
  },
  {
    "review_id": "9511704",
    "movie_id": "100100",
    "author": "rhkd****",
    "review": "드래곤볼z 짱재미있다",
    "rating": "10",
    "date": "14.12.25"
  },
  {
    "review_id": "9461078",
    "movie_id": "100100",
    "author": "lws3****",
    "review": "도라곤보르 에네르기파",
    "rating": "10",
    "date": "14.12.09"
  },
  {
    "review_id": "9459747",
    "movie_id": "100100",
    "author": "wnsd****",
    "review": "역시 드래곤볼은 최고!!!",
    "rating": "10",
    "date": "14.12.09"
  },
  {
    "review_id": "9456075",
    "movie_id": "100100",
    "author": "fghy****",
    "review": "드래곤볼은  만화책부분만 벗어나면  왜이리 재미가 없는 건가,,",
    "rating": "3",
    "date": "14.12.07"
  },
  {
    "review_id": "9434579",
    "movie_id": "100100",
    "author": "lee_****",
    "review": "실사 영화 맨오브스틸보다 떨어지는 애니라니. 액션신이 너무 허접해서 망한 영화. 더불어 내용까지 산으로 가니 젖망인건 당연지사",
    "rating": "1",
    "date": "14.11.30"
  },
  {
    "review_id": "9409081",
    "movie_id": "100100",
    "author": "sida****",
    "review": "드레곤볼을 다시 볼수 있다는게 영광입니다 ㅠㅠ",
    "rating": "10",
    "date": "14.11.22"
  },
  {
    "review_id": "9403267",
    "movie_id": "100100",
    "author": "jusi****",
    "review": "어디서 재미없다는 평보고 기대안했는데 진짜 평은 믿을게 못된다.극장판 주제에 엄청난 세계관을 말해주고 끝났다.보는내내 집중해서 본 극장판은 이게 처음",
    "rating": "10",
    "date": "14.11.20"
  },
  {
    "review_id": "9397603",
    "movie_id": "100100",
    "author": "rkde****",
    "review": "5~6점 정도가 적당한데 너무 평점이 높아서 1점",
    "rating": "1",
    "date": "14.11.18"
  },
  {
    "review_id": "9396179",
    "movie_id": "100100",
    "author": "hahg****",
    "review": "확실히 드래곤볼은 사라져선 안되는 세기의 명작이다.하지만 이 내용은 드래곤볼 이라 할 수 가 없다. 실제로 베플 보면 대부분 드래곤볼 칭찬이지 영화칭찬이 없다",
    "rating": "1",
    "date": "14.11.17"
  },
  {
    "review_id": "9383889",
    "movie_id": "100100",
    "author": "jetb****",
    "review": "재밌어재밌어재밌어!",
    "rating": "10",
    "date": "14.11.14"
  },
  {
    "review_id": "9369366",
    "movie_id": "100100",
    "author": "kala****",
    "review": "드래곤 볼의 전투 액션은 아직도 젊습니다!",
    "rating": "10",
    "date": "14.11.10"
  },
  {
    "review_id": "9338206",
    "movie_id": "100100",
    "author": "rlrl****",
    "review": "개인적으로 유치짬뽕...하지만 원작 성우를 그대로 채용한점은 뭔가 향수를 느끼기엔 충분하지만 그래도 뭔가 유치짬뽕... ;;;너무 오버",
    "rating": "8",
    "date": "14.11.03"
  },
  {
    "review_id": "9297852",
    "movie_id": "100100",
    "author": "rhkd****",
    "review": "브루마 맞으니까 베지터 개빡침ㅋㅋㅋ 레알  츤데레",
    "rating": "10",
    "date": "14.10.17"
  },
  {
    "review_id": "9297833",
    "movie_id": "100100",
    "author": "i971****",
    "review": "옛날 드래곤볼에 대한 추억을 다시금 느끼게 하는 극장판 애니메이션",
    "rating": "10",
    "date": "14.10.17"
  },
  {
    "review_id": "9295498",
    "movie_id": "100100",
    "author": "mill****",
    "review": "드래곤 볼은 말이 필요없다",
    "rating": "10",
    "date": "14.10.16"
  },
  {
    "review_id": "9289704",
    "movie_id": "100100",
    "author": "qkrw****",
    "review": "드래곤볼 극장판 시리즈 중 가장 독특했던 것 같다. 진짜 재밌게 봤다 ㅠ 근데 국내 성우.. 조연급에는 너무 신경을 안 쓴 게 아닌가 싶다. 과거 성우들을 다시 한 번 보고 싶었는데.",
    "rating": "9",
    "date": "14.10.13"
  },
  {
    "review_id": "9246870",
    "movie_id": "100100",
    "author": "kamy****",
    "review": "0 점은 없는건가 ???",
    "rating": "1",
    "date": "14.09.28"
  },
  {
    "review_id": "9244666",
    "movie_id": "100100",
    "author": "red_****",
    "review": "사회적 분위기 때문에 마구잡이로 부서지는 파괴씬은 없었지만 그럼에도 전투씬은 정말 최강이였습니다ㅎㅎ 개그도 깨알같고 웃으면서 봤네요 ㅎㅎ",
    "rating": "10",
    "date": "14.09.27"
  },
  {
    "review_id": "9242379",
    "movie_id": "100100",
    "author": "jyoh****",
    "review": "이거는 정말 드래곤볼의 정수이다!! 옷스! 오라고쿠!",
    "rating": "10",
    "date": "14.09.26"
  },
  {
    "review_id": "9240636",
    "movie_id": "100100",
    "author": "aa75****",
    "review": "원래 전투신이 좀 약한건가 아니면 내가 눈이 높은건가 뭔가 전투신이 좀 부족해보임. 그래서 1점-",
    "rating": "9",
    "date": "14.09.25"
  },
  {
    "review_id": "9234049",
    "movie_id": "100100",
    "author": "goms****",
    "review": "우려먹기라도 반가운 팬심",
    "rating": "7",
    "date": "14.09.22"
  },
  {
    "review_id": "9146233",
    "movie_id": "100100",
    "author": "zoro****",
    "review": "슈퍼사이어인 갓  엄첨 멋있네요, 간지가 폭발 하더군요.역시 전투의 천재, 손★오 ☆공 입니다.참 좋았고요. 역시 일본 최고 였던 드래곤볼 입니다.2015년에도 또 극장판 나온다고 했죠. 그것도 기대 해야겠군요.",
    "rating": "10",
    "date": "14.08.30"
  },
  {
    "review_id": "9143683",
    "movie_id": "100100",
    "author": "skfn****",
    "review": "드래곤볼은 10점도 과분하지만 더빙은 좀 아니라서 1점깎음ㅋ",
    "rating": "9",
    "date": "14.08.29"
  },
  {
    "review_id": "9126522",
    "movie_id": "100100",
    "author": "saye****",
    "review": "아키라 죽었나보다..       외화벌이때매  아키라사칭해서 작품내는거아녀?",
    "rating": "1",
    "date": "14.08.23"
  },
  {
    "review_id": "9122853",
    "movie_id": "100100",
    "author": "akxl****",
    "review": "나만 그랬나 심하게 유치하고 손발이 오그라들던데",
    "rating": "4",
    "date": "14.08.22"
  },
  {
    "review_id": "9103848",
    "movie_id": "100100",
    "author": "skal****",
    "review": "아주 재미있어습니다.",
    "rating": "10",
    "date": "14.08.17"
  },
  {
    "review_id": "9033614",
    "movie_id": "100100",
    "author": "qkrt****",
    "review": "그냥 드래곤볼이라는 것 자체로 만족 후속작 나오길",
    "rating": "9",
    "date": "14.08.05"
  },
  {
    "review_id": "9020329",
    "movie_id": "100100",
    "author": "eeuu****",
    "review": "슈퍼사이어인갓... 이건너무 유치한설정인듯 이것만빼면 만족",
    "rating": "7",
    "date": "14.08.03"
  },
  {
    "review_id": "9007911",
    "movie_id": "100100",
    "author": "ming****",
    "review": "드래곤볼z 팬으로써 보고 정말 실망했고 돈낭비했다.내용 앞뒤가 하나도 안맞고그냥 케릭터만 드래곤볼이지 포켓몬극장판",
    "rating": "1",
    "date": "14.08.02"
  },
  {
    "review_id": "8978484",
    "movie_id": "100100",
    "author": "3722****",
    "review": "마지막 액션은 괜찮은데... 뭔가좀 아쉬움",
    "rating": "7",
    "date": "14.07.29"
  },
  {
    "review_id": "8918864",
    "movie_id": "100100",
    "author": "josm****",
    "review": "역시드래곤볼입니닿ㅎ",
    "rating": "10",
    "date": "14.07.15"
  },
  {
    "review_id": "8908445",
    "movie_id": "100100",
    "author": "whwn****",
    "review": "비루스사마 매력터짐 귀요미ㅋ닥10점~",
    "rating": "10",
    "date": "14.07.12"
  },
  {
    "review_id": "8893111",
    "movie_id": "100100",
    "author": "angl****",
    "review": "드래곤볼의 앞으로의 방향성과 가능성을  제시한 작품",
    "rating": "9",
    "date": "14.07.07"
  },
  {
    "review_id": "8887432",
    "movie_id": "100100",
    "author": "rhwh****",
    "review": "드래곤볼은 역시 드래곤볼...",
    "rating": "10",
    "date": "14.07.05"
  },
  {
    "review_id": "8879395",
    "movie_id": "100100",
    "author": "akfk****",
    "review": "기대에 미치지는 못했지만,,,,극장판이 다시 나왔다는 사실 만으로도 감지덕지다 ㅋㅋㅋㅋ",
    "rating": "10",
    "date": "14.07.03"
  },
  {
    "review_id": "8875965",
    "movie_id": "100100",
    "author": "tpgn****",
    "review": "옛날에 루피가 키자루만나는거같네 ㅋ",
    "rating": "10",
    "date": "14.07.02"
  },
  {
    "review_id": "8868144",
    "movie_id": "100100",
    "author": "free****",
    "review": "역시 드래곤볼 클라스 애니계 전설",
    "rating": "10",
    "date": "14.06.29"
  },
  {
    "review_id": "8849642",
    "movie_id": "100100",
    "author": "rhks****",
    "review": "새로운편 나왔으면 좋겠다",
    "rating": "10",
    "date": "14.06.23"
  },
  {
    "review_id": "8835330",
    "movie_id": "100100",
    "author": "rupi****",
    "review": "완전재미있음 ㅎㅎㅎㅎ",
    "rating": "10",
    "date": "14.06.16"
  },
  {
    "review_id": "8833358",
    "movie_id": "100100",
    "author": "ehdw****",
    "review": "말이 필요 없쪙 데헷^^",
    "rating": "10",
    "date": "14.06.15"
  },
  {
    "review_id": "8829511",
    "movie_id": "100100",
    "author": "wldm****",
    "review": "드래곤볼은 레전드다...",
    "rating": "10",
    "date": "14.06.14"
  },
  {
    "review_id": "8829248",
    "movie_id": "100100",
    "author": "shae****",
    "review": "원작 반영이라는 것만으로도 멋진 드래곤볼",
    "rating": "10",
    "date": "14.06.14"
  },
  {
    "review_id": "8814351",
    "movie_id": "100100",
    "author": "hjkh****",
    "review": "안 웃긴적이 없더라ㅋㅋ",
    "rating": "10",
    "date": "14.06.08"
  },
  {
    "review_id": "8814082",
    "movie_id": "100100",
    "author": "vktm****",
    "review": "개꿀잼 간지ㅊㄹ             ㅎㅎㅎㅎ 최고",
    "rating": "10",
    "date": "14.06.08"
  },
  {
    "review_id": "8767508",
    "movie_id": "100100",
    "author": "zero****",
    "review": "말이 필요없다 재미있다",
    "rating": "9",
    "date": "14.05.26"
  },
  {
    "review_id": "8764210",
    "movie_id": "100100",
    "author": "park****",
    "review": "ㅋㅋ 이때 비델이 임신한 아이가 손오반의 아들이 아니면 어떨지 재미있겠네요! ㅎㅎ",
    "rating": "10",
    "date": "14.05.25"
  },
  {
    "review_id": "8760525",
    "movie_id": "100100",
    "author": "band****",
    "review": "아직도 나오는구나. 대단하다.",
    "rating": "6",
    "date": "14.05.24"
  },
  {
    "review_id": "8720817",
    "movie_id": "100100",
    "author": "ford****",
    "review": "드래곤볼은 미국의 슈퍼맨 배트맨과 같은 위상을 가지고  있다",
    "rating": "10",
    "date": "14.05.10"
  },
  {
    "review_id": "8720073",
    "movie_id": "100100",
    "author": "xmfo****",
    "review": "팬들이 \"드래곤볼의 이야기를 다시 볼 수있다는 것 만으로도 행복하다!\" 라고 말해주는 것과, 말하라고 강요하는건 다르다.",
    "rating": "3",
    "date": "14.05.10"
  },
  {
    "review_id": "8710127",
    "movie_id": "100100",
    "author": "sere****",
    "review": "이게 만화책에서 이어지는 공식스토리임 ㅇㅇ 작가가 인정한.",
    "rating": "9",
    "date": "14.05.06"
  },
  {
    "review_id": "8703433",
    "movie_id": "100100",
    "author": "lees****",
    "review": "처음과 끝이 특히나 신경쓰이도록 마음에 않들었다 액션신은 굉장한데 처음과 끝이 마음에 않듬",
    "rating": "7",
    "date": "14.05.05"
  },
  {
    "review_id": "8679682",
    "movie_id": "100100",
    "author": "seon****",
    "review": "애니마니아인데  드래곤볼자체를처음봤는데 이제서야 왜보는지알겠어요..남자들만보는것이라생각했는데 보니 상당히재미있네요..추천..",
    "rating": "10",
    "date": "14.04.28"
  },
  {
    "review_id": "8678027",
    "movie_id": "100100",
    "author": "tnql****",
    "review": "아...진짜 오랜만이고 극장판 나온게 기적이다손오공의 새로운 모습을 보게 되서 좋고 앞으로 더 많은 작품을 기대하게 하는 작품이다",
    "rating": "10",
    "date": "14.04.27"
  },
  {
    "review_id": "8675266",
    "movie_id": "100100",
    "author": "milk****",
    "review": "역시 드레곤볼은 만화책! 쎈 놈들이 끝도 없이 나오는 구만..",
    "rating": "5",
    "date": "14.04.26"
  },
  {
    "review_id": "8674556",
    "movie_id": "100100",
    "author": "byj6****",
    "review": "이건 베지터가 압권이죠ㅋㅋㅋ으잌ㅋㅋㅋ",
    "rating": "10",
    "date": "14.04.26"
  }
]