[
  {
    "review": "화재 재난 영화의 기념비적 작품. 스티브 맥퀸과 폴 뉴먼의 캐릭터를 빼곤 매력적인 캐릭터를 너무 아깝게 낭비하는 느낌이 드는 점은 아쉽다. 하지만  시대를 감안하고 보더라도 뛰어난 기술력으로 연출한 영화임은 틀림없다.",
    "date": "15.07.05",
    "rating": "7",
    "author": "inos****",
    "review_id": "10074061",
    "movie_id": "10015"
  },
  {
    "review": "화재 재난 영화의 효시.",
    "date": "15.06.24",
    "rating": "6",
    "author": "tear****",
    "review_id": "10030070",
    "movie_id": "10015"
  },
  {
    "review": "오랜만에 처음부터 제대로 다시 봤지만 정말 재난 영화의 최고봉!",
    "date": "15.04.08",
    "rating": "10",
    "author": "nost****",
    "review_id": "9835137",
    "movie_id": "10015"
  },
  {
    "review": "난 이영화가 1974년에 만들어졌다는 사실에 더 놀랐다.",
    "date": "15.03.16",
    "rating": "9",
    "author": "s200****",
    "review_id": "9788472",
    "movie_id": "10015"
  },
  {
    "review": "1974년 영화로는 정말 대박임..지금보면 조금 어설프지만 ~~~",
    "date": "15.02.14",
    "rating": "10",
    "author": "ukal****",
    "review_id": "9695058",
    "movie_id": "10015"
  },
  {
    "review": "우리아빠가 정말정말 추천하던영화! 이시대에 이런 스케일이 가능하다니...대단하다... 하나하나의 개인의 스토리는 좋았지만 재난영화임에도 좀지루한느낌이들었다..엔딩이 물로 덮힌다는설정이 참 극적이고 좋았다.",
    "date": "15.02.14",
    "rating": "8",
    "author": "sage****",
    "review_id": "9694270",
    "movie_id": "10015"
  },
  {
    "review": "1977년 개봉작이라는데, 내가 태어나기 전인데긴장감 넘쳤음.욕망의 거대 타워.그러나 모티브가 한국에서 났던 화재사건 이었다니더 현실적으로  다가왔다. 22층에 사는 나는 부들부들 걱정되기 시작했다.",
    "date": "15.02.14",
    "rating": "9",
    "author": "haha****",
    "review_id": "9694255",
    "movie_id": "10015"
  },
  {
    "review": "방금 ebs에서 봤는데 본것 또본건데 대박!ㄷㄷ 국내에 블루레이로 빨리 발매해라! 고화질로 보니 감동이 더블이다 폴뉴먼,맥퀸 두 명배우들의 중량감있는 연기 폼잡아도 멋짐ㅋㅋ 요즘엔 이런 대배우들이 없다는게 아쉽다",
    "date": "15.02.14",
    "rating": "10",
    "author": "aupe****",
    "review_id": "9694199",
    "movie_id": "10015"
  },
  {
    "review": "오늘이비에스에서해서봤는데재미있었습니다 나름대로전하고자하는메세지도있고무엇보다옛날인데도불구하고스릴감이거의손색없다는게놀랍군요 굿굿",
    "date": "15.02.14",
    "rating": "9",
    "author": "0bli****",
    "review_id": "9694188",
    "movie_id": "10015"
  },
  {
    "review": "ebs는 사랑입니다.",
    "date": "15.02.14",
    "rating": "10",
    "author": "soul****",
    "review_id": "9694161",
    "movie_id": "10015"
  },
  {
    "review": "이렇게 긴 러닝타임의 영화를 시계한번 쳐다보지않고 긴장유지하면서 즐긴 적은 처음인것같습니다. 좋은 영화 보여주셔서 감사합니다 EBS !!",
    "date": "15.02.14",
    "rating": "10",
    "author": "hanj****",
    "review_id": "9694160",
    "movie_id": "10015"
  },
  {
    "review": "역대급 재난 화재 영화 1순위 아닌가 쉽다...",
    "date": "15.02.14",
    "rating": "10",
    "author": "dugi****",
    "review_id": "9694157",
    "movie_id": "10015"
  },
  {
    "review": "재밌다. 이비에스에서 하는거 봄.",
    "date": "15.02.13",
    "rating": "10",
    "author": "yyhw****",
    "review_id": "9693339",
    "movie_id": "10015"
  },
  {
    "review": "이 시절엔 그래픽이 없었으니까 초대형 블럭버스터다. 감독도 대단한 것 같다.",
    "date": "15.02.08",
    "rating": "10",
    "author": "kyki****",
    "review_id": "9678048",
    "movie_id": "10015"
  },
  {
    "review": "재난영화계의 T2급이라할정도로 역대최고저당시는cg가아닌진짜찍었는데지금봐도상상초월급잘만들었다",
    "date": "15.01.12",
    "rating": "10",
    "author": "kjon****",
    "review_id": "9586419",
    "movie_id": "10015"
  },
  {
    "review": "9.11 테러 났을 때 이 영화가 생각났다.",
    "date": "15.01.12",
    "rating": "9",
    "author": "ysm5****",
    "review_id": "9586346",
    "movie_id": "10015"
  },
  {
    "review": "지금 이시대에 저런  영화를 만들수나 있을까?",
    "date": "14.12.31",
    "rating": "10",
    "author": "katy****",
    "review_id": "9541889",
    "movie_id": "10015"
  },
  {
    "review": "재난영화중에는 역대 최고일지 싶네요",
    "date": "14.11.22",
    "rating": "10",
    "author": "ljd1****",
    "review_id": "9408943",
    "movie_id": "10015"
  },
  {
    "review": "진짜 완벽하게잘만든영화!! 꼭보세요내가태어나기도전에 만들어진 영화지만 진짜 이만한 명작도없다",
    "date": "14.09.14",
    "rating": "10",
    "author": "sohn****",
    "review_id": "9215006",
    "movie_id": "10015"
  },
  {
    "review": "타워는 타워링을 어설프게 표절한 후 거기다 억지감동과 상류층 혐오감정을 섞었을 뿐인 영화다.",
    "date": "14.07.13",
    "rating": "10",
    "author": "shar****",
    "review_id": "8912867",
    "movie_id": "10015"
  },
  {
    "review": "포세이돈 어드벤쳐와 함께 기억에 남는 재난영화.",
    "date": "14.06.11",
    "rating": "10",
    "author": "kem1****",
    "review_id": "8820512",
    "movie_id": "10015"
  },
  {
    "review": "이영화 개봉시 8점과 9점을 준사람은 있을수 있다...그러나 40년이 지난 지금 재난영화상중 이보다 더 잘든 영화도 없고, 10점을 안준사람은 없다. 레전드는 영원하다.",
    "date": "14.05.31",
    "rating": "10",
    "author": "soea****",
    "review_id": "8779350",
    "movie_id": "10015"
  },
  {
    "review": "타워링>>>넘사벽>>>>짝퉁  타워",
    "date": "14.04.14",
    "rating": "10",
    "author": "yhwa****",
    "review_id": "8650588",
    "movie_id": "10015"
  },
  {
    "review": "이런게 진짜 영화지? 뭐어.. 반창꼬? 타워 에라이 쓰레기!",
    "date": "14.03.24",
    "rating": "10",
    "author": "ske4****",
    "review_id": "8602932",
    "movie_id": "10015"
  },
  {
    "review": "포세이돈 어드벤처와 함께 70년대 재난영화의 전설",
    "date": "14.03.17",
    "rating": "9",
    "author": "ykdi****",
    "review_id": "8585081",
    "movie_id": "10015"
  },
  {
    "review": "재난영화 교과서적인 작품, 장관이다",
    "date": "14.02.18",
    "rating": "7",
    "author": "tabu****",
    "review_id": "8519676",
    "movie_id": "10015"
  },
  {
    "review": "40년전 영화임 ㄷㄷㄷ",
    "date": "14.01.31",
    "rating": "10",
    "author": "fore****",
    "review_id": "8456921",
    "movie_id": "10015"
  },
  {
    "review": "그래도 재난영화의 대명사인데 9점이 안되다니...",
    "date": "14.01.21",
    "rating": "10",
    "author": "zito****",
    "review_id": "8407027",
    "movie_id": "10015"
  },
  {
    "review": "재난영화의 고전이자. 수작.",
    "date": "14.01.12",
    "rating": "10",
    "author": "finp****",
    "review_id": "8374520",
    "movie_id": "10015"
  },
  {
    "review": "긴장감과 몰입도 따위는 공중분해되어버린 영화. 블록버스터가 될려다 말았고 스티브 맥퀸의 개고생만 볼만하다",
    "date": "14.01.12",
    "rating": "6",
    "author": "sjzm****",
    "review_id": "8374285",
    "movie_id": "10015"
  },
  {
    "review": "전 고전영화 거의다 별로였는데 이 영화는 진짜 잘만들어진것 같다. 스릴 있었습니다.. 비극의 결말이지만 이게 사실을 바탕으로 해서 슬프기도 했습니다ㅠㅠ 괜찮았습니다 짱! 너무 인상깊어요~",
    "date": "14.01.12",
    "rating": "10",
    "author": "cind****",
    "review_id": "8373212",
    "movie_id": "10015"
  },
  {
    "review": "재난영화의 교과서.37년이라는 엄청난 세월이 흘럿음에도 생생할 정도의 탁월한 연출력,그리고 마치 보는이가 저 상황인듯 한 배우들의 뛰어난 연기력,그리고 깔끔한 스토리 전개와 인물표현까지.명작의 모든 조건을 갖추고 최고가 되었다.",
    "date": "14.01.12",
    "rating": "10",
    "author": "kjho****",
    "review_id": "8373080",
    "movie_id": "10015"
  },
  {
    "review": "역시 고전 걸작은 언제봐도 최고",
    "date": "14.01.12",
    "rating": "10",
    "author": "kimg****",
    "review_id": "8373072",
    "movie_id": "10015"
  },
  {
    "review": "많은생각을 할수있는영화 ^^",
    "date": "14.01.12",
    "rating": "10",
    "author": "tibe****",
    "review_id": "8372996",
    "movie_id": "10015"
  },
  {
    "review": "70년대 영화라는게.놀라움.. 지금봐도 손에 땀을 쥐게만듬",
    "date": "14.01.12",
    "rating": "9",
    "author": "rodd****",
    "review_id": "8372952",
    "movie_id": "10015"
  },
  {
    "review": "와 진짜 74년에 만든 영화라고는 믿기지 않을 정도의 긴장감 몰입감 그리고 연출...캐릭터가 좀 덜 살고 많은 걸 보여주느라 좀 산만하긴하다. 그래도 40년전 영화라고는..믿기지 않음",
    "date": "14.01.12",
    "rating": "8",
    "author": "kibb****",
    "review_id": "8372085",
    "movie_id": "10015"
  },
  {
    "review": "고전 재난영화의 양대산맥이지만 영화의 완성도는 좋지않다...그저 거대한 돈을 벌기위해 대충 기획된 블럭버스터...",
    "date": "13.12.28",
    "rating": "6",
    "author": "kara****",
    "review_id": "8313736",
    "movie_id": "10015"
  },
  {
    "review": "1972년에 이런 스케일의 영화를 만들다니... 당시  미국의 번화가 건물이나 시설들도 놀랍고  영화의 화려한 연출도 대박이라고 밖엔... 시종일과 눈을뗄 수없는 스토리도 좋다.",
    "date": "13.12.20",
    "rating": "9",
    "author": "madr****",
    "review_id": "8255970",
    "movie_id": "10015"
  },
  {
    "review": "뭐야. 이 찬사는 ...  나도 보고싶어",
    "date": "13.10.29",
    "rating": "10",
    "author": "cjsw****",
    "review_id": "8099789",
    "movie_id": "10015"
  },
  {
    "review": "70년대의 블록버스터. 두 주연배우의 지명도는 대단하지만, 그들의 연기력을 발휘할만한 각본이 아니다. 이 영화보다 2년전 제작된,재난영화의 최고봉 '포세이돈 어드벤쳐'는 위기상황과 인간군상의 갈등 심리를 월씬 잘 묘사하고 있으니,. 상대비교 열위.",
    "date": "13.08.16",
    "rating": "6",
    "author": "acin****",
    "review_id": "7891110",
    "movie_id": "10015"
  },
  {
    "review": "이거 1971년 대연각호텔화재사건을 모티브로 만들어졌다고 하는데 쩐다",
    "date": "13.07.31",
    "rating": "7",
    "author": "qmq2****",
    "review_id": "7803401",
    "movie_id": "10015"
  },
  {
    "review": "거친 아날로그 재난 영화",
    "date": "13.07.22",
    "rating": "7",
    "author": "diri****",
    "review_id": "7775916",
    "movie_id": "10015"
  },
  {
    "review": "이야  재개봉이라니...",
    "date": "13.04.28",
    "rating": "9",
    "author": "vmdb****",
    "review_id": "7492061",
    "movie_id": "10015"
  },
  {
    "review": "우리나라 타워의 원작",
    "date": "13.03.25",
    "rating": "10",
    "author": "star****",
    "review_id": "7409399",
    "movie_id": "10015"
  },
  {
    "review": "재난영화의 시초?? 포세이돈 어드벤쳐를 잇는 수작! 타워링을 우리나라에서 리메이크할 줄이야 그 누가 알았겠었냐마는...ㅋㅋ",
    "date": "13.03.12",
    "rating": "10",
    "author": "spar****",
    "review_id": "7341921",
    "movie_id": "10015"
  },
  {
    "review": "어렸을 때 진짜 재미나게 봤는데...토요명화(?) 뭐 그런 프로그램에서 ㅋㅋ",
    "date": "13.03.06",
    "rating": "9",
    "author": "dlrl****",
    "review_id": "7328305",
    "movie_id": "10015"
  },
  {
    "review": "진짜 1977년 영화가 맞나 할정도로 믿기지 않은 영화! 최근에 우리나라에서 개봉한 타워와 비교하면 액션씬과 스릴감에선 떨어지는거 같지만 그래도 명작답게 스토리 전개는 타워보다 앞서는듯 합니다 확실히 각각 특색이 있는거 같습니다ㅎ",
    "date": "13.01.26",
    "rating": "10",
    "author": "cdr0****",
    "review_id": "7176805",
    "movie_id": "10015"
  },
  {
    "review": "명작 오브 명작",
    "date": "13.01.08",
    "rating": "10",
    "author": "them****",
    "review_id": "7092893",
    "movie_id": "10015"
  },
  {
    "review": "타워링은 다 좋았지만 좀 지루한 면이 없지 않아 있었고타워는 뻔한 스토리여서 좀 그랬지만 지루한 면은 없었고둘다 좋았음근데 제발 뭐 미국 영화는 다 좋은거라고 생각하는 호구들아 좀 제발 나대지마",
    "date": "13.01.07",
    "rating": "9",
    "author": "dksq****",
    "review_id": "7090336",
    "movie_id": "10015"
  },
  {
    "review": "영원한   타워",
    "date": "13.01.07",
    "rating": "10",
    "author": "ns40****",
    "review_id": "7090289",
    "movie_id": "10015"
  },
  {
    "review": "타워를 보니 다시 생각나게 하는 영화",
    "date": "13.01.03",
    "rating": "10",
    "author": "vkfl****",
    "review_id": "7080005",
    "movie_id": "10015"
  },
  {
    "review": "폴뉴만과  56년작인 더 마운틴의 주인공이자 나탈리 우드의 남편인 로버트 와그너를 30여년만에 다시 보게되니 방갑네요",
    "date": "13.01.02",
    "rating": "10",
    "author": "sora****",
    "review_id": "7076245",
    "movie_id": "10015"
  },
  {
    "review": "30여 년 전에 만들어진 재난 영화의 교과서적 작품. 탄탄한 스토리와 명배우들의 연기로 작은 모니터 화면으로 보아도 2시간 35분이 전혀 지루하게 느껴지질 않는다",
    "date": "13.01.02",
    "rating": "8",
    "author": "hagj****",
    "review_id": "7073781",
    "movie_id": "10015"
  },
  {
    "review": "실제로 크리스마스 브날 일어난 우리나라 충무로 대연각 호텔화재를 모티브로 만든 영화임. 160여명이 화재로 사망해서 역대 최악의 참사였음",
    "date": "13.01.01",
    "rating": "10",
    "author": "zowu****",
    "review_id": "7073244",
    "movie_id": "10015"
  },
  {
    "review": "타워랑 비교된다 정말 오래된영화임에도 불구하고 최고다",
    "date": "12.12.31",
    "rating": "10",
    "author": "gree****",
    "review_id": "7066647",
    "movie_id": "10015"
  },
  {
    "review": "타워링따위는 꺼져라.",
    "date": "12.12.30",
    "rating": "10",
    "author": "park****",
    "review_id": "7063771",
    "movie_id": "10015"
  },
  {
    "review": "30년전에 이런영화를 만들었다는게 정말 놀라움. 타워빠들은 좀가라 원조랑 짝퉁이랑 같냐",
    "date": "12.12.30",
    "rating": "10",
    "author": "jxge****",
    "review_id": "7062721",
    "movie_id": "10015"
  },
  {
    "review": "이 영화가 재난영화의 갑이요!!",
    "date": "12.12.30",
    "rating": "10",
    "author": "kyh9****",
    "review_id": "7062402",
    "movie_id": "10015"
  },
  {
    "review": "전그다지...",
    "date": "12.12.29",
    "rating": "1",
    "author": "xkrr****",
    "review_id": "7060428",
    "movie_id": "10015"
  },
  {
    "review": "타워가훨씬재밋잔아 ㅋㅋ",
    "date": "12.12.29",
    "rating": "1",
    "author": "xkrr****",
    "review_id": "7059968",
    "movie_id": "10015"
  },
  {
    "review": "포스터봐ㅋㅋㅋㅋㅋㅋㅋㅋㅋㅋㅋㅋ  타워가훨낫네",
    "date": "12.12.29",
    "rating": "1",
    "author": "khr6****",
    "review_id": "7059910",
    "movie_id": "10015"
  },
  {
    "review": "...왜 난 타워가 더 재밌지",
    "date": "12.12.29",
    "rating": "8",
    "author": "daan****",
    "review_id": "7059527",
    "movie_id": "10015"
  },
  {
    "review": "어릴때 주말의명화로 본 기억이 새록새록 난다.  볼때마다 하나도 안지루하고 재밌는 영화.  포세이돈 어드벤처랑 더불어서 재난영화계의 희대의 명작이라고  생각함.",
    "date": "12.12.28",
    "rating": "10",
    "author": "dake****",
    "review_id": "7055236",
    "movie_id": "10015"
  },
  {
    "review": "40년전 재난영화의 기념비적 작품이지만 솔직히 작품성은 별로라고 생각함",
    "date": "12.12.25",
    "rating": "3",
    "author": "beat****",
    "review_id": "7045090",
    "movie_id": "10015"
  },
  {
    "review": "이거 명작입니다  요즘 손예진나오는 타워가 나오면서 타워링이 생각나네요",
    "date": "12.12.23",
    "rating": "9",
    "author": "leve****",
    "review_id": "7032444",
    "movie_id": "10015"
  },
  {
    "review": "이런 대작은 앞으로 나오기 힘들것이다. 30여년만에 다시보는 명화.대연각 화재에서 소재를 얻었다는데 74년도에 제작되었다는것이 믿기지 않을 정도.아직도 CG기술이 미스테리라고 하는데...내 생애 가장 감명깊게 본 영화. 타워링~그 감동은 다",
    "date": "12.12.19",
    "rating": "10",
    "author": "hoon****",
    "review_id": "7018864",
    "movie_id": "10015"
  },
  {
    "review": "스티븐 맥퀸과 폴 뉴먼을  동시에 볼수있는 볼만한 재난 영화",
    "date": "12.12.16",
    "rating": "8",
    "author": "figh****",
    "review_id": "7011146",
    "movie_id": "10015"
  },
  {
    "review": "아 이거 진짜 대박임.",
    "date": "12.12.13",
    "rating": "10",
    "author": "ekqk****",
    "review_id": "6997973",
    "movie_id": "10015"
  },
  {
    "review": "시대를 앞선 상상력이랄까...",
    "date": "12.12.09",
    "rating": "8",
    "author": "kos4****",
    "review_id": "6987438",
    "movie_id": "10015"
  },
  {
    "review": "영원한 명작...이십여년만에봤는데도 재미있군.",
    "date": "12.12.07",
    "rating": "8",
    "author": "yuri****",
    "review_id": "6979809",
    "movie_id": "10015"
  },
  {
    "review": "아직도 토요명화에서 본 걸 잊을수 없다.",
    "date": "12.12.01",
    "rating": "10",
    "author": "chih****",
    "review_id": "6952366",
    "movie_id": "10015"
  },
  {
    "review": "지루함 난별루임",
    "date": "12.11.21",
    "rating": "1",
    "author": "peac****",
    "review_id": "6909763",
    "movie_id": "10015"
  },
  {
    "review": "지금봐도 전혀 안촌스럽고 대단하다. 보고보고 또 봐도 잼있음. 영화 개봉후 5년동안이나 특수 촬영에 대한 비밀이 붙여졌을만큼 당시로서는 대단한 특수효과.",
    "date": "12.11.08",
    "rating": "9",
    "author": "anyg****",
    "review_id": "6865611",
    "movie_id": "10015"
  },
  {
    "review": "올스타 소방대장과 소방팀 그리고 폴뉴먼형의 고군분투.,그리고 찌질대는 사위와 옹기종기 모여있는 사람들의 탈출기* 소방대장 헬기작전 대박 ㅋ",
    "date": "12.08.22",
    "rating": "9",
    "author": "dma9****",
    "review_id": "6634958",
    "movie_id": "10015"
  },
  {
    "review": "배우들도 많고 현실감도 좋고 전혀 촌스럽지않다 재난 영화중 단연 최고봉이라 할만하고 슈퍼스타 배우들을 보는 것은 더욱 즐겁게한다",
    "date": "12.08.11",
    "rating": "7",
    "author": "hjj5****",
    "review_id": "6594707",
    "movie_id": "10015"
  },
  {
    "review": "참 멋진 영화임 ^^",
    "date": "12.05.17",
    "rating": "10",
    "author": "cozy****",
    "review_id": "6304931",
    "movie_id": "10015"
  },
  {
    "review": "사람들의 작은 욕망에 의해 얼마나 큰 일이 벌어지는가를 쉽게 알 수 있는 영화.",
    "date": "12.04.20",
    "rating": "10",
    "author": "ghkd****",
    "review_id": "6233782",
    "movie_id": "10015"
  },
  {
    "review": "<포세이돈 어드벤쳐>와 함께 재난 영화의 교과서...",
    "date": "12.04.03",
    "rating": "10",
    "author": "jmp0****",
    "review_id": "6189812",
    "movie_id": "10015"
  },
  {
    "review": "애는 썼지만 그냥 미국 영화다.",
    "date": "12.03.23",
    "rating": "5",
    "author": "bbq2****",
    "review_id": "6163170",
    "movie_id": "10015"
  },
  {
    "review": "주인공들 너무많이 살았어.그래서 재난영화치고 애잔함이 없어",
    "date": "12.03.23",
    "rating": "8",
    "author": "dlat****",
    "review_id": "6161887",
    "movie_id": "10015"
  },
  {
    "review": "절박함과 스펙타클,무게가 느껴지는 재난영화의 최고버전",
    "date": "12.01.15",
    "rating": "8",
    "author": "ador****",
    "review_id": "5988799",
    "movie_id": "10015"
  },
  {
    "review": "시대를 초월한 교훈을 주는 흥미진진한 명작",
    "date": "11.12.05",
    "rating": "10",
    "author": "righ****",
    "review_id": "5889431",
    "movie_id": "10015"
  },
  {
    "review": "재난 영화의 정석. 최고. 원조. 최고의 캐스팅, 최고의 재미.",
    "date": "11.11.26",
    "rating": "10",
    "author": "wooj****",
    "review_id": "5871113",
    "movie_id": "10015"
  },
  {
    "review": "옛날 영화라 그런가... 대사나 복선들이 너무 노골적이다. 한 방향만 가리킨다. 7.0점",
    "date": "11.10.21",
    "rating": "1",
    "author": "zera****",
    "review_id": "5801049",
    "movie_id": "10015"
  },
  {
    "review": "시초격. 조금 더 마음 졸이게 만들었다면 좋았을 텐데...",
    "date": "11.09.30",
    "rating": "7",
    "author": "bbob****",
    "review_id": "5761810",
    "movie_id": "10015"
  },
  {
    "review": "내 생애 최고의 1970년대 외국영화 TOP 10중 하나였습니다.",
    "date": "11.09.23",
    "rating": "10",
    "author": "ange****",
    "review_id": "5747248",
    "movie_id": "10015"
  },
  {
    "review": "아진짜 대단한영화 아닌가, 지금봐도 소름돋는영화",
    "date": "11.08.27",
    "rating": "9",
    "author": "kth2****",
    "review_id": "5690786",
    "movie_id": "10015"
  },
  {
    "review": "재난영화의 기념비 적인 교과서, 오리지널 그 자체",
    "date": "11.07.26",
    "rating": "10",
    "author": "jcr3****",
    "review_id": "5570303",
    "movie_id": "10015"
  },
  {
    "review": "재난영화의 정석 of 정석이지 싶다 숨막히는 긴장감에 몰입도 100%",
    "date": "11.07.12",
    "rating": "10",
    "author": "jhzm****",
    "review_id": "5537076",
    "movie_id": "10015"
  },
  {
    "review": "70년대 영화라는게 믿겨지지 않음재밌어요 내가 중학교때 케이블에서 봤음",
    "date": "11.07.04",
    "rating": "10",
    "author": "mrdo****",
    "review_id": "5520864",
    "movie_id": "10015"
  },
  {
    "review": "화려한 영상,호화 캐스팅,액션,스릴 좋지만 갈등구조가 약한게 흠.",
    "date": "11.06.20",
    "rating": "8",
    "author": "mist****",
    "review_id": "5490476",
    "movie_id": "10015"
  },
  {
    "review": "한국의 대연각호텔 화재사건이 모티프가 된 영화. 재난영화의 정석.",
    "date": "11.06.14",
    "rating": "10",
    "author": "soul****",
    "review_id": "5480668",
    "movie_id": "10015"
  },
  {
    "review": "전설은 아니고 레전드.. 시간가는줄 모르고 봤다",
    "date": "11.06.05",
    "rating": "10",
    "author": "ndga****",
    "review_id": "5464773",
    "movie_id": "10015"
  },
  {
    "review": "40년전에 이런영화가 있었던 것이 경이스럽다",
    "date": "11.05.24",
    "rating": "10",
    "author": "tama****",
    "review_id": "5446428",
    "movie_id": "10015"
  },
  {
    "review": "1974년에 이런영화를 만들었다는 것에 감탄을 금치 못했다.",
    "date": "11.04.15",
    "rating": "10",
    "author": "naru****",
    "review_id": "5375712",
    "movie_id": "10015"
  },
  {
    "review": "전율적인 영화. 이게 전부 실내 세트 였다는데서 또 놀람.",
    "date": "10.12.31",
    "rating": "10",
    "author": "kimd****",
    "review_id": "5107014",
    "movie_id": "10015"
  },
  {
    "review": "74년작치고는 확실히 대단하지만... 지금보기에는 무리가 있다.",
    "date": "10.12.01",
    "rating": "6",
    "author": "ther****",
    "review_id": "5011649",
    "movie_id": "10015"
  },
  {
    "review": "불타는 건물 속에서 남을 구하려는 사람과 구조만을 기다리는 사람의 차이는?",
    "date": "10.11.14",
    "rating": "10",
    "author": "sooh****",
    "review_id": "4960020",
    "movie_id": "10015"
  },
  {
    "review": "요즘 재난영화는 왜 이만큼 감동과 긴장을 가지고 만들지 않는걸까?",
    "date": "10.10.31",
    "rating": "9",
    "author": "csw8****",
    "review_id": "4929948",
    "movie_id": "10015"
  },
  {
    "review": "해운대마린시티에 불나면,타워링 보다 심각할겁니다,옆에 80층 100층,,곧 완공되는데,",
    "date": "10.10.02",
    "rating": "10",
    "author": "mfda****",
    "review_id": "4879511",
    "movie_id": "10015"
  }
]