[
  {
    "review": "상남자 셰인 나이스 굿쟙",
    "date": "15.07.16",
    "rating": "10",
    "author": "kan3****",
    "review_id": "10110572",
    "movie_id": "10017"
  },
  {
    "review": "불후의 명작이라 불러마땅하다",
    "date": "15.07.09",
    "rating": "10",
    "author": "ohmy****",
    "review_id": "10085596",
    "movie_id": "10017"
  },
  {
    "review": "표면상 위장된 마초적이며 우직한 가장 미국적인 가치관 그리고 그 기저에 깊게 깔린 미묘한 감정선과 눈빛으로 교환되어 서로만 눈치챌 은밀한 대화, 모든 것을 지켜보고 있던 서부의 광활한 풍광, 말없이 뒤돌아 떠나는 사내의 작지만 거대한 마지막 뒷모습.",
    "date": "15.03.18",
    "rating": "9",
    "author": "cksn****",
    "review_id": "9791934",
    "movie_id": "10017"
  },
  {
    "review": "고독한 먼치킨 서부극의 시초.",
    "date": "15.02.04",
    "rating": "5",
    "author": "rd72****",
    "review_id": "9667135",
    "movie_id": "10017"
  },
  {
    "review": "어릴적 꽤나 재미있게 봤던 기억이난다.",
    "date": "15.01.11",
    "rating": "9",
    "author": "jsn0****",
    "review_id": "9585072",
    "movie_id": "10017"
  },
  {
    "review": "서부 영화상 주인공이 가장 빨리 총을 뽑았다는 영화로 은은한 여운을 남기는 영화다.",
    "date": "15.01.08",
    "rating": "8",
    "author": "ks10****",
    "review_id": "9575075",
    "movie_id": "10017"
  }
]