[
  {
    "review_id": "10031980",
    "movie_id": "100269",
    "author": "plui****",
    "review": "잔잔하면서 사랑스러운 스토리. 영상도 음악도 좋아요",
    "rating": "10",
    "date": "15.06.25"
  },
  {
    "review_id": "9825470",
    "movie_id": "100269",
    "author": "made****",
    "review": "재밋다쇼쇼쇼ㅛㅛㅛㅎ호",
    "rating": "10",
    "date": "15.04.04"
  },
  {
    "review_id": "9726351",
    "movie_id": "100269",
    "author": "geni****",
    "review": "자기스타일아니면 평점을 주지말던지... 재밌구만 1 점은 뭐지...",
    "rating": "10",
    "date": "15.02.22"
  },
  {
    "review_id": "9492223",
    "movie_id": "100269",
    "author": "milk****",
    "review": "사랑은 마법처럼 다가온다... 난 언제쯤 마법에 걸릴까...",
    "rating": "4",
    "date": "14.12.20"
  },
  {
    "review_id": "9324813",
    "movie_id": "100269",
    "author": "cnrr****",
    "review": "앗 ㅋㅋ 니콜라 어머님 ㅋㅋㅋㅋ",
    "rating": "10",
    "date": "14.10.28"
  },
  {
    "review_id": "9245782",
    "movie_id": "100269",
    "author": "ddeg****",
    "review": "프랑스 영화를 이렇게 설레면서 보기는 또 처음이다ㅠ 남자주인공 목소리도 너무 좋아ㅠ",
    "rating": "10",
    "date": "14.09.28"
  },
  {
    "review_id": "8948293",
    "movie_id": "100269",
    "author": "sjnm****",
    "review": "꼭 보세요. 정말 좋은 멜로영화입니다. 2014년 장마철의 한편으로 끝내줌.",
    "rating": "10",
    "date": "14.07.24"
  },
  {
    "review_id": "8840155",
    "movie_id": "100269",
    "author": "jini****",
    "review": "진지해서 너무 웃김 ㅋㅋ 웃긴상황에서도 품위와 우아함 진지함을 전혀 빼질 않네 ㅋㅋㅋㅋ",
    "rating": "10",
    "date": "14.06.19"
  },
  {
    "review_id": "8837125",
    "movie_id": "100269",
    "author": "cki5****",
    "review": "이런 현실적인 사랑영화 좋다 !!!음악도 춤도 함께 나오고...\"우리도 사랑일까\" 재밌게 봤으면 이 영화도 잘 맞을듯",
    "rating": "10",
    "date": "14.06.17"
  },
  {
    "review_id": "8635824",
    "movie_id": "100269",
    "author": "jwaa****",
    "review": "tlqk 평점 낮은줄알고 안볼뻔했네 나쁜사람들 이영화 잼씀 ㅊㅊ함",
    "rating": "10",
    "date": "14.04.08"
  },
  {
    "review_id": "8588229",
    "movie_id": "100269",
    "author": "kido****",
    "review": "개성만점 마법거부 사랑이야기, 운명타령하는 사랑영화보다 훨씬 좋았음",
    "rating": "8",
    "date": "14.03.19"
  },
  {
    "review_id": "8541106",
    "movie_id": "100269",
    "author": "dbzh****",
    "review": "로맨스는 여주가 이뻐야 재밌는데...",
    "rating": "2",
    "date": "14.02.27"
  },
  {
    "review_id": "8202338",
    "movie_id": "100269",
    "author": "neri****",
    "review": "이정도의 영화 만점플레이다!",
    "rating": "10",
    "date": "13.12.09"
  },
  {
    "review_id": "8160270",
    "movie_id": "100269",
    "author": "yh39****",
    "review": "개연성이 낮아 몰입도가 낮아 별로였습니다..",
    "rating": "3",
    "date": "13.11.22"
  },
  {
    "review_id": "8158324",
    "movie_id": "100269",
    "author": "ys83****",
    "review": "난이런영화가좋다~~~~",
    "rating": "10",
    "date": "13.11.21"
  },
  {
    "review_id": "8143290",
    "movie_id": "100269",
    "author": "apre****",
    "review": "사랑은 우연한 기회에 나도 모르게 빠져드는 것.",
    "rating": "8",
    "date": "13.11.16"
  },
  {
    "review_id": "8141779",
    "movie_id": "100269",
    "author": "dlrj****",
    "review": "ㅋㅋㅋ평점낮게 깍자 ㅎㅎ",
    "rating": "1",
    "date": "13.11.15"
  },
  {
    "review_id": "8141445",
    "movie_id": "100269",
    "author": "udak****",
    "review": "1명이라 10점이네 5점으로 만들어드려야지",
    "rating": "1",
    "date": "13.11.15"
  },
  {
    "review_id": "8139496",
    "movie_id": "100269",
    "author": "dlql****",
    "review": "보는 내내 즐거웠어요.. 음악과 배경도 넘 좋고. 특히 마지막장면이 아쥬그냥..",
    "rating": "10",
    "date": "13.11.15"
  }
]