[
  {
    "review": "무서운 흑형을 때려눕히는 재미. 하지만 범속하다.",
    "date": "15.08.20",
    "rating": "7",
    "author": "pont****",
    "review_id": "10252718",
    "movie_id": "10023"
  },
  {
    "review": "아 슬프고 슬프고 미x 흑인놈",
    "date": "15.06.09",
    "rating": "10",
    "author": "dnjs****",
    "review_id": "9986815",
    "movie_id": "10023"
  },
  {
    "review": "재밌는 영화 눈과 귀과 즐거운 영화",
    "date": "15.06.06",
    "rating": "10",
    "author": "john****",
    "review_id": "9978621",
    "movie_id": "10023"
  },
  {
    "review": "복서의 아내로서 끝까지 록키를 믿고 따르는 에드리안 같은 아내를 얻어야되 정말 최고다 주제곡도 최고다",
    "date": "15.06.06",
    "rating": "9",
    "author": "kpor****",
    "review_id": "9978482",
    "movie_id": "10023"
  },
  {
    "review": "별다른 기교 없이도 이렇게 잘 만든 옛 영화들이 요샌 더 좋습니다.",
    "date": "15.05.06",
    "rating": "10",
    "author": "dxfo****",
    "review_id": "9899149",
    "movie_id": "10023"
  },
  {
    "review": "개인적으로 록키 3를 제일 감명깊게 봤습니다.",
    "date": "15.04.12",
    "rating": "10",
    "author": "csy2****",
    "review_id": "9841567",
    "movie_id": "10023"
  },
  {
    "review": "볼거리는 늘었지만 초심은 사라졌다",
    "date": "15.04.11",
    "rating": "7",
    "author": "sipj****",
    "review_id": "9840232",
    "movie_id": "10023"
  },
  {
    "review": "가장 완벽한 록키를 볼 수 있다. 마지막 엔딩신은 정말 예술.",
    "date": "15.03.26",
    "rating": "10",
    "author": "aman****",
    "review_id": "9806856",
    "movie_id": "10023"
  },
  {
    "review": "Eye Of The Tiger !!  ost의 절정판!!",
    "date": "15.02.20",
    "rating": "10",
    "author": "hams****",
    "review_id": "9718756",
    "movie_id": "10023"
  },
  {
    "review": "실베스타 스텔론은 록키 그 자체다.",
    "date": "14.12.26",
    "rating": "10",
    "author": "sh87****",
    "review_id": "9522399",
    "movie_id": "10023"
  },
  {
    "review": "록키의 부활 이제 록키도 노련하닼ㅋㅋ",
    "date": "14.11.26",
    "rating": "10",
    "author": "shhk****",
    "review_id": "9422388",
    "movie_id": "10023"
  },
  {
    "review": "진부하고 뻔한 스토리. 하지만 OST 하나로 분위기 살리는 영화. 덤으로 헐크 호건을 볼 수 있다는 점",
    "date": "14.09.11",
    "rating": "2",
    "author": "jjaj****",
    "review_id": "9202781",
    "movie_id": "10023"
  },
  {
    "review": "실베스터 스텔론을 존경하지 않을 수 없는 이유! 2는 마지막 경기씬에서 절정을 이루었다면, 3은 그 전의 과정들부터 절정의 역할을 분담하고 있다! 또한 마지막 장면은 예술작품이다. 실베스터 스텔론은 진정 능력자다!",
    "date": "14.08.19",
    "rating": "10",
    "author": "7dbs****",
    "review_id": "9112452",
    "movie_id": "10023"
  },
  {
    "review": "3편두 재미있네요! 1,2편만큼",
    "date": "14.07.30",
    "rating": "9",
    "author": "clou****",
    "review_id": "8986741",
    "movie_id": "10023"
  },
  {
    "review": "1,2편만큼의 감동은 없지만  겁나 재밌음",
    "date": "14.07.15",
    "rating": "10",
    "author": "fghy****",
    "review_id": "8918079",
    "movie_id": "10023"
  },
  {
    "review": "록키는 가면갈수록 재밌어졐ㅋㅋ어떻겤ㅋㅋㅋ",
    "date": "14.04.06",
    "rating": "10",
    "author": "vkfn****",
    "review_id": "8632931",
    "movie_id": "10023"
  },
  {
    "review": "강해진 남성미, 약해진 절박함, 강렬한 OST",
    "date": "14.01.31",
    "rating": "7",
    "author": "rcan****",
    "review_id": "8452691",
    "movie_id": "10023"
  },
  {
    "review": "아직까진 죽지않았다 외치는 록키",
    "date": "14.01.28",
    "rating": "7",
    "author": "kxvt****",
    "review_id": "8439107",
    "movie_id": "10023"
  },
  {
    "review": "클래버 랭이 A-team BA라니ㅋ",
    "date": "14.01.21",
    "rating": "10",
    "author": "dong****",
    "review_id": "8407194",
    "movie_id": "10023"
  },
  {
    "review": "진행과 내용은 전편들과 비슷하지만 재미나 감동은 덜하다. 더구나 1편에서 주인공을 더욱 인상적으로 만들어 주었던 어떤 ‘절박함’ 같은 것도 찾아보기 힘들다.",
    "date": "14.01.18",
    "rating": "5",
    "author": "zxc1****",
    "review_id": "8395501",
    "movie_id": "10023"
  },
  {
    "review": "진짜 최고의 영화 정말 재미 있게 봤다. ㅎ",
    "date": "14.01.17",
    "rating": "10",
    "author": "pc59****",
    "review_id": "8392189",
    "movie_id": "10023"
  },
  {
    "review": "소름끼치는 미키의 죽음",
    "date": "14.01.02",
    "rating": "10",
    "author": "supe****",
    "review_id": "8337775",
    "movie_id": "10023"
  },
  {
    "review": "영화도 재미있지만 ost 완전 예술임.",
    "date": "13.12.16",
    "rating": "10",
    "author": "adiv****",
    "review_id": "8218819",
    "movie_id": "10023"
  },
  {
    "review": "록키 시리즈 대박 순서 - 1,3,6",
    "date": "13.10.29",
    "rating": "10",
    "author": "youn****",
    "review_id": "8098460",
    "movie_id": "10023"
  },
  {
    "review": "역시 희대의 명작이네요 재미있습니다.",
    "date": "13.09.25",
    "rating": "10",
    "author": "wown****",
    "review_id": "8015840",
    "movie_id": "10023"
  },
  {
    "review": "소름끼친다!",
    "date": "13.07.28",
    "rating": "10",
    "author": "ske4****",
    "review_id": "7793566",
    "movie_id": "10023"
  },
  {
    "review": "로키는 1 이외에는 다 뻔한 내용의 졸작에 불과하다!!",
    "date": "13.07.14",
    "rating": "7",
    "author": "sinj****",
    "review_id": "7738826",
    "movie_id": "10023"
  },
  {
    "review": "Eye Of The Tiger 흐르며 BA와 록키가 번갈아 나오는 오프닝 씬이 명장면 특히 런닝하는 BA의 고독과 분노가 느껴지는 표정과 미키아저씨의 겁먹은 모습 캬~~편집멋짐아폴로 아저씨도 멋지게 나와서 좋네..록키는 10점이상 줘야됨",
    "date": "13.06.09",
    "rating": "10",
    "author": "redd****",
    "review_id": "7618787",
    "movie_id": "10023"
  },
  {
    "review": "1.2.3 다 잼있군요.. ㅋ 최고입니당.",
    "date": "13.05.23",
    "rating": "10",
    "author": "qorc****",
    "review_id": "7549310",
    "movie_id": "10023"
  },
  {
    "review": "진짜 최고의 영화....  도전앞에서 두려워하는 챔프...  그 의 모습이  정말 깊이  와닿았다.  그들의 노력  정말 멋지다.  록키 최고",
    "date": "13.03.11",
    "rating": "10",
    "author": "chan****",
    "review_id": "7341205",
    "movie_id": "10023"
  },
  {
    "review": "미키 할아버지 ㅜㅜ 슬프네 이상하게 록키를 볼때면 어느순간 엔돌핀이 돋는 것 같다 최고다",
    "date": "13.02.09",
    "rating": "10",
    "author": "dlgo****",
    "review_id": "7241386",
    "movie_id": "10023"
  },
  {
    "review": "역시 기대이상으로 조타 ㅎ",
    "date": "13.01.19",
    "rating": "9",
    "author": "ghkd****",
    "review_id": "7134381",
    "movie_id": "10023"
  },
  {
    "review": "ost 좋고 다좋은데 약간 백인 우월주의가 보임",
    "date": "13.01.05",
    "rating": "8",
    "author": "saf1****",
    "review_id": "7085415",
    "movie_id": "10023"
  },
  {
    "review": "호랑이의눈..ㅋㅋㅋ 역시 지루하지않게 잘만들어진것같음..3편즈음이.. 슬슬 뻔해질만한데..ㅋㅋ",
    "date": "12.12.30",
    "rating": "8",
    "author": "gusw****",
    "review_id": "7063512",
    "movie_id": "10023"
  },
  {
    "review": "록키의 이야기지만 말 그대로 영화 록키는 영화다운 한편의 영화",
    "date": "12.12.28",
    "rating": "10",
    "author": "mach****",
    "review_id": "7055326",
    "movie_id": "10023"
  },
  {
    "review": "서로 싸웠던 챔피언들까라 다시 하나로 뭉쳐서 다시 챔피언 타이틀을 되찾다니 정말 감동이 따로 없구먼",
    "date": "12.12.15",
    "rating": "10",
    "author": "hlch****",
    "review_id": "7003995",
    "movie_id": "10023"
  },
  {
    "review": "삼OO전 영화지만 지금봐도 가슴이 끓어오르는영화...아폴로와의 엔딩씬은 단연 압권...",
    "date": "12.11.08",
    "rating": "10",
    "author": "jsaz****",
    "review_id": "6866171",
    "movie_id": "10023"
  },
  {
    "review": "잘봤습니다",
    "date": "12.11.03",
    "rating": "9",
    "author": "cjsw****",
    "review_id": "6848407",
    "movie_id": "10023"
  },
  {
    "review": "패배, 그리고 두려움... 극복 !!! 너무나도 록키스럽다. 정말 도전하고 싶어진다!!!",
    "date": "12.10.26",
    "rating": "8",
    "author": "samg****",
    "review_id": "6826827",
    "movie_id": "10023"
  },
  {
    "review": "마지막장면에서 같이 주먹날리면서 본영화",
    "date": "12.10.25",
    "rating": "10",
    "author": "chul****",
    "review_id": "6825865",
    "movie_id": "10023"
  },
  {
    "review": "정확히30년전이구나,,,대한극장에서 감동으로 보았던 기억이,,지금 록키시리즈를 1편부터 다시 감상해보니 1~4편 중에선3편이 스토리라인이 제일 약한것같다. 그러나 영상미와 주제가로 상당부분 벌충한 것같다. 특히 라스트마무리씬은 30년이 지난지금봐도멋짐",
    "date": "12.09.27",
    "rating": "6",
    "author": "alex****",
    "review_id": "6737812",
    "movie_id": "10023"
  },
  {
    "review": "새로운코치...더강해진 록키...",
    "date": "12.08.29",
    "rating": "9",
    "author": "do11****",
    "review_id": "6653141",
    "movie_id": "10023"
  },
  {
    "review": "아폴로와의 마지막 장면은 잊지 못할듯. 개인적으로 록키 시리즈중 최고였던것 같다!",
    "date": "12.07.30",
    "rating": "10",
    "author": "lsy3****",
    "review_id": "6556306",
    "movie_id": "10023"
  },
  {
    "review": "3편도 괜찮았지..",
    "date": "12.06.22",
    "rating": "9",
    "author": "tn99****",
    "review_id": "6407807",
    "movie_id": "10023"
  },
  {
    "review": "록키시리즈가 롱런을 할수 있었던 다리와도 같았던 작품이다. 특히 BA의연기 압권!",
    "date": "12.06.18",
    "rating": "10",
    "author": "qngh****",
    "review_id": "6400321",
    "movie_id": "10023"
  },
  {
    "review": "3편까지는 훌륭하다.. 단 4편 부터는 좀.. 마지막 발보아 빼곤..",
    "date": "12.03.31",
    "rating": "10",
    "author": "unli****",
    "review_id": "6183497",
    "movie_id": "10023"
  },
  {
    "review": "챔피언의 나태. 추락. 그리고 재기. 훌륭한 스토리!!!",
    "date": "12.03.25",
    "rating": "10",
    "author": "k384****",
    "review_id": "6167214",
    "movie_id": "10023"
  },
  {
    "review": "분명 지금의 기준과 시점에서 평가할 영화가 절대 아니다",
    "date": "12.03.13",
    "rating": "9",
    "author": "kimb****",
    "review_id": "6141988",
    "movie_id": "10023"
  },
  {
    "review": "전편 다좋다 록키의 인간미 항상 막판에나오는 경기신 나도 같이 팔을 휘두르게된다.",
    "date": "12.02.15",
    "rating": "10",
    "author": "qkrt****",
    "review_id": "6077285",
    "movie_id": "10023"
  },
  {
    "review": "미스터티..넘어설수 있는 적이였고, 두렵지 않았다.",
    "date": "12.02.10",
    "rating": "8",
    "author": "crui****",
    "review_id": "6064620",
    "movie_id": "10023"
  },
  {
    "review": "최고다진짜..",
    "date": "12.02.07",
    "rating": "10",
    "author": "tjsd****",
    "review_id": "6060221",
    "movie_id": "10023"
  },
  {
    "review": "아메리칸드림물이 왜 질타받아야하는가 이것이 곧 희망이다 지금 내가 9점을 찍어주지",
    "date": "12.02.06",
    "rating": "10",
    "author": "mand****",
    "review_id": "6055682",
    "movie_id": "10023"
  },
  {
    "review": "이 재밌는 영화를 9점대로 바꾸겠다.",
    "date": "12.01.24",
    "rating": "10",
    "author": "doct****",
    "review_id": "6015923",
    "movie_id": "10023"
  },
  {
    "review": "억지스러운 곳이 있지만 노력에 의한 승리는 언제나 짜릿하다.",
    "date": "11.12.27",
    "rating": "7",
    "author": "airi****",
    "review_id": "5940158",
    "movie_id": "10023"
  },
  {
    "review": "[8점] 아폴로와의 우정과 사랑의 힘으로 또 다시 챔피언",
    "date": "11.12.18",
    "rating": "8",
    "author": "fann****",
    "review_id": "5912122",
    "movie_id": "10023"
  },
  {
    "review": "망설임없이 10점",
    "date": "11.10.13",
    "rating": "10",
    "author": "zndz****",
    "review_id": "5786941",
    "movie_id": "10023"
  },
  {
    "review": "1,2,3까지는 명작 4부터 망트리타고 마지막 록키발보아 에서 자존심회복.",
    "date": "11.09.13",
    "rating": "9",
    "author": "cys3****",
    "review_id": "5729464",
    "movie_id": "10023"
  },
  {
    "review": "갑이지라",
    "date": "11.08.23",
    "rating": "10",
    "author": "fpdl****",
    "review_id": "5682420",
    "movie_id": "10023"
  },
  {
    "review": "여기서 멈췄어야 했지만...",
    "date": "11.07.29",
    "rating": "5",
    "author": "pria****",
    "review_id": "5580572",
    "movie_id": "10023"
  },
  {
    "review": "1,2,3편이 진정한 명작",
    "date": "11.06.26",
    "rating": "10",
    "author": "goli****",
    "review_id": "5501660",
    "movie_id": "10023"
  },
  {
    "review": "인간적인 두려움에 공감하고, 치열한 훈련장면에 크악~ 피가 끓는다!!",
    "date": "11.06.24",
    "rating": "10",
    "author": "brav****",
    "review_id": "5495756",
    "movie_id": "10023"
  },
  {
    "review": "뻔하기도하지만 참 알면서도 빠져드는 매력이있다.멋지다..록키!!",
    "date": "11.06.15",
    "rating": "9",
    "author": "read****",
    "review_id": "5482039",
    "movie_id": "10023"
  },
  {
    "review": "온몸에 전율이 느껴진다",
    "date": "11.06.06",
    "rating": "10",
    "author": "lbj4****",
    "review_id": "5467550",
    "movie_id": "10023"
  },
  {
    "review": "시리즈의 절정",
    "date": "11.05.09",
    "rating": "9",
    "author": "pree****",
    "review_id": "5416766",
    "movie_id": "10023"
  },
  {
    "review": "갈수록 재미있는 록키",
    "date": "11.05.02",
    "rating": "9",
    "author": "mais****",
    "review_id": "5401736",
    "movie_id": "10023"
  },
  {
    "review": "시리즈중 가장 화끈하다.",
    "date": "11.02.24",
    "rating": "10",
    "author": "alsc****",
    "review_id": "5271218",
    "movie_id": "10023"
  },
  {
    "review": "록키1<록키2><록키3...록키3짱재미있다.와~ 깔끔하고.화려하고,멋지고.크아~권투멋지네>",
    "date": "11.02.24",
    "rating": "10",
    "author": "zang****",
    "review_id": "5271185",
    "movie_id": "10023"
  },
  {
    "review": "시리즈중 최고임이게 ㅋㅋ",
    "date": "11.02.24",
    "rating": "10",
    "author": "007_****",
    "review_id": "5270866",
    "movie_id": "10023"
  },
  {
    "review": "대박영화",
    "date": "10.11.11",
    "rating": "10",
    "author": "sund****",
    "review_id": "4951265",
    "movie_id": "10023"
  },
  {
    "review": "말이 필요없음.",
    "date": "10.10.10",
    "rating": "10",
    "author": "pk02****",
    "review_id": "4894533",
    "movie_id": "10023"
  },
  {
    "review": "정말 멋진영화다!",
    "date": "10.09.05",
    "rating": "10",
    "author": "wjda****",
    "review_id": "4817111",
    "movie_id": "10023"
  },
  {
    "review": "1,2,3,4 모두 재밌다 시리즈중 졸작이없다.",
    "date": "10.08.28",
    "rating": "10",
    "author": "knba****",
    "review_id": "4799399",
    "movie_id": "10023"
  },
  {
    "review": "개인적으로 3를 제일 재밌게 봤슴 ㅋ 1~2도 재밌지만 ㅋ 아폴로도 좋게 나오네요 ㅋ",
    "date": "10.08.26",
    "rating": "10",
    "author": "hw25****",
    "review_id": "4793843",
    "movie_id": "10023"
  },
  {
    "review": "개인적으로 시리즈중 가장 훈련장면이 좋았던 3편!",
    "date": "10.08.25",
    "rating": "10",
    "author": "your****",
    "review_id": "4790724",
    "movie_id": "10023"
  },
  {
    "review": "개인적으로 록키는 3편까지가 최고입니다 록키하면 바로 생각나는 OST 2개도 최고",
    "date": "10.07.29",
    "rating": "8",
    "author": "foun****",
    "review_id": "4681570",
    "movie_id": "10023"
  },
  {
    "review": "현재에 대한 끝없는 의문 실패는 있을지라도 좌절은 없다.",
    "date": "10.05.21",
    "rating": "10",
    "author": "ssoz****",
    "review_id": "4514385",
    "movie_id": "10023"
  },
  {
    "review": "아주 사람미치게 하는 영화!! 남자 스포츠중 최고!!",
    "date": "10.05.20",
    "rating": "10",
    "author": "wjsg****",
    "review_id": "4510793",
    "movie_id": "10023"
  },
  {
    "review": "록키 시리즈 중 개인적으로 가장 좋아하는 작품. 명작이다.",
    "date": "10.04.24",
    "rating": "10",
    "author": "jini****",
    "review_id": "4452992",
    "movie_id": "10023"
  },
  {
    "review": "갈수록 무난해지는 느낌",
    "date": "10.04.09",
    "rating": "8",
    "author": "yuye****",
    "review_id": "4422153",
    "movie_id": "10023"
  },
  {
    "review": "서서히 밑천을 드러내기 시작하는 록키 시리즈.. 여기서만이라도 멈췄어야 했다",
    "date": "10.03.27",
    "rating": "7",
    "author": "mygr****",
    "review_id": "4390111",
    "movie_id": "10023"
  },
  {
    "review": "잔재미에서는 시리즈중 최고가 아닌가 생각되네요 헐크호건,미스터T도 나오고",
    "date": "10.03.05",
    "rating": "10",
    "author": "tgun****",
    "review_id": "4335661",
    "movie_id": "10023"
  },
  {
    "review": "무슨 말이 필요있을까......완전 감동이다!!!!",
    "date": "09.11.22",
    "rating": "10",
    "author": "eunc****",
    "review_id": "3982299",
    "movie_id": "10023"
  },
  {
    "review": "진정한 챔피언으로써 타이틀을 되찾은 록키!",
    "date": "09.11.20",
    "rating": "7",
    "author": "shan****",
    "review_id": "3978397",
    "movie_id": "10023"
  },
  {
    "review": "전작에 비하면 못하지만 시리즈의 감동은 계속된다.",
    "date": "09.11.20",
    "rating": "9",
    "author": "rjsw****",
    "review_id": "3977337",
    "movie_id": "10023"
  },
  {
    "review": "정말최고",
    "date": "09.09.08",
    "rating": "10",
    "author": "opil****",
    "review_id": "3819871",
    "movie_id": "10023"
  },
  {
    "review": "감동",
    "date": "09.08.19",
    "rating": "10",
    "author": "wnst****",
    "review_id": "3768317",
    "movie_id": "10023"
  },
  {
    "review": "이영화는9점대이여야한다",
    "date": "09.08.11",
    "rating": "10",
    "author": "shm9****",
    "review_id": "3738251",
    "movie_id": "10023"
  },
  {
    "review": "3편까지는 볼만하다",
    "date": "09.08.03",
    "rating": "8",
    "author": "lllm****",
    "review_id": "3704511",
    "movie_id": "10023"
  },
  {
    "review": "전혀 욕심이 아니다 안타깝지도 않다 1~5 전부 봐라 진짜 멈츨 수 없는 감동",
    "date": "09.07.29",
    "rating": "10",
    "author": "seoh****",
    "review_id": "3680857",
    "movie_id": "10023"
  },
  {
    "review": "안타까움을 감출수 없는 영화",
    "date": "09.07.16",
    "rating": "1",
    "author": "shuo****",
    "review_id": "3635960",
    "movie_id": "10023"
  },
  {
    "review": "그냥 록키 2까지 나오고 말았어야 했다.  너무 무리한 욕심이었어...",
    "date": "09.07.16",
    "rating": "1",
    "author": "dltj****",
    "review_id": "3635954",
    "movie_id": "10023"
  },
  {
    "review": "이렇게 씨리즈물이 연속적으로 재미있을수 있는가.. Eyes of tiger 와 함께 감동최고",
    "date": "09.05.31",
    "rating": "10",
    "author": "chun****",
    "review_id": "3534320",
    "movie_id": "10023"
  },
  {
    "review": "Eyes of tigher !!!!!!!!!",
    "date": "09.02.17",
    "rating": "10",
    "author": "1hop****",
    "review_id": "3310573",
    "movie_id": "10023"
  },
  {
    "review": "1,.2에 비해 좀 떨어지지만 역시 재밌다 웃긴부분도 많아졌다ㅋㅋ",
    "date": "09.01.26",
    "rating": "7",
    "author": "iss2****",
    "review_id": "3251073",
    "movie_id": "10023"
  },
  {
    "review": "록키시리즈는 역시 꼭 봐야할 영화중 하나인듯.",
    "date": "08.12.31",
    "rating": "10",
    "author": "god1****",
    "review_id": "3169886",
    "movie_id": "10023"
  },
  {
    "review": "감동과 액션이 있는 영화",
    "date": "08.11.02",
    "rating": "10",
    "author": "noxp****",
    "review_id": "3030931",
    "movie_id": "10023"
  },
  {
    "review": "오락성 하나만은 시리즈 중 최고",
    "date": "08.10.21",
    "rating": "7",
    "author": "joke****",
    "review_id": "3011759",
    "movie_id": "10023"
  },
  {
    "review": "스승님이 죽다니 .. 그래도 흑인과의 우정은 정말좋았다",
    "date": "08.10.18",
    "rating": "8",
    "author": "hjj5****",
    "review_id": "3005850",
    "movie_id": "10023"
  },
  {
    "review": "아폴로와의우정, 넘좋다, 역시 록키는 호랑이의 눈!!전편보다감동보단 재미가우선임",
    "date": "08.10.04",
    "rating": "9",
    "author": "yjo4****",
    "review_id": "2981447",
    "movie_id": "10023"
  },
  {
    "review": "1,2보다 감동은 줄었지만 재밌다..예전 맞수랑 합쳐서 거물까지 잡았다..ㅋ",
    "date": "08.09.29",
    "rating": "7",
    "author": "drag****",
    "review_id": "2975165",
    "movie_id": "10023"
  }
]