[
  {
    "review": "재미쪙 재미쪙 재미쪙.",
    "date": "15.04.04",
    "rating": "1",
    "author": "hang****",
    "review_id": "9826821",
    "movie_id": "10027"
  },
  {
    "review": "레이시즘을 초월한 영화",
    "date": "15.01.27",
    "rating": "10",
    "author": "neoc****",
    "review_id": "9641204",
    "movie_id": "10027"
  },
  {
    "review": "2편 도 이렇게 재미 질 줄이야~",
    "date": "15.01.18",
    "rating": "8",
    "author": "milk****",
    "review_id": "9609305",
    "movie_id": "10027"
  },
  {
    "review": "멜깁슨, 대니글로버의 멋진 콤비",
    "date": "15.01.04",
    "rating": "9",
    "author": "adiv****",
    "review_id": "9559920",
    "movie_id": "10027"
  },
  {
    "review": "1989년 작, 이 시대 획을 그은 작품",
    "date": "14.11.15",
    "rating": "10",
    "author": "moon****",
    "review_id": "9386221",
    "movie_id": "10027"
  },
  {
    "review": "이 시리즈의 숨은 일등공신은 OST다. 색소폰과 대니글로버의 표정의 조화가 이뤄질 때가 백미.",
    "date": "14.11.03",
    "rating": "10",
    "author": "sh87****",
    "review_id": "9339290",
    "movie_id": "10027"
  },
  {
    "review": "1편 보다 그리 많이 떨어지지 않는 속편...그러나 그 다음은 좀 불안하다",
    "date": "14.10.04",
    "rating": "8",
    "author": "lees****",
    "review_id": "9262070",
    "movie_id": "10027"
  },
  {
    "review": "1편과 별다른 차이 없는 무성의한 재탕",
    "date": "14.09.29",
    "rating": "2",
    "author": "goms****",
    "review_id": "9248721",
    "movie_id": "10027"
  },
  {
    "review": "경찰들과 비키가 죽은건 좀 아니었다",
    "date": "14.07.31",
    "rating": "1",
    "author": "mara****",
    "review_id": "8991800",
    "movie_id": "10027"
  },
  {
    "review": "1편에 비해 야수성은 약해졌지만, 훈훈한 전우애와 가족애가 강해졌다. 위트 넘치는 대사와 각본! 멜과 대니, 조연들의 환상 팀워크! 아날로그 맨몸 격투와 추격전의 박진감! 콧노래처럼 이어지는 재즈 선율! 베레타 15연발의 논스톱 속사! 짜릿, 상쾌~!",
    "date": "14.05.17",
    "rating": "10",
    "author": "wana****",
    "review_id": "8740847",
    "movie_id": "10027"
  },
  {
    "review": "믿고보는 멜깁슨 성님 영화!!!",
    "date": "14.02.28",
    "rating": "10",
    "author": "ske4****",
    "review_id": "8544734",
    "movie_id": "10027"
  },
  {
    "review": "ㅋ 밑에 뭘 안다고 1편보다 못하대...90년대를 살아봤어야지 ㅉ",
    "date": "14.01.10",
    "rating": "10",
    "author": "csmo****",
    "review_id": "8367857",
    "movie_id": "10027"
  },
  {
    "review": "전개, 연출, 캐릭터 모두 1980년대 영화기 때문에 눈감아 줄 수 없다",
    "date": "13.10.10",
    "rating": "4",
    "author": "cont****",
    "review_id": "8051621",
    "movie_id": "10027"
  },
  {
    "review": "1편보다 못하다는 생각...조페시도 등장하고 2편의 매력은 멜깁슨의 복수가 화끈했음..",
    "date": "13.09.16",
    "rating": "6",
    "author": "thra****",
    "review_id": "7986419",
    "movie_id": "10027"
  },
  {
    "review": "형사물 액션영화의 톱클래스다....멜 깁슨 정말 놀라웠고 시리즈중 가히 최고인듯",
    "date": "13.08.16",
    "rating": "10",
    "author": "jonh****",
    "review_id": "7892469",
    "movie_id": "10027"
  },
  {
    "review": "개를 좋아하는 멜깁슨..샘 너무 귀여웠다.",
    "date": "12.07.17",
    "rating": "10",
    "author": "cred****",
    "review_id": "6487523",
    "movie_id": "10027"
  },
  {
    "review": "이 영화보다 재미있는 형사 버디 무비는 없음",
    "date": "12.07.07",
    "rating": "10",
    "author": "tige****",
    "review_id": "6453773",
    "movie_id": "10027"
  },
  {
    "review": "1편보단 그래도 낫다",
    "date": "11.11.09",
    "rating": "5",
    "author": "dbzh****",
    "review_id": "5837333",
    "movie_id": "10027"
  },
  {
    "review": "20년이 지났지만 현재 한국 영화 보다 퀄리티 면으로 우수함은 기정 사실",
    "date": "11.10.08",
    "rating": "10",
    "author": "prel****",
    "review_id": "5778175",
    "movie_id": "10027"
  },
  {
    "review": "비버리힐스로 출장가는 누구보단 멋지지.",
    "date": "11.10.02",
    "rating": "5",
    "author": "tori****",
    "review_id": "5766218",
    "movie_id": "10027"
  },
  {
    "review": "굳",
    "date": "11.07.26",
    "rating": "8",
    "author": "toha****",
    "review_id": "5571412",
    "movie_id": "10027"
  },
  {
    "review": "1편보다 못하지만..",
    "date": "11.05.21",
    "rating": "8",
    "author": "tn99****",
    "review_id": "5440988",
    "movie_id": "10027"
  },
  {
    "review": "다소 무거워졌지만 여전히 리썰웨폰만의 매력을 잃지 않은 명작",
    "date": "11.05.06",
    "rating": "10",
    "author": "ruye****",
    "review_id": "5411075",
    "movie_id": "10027"
  },
  {
    "review": "Eighth Wonder 출신 Patsy Kensit 의 연기를 볼수있는 작품....시리즈중 가장명작",
    "date": "11.04.18",
    "rating": "10",
    "author": "span****",
    "review_id": "5381323",
    "movie_id": "10027"
  },
  {
    "review": "이렇게 재미있는 시리즈도 드물죠",
    "date": "11.04.17",
    "rating": "8",
    "author": "mais****",
    "review_id": "5379540",
    "movie_id": "10027"
  },
  {
    "review": "1편을 능가하는 2편",
    "date": "11.03.27",
    "rating": "8",
    "author": "pree****",
    "review_id": "5338551",
    "movie_id": "10027"
  },
  {
    "review": "화장실폭탄씬이 가장기억남는영화.20년전엔 재미있게봤음.다시보니 별루네..",
    "date": "11.02.10",
    "rating": "8",
    "author": "a109****",
    "review_id": "5232807",
    "movie_id": "10027"
  },
  {
    "review": "한결 깔끔해진 광기.",
    "date": "11.01.22",
    "rating": "7",
    "author": "rygh****",
    "review_id": "5176463",
    "movie_id": "10027"
  },
  {
    "review": "1보다 훨재밋다 ㅋㅋ 3탄도기대!",
    "date": "10.03.28",
    "rating": "9",
    "author": "ghrj****",
    "review_id": "4394872",
    "movie_id": "10027"
  },
  {
    "review": "무난한 속편.",
    "date": "10.02.02",
    "rating": "6",
    "author": "cube****",
    "review_id": "4238168",
    "movie_id": "10027"
  },
  {
    "review": "여전히 유쾌하신 괴짜경찰나리들,  마지막 엔딩스탭롤의 배경이 멋졌다.",
    "date": "09.11.30",
    "rating": "9",
    "author": "ard2****",
    "review_id": "4004981",
    "movie_id": "10027"
  },
  {
    "review": "20년지난 영화가 얼마나 잘만들어졌는지 흥미진진했다",
    "date": "09.10.03",
    "rating": "8",
    "author": "bark****",
    "review_id": "3867714",
    "movie_id": "10027"
  },
  {
    "review": "최고의 시리즈!",
    "date": "09.09.23",
    "rating": "10",
    "author": "lord****",
    "review_id": "3845132",
    "movie_id": "10027"
  },
  {
    "review": "역시 잼있네.",
    "date": "09.08.29",
    "rating": "7",
    "author": "diri****",
    "review_id": "3795787",
    "movie_id": "10027"
  },
  {
    "review": "여자 죽을때 안타까웠지...",
    "date": "09.08.07",
    "rating": "8",
    "author": "seun****",
    "review_id": "3717973",
    "movie_id": "10027"
  },
  {
    "review": "옛날 영화지만 지금봐도 잼있음 ㅋㅋ 저 때 멜깁슨은 정말 멋지다~",
    "date": "09.06.16",
    "rating": "7",
    "author": "tleh****",
    "review_id": "3570139",
    "movie_id": "10027"
  },
  {
    "review": "리썰 웨폰 씨리즈 중 최고- 에릭 클랩튼의 음악도 좋고",
    "date": "09.05.18",
    "rating": "10",
    "author": "tumm****",
    "review_id": "3503940",
    "movie_id": "10027"
  },
  {
    "review": "어렸을때 즐겨봤던 영화.",
    "date": "09.04.21",
    "rating": "10",
    "author": "jkh0****",
    "review_id": "3432603",
    "movie_id": "10027"
  },
  {
    "review": "며칠 전에 1탄 보고 잼나서 2탄 봤는데 1탄보다 더 잼난다...",
    "date": "09.02.11",
    "rating": "10",
    "author": "ledd****",
    "review_id": "3293928",
    "movie_id": "10027"
  },
  {
    "review": "멜깁슨이 아니었음 그냥 미친형사이야기, 하지만 그로 인해 최고의 영화가됐다~",
    "date": "08.10.25",
    "rating": "10",
    "author": "whia****",
    "review_id": "3019388",
    "movie_id": "10027"
  },
  {
    "review": "OOO이 지난 지금봐도 명작이네요... 개인적으로 손에 꼽는 명작입니다...",
    "date": "08.10.10",
    "rating": "10",
    "author": "cbr2****",
    "review_id": "2992219",
    "movie_id": "10027"
  },
  {
    "review": "영상미는 전작보다 났지만, 스토리는......",
    "date": "08.08.25",
    "rating": "8",
    "author": "nba1****",
    "review_id": "2901494",
    "movie_id": "10027"
  },
  {
    "review": "개인적으론 극장에서 본 이 2편이 시리즈 최고라고 생각..",
    "date": "08.08.12",
    "rating": "9",
    "author": "gall****",
    "review_id": "2866067",
    "movie_id": "10027"
  },
  {
    "review": "미친 형사 마틴릭스와 은퇴하기만 원하는 대니글로버의 환상조합",
    "date": "08.08.11",
    "rating": "9",
    "author": "comm****",
    "review_id": "2861905",
    "movie_id": "10027"
  },
  {
    "review": "다이하드 다음으로 재밌는 액션 영화 시리즈",
    "date": "08.07.31",
    "rating": "8",
    "author": "noxp****",
    "review_id": "2819360",
    "movie_id": "10027"
  },
  {
    "review": "개인적으로 2가 제일 재밌게 봤었던 것 같네요.",
    "date": "08.06.30",
    "rating": "9",
    "author": "yell****",
    "review_id": "2731535",
    "movie_id": "10027"
  },
  {
    "review": "리셀웨폰 시리즈 중 최고의 영화",
    "date": "08.06.13",
    "rating": "9",
    "author": "etha****",
    "review_id": "2695263",
    "movie_id": "10027"
  },
  {
    "review": "좀 순해진 릭스",
    "date": "08.02.17",
    "rating": "8",
    "author": "nwit****",
    "review_id": "2457596",
    "movie_id": "10027"
  },
  {
    "review": "시리즈중 최고",
    "date": "08.02.11",
    "rating": "10",
    "author": "xxss****",
    "review_id": "2434379",
    "movie_id": "10027"
  },
  {
    "review": "적절한 액션영화",
    "date": "07.11.11",
    "rating": "7",
    "author": "pksj****",
    "review_id": "2144545",
    "movie_id": "10027"
  },
  {
    "review": "굿!",
    "date": "07.10.24",
    "rating": "8",
    "author": "rigg****",
    "review_id": "2109288",
    "movie_id": "10027"
  },
  {
    "review": "그냥 딴생각은 안들고 정말 너무 재밌다...",
    "date": "07.10.04",
    "rating": "10",
    "author": "some****",
    "review_id": "2071003",
    "movie_id": "10027"
  },
  {
    "review": "전편에 이어 최고의 버디 무비 액션 씬도 굳",
    "date": "07.08.26",
    "rating": "9",
    "author": "deff****",
    "review_id": "1981669",
    "movie_id": "10027"
  },
  {
    "review": "최고였다...",
    "date": "07.08.11",
    "rating": "9",
    "author": "hyup****",
    "review_id": "1921552",
    "movie_id": "10027"
  },
  {
    "review": "마틴 릭스는 더티해리만큼이나멋지다 혹은 그이상",
    "date": "07.07.17",
    "rating": "10",
    "author": "baks****",
    "review_id": "1783755",
    "movie_id": "10027"
  },
  {
    "review": "통쾌한 액션과 코미디의 조화",
    "date": "07.07.16",
    "rating": "7",
    "author": "lsh1****",
    "review_id": "1780676",
    "movie_id": "10027"
  },
  {
    "review": "전작과 비교해도 나쁘지 않고 이정도 액션이라면 유쾌하다..",
    "date": "07.07.01",
    "rating": "8",
    "author": "skat****",
    "review_id": "1737713",
    "movie_id": "10027"
  },
  {
    "review": "극장에서tv에서오늘컴으로봤다 다음에 한번더!",
    "date": "07.06.10",
    "rating": "9",
    "author": "seno****",
    "review_id": "1694622",
    "movie_id": "10027"
  },
  {
    "review": "다시봐도 재밌네 엄청웃긴다",
    "date": "07.03.11",
    "rating": "10",
    "author": "pjg7****",
    "review_id": "1529356",
    "movie_id": "10027"
  },
  {
    "review": "심각함을 줄이고 진일보한 유머와 액션으로 전편을 뛰어넘었다.",
    "date": "07.02.05",
    "rating": "9",
    "author": "rush****",
    "review_id": "1444872",
    "movie_id": "10027"
  },
  {
    "review": "남의평가에 OO라니...너같은 놈들이 10점주는 영화다",
    "date": "07.01.20",
    "rating": "1",
    "author": "nala****",
    "review_id": "1399431",
    "movie_id": "10027"
  },
  {
    "review": "역시 명작이네요. 팻시켄싯도 너무이쁘네",
    "date": "07.01.13",
    "rating": "9",
    "author": "ej42****",
    "review_id": "1381157",
    "movie_id": "10027"
  },
  {
    "review": "영웅주의가 깊이 박힌...",
    "date": "07.01.09",
    "rating": "3",
    "author": "ppp0****",
    "review_id": "1369648",
    "movie_id": "10027"
  },
  {
    "review": "버디무비의 최고의 수작, 리쎌 웨펀 2",
    "date": "07.01.02",
    "rating": "9",
    "author": "zech****",
    "review_id": "1351829",
    "movie_id": "10027"
  },
  {
    "review": "시리즈 최고의 작품.콘돔선물셋트,어께탈골,변기폭파 굳!",
    "date": "06.12.05",
    "rating": "10",
    "author": "bepl****",
    "review_id": "1268386",
    "movie_id": "10027"
  },
  {
    "review": "멜깁슨의 어께 탈골이 기억에 남는다.....",
    "date": "06.09.23",
    "rating": "8",
    "author": "cara****",
    "review_id": "1139417",
    "movie_id": "10027"
  },
  {
    "review": "1편의 후광을 입었지만 나름대로 괜찮았던 영화 ...",
    "date": "06.08.12",
    "rating": "7",
    "author": "1stl****",
    "review_id": "1005328",
    "movie_id": "10027"
  },
  {
    "review": "1편의 성공에 힘입은 무난한 속편.",
    "date": "06.08.12",
    "rating": "7",
    "author": "movi****",
    "review_id": "1002923",
    "movie_id": "10027"
  },
  {
    "review": "오락영화로선 손색이 없다",
    "date": "06.08.02",
    "rating": "10",
    "author": "zeed****",
    "review_id": "956075",
    "movie_id": "10027"
  },
  {
    "review": "그냥 아무생각없이 보면 재미있음.",
    "date": "06.07.01",
    "rating": "8",
    "author": "park****",
    "review_id": "865124",
    "movie_id": "10027"
  },
  {
    "review": "가장 재미있게 본 영화 중에 하나",
    "date": "06.04.15",
    "rating": "10",
    "author": "kjae****",
    "review_id": "761535",
    "movie_id": "10027"
  },
  {
    "review": "대부분의 사람들은 이 영화의 놀라운 완성도를 잘 모르고 있다",
    "date": "06.03.29",
    "rating": "10",
    "author": "good****",
    "review_id": "739804",
    "movie_id": "10027"
  },
  {
    "review": "모든 Series 가 다 좋아....",
    "date": "06.03.10",
    "rating": "10",
    "author": "rich****",
    "review_id": "710588",
    "movie_id": "10027"
  },
  {
    "review": "역쉬 깜찍한 조연이 있어야 영화가 사는법.. 조 패시..",
    "date": "06.01.09",
    "rating": "10",
    "author": "shh7****",
    "review_id": "573626",
    "movie_id": "10027"
  },
  {
    "review": "멋져",
    "date": "05.12.31",
    "rating": "7",
    "author": "clou****",
    "review_id": "547454",
    "movie_id": "10027"
  },
  {
    "review": "좋다 좋아",
    "date": "05.12.24",
    "rating": "10",
    "author": "kws7****",
    "review_id": "525749",
    "movie_id": "10027"
  },
  {
    "review": "전체적으로 전작에 비해 떨어지지만 액션하나는 발전했다",
    "date": "05.09.10",
    "rating": "7",
    "author": "varg****",
    "review_id": "399749",
    "movie_id": "10027"
  },
  {
    "review": "리쎌웨폰은 다잼나당",
    "date": "05.07.17",
    "rating": "10",
    "author": "alft****",
    "review_id": "324293",
    "movie_id": "10027"
  },
  {
    "review": "조페시의 연기는 인상적이었지만 별반 다른것없는 오락영화",
    "date": "05.05.26",
    "rating": "5",
    "author": "si2p****",
    "review_id": "286768",
    "movie_id": "10027"
  },
  {
    "review": "둘의 호흡은 언제나 척척!!",
    "date": "05.05.21",
    "rating": "10",
    "author": "jcr3****",
    "review_id": "282500",
    "movie_id": "10027"
  },
  {
    "review": "웃겨웃겨웃겨!^^",
    "date": "05.02.08",
    "rating": "10",
    "author": "yoju****",
    "review_id": "213149",
    "movie_id": "10027"
  },
  {
    "review": "재미에선 1편을 압도!!! 최강의 버디형사물",
    "date": "05.01.04",
    "rating": "10",
    "author": "yhki****",
    "review_id": "176804",
    "movie_id": "10027"
  },
  {
    "review": "오락성만으로 본다면 다이하느 1편과 더불어 최고의 작품",
    "date": "04.12.16",
    "rating": "10",
    "author": "gogu****",
    "review_id": "163269",
    "movie_id": "10027"
  },
  {
    "review": "리카역을 맡았던 배우가 참 매력적이죠...시리즈중 최고작품!!!",
    "date": "04.03.03",
    "rating": "10",
    "author": "favi****",
    "review_id": "26590",
    "movie_id": "10027"
  },
  {
    "review": "빠른 진행과 어우러진 유머와 간결한 액션이 강점이다",
    "date": "03.12.04",
    "rating": "8",
    "author": "tdol****",
    "review_id": "1141",
    "movie_id": "10027"
  }
]