[
  {
    "review_id": "9438082",
    "movie_id": "100392",
    "author": "ske4****",
    "review": "발연기 정말 소름돋는다!",
    "rating": "1",
    "date": "14.12.01"
  },
  {
    "review_id": "8080599",
    "movie_id": "100392",
    "author": "gain****",
    "review": "잔잔함. 굿굿 굿이요.",
    "rating": "10",
    "date": "13.10.22"
  },
  {
    "review_id": "7445219",
    "movie_id": "100392",
    "author": "odjs****",
    "review": "베리베리베리베리베리베리굿!!!!!!!!!!!!!!!!!!",
    "rating": "10",
    "date": "13.04.09"
  },
  {
    "review_id": "7213391",
    "movie_id": "100392",
    "author": "mhn3****",
    "review": "굿",
    "rating": "10",
    "date": "13.02.02"
  },
  {
    "review_id": "7211734",
    "movie_id": "100392",
    "author": "sunb****",
    "review": "ㅋ",
    "rating": "1",
    "date": "13.02.02"
  }
]