[
  {
    "review": "더스틴 호프만(드가)의 마지막 표정... 잊을 수가 없다.",
    "date": "15.07.02",
    "rating": "10",
    "author": "netc****",
    "review_id": "10061322",
    "movie_id": "10046"
  },
  {
    "review": "깨달음과 힘을 준 영화 최고입니다!",
    "date": "15.06.22",
    "rating": "10",
    "author": "eowk****",
    "review_id": "10020963",
    "movie_id": "10046"
  },
  {
    "review": "우리애겐 자유는 뭡니까 란 질문을 새기고 또 새기는 영화",
    "date": "15.06.09",
    "rating": "10",
    "author": "hell****",
    "review_id": "9985872",
    "movie_id": "10046"
  },
  {
    "review": "잊을만 하면 한번씩 보게 만드는영화.내생애 최고의 남자배우가 나온영화잊을수없는 꿈장면.영화로 만들 이야기를 영화로만들었고 배우들은 그이상을 해낸 영화.원작이 실화라 감동도 변함없는 영화완벽한영화",
    "date": "15.06.07",
    "rating": "10",
    "author": "ehdx****",
    "review_id": "9982180",
    "movie_id": "10046"
  },
  {
    "review": "그는 일생을 자유인으로 살았다.",
    "date": "15.05.31",
    "rating": "10",
    "author": "dino****",
    "review_id": "9966683",
    "movie_id": "10046"
  },
  {
    "review": "더스틴의 슬픔과 기쁨과 회환의 감정표현 연기 거장의 연기같은 느낌",
    "date": "15.05.21",
    "rating": "9",
    "author": "cldb****",
    "review_id": "9934750",
    "movie_id": "10046"
  },
  {
    "review": "뛰어난 서사와 눈이 즐거울 정도의 연기",
    "date": "15.05.09",
    "rating": "9",
    "author": "arkj****",
    "review_id": "9905057",
    "movie_id": "10046"
  },
  {
    "review": "탄탄한 스토리와 지금봐도 전혀 어색하지 않은 연출력 대작이라는 표현보다 명작이라는 표현이 더욱 잘 어울리는영화",
    "date": "15.03.23",
    "rating": "8",
    "author": "jin4****",
    "review_id": "9802233",
    "movie_id": "10046"
  },
  {
    "review": "최고다 탈출영화중 최고봉",
    "date": "15.03.17",
    "rating": "10",
    "author": "jjan****",
    "review_id": "9789518",
    "movie_id": "10046"
  },
  {
    "review": "쇼생크탈출 보고 나서 바로 본 영화다..인생 최고의영화다..",
    "date": "15.02.15",
    "rating": "10",
    "author": "pmh9****",
    "review_id": "9697705",
    "movie_id": "10046"
  },
  {
    "review": "불완전한 자유의 토대로는 이룰 수 없는 휴머니즘",
    "date": "15.01.31",
    "rating": "10",
    "author": "gate****",
    "review_id": "9653591",
    "movie_id": "10046"
  },
  {
    "review": "빠삐용은 여전히 살아있다",
    "date": "15.01.04",
    "rating": "10",
    "author": "bmb2****",
    "review_id": "9559566",
    "movie_id": "10046"
  },
  {
    "review": "지독하고 열정적이다.. 인생을 낭비하는자가 유죄라면 빠삐는 무죄다.. 하지만 망망대해에 혼자 몸을 던지기 까지 많은 대가가 있었고 드로는 그런 빠삐를 보며 울며 돌아선다.. 빠삐에게 감명 받았지만 망망대해속의 빠삐를 보면 허무한것도 어쩔수가없다..",
    "date": "14.12.01",
    "rating": "9",
    "author": "chul****",
    "review_id": "9437936",
    "movie_id": "10046"
  },
  {
    "review": "자유를 위해 용기낸 그가 정말 부럽다...",
    "date": "14.11.29",
    "rating": "10",
    "author": "alsr****",
    "review_id": "9433342",
    "movie_id": "10046"
  },
  {
    "review": "쇼생크탈출과 함께 교도소에서의 자유로의 갈망을 그린 명작...차라리 상어밥이 될지라도 떠나는 모습이...",
    "date": "14.11.20",
    "rating": "10",
    "author": "hima****",
    "review_id": "9401792",
    "movie_id": "10046"
  },
  {
    "review": "너는 이겼다. 친구여 너는 자유롭고 사랑을 받는 네 미래의 주인으로 여기에 있다. by 빠삐용 본명 앙리 샤리에르",
    "date": "14.11.16",
    "rating": "10",
    "author": "nasu****",
    "review_id": "9393200",
    "movie_id": "10046"
  },
  {
    "review": "두배우의 멋진연기. 정말 명작. 자유란 무엇인가..",
    "date": "14.10.18",
    "rating": "10",
    "author": "june****",
    "review_id": "9300087",
    "movie_id": "10046"
  },
  {
    "review": "지금 나는 자유를 누리고 있는가? 아니 어쩌면 자유가 어떤 것인지 재대로 알고 있기나 한건지 모르겠다. 인생의 꿈이라고 간직해온 내 마음속의 여러 환상들이 역겨워지는 순간이었다..",
    "date": "14.10.14",
    "rating": "10",
    "author": "dltk****",
    "review_id": "9291310",
    "movie_id": "10046"
  },
  {
    "review": "이건 무조건 10점이다",
    "date": "14.10.05",
    "rating": "10",
    "author": "wolf****",
    "review_id": "9265901",
    "movie_id": "10046"
  },
  {
    "review": "사실 어떤면에서 봐도 현재 영화보다 딸리지 않는데",
    "date": "14.10.02",
    "rating": "10",
    "author": "xfig****",
    "review_id": "9254686",
    "movie_id": "10046"
  },
  {
    "review": "11살때...태어나서 처음으로 영화 보고 울었던 영화... 마지막 헤어지는 장면...",
    "date": "14.08.30",
    "rating": "10",
    "author": "liqu****",
    "review_id": "9144957",
    "movie_id": "10046"
  },
  {
    "review": "conan 웃기네 보는사람마다  재미없게볼수도 있는거지 영화하나 재미없게 봤다고 무슨 막말 졸라하네  명작이라도 재미없게 볼수도 있는거지 사람취향과 다양함을 인정못하고 함부로  혼자 막말이나 싸지르는 니 수준알만하다",
    "date": "14.08.21",
    "rating": "7",
    "author": "loy2****",
    "review_id": "9118335",
    "movie_id": "10046"
  },
  {
    "review": "10번을 넘게 봤지만 볼때마다 느낌이 틀린 이유는 뭘까...?  그 이유를 알때 쯤엔 철이 들려나...?",
    "date": "14.08.11",
    "rating": "9",
    "author": "69dl****",
    "review_id": "9067324",
    "movie_id": "10046"
  },
  {
    "review": "내 생애 최고의 영화중 한편!! 인간에게 자유란 어떤것인가? 생각학 해주는 최고의 감동의 영화이다.",
    "date": "14.08.10",
    "rating": "10",
    "author": "axel****",
    "review_id": "9062121",
    "movie_id": "10046"
  },
  {
    "review": "아주 옛날 본 영화네.... 이런걸 하나...",
    "date": "14.08.06",
    "rating": "1",
    "author": "minj****",
    "review_id": "9034462",
    "movie_id": "10046"
  },
  {
    "review": "대단하다.  10점이 아니라  100점도 부족하다.",
    "date": "14.08.05",
    "rating": "10",
    "author": "shel****",
    "review_id": "9032446",
    "movie_id": "10046"
  },
  {
    "review": "이 영화를 지루하고 재미없다고 생각하는 인간이 있다면 그는 OO중의 상OO이고 자신이 돌대가리임을 인증하는 거임. 정상적인 사고의 사람이라면 10점은 그냥 찍는다. 명작이 그냥 명작이겠냐... 이 영화는 시대와 인종을 초월하는 인생 그 자체임.",
    "date": "14.08.05",
    "rating": "10",
    "author": "barb****",
    "review_id": "9028785",
    "movie_id": "10046"
  },
  {
    "review": "두시간 반짜리 영화를 처음부터 끝까지 다 보지 않는 이상 절대 이해못하는 영화",
    "date": "14.08.05",
    "rating": "1",
    "author": "hang****",
    "review_id": "9028722",
    "movie_id": "10046"
  },
  {
    "review": "빠른 바퀴약 로취큐 광고가 생각난다..ㅋ",
    "date": "14.07.07",
    "rating": "10",
    "author": "sink****",
    "review_id": "8892433",
    "movie_id": "10046"
  },
  {
    "review": "재미없다 이렇게재미없는건 처음",
    "date": "14.07.05",
    "rating": "1",
    "author": "daum****",
    "review_id": "8884976",
    "movie_id": "10046"
  },
  {
    "review": "스티브맥퀸 호프만.. 진짜명작이다",
    "date": "14.07.04",
    "rating": "10",
    "author": "kss_****",
    "review_id": "8883549",
    "movie_id": "10046"
  },
  {
    "review": "내가  이영화를 이제야 보다니...이럴수가..",
    "date": "14.07.03",
    "rating": "10",
    "author": "llkk****",
    "review_id": "8879930",
    "movie_id": "10046"
  },
  {
    "review": "자기는 얻을게 머 있다고 다른 사람의 자유를 뺐는 사람들이 제일 싫어.",
    "date": "14.06.29",
    "rating": "10",
    "author": "sams****",
    "review_id": "8868733",
    "movie_id": "10046"
  },
  {
    "review": "살면서 당연히 누리고 있는것에 감사할줄아는 마음과 삶의 의미를 다시한번 생각하게 만드는 명작",
    "date": "14.06.29",
    "rating": "10",
    "author": "this****",
    "review_id": "8867161",
    "movie_id": "10046"
  },
  {
    "review": "스티비 맥퀸의 신들린 명연기, 대작이란 이런것, 죽음으로서 되찾는 자유. free as the wind~",
    "date": "14.06.13",
    "rating": "9",
    "author": "ador****",
    "review_id": "8827501",
    "movie_id": "10046"
  },
  {
    "review": "가능과 불가능은 없다. 오직 나의 의지만 있을뿐.",
    "date": "14.06.10",
    "rating": "9",
    "author": "sona****",
    "review_id": "8818820",
    "movie_id": "10046"
  },
  {
    "review": "40년 전에 만들어진 영화라는게 믿기지 않는다. 이런 영화를 이제서라도 접한게 다행. 자유의 소중함에 대해 한번쯤 생각해보게 해준 명작!",
    "date": "14.06.04",
    "rating": "10",
    "author": "don9****",
    "review_id": "8796766",
    "movie_id": "10046"
  },
  {
    "review": "말이 필요없는 명작.진작 더 일찍 보지 못한게 아쉬울 뿐.명작은 언제 몇 번을 다시 봐도 감동을 준다.",
    "date": "14.06.03",
    "rating": "10",
    "author": "jwjy****",
    "review_id": "8790191",
    "movie_id": "10046"
  },
  {
    "review": "왜 세기의 명화라고 불리우는지, 왜 사람들의 입에서 자주 회자되는지, 왜 네이버 평점이 10점 만점에 가까운지, 일단 닥치고 보면 이해할 수 있을 것이다. http://blog.naver.com/metalenigma/220003447244",
    "date": "14.05.18",
    "rating": "10",
    "author": "meta****",
    "review_id": "8745273",
    "movie_id": "10046"
  },
  {
    "review": "성공하지않아도 자유를 위해  시도하는자. 당근을 키우며 돼지에게 이름을 붙여준 남는 이.  그들의 선택에 대해 가슴잔잔한 파문을 느끼며",
    "date": "14.05.01",
    "rating": "9",
    "author": "tobe****",
    "review_id": "8689367",
    "movie_id": "10046"
  },
  {
    "review": "주인공 둘이 주제곡 free as the wind 처럼 자유가 되길 바랬건만..  뭔가 씁쓸함..",
    "date": "14.04.06",
    "rating": "10",
    "author": "pete****",
    "review_id": "8633827",
    "movie_id": "10046"
  },
  {
    "review": "걸작이다 1973년도 영화라니....!!!",
    "date": "14.03.22",
    "rating": "10",
    "author": "chor****",
    "review_id": "8597627",
    "movie_id": "10046"
  },
  {
    "review": "국민학교 6학년때 이 영화 보고, 마지막 장면에서 영화보고 처음으로 울었다.",
    "date": "14.03.19",
    "rating": "10",
    "author": "chba****",
    "review_id": "8587113",
    "movie_id": "10046"
  },
  {
    "review": "와 이영화가 70년대 영화라는거보고 놀랬다..",
    "date": "14.03.18",
    "rating": "10",
    "author": "rjqn****",
    "review_id": "8586914",
    "movie_id": "10046"
  },
  {
    "review": "어렸을떄 너무 충격이었던 영화인데 다시 보고싶다",
    "date": "14.03.14",
    "rating": "10",
    "author": "yyw8****",
    "review_id": "8575360",
    "movie_id": "10046"
  },
  {
    "review": "자유란 무엇인가에 대한 해답",
    "date": "14.03.11",
    "rating": "9",
    "author": "pete****",
    "review_id": "8568604",
    "movie_id": "10046"
  },
  {
    "review": "처절한 갈망. 삶의 목표가 된 탈옥.",
    "date": "14.03.02",
    "rating": "8",
    "author": "ykdi****",
    "review_id": "8551166",
    "movie_id": "10046"
  },
  {
    "review": "이런게 바로 영화지예마지막에 더스틴 호프만은 왜 안따라나갔지 제 인생 최고의 작품 입니다~",
    "date": "14.01.10",
    "rating": "10",
    "author": "ui78****",
    "review_id": "8366580",
    "movie_id": "10046"
  },
  {
    "review": "자유에 대한 갈망 ..명작이다",
    "date": "13.12.25",
    "rating": "10",
    "author": "rusd****",
    "review_id": "8299035",
    "movie_id": "10046"
  },
  {
    "review": "고달픈 인생에 용기를 주는 영화",
    "date": "13.10.22",
    "rating": "10",
    "author": "wjdg****",
    "review_id": "8080332",
    "movie_id": "10046"
  },
  {
    "review": "시대를 넘어 공감 할 수 있는 한마디의 대사가 이 멋진 영화를 더 빛나게  해준다. \"시간을 낭비한 죄, 유죄!!\" 지금 내 자신을 돌아보게 한다.",
    "date": "13.10.07",
    "rating": "9",
    "author": "ippo****",
    "review_id": "8042463",
    "movie_id": "10046"
  },
  {
    "review": "시간이 어떻게 흐른지 모르겠네요.  빠삐용이라는 영화가 있다는건 알았는데 이런 내용인지는 보고 처음 알았어요.  요즘 세대들은느낄지 모르겠지만 자유를 억압받던 시대를 살던 이들에게 공감과 향수를 불러일으킬영화네요.  새삼 자유의 고마움을 느낍니다",
    "date": "13.10.07",
    "rating": "9",
    "author": "haro****",
    "review_id": "8042346",
    "movie_id": "10046"
  },
  {
    "review": "이런 영화가 40년전에 만들어졌다는데 놀랄 따름이다. 7년만에 다시 봤는데 , 다시봐도 감동은 여전하다...",
    "date": "13.09.07",
    "rating": "10",
    "author": "zxck****",
    "review_id": "7954868",
    "movie_id": "10046"
  },
  {
    "review": "ㅋㅋㅋㅋㅋㅋㅋㅋㅋㅋㅋㅋㅋ ㅅㅂ 꿈보다 해몽이구만 완전영화는 더럽게 지루한데 댓글알바들은 억지로 의미를 갖다붙이려고 애쓰는구나",
    "date": "13.08.23",
    "rating": "1",
    "author": "kyun****",
    "review_id": "7913816",
    "movie_id": "10046"
  },
  {
    "review": "이런게 바로 영화라는거다 조선영화 알바들아!",
    "date": "13.08.21",
    "rating": "10",
    "author": "ske4****",
    "review_id": "7908908",
    "movie_id": "10046"
  },
  {
    "review": "볼때마다 수도원장 패죽이고 싶다",
    "date": "13.08.21",
    "rating": "10",
    "author": "thef****",
    "review_id": "7907974",
    "movie_id": "10046"
  },
  {
    "review": "자유를향한수없는도전과반복되는실패결국꿈을이루는스티브맥퀸...현실에안주하며적응하는더스틴호프만...마지막까지섬에안주한다...인생을다시한번돌아보게하는영화...정말명작이다.",
    "date": "13.08.14",
    "rating": "10",
    "author": "kimb****",
    "review_id": "7878317",
    "movie_id": "10046"
  },
  {
    "review": "명작 영화",
    "date": "13.08.14",
    "rating": "10",
    "author": "arti****",
    "review_id": "7877246",
    "movie_id": "10046"
  },
  {
    "review": "감옥과 절벽으로 극명하게 대조되는, 인간의 한계와 자유를 적나라하게 드러낸다. 이토록 인간을 사실적이면서도 처절하게, 그러나 결국 그 무엇보다도 아름답게 그려낸 영화가 있을까. 오늘도 절벽에서 뛰어내리길 주저하는 우리들이 반드시 마음에 새겨야 할 영화",
    "date": "13.08.11",
    "rating": "9",
    "author": "cek2****",
    "review_id": "7866987",
    "movie_id": "10046"
  },
  {
    "review": "굿",
    "date": "13.08.09",
    "rating": "10",
    "author": "lwj9****",
    "review_id": "7861818",
    "movie_id": "10046"
  },
  {
    "review": "명작",
    "date": "13.08.09",
    "rating": "10",
    "author": "dldb****",
    "review_id": "7861816",
    "movie_id": "10046"
  },
  {
    "review": "내인생 잊혀지지 않은 영화. 지금도 빠삐용 주제를 가끔 듣노라면 내가슴 깊은곳에 고독과 살아야겠다는 서러움이 절절하게 끓어오릅니다. 아마도 내 인생이 슷비슷비하지 않았나 생각됩니다. 물론 빠삐용하고 비교할 수 없지만 조금이나마 내인생을 말해주는 이영화",
    "date": "13.07.11",
    "rating": "10",
    "author": "jesu****",
    "review_id": "7726199",
    "movie_id": "10046"
  },
  {
    "review": "정말 좋아하는 영화..",
    "date": "13.07.09",
    "rating": "10",
    "author": "1987****",
    "review_id": "7720271",
    "movie_id": "10046"
  },
  {
    "review": "자유에 대한 희망과 인간애의 감동, 그리고 탈출에 대한 긴장을 이토록 잘 연출한 작품이 있을까. 더불어 두 명배우의 연기는 영화를 완전한 명작으로 만든다.",
    "date": "13.07.05",
    "rating": "10",
    "author": "jys4****",
    "review_id": "7706062",
    "movie_id": "10046"
  },
  {
    "review": "나는 얼마나 더 시련을 겪어야 삶을 낙관적으로 볼수 있을까?....",
    "date": "13.07.03",
    "rating": "9",
    "author": "tnal****",
    "review_id": "7699782",
    "movie_id": "10046"
  },
  {
    "review": "나는 진정 자유를 누리고 있는게 맞는걸까..",
    "date": "13.05.03",
    "rating": "10",
    "author": "dbsg****",
    "review_id": "7502405",
    "movie_id": "10046"
  },
  {
    "review": "연기의 신~",
    "date": "13.04.27",
    "rating": "10",
    "author": "lsh5****",
    "review_id": "7488161",
    "movie_id": "10046"
  },
  {
    "review": "함부로 평가할수없는영화...무서울정도의 연기력이다",
    "date": "13.04.19",
    "rating": "10",
    "author": "cool****",
    "review_id": "7468157",
    "movie_id": "10046"
  },
  {
    "review": "마지막에 정말 울었다... 드가와 빠삐용이 후에 같이 탈출하길 바랬는데 ... 둘은 그뒤로 다시는 볼 수 없었겠지.?",
    "date": "13.04.08",
    "rating": "10",
    "author": "run_****",
    "review_id": "7444186",
    "movie_id": "10046"
  },
  {
    "review": "목표를 가진 사람에게 그 어떠한 장애물은 없다",
    "date": "13.03.24",
    "rating": "9",
    "author": "nice****",
    "review_id": "7403284",
    "movie_id": "10046"
  },
  {
    "review": "잊을 수 없는 영화.",
    "date": "13.03.22",
    "rating": "10",
    "author": "01aj****",
    "review_id": "7394221",
    "movie_id": "10046"
  },
  {
    "review": "쇼쌩크탈출,대탈출등 영화의 교본...",
    "date": "13.03.19",
    "rating": "9",
    "author": "usyc****",
    "review_id": "7363671",
    "movie_id": "10046"
  },
  {
    "review": "시대가변해도..",
    "date": "13.02.21",
    "rating": "10",
    "author": "dpdw****",
    "review_id": "7287178",
    "movie_id": "10046"
  },
  {
    "review": "우리는 밥을 먹고 잠을 자고 TV를 본다.",
    "date": "13.02.17",
    "rating": "10",
    "author": "kmog****",
    "review_id": "7276194",
    "movie_id": "10046"
  },
  {
    "review": "개봉당시 극장에서 봤고 그뒤 집에서도 비디오로 DVD로  TV로 참 많이도 본 세기의 걸작",
    "date": "13.02.11",
    "rating": "10",
    "author": "nav3****",
    "review_id": "7252265",
    "movie_id": "10046"
  },
  {
    "review": "나는 현시대의 빠삐용이다마지막엔 자유를 얻을것이다",
    "date": "13.01.05",
    "rating": "10",
    "author": "feve****",
    "review_id": "7083254",
    "movie_id": "10046"
  },
  {
    "review": "처음봤을땐 내용도 이해안가고 재미없었는데 두번/세번 보니깐 정말 명작이란게 느껴진다.. ost 너무좋고 빠삐용 드가.. 쩌러 ㅠ",
    "date": "13.01.02",
    "rating": "10",
    "author": "maru****",
    "review_id": "7075738",
    "movie_id": "10046"
  },
  {
    "review": "인생을 낭비한 죄 유죄 제 인생의 모토가 된 명언입니다",
    "date": "12.12.23",
    "rating": "10",
    "author": "snjs****",
    "review_id": "7033992",
    "movie_id": "10046"
  },
  {
    "review": "진짜 자유가 뭔지 알려주는 영화",
    "date": "12.11.29",
    "rating": "10",
    "author": "jobs****",
    "review_id": "6941838",
    "movie_id": "10046"
  },
  {
    "review": "인간은 자유의 노예",
    "date": "12.11.21",
    "rating": "10",
    "author": "ghdr****",
    "review_id": "6909768",
    "movie_id": "10046"
  },
  {
    "review": "인생을 가장 잘 느끼게 해준 영화",
    "date": "12.11.21",
    "rating": "10",
    "author": "love****",
    "review_id": "6909765",
    "movie_id": "10046"
  },
  {
    "review": "앙리 샤리에르의 원작에 형편없이 못 미침. 더스틴 호프만의 연기는 좋음. 스티브맥퀸은 빠삐용스럽지 않음",
    "date": "12.11.18",
    "rating": "7",
    "author": "get_****",
    "review_id": "6900552",
    "movie_id": "10046"
  },
  {
    "review": "이 영화를 보고도 인생을 낭비하는 자.. 그들은 유죄",
    "date": "12.11.04",
    "rating": "10",
    "author": "kkya****",
    "review_id": "6855529",
    "movie_id": "10046"
  },
  {
    "review": "난 이렇게 살아있다 이 자식들아",
    "date": "12.10.30",
    "rating": "10",
    "author": "thec****",
    "review_id": "6836657",
    "movie_id": "10046"
  },
  {
    "review": "절절한 OST가 기억에 남는 영화...더불어 실화에 바탕한 스토리라는 것에 더욱더 인상깊다",
    "date": "12.10.28",
    "rating": "9",
    "author": "chaz****",
    "review_id": "6831240",
    "movie_id": "10046"
  },
  {
    "review": "이영화... 사랑한다",
    "date": "12.10.03",
    "rating": "10",
    "author": "olll****",
    "review_id": "6757282",
    "movie_id": "10046"
  },
  {
    "review": "70년대에 히트를 쳤던 영화. 영화관에서 봤지만 스토리를 다 잊었었는데 40여년 다 되어 다시 보아도 명작입니다.",
    "date": "12.09.28",
    "rating": "10",
    "author": "data****",
    "review_id": "6740560",
    "movie_id": "10046"
  },
  {
    "review": "가혹한 형무소에서 탈출을 시도하여 결국 성공하는 종신수의 실화를 바탕으로 한 프랑스 영화",
    "date": "12.09.02",
    "rating": "10",
    "author": "hana****",
    "review_id": "6663787",
    "movie_id": "10046"
  },
  {
    "review": "명화는 맞지만 평점이 너무 높다. 평점 조절",
    "date": "12.08.31",
    "rating": "1",
    "author": "faro****",
    "review_id": "6658711",
    "movie_id": "10046"
  },
  {
    "review": "용기를 주는 작품",
    "date": "12.08.29",
    "rating": "10",
    "author": "tera****",
    "review_id": "6654200",
    "movie_id": "10046"
  },
  {
    "review": "밑에 오지탐험 평점 조절한다는 또라이 새끼 ㅋㅋ OO OO하네",
    "date": "12.08.28",
    "rating": "10",
    "author": "zere****",
    "review_id": "6651792",
    "movie_id": "10046"
  },
  {
    "review": "평점조절",
    "date": "12.08.26",
    "rating": "1",
    "author": "dhrm****",
    "review_id": "6643998",
    "movie_id": "10046"
  },
  {
    "review": "많은 생각과 성찰을 하게 만드는 명화",
    "date": "12.08.18",
    "rating": "10",
    "author": "sorr****",
    "review_id": "6620188",
    "movie_id": "10046"
  },
  {
    "review": "크게보면 지루할수 있는 이야기지만...긴장감과 몰입도는 끝내주네요.아...자유... ,. .",
    "date": "12.08.16",
    "rating": "10",
    "author": "helb****",
    "review_id": "6613685",
    "movie_id": "10046"
  },
  {
    "review": "그냥 채널돌리다가 우연히봤는데 연기라는생각을하니까 소름이돋더라구요..진짜 명작입니다!",
    "date": "12.08.08",
    "rating": "10",
    "author": "gpdn****",
    "review_id": "6583197",
    "movie_id": "10046"
  },
  {
    "review": "정말 어마어마 한 영화입니다...아버지께서 중학교때 보셨다며 오늘 같이 봤는데요..여운이 남습니다...연기 맞나요? 소름소름..정말 죽기전에 꼭 봐야할 영화라 생각 합니다...",
    "date": "12.08.07",
    "rating": "10",
    "author": "chib****",
    "review_id": "6580930",
    "movie_id": "10046"
  },
  {
    "review": "30여년만에 케이블서 해줘서 다시 봤는데...'아.. 이건 영화고 배우들이 연기하고 있구나..' 하는 생각이 단 한번도 안들다니.. 죽기 전에 1번은 봐야할 영화",
    "date": "12.08.07",
    "rating": "10",
    "author": "suny****",
    "review_id": "6580778",
    "movie_id": "10046"
  },
  {
    "review": "자유에 대해 다시 생각하게 만들어준 영화.",
    "date": "12.08.05",
    "rating": "10",
    "author": "here****",
    "review_id": "6574002",
    "movie_id": "10046"
  },
  {
    "review": "진짜 최고의 명작이다",
    "date": "12.08.02",
    "rating": "10",
    "author": "seul****",
    "review_id": "6566420",
    "movie_id": "10046"
  },
  {
    "review": "인생 최고의 영화. 맥퀸과 호프만의 최고의 조합. 더 이상 말이 필요없을 듯",
    "date": "12.07.29",
    "rating": "10",
    "author": "yhj6****",
    "review_id": "6550081",
    "movie_id": "10046"
  }
]