[
  {
    "review": "mouth를 아가리로 번역한 이미도님의 센스덕분에 코리펠트만은 다른영화에 나와도 항상 아가리로 통했지",
    "date": "15.08.25",
    "rating": "10",
    "author": "iwc7****",
    "review_id": "10274724",
    "movie_id": "10040"
  },
  {
    "review": "대한극장~~~모험영화~어드벤처의 창세기격으로 본 나의 영화!!  청크 어딨니???",
    "date": "15.08.15",
    "rating": "10",
    "author": "drea****",
    "review_id": "10232331",
    "movie_id": "10040"
  },
  {
    "review": "아이들부터 어른까지 모두가 즐길 수 있는 액션 어드벤처의 시조이며 여전히 최고인 영화~!!!",
    "date": "15.07.29",
    "rating": "10",
    "author": "real****",
    "review_id": "10156744",
    "movie_id": "10040"
  },
  {
    "review": "어린이들이 선사하는 <인디아나 존스> 풍의 모험동화",
    "date": "15.07.27",
    "rating": "8",
    "author": "syoc****",
    "review_id": "10151368",
    "movie_id": "10040"
  },
  {
    "review": "음악만으로 10점이다",
    "date": "15.06.22",
    "rating": "10",
    "author": "iwan****",
    "review_id": "10020890",
    "movie_id": "10040"
  },
  {
    "review": "어릴때 주말의명화에서 봤던기억이나서 다시 그때 기분을 살려 다시보아도 잊혀지지 않는 그런영화입니다 속편도 나온다니 기대가됩니다",
    "date": "15.06.15",
    "rating": "10",
    "author": "1dnj****",
    "review_id": "10001671",
    "movie_id": "10040"
  },
  {
    "review": "베스트평을 찬찬히 읽어보니 눈물이나네요",
    "date": "15.06.09",
    "rating": "10",
    "author": "ipho****",
    "review_id": "9986225",
    "movie_id": "10040"
  },
  {
    "review": "어린시절 떠나고 싶게 만들었던 최고의 영화",
    "date": "15.05.28",
    "rating": "10",
    "author": "cycl****",
    "review_id": "9955745",
    "movie_id": "10040"
  },
  {
    "review": "오늘밤은 구니스와 함께!!!http://blog.naver.com/eugenetec/220354895392",
    "date": "15.05.10",
    "rating": "10",
    "author": "euge****",
    "review_id": "9907472",
    "movie_id": "10040"
  },
  {
    "review": "추억 돋는 영화. 감성 돋는 영화",
    "date": "15.05.05",
    "rating": "10",
    "author": "wolf****",
    "review_id": "9895327",
    "movie_id": "10040"
  },
  {
    "review": "주인공과 소녀의 키스 장면은 진짜 너무나 순수하고 예뻤다.정말 훌륭한 소년들의 모험 영화. 이런 영화가 많이 나왔으면 좋겠다.",
    "date": "15.05.02",
    "rating": "10",
    "author": "pr5g****",
    "review_id": "9886022",
    "movie_id": "10040"
  },
  {
    "review": "20년 넘게 이 영화를 기억하고 있다는건...어렷을때 아주 재미있게 봤다는 증거다ㅋ",
    "date": "15.04.19",
    "rating": "9",
    "author": "youn****",
    "review_id": "9853592",
    "movie_id": "10040"
  },
  {
    "review": "요즘 애들은 이런 영화를 못보고 자란다는 것이 안타깝다",
    "date": "15.04.19",
    "rating": "10",
    "author": "yaso****",
    "review_id": "9853104",
    "movie_id": "10040"
  },
  {
    "review": "당시 어린이들을 위한 최고의 영화 다만 한글을 알고 보면 더욱더 재미있죠. 당시 국민학교2학때인가 테이프 빌려서 집에서 본 기억이 납니다. 추억이 새록새록 그때가 너무나도 그립습니다. 학교 끝나면 들로 산으로 뛰어 다녔는데... 그때 그친구들 잘 살고",
    "date": "15.03.06",
    "rating": "10",
    "author": "zard****",
    "review_id": "9760232",
    "movie_id": "10040"
  },
  {
    "review": "어린시절 본 최고의 어드밴쳐 영화로 기억되는 명작 :)",
    "date": "15.02.19",
    "rating": "10",
    "author": "badb****",
    "review_id": "9713034",
    "movie_id": "10040"
  },
  {
    "review": "헉 ㅋㅋㅋ 이영화 7살때봣는데 주연이.. 숀애스틴;!!!! ㅡㅡ대박",
    "date": "14.12.07",
    "rating": "10",
    "author": "casi****",
    "review_id": "9456314",
    "movie_id": "10040"
  },
  {
    "review": "동네에서 가볍게 즐기는 인디아나존스 놀이",
    "date": "14.11.28",
    "rating": "4",
    "author": "goms****",
    "review_id": "9428729",
    "movie_id": "10040"
  },
  {
    "review": "10점은 이런영화에 주는거다8점9점?  장난하냐 영화가만들어진 시기를보면별 20개도 아깝지않다",
    "date": "14.11.14",
    "rating": "10",
    "author": "boss****",
    "review_id": "9383833",
    "movie_id": "10040"
  },
  {
    "review": "어렸을 때 보고 성인되서 또 봤는데 따뜻함과 아련함으로 다가왔다",
    "date": "14.11.01",
    "rating": "10",
    "author": "sieu****",
    "review_id": "9333449",
    "movie_id": "10040"
  },
  {
    "review": "어린이를 위한 “인디아나 존스”인데, 어떨 땐 흥미진진하고 어떨 땐 유치하기도 하다. 아무튼 무언가를 목표로 모험을 떠나는 과정은 여전히 재밌다.",
    "date": "14.10.19",
    "rating": "7",
    "author": "zxc1****",
    "review_id": "9301664",
    "movie_id": "10040"
  },
  {
    "review": "한자릿수 나이의 어릴적 최고의 그당시 추억이었음. 아직도 게임 음악도 일상생활에 가끔씩 혼자 흥얼거릴정도 ㅎㅎ. 그나저나  숀 애스틴 작품보니 이시절에는 날렸었구나 -.- 주인공이 이형이었다니 ㅎㅎ.",
    "date": "14.08.25",
    "rating": "9",
    "author": "k248****",
    "review_id": "9132212",
    "movie_id": "10040"
  },
  {
    "review": "90년대 초 어렸을때보았는데 한국어 더빙..ㅋㅋ 어렸을땐 모든영화를 더빙으로 많이 본거 같다. 그래서 원목소리로 보면 새로운 느낌 ㅋㅋ",
    "date": "14.08.21",
    "rating": "10",
    "author": "shis****",
    "review_id": "9119024",
    "movie_id": "10040"
  },
  {
    "review": "지금 보기에는 다소 유치.. 그냥저냥 볼만했던것같다",
    "date": "14.08.14",
    "rating": "6",
    "author": "ehwj****",
    "review_id": "9081270",
    "movie_id": "10040"
  },
  {
    "review": "인디아나 존스 저리가라",
    "date": "14.08.07",
    "rating": "9",
    "author": "loop****",
    "review_id": "9042760",
    "movie_id": "10040"
  },
  {
    "review": "진정한 모험물이자 원조.",
    "date": "14.08.03",
    "rating": "10",
    "author": "ajtw****",
    "review_id": "9014213",
    "movie_id": "10040"
  },
  {
    "review": "언제봐도 유쾌한 꼬마들의 모험담",
    "date": "14.06.21",
    "rating": "8",
    "author": "sjzm****",
    "review_id": "8843535",
    "movie_id": "10040"
  },
  {
    "review": "그냥 말이 필요없는 최고.",
    "date": "14.05.19",
    "rating": "10",
    "author": "dyd6****",
    "review_id": "8748209",
    "movie_id": "10040"
  },
  {
    "review": "말로 표현이 안됨 30대 중반인데도 옛날생각이 새록새록 나네요",
    "date": "14.05.10",
    "rating": "10",
    "author": "bond****",
    "review_id": "8718960",
    "movie_id": "10040"
  },
  {
    "review": "청소년용 인디아나 존스.",
    "date": "14.04.23",
    "rating": "5",
    "author": "cles****",
    "review_id": "8666383",
    "movie_id": "10040"
  },
  {
    "review": "내 국딩시절 가족과 함께 관람한 어린날의 추억.. 신디로퍼 주제곡.. MSX판 구니스가 해보고 싶어서 집에 있던 Apple][e가 야속했지.. 형과 여친의 키스씬이 부러워서 빨리 어른이 되고싶었지.. 참 형역할의 조쉬가 올드보이 리메이크의 최민식역할임",
    "date": "14.04.06",
    "rating": "9",
    "author": "danz****",
    "review_id": "8633400",
    "movie_id": "10040"
  },
  {
    "review": "말이 필요없는 에드벤처무비~^^",
    "date": "14.04.02",
    "rating": "10",
    "author": "shas****",
    "review_id": "8622860",
    "movie_id": "10040"
  },
  {
    "review": "9점대 될만하다. 옛다10점",
    "date": "14.01.25",
    "rating": "10",
    "author": "k050****",
    "review_id": "8425966",
    "movie_id": "10040"
  },
  {
    "review": "맞아맞아마사왜인물안마마마자",
    "date": "14.01.16",
    "rating": "10",
    "author": "beog****",
    "review_id": "8387601",
    "movie_id": "10040"
  },
  {
    "review": "평점 9점으로 맞추기!!.!.!",
    "date": "14.01.05",
    "rating": "10",
    "author": "chl4****",
    "review_id": "8350007",
    "movie_id": "10040"
  },
  {
    "review": "킬링타임용으로 제격이다. 1986년 영화라는것을 감안하면 훌륭하다",
    "date": "14.01.03",
    "rating": "7",
    "author": "spt1****",
    "review_id": "8341990",
    "movie_id": "10040"
  },
  {
    "review": "어릴때 추억은 아련하게 찾아오는 영화지만 지금 다시보니 그저 그런영화같아서 씁쓸하다.",
    "date": "13.12.29",
    "rating": "8",
    "author": "a109****",
    "review_id": "8319398",
    "movie_id": "10040"
  },
  {
    "review": "흥미진진함. 몰입도 ↑",
    "date": "13.12.16",
    "rating": "10",
    "author": "ejje****",
    "review_id": "8217825",
    "movie_id": "10040"
  },
  {
    "review": "내가 꼬꼬마였을때 정말 재밌게 본 영화 최근에 다시 봤는데  옛날 그때의 쾌감은 누그러졌지만 그래도 안보면 후회할 영화인건 분명하다",
    "date": "13.12.11",
    "rating": "9",
    "author": "zxvt****",
    "review_id": "8206907",
    "movie_id": "10040"
  },
  {
    "review": "그 당시 어린이들에겐 스타워즈나 인디애나 존스 못지 않은 명작이었음...",
    "date": "13.12.04",
    "rating": "9",
    "author": "dddo****",
    "review_id": "8188661",
    "movie_id": "10040"
  },
  {
    "review": "진짜 재밌다 이게 80년대 작품이라니",
    "date": "13.11.23",
    "rating": "10",
    "author": "pgs0****",
    "review_id": "8163817",
    "movie_id": "10040"
  },
  {
    "review": "어린시절 최고의영화... 정말 강추",
    "date": "13.11.02",
    "rating": "10",
    "author": "zeon****",
    "review_id": "8109599",
    "movie_id": "10040"
  },
  {
    "review": "존나 재미없어 이게 동ㅆ",
    "date": "13.10.21",
    "rating": "1",
    "author": "jsga****",
    "review_id": "8077582",
    "movie_id": "10040"
  },
  {
    "review": "어린시절이 그리울때면 가장 먼저 생각나는 영화네요아빠어디가에서 애들이 보물찾는것도 이거 패러디지 싶음 뺀질이 형역의 배우가 올드보이 리메이크 주인공으로 나온다고하니 기대됨",
    "date": "13.10.12",
    "rating": "10",
    "author": "lees****",
    "review_id": "8055001",
    "movie_id": "10040"
  },
  {
    "review": "대한극장 70mm 6본 트랙 상영!!!  유년기 잊을수 없는 추억의 명작!",
    "date": "13.08.02",
    "rating": "10",
    "author": "nss7****",
    "review_id": "7821762",
    "movie_id": "10040"
  },
  {
    "review": "줄거리가 조금 더 자세하고 길었으면 좋겠다!~^^",
    "date": "13.08.02",
    "rating": "10",
    "author": "dlch****",
    "review_id": "7819650",
    "movie_id": "10040"
  },
  {
    "review": "아련한 추억이 있는 영화. 극장에 가족이 가서 함께 봤던 영화. 수원 중앙극장의 추억 아직도 기억난다.",
    "date": "13.08.01",
    "rating": "10",
    "author": "dene****",
    "review_id": "7811187",
    "movie_id": "10040"
  },
  {
    "review": "국민학교 6학년때 아버지를 졸라 VTR 을 구입하고 기계가 배송되기도 전에 테이프를 빌려서 처음으로 본 영화. 당시에는 300%몰입되는영화이며 최근에 집사람과 다시 한번 보았지만 지금 봐도 재미있다. 내 아이가 크면 보여줘야지.",
    "date": "13.08.01",
    "rating": "10",
    "author": "dwko****",
    "review_id": "7806634",
    "movie_id": "10040"
  },
  {
    "review": "어느덧 30대중반.... 내 인생 최초의 어드벤쳐 무비!",
    "date": "13.07.28",
    "rating": "9",
    "author": "0124****",
    "review_id": "7796090",
    "movie_id": "10040"
  },
  {
    "review": "ㅋㅋ잼!!",
    "date": "13.07.12",
    "rating": "9",
    "author": "banb****",
    "review_id": "7731189",
    "movie_id": "10040"
  },
  {
    "review": "사상 최고의 영화..ㅋㅋㅋㅋㅋㅋㅋㅋ",
    "date": "13.07.06",
    "rating": "10",
    "author": "nala****",
    "review_id": "7710282",
    "movie_id": "10040"
  },
  {
    "review": "어린시절 최고의 모험영화~",
    "date": "13.07.05",
    "rating": "10",
    "author": "arno****",
    "review_id": "7706819",
    "movie_id": "10040"
  },
  {
    "review": "재밋어요",
    "date": "13.06.19",
    "rating": "9",
    "author": "d142****",
    "review_id": "7656436",
    "movie_id": "10040"
  },
  {
    "review": "그 당시엔 최고였지만 지금은 너무 낡았다. 시대를 뛰어넘는 명작은 아니다.",
    "date": "13.06.10",
    "rating": "7",
    "author": "zzzd****",
    "review_id": "7621656",
    "movie_id": "10040"
  },
  {
    "review": "즐거운 모험영화",
    "date": "13.05.16",
    "rating": "7",
    "author": "jcr3****",
    "review_id": "7531959",
    "movie_id": "10040"
  },
  {
    "review": "굿 ost도 너무 좋았음.. ^^",
    "date": "13.05.03",
    "rating": "10",
    "author": "hoji****",
    "review_id": "7502948",
    "movie_id": "10040"
  },
  {
    "review": "추억의 명작 구니스, 흑백으로 봐도 재밌었어~",
    "date": "13.04.28",
    "rating": "10",
    "author": "bajj****",
    "review_id": "7491817",
    "movie_id": "10040"
  },
  {
    "review": "어렸을때 서울이모집에서만 볼수있었던 너무나 신기했던 VTR.. 그리고 구니스 비됴테입.. 매년 갈때마다 봤던 구니스.. 아 옛날이여~",
    "date": "13.04.28",
    "rating": "10",
    "author": "ccip****",
    "review_id": "7491545",
    "movie_id": "10040"
  },
  {
    "review": "ㅁㄴㅇㄹ",
    "date": "13.04.27",
    "rating": "10",
    "author": "5141****",
    "review_id": "7487445",
    "movie_id": "10040"
  },
  {
    "review": "아 ~ 추억의 구니스 신디로퍼의 구디넙~♬ 음악도 너무 좋았는데..",
    "date": "13.04.17",
    "rating": "9",
    "author": "cesi****",
    "review_id": "7464470",
    "movie_id": "10040"
  },
  {
    "review": "정말 재밋어요^^",
    "date": "13.02.23",
    "rating": "10",
    "author": "bbs8****",
    "review_id": "7294025",
    "movie_id": "10040"
  },
  {
    "review": "내 생애 최고의 영화중 하나.",
    "date": "13.02.16",
    "rating": "10",
    "author": "jere****",
    "review_id": "7271029",
    "movie_id": "10040"
  },
  {
    "review": "잼있어요",
    "date": "13.02.07",
    "rating": "10",
    "author": "tcp0****",
    "review_id": "7235125",
    "movie_id": "10040"
  },
  {
    "review": "어릴적 정말 재밌게 본 기억.. 8비트 MSX팩으로 나온 동명의 게임도 있었죠.",
    "date": "13.02.07",
    "rating": "9",
    "author": "cycl****",
    "review_id": "7234391",
    "movie_id": "10040"
  },
  {
    "review": "꿈을 가지게 해줬던 최고의 엔터테인먼트 영화",
    "date": "13.02.06",
    "rating": "10",
    "author": "milp****",
    "review_id": "7230309",
    "movie_id": "10040"
  },
  {
    "review": "10점 주기에는 정신사나운 면이 과하지 않았나 싶다",
    "date": "13.01.19",
    "rating": "9",
    "author": "garn****",
    "review_id": "7131140",
    "movie_id": "10040"
  },
  {
    "review": "초딩 때 흥미진진하게 봤던 영화.. 해적선이 동굴안에서 발견됐을 때 그 희열은 참..",
    "date": "13.01.14",
    "rating": "10",
    "author": "82ps****",
    "review_id": "7113275",
    "movie_id": "10040"
  },
  {
    "review": "DVD도 샀을만큼 즐겨 봤던 영화",
    "date": "13.01.02",
    "rating": "9",
    "author": "simo****",
    "review_id": "7076105",
    "movie_id": "10040"
  },
  {
    "review": "잼있어여^^",
    "date": "12.12.25",
    "rating": "10",
    "author": "luca****",
    "review_id": "7044320",
    "movie_id": "10040"
  },
  {
    "review": "어렷을때 추석특집..구정특집에 단골로 방영됏던 지금 70년생들에겐 추억의명작...단순히 영화만 생각이난게 아니라 그때그시절...나로서는 감당하기 힘들엇다...소호자 시리즈와 더불어 내 어린날의 동화같은 이야기....",
    "date": "12.12.17",
    "rating": "10",
    "author": "sm51****",
    "review_id": "7011841",
    "movie_id": "10040"
  },
  {
    "review": "재미있었어요.",
    "date": "12.12.14",
    "rating": "10",
    "author": "tbzm****",
    "review_id": "7002654",
    "movie_id": "10040"
  },
  {
    "review": "잼나요..강추",
    "date": "12.12.09",
    "rating": "10",
    "author": "kyos****",
    "review_id": "6987905",
    "movie_id": "10040"
  },
  {
    "review": "어릴때 가족들과 모여 너무도 재밌게 봤던영화네염 ^^",
    "date": "12.11.17",
    "rating": "10",
    "author": "moya****",
    "review_id": "6898769",
    "movie_id": "10040"
  },
  {
    "review": "나의 어린 시절 상상력을 자극해준 최고의 영화.아직도 모든?장면들이 생생하다. 영화 속 그배우들은 지금 무엇을 하고있을까?",
    "date": "12.11.04",
    "rating": "10",
    "author": "shki****",
    "review_id": "6855668",
    "movie_id": "10040"
  },
  {
    "review": "옛추억이.. 그립다.",
    "date": "12.10.22",
    "rating": "8",
    "author": "doc1****",
    "review_id": "6821325",
    "movie_id": "10040"
  },
  {
    "review": "볼만한 영화요. ㅎ",
    "date": "12.10.22",
    "rating": "7",
    "author": "dan_****",
    "review_id": "6820941",
    "movie_id": "10040"
  },
  {
    "review": "인디아나 존스와 더불어 희대의 명작 어드밴처영화!!!!  명절때 이런 명작영화를 더빙으로 보았던 때가 가장 행복했었다.",
    "date": "12.10.16",
    "rating": "10",
    "author": "suzu****",
    "review_id": "6806542",
    "movie_id": "10040"
  },
  {
    "review": "오! 옛날 느낌 그대로이네",
    "date": "12.09.22",
    "rating": "8",
    "author": "5292****",
    "review_id": "6719591",
    "movie_id": "10040"
  },
  {
    "review": "헐리웃 어드벤쳐의 진수",
    "date": "12.07.27",
    "rating": "9",
    "author": "hhpo****",
    "review_id": "6541681",
    "movie_id": "10040"
  },
  {
    "review": "주제곡도 멋졌던 영화. 요즘 애들은 무얼보고 자랄까 이런 기분 모르겠지.",
    "date": "12.07.21",
    "rating": "10",
    "author": "kem1****",
    "review_id": "6505933",
    "movie_id": "10040"
  },
  {
    "review": "당시에는 정말 최고였지 게임도 나오고 ㅋㅋㅋ",
    "date": "12.07.09",
    "rating": "9",
    "author": "kngc****",
    "review_id": "6465322",
    "movie_id": "10040"
  },
  {
    "review": "티비에서   쫌 다시 보여줬음 하는 바램이 있어요..",
    "date": "12.07.01",
    "rating": "8",
    "author": "mski****",
    "review_id": "6435635",
    "movie_id": "10040"
  },
  {
    "review": "어렸을 적 아련한 추억의 영화.. 정말 신나고 재밌었지..",
    "date": "12.06.08",
    "rating": "10",
    "author": "rapi****",
    "review_id": "6375477",
    "movie_id": "10040"
  },
  {
    "review": "어린이 모험",
    "date": "12.06.01",
    "rating": "6",
    "author": "drd1****",
    "review_id": "6353520",
    "movie_id": "10040"
  },
  {
    "review": "그땐 재밌었다",
    "date": "12.05.27",
    "rating": "10",
    "author": "gore****",
    "review_id": "6339026",
    "movie_id": "10040"
  },
  {
    "review": "그땐 저 정도도 재밌었지..",
    "date": "12.03.16",
    "rating": "8",
    "author": "tn99****",
    "review_id": "6147241",
    "movie_id": "10040"
  },
  {
    "review": "최고~",
    "date": "12.03.12",
    "rating": "10",
    "author": "jnwk****",
    "review_id": "6140048",
    "movie_id": "10040"
  },
  {
    "review": "추억을 보게 해 주는 어른들의 영화! 당대 최고의 판타지 모험 스타일의 영화였음",
    "date": "12.02.26",
    "rating": "10",
    "author": "l00o****",
    "review_id": "6104962",
    "movie_id": "10040"
  },
  {
    "review": "생각보다 재미있는 영화",
    "date": "12.02.13",
    "rating": "8",
    "author": "ezra****",
    "review_id": "6072018",
    "movie_id": "10040"
  },
  {
    "review": "26년이 지난 지금에도 한국깡패영화전문감독을은 제작조차 꿈도 꾸지 못하는 영화.",
    "date": "12.01.29",
    "rating": "10",
    "author": "odor****",
    "review_id": "6032191",
    "movie_id": "10040"
  },
  {
    "review": "한국에 이런 장르의 어린이들을 영화가 만들어 진 적이 있었던가? 역시 할리우드!!",
    "date": "12.01.29",
    "rating": "10",
    "author": "iwoj****",
    "review_id": "6032190",
    "movie_id": "10040"
  },
  {
    "review": "21세기에 봐도 재밌음. 분장. 효과는 비록 촌스러워졌지만 ㅋ",
    "date": "12.01.29",
    "rating": "9",
    "author": "danc****",
    "review_id": "6031949",
    "movie_id": "10040"
  },
  {
    "review": "당시 어린이 모험영화의 획을 그은 작품이 아닐까?",
    "date": "11.12.12",
    "rating": "8",
    "author": "gall****",
    "review_id": "5902815",
    "movie_id": "10040"
  },
  {
    "review": "넘~넘~ 재밌다~~!! 또보고 싶다...ㅠㅠ",
    "date": "11.10.16",
    "rating": "10",
    "author": "pin3****",
    "review_id": "5792781",
    "movie_id": "10040"
  },
  {
    "review": "초등학교때 누나랑 떡뽁이먹어 가며봤던 기억이나네요~",
    "date": "11.09.14",
    "rating": "10",
    "author": "hoya****",
    "review_id": "5732636",
    "movie_id": "10040"
  },
  {
    "review": "아들과 함께 다시한번 보고싶은 명작입니다.",
    "date": "11.08.27",
    "rating": "9",
    "author": "vest****",
    "review_id": "5691850",
    "movie_id": "10040"
  },
  {
    "review": "구니스 넘 재미있어요 ㅠㅠ 또 보고싶어요 만점!!",
    "date": "11.07.17",
    "rating": "10",
    "author": "tnsg****",
    "review_id": "5549700",
    "movie_id": "10040"
  },
  {
    "review": "tv에 하길래 봤는데 재밌어서 계속 본 영화..",
    "date": "11.07.06",
    "rating": "10",
    "author": "alsw****",
    "review_id": "5525256",
    "movie_id": "10040"
  },
  {
    "review": "슈퍼 에이트를 보기전에 이티와 다시 봤는데..역시 최고..",
    "date": "11.06.27",
    "rating": "8",
    "author": "tprk****",
    "review_id": "5502530",
    "movie_id": "10040"
  },
  {
    "review": "최고입니다 ^^추천",
    "date": "11.06.22",
    "rating": "10",
    "author": "hans****",
    "review_id": "5493482",
    "movie_id": "10040"
  },
  {
    "review": "정말최고임 ㅋㅋ",
    "date": "11.06.08",
    "rating": "10",
    "author": "sksm****",
    "review_id": "5471483",
    "movie_id": "10040"
  }
]