[
  {
    "review": "소설보고 보면 감동 두배 ㅋ",
    "date": "15.01.18",
    "rating": "10",
    "author": "ssra****",
    "review_id": "9608285",
    "movie_id": "10042"
  },
  {
    "review": "영화가 끝난 순간에는 그저 \"음 뭐 괜찮네\"하는 생각뿐이었지만 몇 달이 지났어도 여운이 도무지 가시질 않는 마법같은 영화. 전쟁 영화 중 가히 최고라 할 만 하다.",
    "date": "14.12.03",
    "rating": "10",
    "author": "jyk7****",
    "review_id": "9443735",
    "movie_id": "10042"
  },
  {
    "review": "초중반의 몰입력이 클라이맥스로 도달할수록 떨어지나 충분히 볼만한 작품.",
    "date": "14.11.15",
    "rating": "8",
    "author": "lek0****",
    "review_id": "9384372",
    "movie_id": "10042"
  },
  {
    "review": "조금 지루하긴 했으나 볼만했음.",
    "date": "14.09.28",
    "rating": "8",
    "author": "dand****",
    "review_id": "9246126",
    "movie_id": "10042"
  },
  {
    "review": "일본인배우가 나오다니 ㅎ, 57년이면 몇년되지 않았는데 패전국 사람을 데리고 영화를 찍었다는게 재밌네,",
    "date": "14.08.30",
    "rating": "10",
    "author": "moop****",
    "review_id": "9147123",
    "movie_id": "10042"
  },
  {
    "review": "이 영화가 57년도 영화인것 같지가 않았다",
    "date": "14.08.16",
    "rating": "10",
    "author": "shaw****",
    "review_id": "9095554",
    "movie_id": "10042"
  },
  {
    "review": "레전드 최고네요졸린새벽 잠깨며 봤어요",
    "date": "14.08.16",
    "rating": "10",
    "author": "say4****",
    "review_id": "9093879",
    "movie_id": "10042"
  },
  {
    "review": "옛날 영화 치고 잘 만듬.",
    "date": "14.08.16",
    "rating": "10",
    "author": "sams****",
    "review_id": "9093768",
    "movie_id": "10042"
  },
  {
    "review": "진짜 잘만든것 같음...",
    "date": "14.08.15",
    "rating": "10",
    "author": "sss2****",
    "review_id": "9088089",
    "movie_id": "10042"
  },
  {
    "review": "개개인의 신념과 국가에 대한 충성의 교차점에서 울리는 휘파람소리.",
    "date": "14.07.06",
    "rating": "10",
    "author": "hoon****",
    "review_id": "8891210",
    "movie_id": "10042"
  },
  {
    "review": "정말 소름끼치는 명작이다!!!",
    "date": "14.03.27",
    "rating": "10",
    "author": "ske4****",
    "review_id": "8609832",
    "movie_id": "10042"
  },
  {
    "review": "보기 대령 행진곡이 인상깊다",
    "date": "14.03.01",
    "rating": "1",
    "author": "mara****",
    "review_id": "8547375",
    "movie_id": "10042"
  },
  {
    "review": "이것도 평점 조절. 개쩌는 영화임. 지금 만나러 갑니다 보고나서 봤는데 와우. 걍 이거 볼걸.",
    "date": "14.02.23",
    "rating": "10",
    "author": "vior****",
    "review_id": "8530269",
    "movie_id": "10042"
  },
  {
    "review": "모든 장면이 그림이다.  반성할 감독 많다. 그리고 불완전한 인간에게 신념이라는게 얼마나 우스운 건지 보여준다. 마지막 주제곡이 나올 때는 스스로를 조롱하는거 같다. 꼭 봐 ㅋ",
    "date": "14.02.05",
    "rating": "10",
    "author": "youn****",
    "review_id": "8478114",
    "movie_id": "10042"
  },
  {
    "review": "전쟁의 파괴성과 궁극적목적을 상실한 인간에 대한묘사가 돋보이는 영화.",
    "date": "14.02.01",
    "rating": "9",
    "author": "son6****",
    "review_id": "8458557",
    "movie_id": "10042"
  },
  {
    "review": "근데 이거 사람 휘파람으로 되요?? 나는 암만해봐도 고음부분은 안나오던데...",
    "date": "14.01.25",
    "rating": "10",
    "author": "sunk****",
    "review_id": "8424618",
    "movie_id": "10042"
  },
  {
    "review": "부역배같으니~~~~",
    "date": "14.01.17",
    "rating": "9",
    "author": "chba****",
    "review_id": "8392024",
    "movie_id": "10042"
  },
  {
    "review": "최고의  영화입니다. 스토리, 배경, 음악, 메시지 모두 훌륭하네요",
    "date": "13.11.19",
    "rating": "10",
    "author": "hiyo****",
    "review_id": "8151993",
    "movie_id": "10042"
  },
  {
    "review": "57년 영화임에도 재미와 무게감 거기에 유쾌함과 허무함까지...세월이지나도 대작은대작이네요. 명분과 책임감 그리고 적군과아군이 중요한게 아닌...전쟁의 무상함을 느꼈습니다.",
    "date": "13.10.31",
    "rating": "10",
    "author": "hsh6****",
    "review_id": "8105075",
    "movie_id": "10042"
  },
  {
    "review": "미친짓,비극이다. 하지만  이것이  전쟁의 실체이고, 역사이다",
    "date": "13.08.20",
    "rating": "9",
    "author": "karu****",
    "review_id": "7907080",
    "movie_id": "10042"
  },
  {
    "review": "황당한데.",
    "date": "13.07.18",
    "rating": "3",
    "author": "cles****",
    "review_id": "7756447",
    "movie_id": "10042"
  },
  {
    "review": "명곡 그리고 명작",
    "date": "13.05.23",
    "rating": "10",
    "author": "sky1****",
    "review_id": "7550542",
    "movie_id": "10042"
  },
  {
    "review": "최고에요! 최고!!!!!   이 영화 보고나서도 다시 보게됨 노래도 좋아서 다운받음",
    "date": "13.05.23",
    "rating": "10",
    "author": "kdww****",
    "review_id": "7550208",
    "movie_id": "10042"
  },
  {
    "review": "정말 명작중에 명작이다",
    "date": "13.05.20",
    "rating": "10",
    "author": "qkre****",
    "review_id": "7543435",
    "movie_id": "10042"
  },
  {
    "review": "아이언맨3보고와서 별로에여",
    "date": "13.05.02",
    "rating": "1",
    "author": "song****",
    "review_id": "7501276",
    "movie_id": "10042"
  },
  {
    "review": "고전 전쟁영화 중  작품의 완성도면에서 최고의 명작. 세번정도 본것 같다",
    "date": "13.04.24",
    "rating": "10",
    "author": "biz9****",
    "review_id": "7478653",
    "movie_id": "10042"
  },
  {
    "review": "[아카데미]1958년 작품상,남우주연,감독,각색,촬영,편집,음악비롯 7개부문수상작.전쟁영화로는아카데미에서서부전선이상없다이후로가장좋은 결과를얻었다.2차대전 포로수용소에서일어나는일본군의다리건설에대한이야기로포로들이부른휘바람소리가광고에도인용이되었고인상적이다.",
    "date": "13.04.15",
    "rating": "9",
    "author": "new7****",
    "review_id": "7460105",
    "movie_id": "10042"
  },
  {
    "review": "정교하고 섬세한 영화이긴 하나, 너무 지루한 감이 있다. 스토리도 굿",
    "date": "13.03.01",
    "rating": "8",
    "author": "sunw****",
    "review_id": "7312788",
    "movie_id": "10042"
  },
  {
    "review": "영국 장교의 영웅적인 지휘... 하지만 마지막 대사 Madness~! ㅋㅋㅋ결국엔 다 미친짓이지만 멋있었다",
    "date": "13.02.23",
    "rating": "10",
    "author": "qoau****",
    "review_id": "7292886",
    "movie_id": "10042"
  },
  {
    "review": "전쟁 고전 명작이라고는 하지만 솔직히 내용전개는 좀 지루했다....",
    "date": "13.02.07",
    "rating": "7",
    "author": "egyp****",
    "review_id": "7233632",
    "movie_id": "10042"
  },
  {
    "review": "기억에남는게 휘파람소리와 다리폭파장면 밖에없다..",
    "date": "13.01.02",
    "rating": "4",
    "author": "maru****",
    "review_id": "7075725",
    "movie_id": "10042"
  },
  {
    "review": "고전명작",
    "date": "12.08.13",
    "rating": "10",
    "author": "accc****",
    "review_id": "6600998",
    "movie_id": "10042"
  },
  {
    "review": "휘파람 노래는 정말 소름이.... 마지막 하이라이트장면은 조금 아쉬움",
    "date": "12.07.30",
    "rating": "10",
    "author": "dc71****",
    "review_id": "6554970",
    "movie_id": "10042"
  },
  {
    "review": "이 영화를 오늘본것이 후회스럽다. 더이전에 봤어야 할 세기의 명작",
    "date": "12.06.20",
    "rating": "10",
    "author": "pks7****",
    "review_id": "6404379",
    "movie_id": "10042"
  },
  {
    "review": "결국 다리는 폭파되다",
    "date": "12.06.13",
    "rating": "10",
    "author": "lemo****",
    "review_id": "6388899",
    "movie_id": "10042"
  },
  {
    "review": "완죤 대박  마지막에 졸라웃김",
    "date": "12.04.02",
    "rating": "10",
    "author": "jung****",
    "review_id": "6188250",
    "movie_id": "10042"
  },
  {
    "review": "오랜 기억에 남을 영화",
    "date": "12.03.04",
    "rating": "5",
    "author": "kos4****",
    "review_id": "6121816",
    "movie_id": "10042"
  },
  {
    "review": "시간과 함께 늘어진 서스펜스.",
    "date": "12.02.03",
    "rating": "6",
    "author": "claz****",
    "review_id": "6048289",
    "movie_id": "10042"
  },
  {
    "review": "오늘 새벽에 보면서 마지막 어이없어서 --;",
    "date": "12.01.23",
    "rating": "4",
    "author": "gs23****",
    "review_id": "6011544",
    "movie_id": "10042"
  },
  {
    "review": "전반적으로 괜찮긴 한데 다리 폭파할때 쓰러지면서 우연히 레버를 누르게 된다는건좀",
    "date": "12.01.23",
    "rating": "8",
    "author": "here****",
    "review_id": "6011174",
    "movie_id": "10042"
  },
  {
    "review": "전설의 명작",
    "date": "12.01.21",
    "rating": "10",
    "author": "dlgm****",
    "review_id": "6007355",
    "movie_id": "10042"
  },
  {
    "review": "그냥 명작",
    "date": "12.01.21",
    "rating": "10",
    "author": "lwy7****",
    "review_id": "6007345",
    "movie_id": "10042"
  },
  {
    "review": "이런 병맛이 9점대라니 떨어져라",
    "date": "12.01.21",
    "rating": "1",
    "author": "guds****",
    "review_id": "6004297",
    "movie_id": "10042"
  },
  {
    "review": "그 다리는 영국 군인이 지었지만, 그것을 부순 사람은 영국 머저리이다.",
    "date": "11.12.31",
    "rating": "10",
    "author": "euj5****",
    "review_id": "5948759",
    "movie_id": "10042"
  },
  {
    "review": "매드니스",
    "date": "11.12.18",
    "rating": "5",
    "author": "nin1****",
    "review_id": "5912392",
    "movie_id": "10042"
  },
  {
    "review": "총만 쏘는 전쟁이 아닌 전쟁의 모습을 보여주려는 노력. 군가와 서정성 사이의 휘파람",
    "date": "11.09.20",
    "rating": "8",
    "author": "reno****",
    "review_id": "5742945",
    "movie_id": "10042"
  },
  {
    "review": "내 삶에 있어 평생 기억될 명작.",
    "date": "11.09.04",
    "rating": "10",
    "author": "takh****",
    "review_id": "5706992",
    "movie_id": "10042"
  },
  {
    "review": "명작..",
    "date": "11.09.04",
    "rating": "10",
    "author": "knif****",
    "review_id": "5706959",
    "movie_id": "10042"
  },
  {
    "review": "노래를 들어보니 좋네요.",
    "date": "11.08.29",
    "rating": "10",
    "author": "park****",
    "review_id": "5697147",
    "movie_id": "10042"
  },
  {
    "review": "휘파람 행진곡(?)이 귓가에 맴도는 듯..",
    "date": "11.08.04",
    "rating": "9",
    "author": "tn99****",
    "review_id": "5600580",
    "movie_id": "10042"
  },
  {
    "review": "전쟁영화지만액션씬이라곤마지막다리폭파씬이전부이다57년작치곤괜찬았다",
    "date": "11.07.30",
    "rating": "8",
    "author": "zzzo****",
    "review_id": "5582434",
    "movie_id": "10042"
  },
  {
    "review": "인간은 나약하다",
    "date": "11.05.26",
    "rating": "8",
    "author": "plut****",
    "review_id": "5449050",
    "movie_id": "10042"
  },
  {
    "review": "명작이다.",
    "date": "11.04.17",
    "rating": "9",
    "author": "sund****",
    "review_id": "5378544",
    "movie_id": "10042"
  },
  {
    "review": "영웅놀이에 빠져 자기가 무슨일을 한지도 모른",
    "date": "11.02.26",
    "rating": "8",
    "author": "unre****",
    "review_id": "5276841",
    "movie_id": "10042"
  },
  {
    "review": "명감독 데이빗 린에 어울리는 명작",
    "date": "11.01.27",
    "rating": "10",
    "author": "mais****",
    "review_id": "5186548",
    "movie_id": "10042"
  },
  {
    "review": "마지막까지 참았다가 돋는 소름",
    "date": "10.12.21",
    "rating": "8",
    "author": "bbq2****",
    "review_id": "5071233",
    "movie_id": "10042"
  },
  {
    "review": "인간이 초라해지는건 매한가지",
    "date": "10.11.27",
    "rating": "10",
    "author": "leem****",
    "review_id": "4996545",
    "movie_id": "10042"
  },
  {
    "review": "너..너무오래된영화라 감흥이없다",
    "date": "10.11.04",
    "rating": "6",
    "author": "pksj****",
    "review_id": "4938242",
    "movie_id": "10042"
  },
  {
    "review": "휘파람 음악소리만 기억남..",
    "date": "10.08.30",
    "rating": "8",
    "author": "jupi****",
    "review_id": "4806166",
    "movie_id": "10042"
  },
  {
    "review": "이제까지 데이빗 린같은 감독님을 몰라본거에 대해 깊이 반성합니다",
    "date": "10.08.27",
    "rating": "10",
    "author": "csw8****",
    "review_id": "4796926",
    "movie_id": "10042"
  },
  {
    "review": "전쟁의 광기가 사람을 죽인다..",
    "date": "10.05.14",
    "rating": "10",
    "author": "jm01****",
    "review_id": "4499021",
    "movie_id": "10042"
  },
  {
    "review": "굉장히 매력적인 영화. 결론도 맘에 든다.",
    "date": "10.04.10",
    "rating": "9",
    "author": "5292****",
    "review_id": "4424875",
    "movie_id": "10042"
  },
  {
    "review": "나름흥미진진했다",
    "date": "10.03.26",
    "rating": "9",
    "author": "yuye****",
    "review_id": "4389246",
    "movie_id": "10042"
  },
  {
    "review": "최고의명작! (좀 지루하긴했다) 휘파람행진곡을 부르고있는 나",
    "date": "10.03.19",
    "rating": "9",
    "author": "dbtn****",
    "review_id": "4367787",
    "movie_id": "10042"
  },
  {
    "review": "지루한 면이 많으나 잘 만든 작품임.",
    "date": "10.02.23",
    "rating": "8",
    "author": "jjyn****",
    "review_id": "4311120",
    "movie_id": "10042"
  },
  {
    "review": "10살때 보고 지루했던 영화. 20년후 다시 보았을때 이영화의 진정한 가치를 알았다.",
    "date": "10.02.16",
    "rating": "10",
    "author": "post****",
    "review_id": "4286716",
    "movie_id": "10042"
  },
  {
    "review": "귓전에 휘파람행진곡만.... 남아 윙윙거린다.",
    "date": "10.01.21",
    "rating": "6",
    "author": "kuic****",
    "review_id": "4195090",
    "movie_id": "10042"
  },
  {
    "review": "러닝 타임이 길어서 살짝 지루한 감이 없진 않았지만 그래도 명작이다",
    "date": "09.11.10",
    "rating": "10",
    "author": "clic****",
    "review_id": "3951208",
    "movie_id": "10042"
  },
  {
    "review": "배우들의 명연기로 인한 각 캐릭터의 상황이 정말 이해가 잘 됐던 명화!",
    "date": "09.11.04",
    "rating": "8",
    "author": "si2p****",
    "review_id": "3937293",
    "movie_id": "10042"
  },
  {
    "review": "이 영화가 대단한 수작이라고는 생각지않지만, 그래도 봐둘 필요는 있다.",
    "date": "09.11.01",
    "rating": "8",
    "author": "mist****",
    "review_id": "3928631",
    "movie_id": "10042"
  },
  {
    "review": "나에게 감동을 줬던 명화 알렉기네스와 하야카와의 연기는 일품...",
    "date": "09.09.28",
    "rating": "7",
    "author": "thra****",
    "review_id": "3856564",
    "movie_id": "10042"
  },
  {
    "review": "전쟁의 모순을 절묘하게 보여준다.. 굳",
    "date": "09.09.27",
    "rating": "10",
    "author": "drd1****",
    "review_id": "3853712",
    "movie_id": "10042"
  },
  {
    "review": "고전 세계명화 라는 말이 어울릴 정도입니다.",
    "date": "09.08.05",
    "rating": "10",
    "author": "qkdw****",
    "review_id": "3710585",
    "movie_id": "10042"
  },
  {
    "review": "고전중 명작을 보다. 그런데 마지막...일이 안되려면 이렇게 안되나보다.",
    "date": "09.08.03",
    "rating": "10",
    "author": "mara****",
    "review_id": "3702200",
    "movie_id": "10042"
  },
  {
    "review": "대작이다.. 그것뿐이다...",
    "date": "09.07.27",
    "rating": "8",
    "author": "cjfd****",
    "review_id": "3674802",
    "movie_id": "10042"
  },
  {
    "review": "ebs에서 hd로 해줬는데 화질도좋구 내용도 꽤 괜찮았습니다. 다만 엔딩이조금..",
    "date": "09.07.08",
    "rating": "9",
    "author": "gesh****",
    "review_id": "3617384",
    "movie_id": "10042"
  },
  {
    "review": "대사 없는씬에 맞춰 화장실 가느라 진땀뺐다.",
    "date": "09.07.05",
    "rating": "10",
    "author": "kso9****",
    "review_id": "3612852",
    "movie_id": "10042"
  },
  {
    "review": "21세기에 이런영화는 좀 안맞네요 후덜덜..도저히 계속 못보겠네요..",
    "date": "09.07.01",
    "rating": "1",
    "author": "tptk****",
    "review_id": "3603682",
    "movie_id": "10042"
  },
  {
    "review": "올드 전쟁 영화",
    "date": "09.06.19",
    "rating": "9",
    "author": "cnnl****",
    "review_id": "3575476",
    "movie_id": "10042"
  },
  {
    "review": "난 왜 이렇게 사이토 대령이 불쌍해보이지;; 주도권 잃고 멍때리다 칼맞고 순직하네..",
    "date": "09.06.15",
    "rating": "10",
    "author": "sk2e****",
    "review_id": "3568384",
    "movie_id": "10042"
  },
  {
    "review": "비극적이고 모순적인 영화.",
    "date": "09.06.15",
    "rating": "10",
    "author": "dlwo****",
    "review_id": "3568176",
    "movie_id": "10042"
  },
  {
    "review": "초반의 재밋음을 후반에 지루함으로 커버 마지막 폭파장면은 멋잇었다",
    "date": "09.06.14",
    "rating": "8",
    "author": "dw40****",
    "review_id": "3564777",
    "movie_id": "10042"
  },
  {
    "review": "좋음",
    "date": "09.06.14",
    "rating": "10",
    "author": "hdu1****",
    "review_id": "3564690",
    "movie_id": "10042"
  },
  {
    "review": "이거 본다고 화장실도 안감",
    "date": "09.06.14",
    "rating": "10",
    "author": "ziav****",
    "review_id": "3564398",
    "movie_id": "10042"
  },
  {
    "review": "긴 러닝타임을 못 느낄만큼 흡인력 있다. 아, 허망해라.",
    "date": "09.06.14",
    "rating": "7",
    "author": "hadl****",
    "review_id": "3564259",
    "movie_id": "10042"
  },
  {
    "review": "마지막의 긴장감이란 엄청났다. 니콜슨을 죽이고싶었다.",
    "date": "09.06.14",
    "rating": "10",
    "author": "noda****",
    "review_id": "3564222",
    "movie_id": "10042"
  },
  {
    "review": "이런게 명작이지.. 150여분간 단 1초도 안지루하고 감동의 연속..",
    "date": "09.04.21",
    "rating": "10",
    "author": "rhkr****",
    "review_id": "3433366",
    "movie_id": "10042"
  },
  {
    "review": "마지막 비극적인 장면",
    "date": "09.03.11",
    "rating": "9",
    "author": "fram****",
    "review_id": "3360106",
    "movie_id": "10042"
  },
  {
    "review": "지금 이와같은 감동과 재미룰 주는 영화를 만들라고해도 만들지 못할거같다 .. 최고다",
    "date": "09.02.10",
    "rating": "10",
    "author": "6820****",
    "review_id": "3292275",
    "movie_id": "10042"
  },
  {
    "review": "데이빗린 감독, 인도로가는 길, 콰이강, 닥터지바고, 라이언의 딸.. 거장의 명복을.",
    "date": "09.01.10",
    "rating": "7",
    "author": "acin****",
    "review_id": "3207671",
    "movie_id": "10042"
  },
  {
    "review": "명성에 비해 많이 지루하다.새벽의7인이나 대탈주,나바론의 요새랑 비교하면 더더욱.",
    "date": "08.12.30",
    "rating": "1",
    "author": "baks****",
    "review_id": "3166120",
    "movie_id": "10042"
  },
  {
    "review": "행진곡과 발이 맞지 않아 좀 아쉽다.마지막 장면은 상투적이지만 강한 인상을 남겼다.",
    "date": "08.09.08",
    "rating": "9",
    "author": "kusa****",
    "review_id": "2930078",
    "movie_id": "10042"
  },
  {
    "review": "볼만은 한데.. 수많은 명작을 본 나로서는 최고인지는 모르겠다.",
    "date": "08.08.30",
    "rating": "7",
    "author": "pola****",
    "review_id": "2911128",
    "movie_id": "10042"
  },
  {
    "review": "Great commando storie ever told - cause eveything went wrong- Good^^",
    "date": "08.08.02",
    "rating": "10",
    "author": "tumm****",
    "review_id": "2827061",
    "movie_id": "10042"
  },
  {
    "review": "완벽을 추구하다 객관성을 잃고 집착에 빠지는 니콜슨, 엔딩의 부자연스러움이 불만",
    "date": "08.07.27",
    "rating": "8",
    "author": "sioh****",
    "review_id": "2808594",
    "movie_id": "10042"
  },
  {
    "review": "50년전의 힘이 들어가지 않은 카메라워킹과 조악한 음악이 오히려 영화를 빛내준다.",
    "date": "08.07.25",
    "rating": "10",
    "author": "blue****",
    "review_id": "2800722",
    "movie_id": "10042"
  },
  {
    "review": "이게 57년 작이라고!!? 짜임새있는구성에.. 버마를 너무나도 잘묘사한 이영화",
    "date": "08.02.05",
    "rating": "9",
    "author": "sona****",
    "review_id": "2411386",
    "movie_id": "10042"
  },
  {
    "review": "대단한 스펙터클 화면. 황당한 스토리. 전쟁이 장난도 아니고...",
    "date": "07.12.13",
    "rating": "3",
    "author": "ysuh****",
    "review_id": "2230264",
    "movie_id": "10042"
  },
  {
    "review": "이 정도면 수준급이지...정말",
    "date": "07.10.22",
    "rating": "10",
    "author": "inw2****",
    "review_id": "2105681",
    "movie_id": "10042"
  },
  {
    "review": "최고의 전쟁영화.. 정말 시간 가는줄 몰랐다.",
    "date": "07.10.21",
    "rating": "10",
    "author": "zeis****",
    "review_id": "2103735",
    "movie_id": "10042"
  }
]