[
  {
    "review": "영화같은 삶을 살 수만 있다면",
    "date": "15.08.23",
    "rating": "10",
    "author": "wlst****",
    "review_id": "10269417",
    "movie_id": "10048"
  },
  {
    "review": "우리나라의 썩어빠진 현실에선 이 영화가 답이다",
    "date": "15.08.23",
    "rating": "10",
    "author": "zxsa****",
    "review_id": "10268632",
    "movie_id": "10048"
  },
  {
    "review": "exercising not to walk.",
    "date": "15.08.23",
    "rating": "10",
    "author": "zack****",
    "review_id": "10266750",
    "movie_id": "10048"
  },
  {
    "review": "저런 선생님 들만 있으면 불가능하겠지만",
    "date": "15.08.22",
    "rating": "9",
    "author": "jij4****",
    "review_id": "10264040",
    "movie_id": "10048"
  },
  {
    "review": "학교 끝나고 새벽4시까지 2번이나 봤던인생 영화",
    "date": "15.08.22",
    "rating": "10",
    "author": "uy98****",
    "review_id": "10262727",
    "movie_id": "10048"
  },
  {
    "review": "죽은 사람들로부터 들려오는 작은 목소리 \"카르페디엠...\" 아마 우리가 죽은 후에야 \"카르페디엠...\"이라고 말하겠지.",
    "date": "15.08.19",
    "rating": "7",
    "author": "thev****",
    "review_id": "10251913",
    "movie_id": "10048"
  },
  {
    "review": "10년이 지나고 봐도 여운이 깊은 가슴을 울리는 영화.. 로빈 윌리암스 너무 보고 싶네요",
    "date": "15.08.18",
    "rating": "10",
    "author": "ayay****",
    "review_id": "10247562",
    "movie_id": "10048"
  },
  {
    "review": "가장 아름다웠던 내 어린시절의 영화",
    "date": "15.08.17",
    "rating": "10",
    "author": "gnt1****",
    "review_id": "10245271",
    "movie_id": "10048"
  },
  {
    "review": "살면서 꼭봐야할 영화 볼때마다 감동",
    "date": "15.08.16",
    "rating": "10",
    "author": "dksa****",
    "review_id": "10241707",
    "movie_id": "10048"
  },
  {
    "review": "명작 그 이상이다. 많은 여운이 남고 나중에 다시 감상 하고싶은 영화",
    "date": "15.08.16",
    "rating": "10",
    "author": "kimm****",
    "review_id": "10240232",
    "movie_id": "10048"
  },
  {
    "review": "인생을 살면서 꼭 봐야할 영화",
    "date": "15.08.15",
    "rating": "10",
    "author": "kyt0****",
    "review_id": "10234180",
    "movie_id": "10048"
  },
  {
    "review": "2시간이라는 짧은 시간동안 많은것을 느낄수 있게 해준 영화",
    "date": "15.08.13",
    "rating": "10",
    "author": "dnsc****",
    "review_id": "10221791",
    "movie_id": "10048"
  },
  {
    "review": "내 인생 가장 커다란 감동을 준 영화.!",
    "date": "15.08.12",
    "rating": "10",
    "author": "bbas****",
    "review_id": "10220664",
    "movie_id": "10048"
  },
  {
    "review": "닐의 죽음이 너무 안타깝다",
    "date": "15.08.12",
    "rating": "10",
    "author": "yjhk****",
    "review_id": "10220229",
    "movie_id": "10048"
  },
  {
    "review": "죽은시인의사회감동적이네여",
    "date": "15.08.12",
    "rating": "10",
    "author": "rlad****",
    "review_id": "10218973",
    "movie_id": "10048"
  },
  {
    "review": "20대 방황하는 나에게 많은 공감을 준 작품이다.. 영화를 본 이후에도 내가 다시 사회의 요구하는대로 살아갈 것 같아 두렵다..",
    "date": "15.08.11",
    "rating": "9",
    "author": "yooo****",
    "review_id": "10216728",
    "movie_id": "10048"
  },
  {
    "review": "보고  난 후에도  가슴이 너무 아팠던 영화ㅠㅠ",
    "date": "15.08.10",
    "rating": "10",
    "author": "9709****",
    "review_id": "10213642",
    "movie_id": "10048"
  },
  {
    "review": "평점주고싶어서이런거도쓰네",
    "date": "15.08.10",
    "rating": "10",
    "author": "zmfv****",
    "review_id": "10213487",
    "movie_id": "10048"
  },
  {
    "review": "오, 캡틴! 마이 캡틴!",
    "date": "15.08.09",
    "rating": "10",
    "author": "qnrh****",
    "review_id": "10209902",
    "movie_id": "10048"
  },
  {
    "review": "학부모 된 이후에도 캡틴을 지지할수 있는 사람 몇이나될까 ㅎ;",
    "date": "15.08.09",
    "rating": "9",
    "author": "gona****",
    "review_id": "10207195",
    "movie_id": "10048"
  },
  {
    "review": "영화 보다가 씻느라고 중간에 못 봤는데 그래도 끝까지 보니까 내용 다 이해되고 재미 있음. 내가 닐 페리였다면 자살 안하고 그냥 가출했을텐데. 애들이 너무 약해.",
    "date": "15.08.09",
    "rating": "10",
    "author": "fire****",
    "review_id": "10206328",
    "movie_id": "10048"
  },
  {
    "review": "이 명작을 왜 지금봤을까",
    "date": "15.08.09",
    "rating": "10",
    "author": "sgn0****",
    "review_id": "10205584",
    "movie_id": "10048"
  },
  {
    "review": "개봉 당시 나도 주인공들의 또래여서 이 영화의 감동은 정말 대단했었다. 지금 생각해 보면, 그 감동으로 어느 정도 힐링되었던 것 같다. Extraordinary. Ace. Daring & Caution. What is the poetry? Come.",
    "date": "15.08.09",
    "rating": "10",
    "author": "cool****",
    "review_id": "10205533",
    "movie_id": "10048"
  },
  {
    "review": "평점 10점이 모자랄 정도로 정말 훌륭한 영화입니다... 가슴이 뜨거워지고 머릿속에서 무언가 골똘히 생각하게 하는 그런 영화. 몇번을 봐도 질리지 않을 것 같습니다.",
    "date": "15.08.09",
    "rating": "10",
    "author": "ulim****",
    "review_id": "10205404",
    "movie_id": "10048"
  },
  {
    "review": "청소년기에 이 영화를 본것은 참 행운이라 생각한다",
    "date": "15.08.09",
    "rating": "10",
    "author": "cwla****",
    "review_id": "10205380",
    "movie_id": "10048"
  },
  {
    "review": "10점을 주지않을 수 없는 영화. 심금을 울리는 눈물 없이는 볼 수 없는 영화이다. 죽기 전에 꼭 다들 한 번은 봐야한다. 꼭.",
    "date": "15.08.09",
    "rating": "10",
    "author": "zldi****",
    "review_id": "10205324",
    "movie_id": "10048"
  },
  {
    "review": "말이필요없는영화..",
    "date": "15.08.09",
    "rating": "10",
    "author": "2000****",
    "review_id": "10205289",
    "movie_id": "10048"
  },
  {
    "review": "영화는 훌륭.  단 society 는 사회가 아니라 클럽으로 번역해야죠.  죽은 시인 클럽.",
    "date": "15.08.09",
    "rating": "9",
    "author": "free****",
    "review_id": "10205252",
    "movie_id": "10048"
  },
  {
    "review": "나의 인생영화....",
    "date": "15.08.08",
    "rating": "10",
    "author": "jjhu****",
    "review_id": "10204414",
    "movie_id": "10048"
  },
  {
    "review": "캡틴오마이캡틴ㅜㅜㅜ",
    "date": "15.08.06",
    "rating": "10",
    "author": "hyun****",
    "review_id": "10191674",
    "movie_id": "10048"
  },
  {
    "review": "Carpe Diem..Sieze the day, boys. Make your life extraordinary.... O Captain, my Captain!!최고의 감동과 책상씬의 여운...너무나 좋은영화다 내가 영화감독이 된후에 이평점을 봐야겠다.",
    "date": "15.08.04",
    "rating": "10",
    "author": "sksx****",
    "review_id": "10183810",
    "movie_id": "10048"
  },
  {
    "review": "CARPE DIEM, SEIZE  THE DAY",
    "date": "15.08.02",
    "rating": "10",
    "author": "chlo****",
    "review_id": "10175764",
    "movie_id": "10048"
  },
  {
    "review": "말이필요없다..최고",
    "date": "15.08.01",
    "rating": "10",
    "author": "sea9****",
    "review_id": "10172033",
    "movie_id": "10048"
  },
  {
    "review": "정말 많은 교훈 남겨주고 간 영화.",
    "date": "15.08.01",
    "rating": "10",
    "author": "fnql****",
    "review_id": "10168608",
    "movie_id": "10048"
  },
  {
    "review": "최고!! 진짜 말랐다고 생각한 눈물샘에 다시금 물을 채워준 영화인생영화로 손색없다.사춘기가 지난 중고등학생과 선생님들 학부모님께 매우 추천하는 영화",
    "date": "15.07.31",
    "rating": "10",
    "author": "rhal****",
    "review_id": "10165354",
    "movie_id": "10048"
  },
  {
    "review": "Carpe diem!!",
    "date": "15.07.30",
    "rating": "10",
    "author": "gihu****",
    "review_id": "10159486",
    "movie_id": "10048"
  },
  {
    "review": "교육의 진정한 목적은 어디에 있는가?",
    "date": "15.07.28",
    "rating": "10",
    "author": "kjm0****",
    "review_id": "10155136",
    "movie_id": "10048"
  },
  {
    "review": "참된 교육이 무엇이고 어떻게 살아야하는지에 대한 문제를 제시해주는 영화다  모두가 꼭 한 번쯤은 보길 바란다!",
    "date": "15.07.27",
    "rating": "9",
    "author": "jeyl****",
    "review_id": "10149192",
    "movie_id": "10048"
  },
  {
    "review": "설명할 필요없이 보세요. 꼭",
    "date": "15.07.26",
    "rating": "10",
    "author": "phj9****",
    "review_id": "10144204",
    "movie_id": "10048"
  },
  {
    "review": "로빈윌리엄스 멋지긴 한데 솔직히 엄청 지루한데",
    "date": "15.07.24",
    "rating": "1",
    "author": "sunn****",
    "review_id": "10138888",
    "movie_id": "10048"
  },
  {
    "review": "2000년도 이하 작품은 잘 안 봐왔던 나에게 매우 충격적인 작품이었다. 그리고 정말 신기한 것은 90년대 미국 교육 배경을 바탕으로 만들었을 영화인데... 왜 21세기 한국 교육의 실태가 보였다는 것이다.",
    "date": "15.07.22",
    "rating": "9",
    "author": "viki****",
    "review_id": "10130450",
    "movie_id": "10048"
  },
  {
    "review": "오 캡틴 마이 캡틴!! 진정한 선생님이 있다면 키팅 선생님 같은 분이 아닐까...  토드, 닐, 녹스, 찰리의 모습에서 나를 본다...",
    "date": "15.07.22",
    "rating": "10",
    "author": "rews****",
    "review_id": "10128523",
    "movie_id": "10048"
  },
  {
    "review": "마지막 장면이 잊혀지지 않는다 ... 명작!",
    "date": "15.07.22",
    "rating": "10",
    "author": "simp****",
    "review_id": "10127349",
    "movie_id": "10048"
  },
  {
    "review": "엔딩에서 오랜만에 눈물이 흘렀던 작품.  배우들의 연기력도 좋아 몰입도가 높았고 스토리에 불필요한 부분이 있었지만 그것들이 커버될 만큼 인상깊은 영화. 특히 닐이 죽기 직전의 심리묘사 장면과 엔딩이 가장 인상깊었고 그의 마지막의 배경이 겨울인것도 좋음",
    "date": "15.07.20",
    "rating": "10",
    "author": "alsc****",
    "review_id": "10122504",
    "movie_id": "10048"
  },
  {
    "review": "내나이 이제 40대 어려을적  친구랑 비디오 빌려다가 보고 둘이서 펑펑 울었던기억이....퇴근하시고 돌아온 아빠가 깜작 놀라하셨지 ^^",
    "date": "15.07.17",
    "rating": "10",
    "author": "ljh9****",
    "review_id": "10112913",
    "movie_id": "10048"
  },
  {
    "review": "정말 보는내내 울었습니다. 감동이 오르네요.. 여운이 많이 남는 영화입니다.",
    "date": "15.07.16",
    "rating": "10",
    "author": "redk****",
    "review_id": "10111011",
    "movie_id": "10048"
  },
  {
    "review": "급이 다르다...진짜",
    "date": "15.07.12",
    "rating": "10",
    "author": "kiki****",
    "review_id": "10099076",
    "movie_id": "10048"
  },
  {
    "review": "감동적인 영화 오 캡틴 마이 캡틴",
    "date": "15.07.11",
    "rating": "10",
    "author": "hr86****",
    "review_id": "10092420",
    "movie_id": "10048"
  },
  {
    "review": "내용은 좋았으나 영화에서만 가능한 과장과 폭발력을 사용하지 않는 게 아쉽다. \"오 캡틴, 오 마이 캡틴\"부분이 좀 더 울려 퍼졌더라면.",
    "date": "15.07.10",
    "rating": "8",
    "author": "0125****",
    "review_id": "10088810",
    "movie_id": "10048"
  },
  {
    "review": "감동은 이루 말로 표현할 수가 없다.",
    "date": "15.07.10",
    "rating": "10",
    "author": "lsh5****",
    "review_id": "10086800",
    "movie_id": "10048"
  },
  {
    "review": "모든 장면이 머리속에서 아른거리지만 단 한장면 선명하게 기억하는 장면이 하나있다면 마지막 한장면 가장인상깊었으면서 가장 현재와 가까운시간에 본 장면인 그 장면 말이 필요없는 정말 감동적인 영화였디 \"오 캡틴 마이 캡틴\"",
    "date": "15.07.04",
    "rating": "10",
    "author": "igec****",
    "review_id": "10070080",
    "movie_id": "10048"
  },
  {
    "review": "대한민국이,사람들이 내가 이상주의라고 멍청한놈이라해도 난 그렇게 살아갈것이다. 누가 이상주의로 살지말란말했나? 인생은 내가 주인인다. 다닥쳐라",
    "date": "15.07.01",
    "rating": "10",
    "author": "codu****",
    "review_id": "10058952",
    "movie_id": "10048"
  },
  {
    "review": "주어진일을하며 현제를즐길만한 취미나 전공을가지는건 참어려운일같다. 내일을 행복하게할수있다는자체는 얼마나 큰행복일까",
    "date": "15.06.28",
    "rating": "10",
    "author": "dbrc****",
    "review_id": "10046154",
    "movie_id": "10048"
  },
  {
    "review": "나를 설레게했다 아리게했다하더니 마지막엔 '둥'하고 큰 울림마저 준 고마운 영화.",
    "date": "15.06.28",
    "rating": "10",
    "author": "youh****",
    "review_id": "10045396",
    "movie_id": "10048"
  },
  {
    "review": "This is great",
    "date": "15.06.27",
    "rating": "10",
    "author": "jang****",
    "review_id": "10040678",
    "movie_id": "10048"
  },
  {
    "review": "정말.. 정말 대단한 영화",
    "date": "15.06.26",
    "rating": "10",
    "author": "alsr****",
    "review_id": "10039992",
    "movie_id": "10048"
  },
  {
    "review": "하... 경쟁하고 또 경쟁하는 우리나에서는살기싫다",
    "date": "15.06.26",
    "rating": "10",
    "author": "doyo****",
    "review_id": "10039614",
    "movie_id": "10048"
  },
  {
    "review": "별에 별 해석 다 나오네 .. 진심으로 당신이 책상위에 올라섰을 사람이라 생각한다면 이영화를 해석해도 좋다 그게 아니라면 상업성으로 판단해라 감동은 그저 해석을 끄집어 낸다고 오는게 아니다",
    "date": "15.06.26",
    "rating": "1",
    "author": "sg71****",
    "review_id": "10038963",
    "movie_id": "10048"
  },
  {
    "review": "우리는 가리워져있는 길에 있다. 욕망으로 어두움으로 하지만 마음으로 삶을,오늘 하루를 지금을 즐기며 사는 것은 그 길을 뛰어넘어 내가 누구인지 찾아가는 과정이라고 생각한다.키팅 선생님의 말처럼 말이다. 카르페디엠",
    "date": "15.06.21",
    "rating": "10",
    "author": "kims****",
    "review_id": "10019196",
    "movie_id": "10048"
  },
  {
    "review": "많은것을 생각하게하는 내 인생의 최고의 명작",
    "date": "15.06.21",
    "rating": "10",
    "author": "ehj0****",
    "review_id": "10017394",
    "movie_id": "10048"
  },
  {
    "review": "♡♡♡♡1010101010",
    "date": "15.06.20",
    "rating": "10",
    "author": "kim1****",
    "review_id": "10013682",
    "movie_id": "10048"
  },
  {
    "review": "유치&뻔함&억지감동에 손발이 오그라드는 영화.. 너도 나도 감동 하니까 자기도 감동이라고 평가하게 되는영화지. 에휴",
    "date": "15.06.15",
    "rating": "3",
    "author": "chan****",
    "review_id": "10001533",
    "movie_id": "10048"
  },
  {
    "review": "최고의영화, 인생영화, 완벽한 교훈을 주는 영화",
    "date": "15.06.14",
    "rating": "10",
    "author": "simc****",
    "review_id": "9998049",
    "movie_id": "10048"
  },
  {
    "review": "Oh Captain, My Captain.",
    "date": "15.06.13",
    "rating": "10",
    "author": "love****",
    "review_id": "9996875",
    "movie_id": "10048"
  },
  {
    "review": "오 캡틴 마이 캡틴불쌍한 닐과 현실에 마주해 주저앉은 친구들의 슬픈 이야기",
    "date": "15.06.13",
    "rating": "10",
    "author": "dhsn****",
    "review_id": "9996010",
    "movie_id": "10048"
  },
  {
    "review": "25년이 지난 지금도 전혀 어색하지 않은 스토리라인, 감동",
    "date": "15.06.12",
    "rating": "10",
    "author": "jh10****",
    "review_id": "9991761",
    "movie_id": "10048"
  },
  {
    "review": "마지막 아이들이 모두 책상위로 올라가캡틴을 외치는 장면은 정말...최고네요",
    "date": "15.06.09",
    "rating": "10",
    "author": "doju****",
    "review_id": "9986865",
    "movie_id": "10048"
  },
  {
    "review": "키팅 선장같은 선생이 되고싶다.",
    "date": "15.06.07",
    "rating": "10",
    "author": "751m****",
    "review_id": "9981234",
    "movie_id": "10048"
  },
  {
    "review": "고1인 학생입니다..지금까지 꿈이란걸 가져본적도 없고 가지고싶어 노력했지만 어떤것도 와닿지 않았는데 정말 꽉막혔던게 뻥뚤리는 기분이에요 정말로 제꿈에대해 의문이 들어 매일 불안했는데 '카르페 디엠!' 이말을 새기며 이젠 정말로 제꿈을 찾을겁니다!",
    "date": "15.06.07",
    "rating": "10",
    "author": "dong****",
    "review_id": "9981206",
    "movie_id": "10048"
  },
  {
    "review": "보는내내 카메론과 놀란교장 진짜 밉상이었고, 특히 닐 아빠란 인간은 명치 정말 세게 후려치고 싶었다. 지가 지 욕심으로 아들 죽음으로 몰아간 걸 남탓으로 전가하려 하고 정말 인간 쓰레기임. 근데 현실에서도 닐 엄마아빠같은 학부모가 많다는 게 더 열받음",
    "date": "15.06.04",
    "rating": "10",
    "author": "kbm7****",
    "review_id": "9974428",
    "movie_id": "10048"
  },
  {
    "review": "마지막장면은 어떤 영화에도 OOO않는다",
    "date": "15.06.03",
    "rating": "10",
    "author": "yy47****",
    "review_id": "9972553",
    "movie_id": "10048"
  },
  {
    "review": "잘가요 로빈윌리엄스 R.I.P",
    "date": "15.06.02",
    "rating": "10",
    "author": "moon****",
    "review_id": "9970247",
    "movie_id": "10048"
  },
  {
    "review": "오 캡틴 마이캡틴! 정말 한번은 꼭 봐야할 영화 인듯합니다.",
    "date": "15.06.02",
    "rating": "10",
    "author": "diti****",
    "review_id": "9969625",
    "movie_id": "10048"
  },
  {
    "review": "와 정말 쓰레기같은세상에 오아시스 같은 영화였습니다. 그 시대에 이런 영화가 나왔다는게 너무 놀랍고 한편으로는 안타깝네요. 요즘 옜날영화들을 몰아보는데 최근에 본 15편 중에 정말 이건 처음부터 끝까지 가슴이 짜증날 정도로 반응했던 이야기 입니다.",
    "date": "15.05.31",
    "rating": "10",
    "author": "wlgu****",
    "review_id": "9964274",
    "movie_id": "10048"
  },
  {
    "review": "내마음을울렸다...",
    "date": "15.05.30",
    "rating": "10",
    "author": "pjj4****",
    "review_id": "9963702",
    "movie_id": "10048"
  },
  {
    "review": "배우들의 연기력도 좋고 작품 구성도 굳굳",
    "date": "15.05.30",
    "rating": "10",
    "author": "dks4****",
    "review_id": "9962692",
    "movie_id": "10048"
  },
  {
    "review": "중학생으로서 느끼는게 많았다카르페 디엠!",
    "date": "15.05.29",
    "rating": "9",
    "author": "kmwp****",
    "review_id": "9960604",
    "movie_id": "10048"
  },
  {
    "review": "진짜 이건 꼭 봐야한다 마지막 감동...",
    "date": "15.05.29",
    "rating": "10",
    "author": "wonh****",
    "review_id": "9958680",
    "movie_id": "10048"
  },
  {
    "review": "로빈 윌리엄스씨가 보고싶다.",
    "date": "15.05.27",
    "rating": "10",
    "author": "dnjz****",
    "review_id": "9954793",
    "movie_id": "10048"
  },
  {
    "review": "'선생님'이라 부르고 '선장님'이라 새겨놔야 할 기록",
    "date": "15.05.25",
    "rating": "9",
    "author": "syoc****",
    "review_id": "9950445",
    "movie_id": "10048"
  },
  {
    "review": "현실성은 없는데 화려한 액션 영화 좋아하는 사람들이 꼭 이거 보고 지루하다고 하더라. 진짜 영화란 바로 이런 영화인데. 언제 봐도 온몸에 전율이 느껴진다.",
    "date": "15.05.24",
    "rating": "10",
    "author": "sou_****",
    "review_id": "9945808",
    "movie_id": "10048"
  },
  {
    "review": "왜 이런 영화를 이제서야 봤는지... 마지막 책상에 올라서며 오캡틴마이캡틴하는 장면에서 나도 모르게 눈물이 주륵흘러내리는 나의 모습을 볼 수 있었다",
    "date": "15.05.24",
    "rating": "10",
    "author": "redi****",
    "review_id": "9943063",
    "movie_id": "10048"
  },
  {
    "review": "감동적이고 좋은 영화이고 우리나라 청소년드라마의 모티브가 된 영화라 생각되네요. 허나 지루한 부분이 있어서 만점은 못준다",
    "date": "15.05.21",
    "rating": "8",
    "author": "pukk****",
    "review_id": "9936731",
    "movie_id": "10048"
  },
  {
    "review": "지금까지 봤던 영화 중에 여운이 가장 길게 남은 영화. 지금의 내가 이곳에 나오는 학생들과 같은 위치의 학생인지라 더욱 더 많은 생각이 들게했다.",
    "date": "15.05.20",
    "rating": "10",
    "author": "dlat****",
    "review_id": "9932659",
    "movie_id": "10048"
  },
  {
    "review": "죽은 시인 회 이걸 어떻게 죽은 시인의 사회로 변역할수 있었을까?  죽은 시인의 모임 이라고 번역했다면 그나마 이해할수 있었을지도... 제목은 잘못 번역했지만 영화는 명작....",
    "date": "15.05.18",
    "rating": "10",
    "author": "akai****",
    "review_id": "9929282",
    "movie_id": "10048"
  },
  {
    "review": "뭔가 생각한 것보단 짧은 내용이라 아쉬움이 많이 남았던.. 쭉 흘러가는 만큼 물흘러가듯 쭉봤던",
    "date": "15.05.16",
    "rating": "9",
    "author": "mi29****",
    "review_id": "9924095",
    "movie_id": "10048"
  },
  {
    "review": "인생에서 부모보다 중요할수있는게 스승.그리고 친구다.",
    "date": "15.05.15",
    "rating": "10",
    "author": "yhy2****",
    "review_id": "9920147",
    "movie_id": "10048"
  },
  {
    "review": "무슨 말이 필여할까요...!!!",
    "date": "15.05.15",
    "rating": "10",
    "author": "zoou****",
    "review_id": "9918501",
    "movie_id": "10048"
  },
  {
    "review": "카르페디엠...  진리다.",
    "date": "15.05.15",
    "rating": "10",
    "author": "gwin****",
    "review_id": "9917630",
    "movie_id": "10048"
  },
  {
    "review": "크흡흐엉엉엉엉훌쩍훌쩍",
    "date": "15.05.13",
    "rating": "10",
    "author": "maym****",
    "review_id": "9914598",
    "movie_id": "10048"
  },
  {
    "review": "장면 하나하나 모두 집중하게된다 마지막 장면은 더할나위없이 좋았다 아어어어앵앵 진짜 감동적이고 많은 교훈을 남겨주는듯",
    "date": "15.05.11",
    "rating": "10",
    "author": "nali****",
    "review_id": "9911692",
    "movie_id": "10048"
  },
  {
    "review": "당신이 다른이의 삶에 혹은 부모님, 기존의 도그마에 고통받고 있다면 꼭 이 영화를 보아라. 우리는 자유로운 존재이다. Free thinker가 되어야 한다. 나의 자아가 무엇이고 그것을 어떻게 실현하는지 길을 열어주는 영화이다.",
    "date": "15.05.10",
    "rating": "10",
    "author": "rth0****",
    "review_id": "9907501",
    "movie_id": "10048"
  },
  {
    "review": "마지막에 끓어오르는 마음을 가진 학생들이 내 눈을 적셨다. 오 캡틴 마이 캡틴 정말 아름다운 영화다.",
    "date": "15.05.09",
    "rating": "10",
    "author": "hms5****",
    "review_id": "9904968",
    "movie_id": "10048"
  },
  {
    "review": "내 욕망이 아닌 부모나 사회의 욕망을 욕망해 왔다는 것을 깨닫게 해준 영화였다....",
    "date": "15.05.08",
    "rating": "9",
    "author": "taeh****",
    "review_id": "9902818",
    "movie_id": "10048"
  },
  {
    "review": "존 키팅 선생님의 그 미소를 잊을 수 없을 것 같다.",
    "date": "15.05.06",
    "rating": "10",
    "author": "skim****",
    "review_id": "9899787",
    "movie_id": "10048"
  },
  {
    "review": "오 캡틴 마이 캡틴.... 영화 매니아중 이 말을 모르는 사람이 있을까...마지막장면은 정말 인상적이었고 내가 하고 싶은 일을 해야겠단 결심을 하게 해준 영화.전체적인 내용이 조금 긴장감이 없어서인지 지루했던 느낌이 든것을 제외하곤 좋은 영화.",
    "date": "15.05.03",
    "rating": "8",
    "author": "kenn****",
    "review_id": "9890553",
    "movie_id": "10048"
  },
  {
    "review": "정말 좋은 영화다 정말 재밌다",
    "date": "15.05.02",
    "rating": "9",
    "author": "dlwo****",
    "review_id": "9886267",
    "movie_id": "10048"
  },
  {
    "review": "죽시사 평점주려고 로그인했다ㅠㅠ짱",
    "date": "15.05.02",
    "rating": "10",
    "author": "susi****",
    "review_id": "9886156",
    "movie_id": "10048"
  },
  {
    "review": "명작 중에 명작ㅜ 최고라는 말이 아깝지 않은 영ㅇ화",
    "date": "15.04.28",
    "rating": "9",
    "author": "wjdd****",
    "review_id": "9876313",
    "movie_id": "10048"
  },
  {
    "review": "존 키팅 선생님....",
    "date": "15.04.26",
    "rating": "10",
    "author": "blue****",
    "review_id": "9869591",
    "movie_id": "10048"
  }
]