[
  {
    "review": "젊은 해리슨 포드를 볼 수 있어서 좋았다. 1978에 이정도의 영화를 만들어 내다니 놀라울 따름이다. 전쟁영화 답지 않게 처음부터 끝까지 경쾌한 영화이다. 좀 더 무거운 영화 였으면 좀 더 좋았을것 같다.",
    "date": "14.06.05",
    "rating": "9",
    "author": "rvf2****",
    "review_id": "8800391",
    "movie_id": "10044"
  },
  {
    "review": "전쟁영화의대작",
    "date": "13.09.05",
    "rating": "8",
    "author": "lim7****",
    "review_id": "7948587",
    "movie_id": "10044"
  },
  {
    "review": "나바론 1편도 재밌지만 이건 훨씬 더 재밌따",
    "date": "12.06.18",
    "rating": "10",
    "author": "pfei****",
    "review_id": "6401560",
    "movie_id": "10044"
  },
  {
    "review": "해리슨포드와 링고스타부인 땜에 8점준다",
    "date": "11.03.06",
    "rating": "10",
    "author": "lege****",
    "review_id": "5295930",
    "movie_id": "10044"
  },
  {
    "review": "확실히 재미는 있군요",
    "date": "10.04.12",
    "rating": "10",
    "author": "mais****",
    "review_id": "4427981",
    "movie_id": "10044"
  },
  {
    "review": "무난한 아동용 전쟁 동화. 에드워드폭스와 프랑코 네로 보는 즐거움도",
    "date": "09.10.15",
    "rating": "5",
    "author": "pria****",
    "review_id": "3893063",
    "movie_id": "10044"
  },
  {
    "review": "전편과 비슷한 재미를 선사한다",
    "date": "09.09.11",
    "rating": "7",
    "author": "deff****",
    "review_id": "3824558",
    "movie_id": "10044"
  },
  {
    "review": "정말 재미하나는 보장합니다 흥미진진하네요 ㅋ 오랜만에 좋은영화 한편 뽑았네요",
    "date": "09.09.06",
    "rating": "10",
    "author": "tngu****",
    "review_id": "3814783",
    "movie_id": "10044"
  },
  {
    "review": "재미는없지만 여배우가 링고스타 부인이기에 대략 7점줌 ㅋㅋㅋㅋㅋㅋㅋㅋㅋ",
    "date": "08.02.24",
    "rating": "7",
    "author": "heso****",
    "review_id": "2478431",
    "movie_id": "10044"
  },
  {
    "review": "1편에 비하면 무슨 청춘 영화같다 .그래도 재미만은 보장",
    "date": "07.09.23",
    "rating": "9",
    "author": "baks****",
    "review_id": "2041221",
    "movie_id": "10044"
  },
  {
    "review": "오래전 이 영화 볼 생각에 잠도 못잤다",
    "date": "07.08.25",
    "rating": "10",
    "author": "sdfz****",
    "review_id": "1977963",
    "movie_id": "10044"
  },
  {
    "review": "주인공들도 다른데 굳이 나바론의 2탄이란 제목을 달 필요가 있었나???",
    "date": "07.04.27",
    "rating": "7",
    "author": "okyk****",
    "review_id": "1607398",
    "movie_id": "10044"
  },
  {
    "review": "그래요. 재미는 2편이 더 낫죠!!",
    "date": "04.10.22",
    "rating": "9",
    "author": "film****",
    "review_id": "130240",
    "movie_id": "10044"
  },
  {
    "review": "나바론1보다 이게 더 재밌는데..",
    "date": "04.07.27",
    "rating": "10",
    "author": "klux****",
    "review_id": "77678",
    "movie_id": "10044"
  },
  {
    "review": "나바론2  비디오가지고계신분연락주세요",
    "date": "04.06.13",
    "rating": "10",
    "author": "kimk****",
    "review_id": "53519",
    "movie_id": "10044"
  }
]