[
  {
    "review": "이 명작을 왜 지금에서야 보았는지... 정말 말이 필요없는 최고의 작품이었습니다!! 정말 강추합니다.",
    "date": "15.08.13",
    "rating": "10",
    "author": "remo****",
    "review_id": "10223692",
    "movie_id": "10055"
  },
  {
    "review": "단순한 액션 영화가 아니다. 사회 적응하지 못하고 방황하는 이의 아픔을 표현한 영화다. 그의 잘못만이 아닌 그를 품어주지 못한 사회의 책임이 분명히 있는거다.",
    "date": "15.08.13",
    "rating": "10",
    "author": "hamk****",
    "review_id": "10222450",
    "movie_id": "10055"
  },
  {
    "review": "비단, 람보 뿐만 아니다... 월남전에서 조국의 발전을 위해 헌신하신 .... 우리 할아버지들에 대한 관심이 필요하다..",
    "date": "15.06.09",
    "rating": "10",
    "author": "taeh****",
    "review_id": "9986650",
    "movie_id": "10055"
  },
  {
    "review": "당신이 생각하는 람보는 없다.",
    "date": "15.05.09",
    "rating": "6",
    "author": "rd72****",
    "review_id": "9907307",
    "movie_id": "10055"
  },
  {
    "review": "오늘 슈퍼액션에서 너무 재밌게 봤습니다 실베스터 너무 젊고 멋있었습니다. 오래 사셨으면~^^",
    "date": "15.03.15",
    "rating": "10",
    "author": "fndl****",
    "review_id": "9783993",
    "movie_id": "10055"
  },
  {
    "review": "남자로써 보고 울지 않으면 안되는 영화",
    "date": "15.03.03",
    "rating": "9",
    "author": "tkeh****",
    "review_id": "9754699",
    "movie_id": "10055"
  },
  {
    "review": "2015년 지금에 와서 봐도 전혀 굴욕없다 ..영화는 진짜 아무나 찍고 감독하는게 아니다 ...;",
    "date": "15.03.01",
    "rating": "10",
    "author": "revo****",
    "review_id": "9749927",
    "movie_id": "10055"
  },
  {
    "review": "결말부분에 원작대로 자살을 했으면 절정이었을텐데...",
    "date": "15.02.26",
    "rating": "8",
    "author": "gosk****",
    "review_id": "9741263",
    "movie_id": "10055"
  },
  {
    "review": "미국이 베트남 전쟁의 트라우마를 이겨내고, 또 세계를 지배하고",
    "date": "15.02.08",
    "rating": "8",
    "author": "clie****",
    "review_id": "9680522",
    "movie_id": "10055"
  },
  {
    "review": "최고의 영화다.. 숲에서는 내가 법이다..",
    "date": "15.01.30",
    "rating": "10",
    "author": "dive****",
    "review_id": "9650681",
    "movie_id": "10055"
  },
  {
    "review": "일당백인 주인공의 활약이 멋지다.  버림받고 상처받은 영웅의 고통에 마음이 아프다.",
    "date": "15.01.30",
    "rating": "9",
    "author": "okmr****",
    "review_id": "9650129",
    "movie_id": "10055"
  },
  {
    "review": "이 명작을 오락영화로만 생각하고 보지 않아왔단 게 믿겨지지 않는다.",
    "date": "15.01.28",
    "rating": "10",
    "author": "ajtw****",
    "review_id": "9646462",
    "movie_id": "10055"
  },
  {
    "review": "영웅의 눈물을 보는 대령의 마음은 어땠을까.. 어때야하는가..",
    "date": "15.01.25",
    "rating": "10",
    "author": "yt16****",
    "review_id": "9636596",
    "movie_id": "10055"
  },
  {
    "review": "예상과 전혀 다르게 가슴아픈 절규와 람보의 여린면을 볼 수 있었다. 뜻밖의 엔딩",
    "date": "15.01.25",
    "rating": "8",
    "author": "cred****",
    "review_id": "9636586",
    "movie_id": "10055"
  },
  {
    "review": "이 명작을 이제야 보다니...",
    "date": "15.01.25",
    "rating": "10",
    "author": "aeig****",
    "review_id": "9636009",
    "movie_id": "10055"
  },
  {
    "review": "전쟁의 폐해와 잔재, 그 처절한 단면",
    "date": "15.01.20",
    "rating": "4",
    "author": "goms****",
    "review_id": "9615412",
    "movie_id": "10055"
  },
  {
    "review": "단순액션 영화가 아니지..1편은 정말 괜찮은 영화다.",
    "date": "14.12.09",
    "rating": "10",
    "author": "snoo****",
    "review_id": "9461352",
    "movie_id": "10055"
  },
  {
    "review": "치유가 필요한 전쟁영웅",
    "date": "14.12.07",
    "rating": "9",
    "author": "arti****",
    "review_id": "9456952",
    "movie_id": "10055"
  },
  {
    "review": "무심코 본 이 영화때문에 출근 늦어서 지각할뻔했다. 뚜껑을 열어보니 내용은 플래툰 후기작. 전쟁후의 폐허같은 인간의 참담한 면만 남아있던 지우고싶은 패전의 아픔마저 가진 존 람보. 결국 동료마저 없이 쓰레기가 치워지듯 공권력에 지워져야했구나. 슬픔.",
    "date": "14.12.07",
    "rating": "9",
    "author": "jich****",
    "review_id": "9454520",
    "movie_id": "10055"
  },
  {
    "review": "통렬한 사회 비판 . 실베스타 스텔론의 각본.",
    "date": "14.11.09",
    "rating": "10",
    "author": "trfo****",
    "review_id": "9359749",
    "movie_id": "10055"
  },
  {
    "review": "명작은 다시봐도 명작 ~",
    "date": "14.10.28",
    "rating": "10",
    "author": "maxw****",
    "review_id": "9325523",
    "movie_id": "10055"
  },
  {
    "review": "말이 필요 없다. 그냥명작",
    "date": "14.10.28",
    "rating": "10",
    "author": "kds5****",
    "review_id": "9323961",
    "movie_id": "10055"
  },
  {
    "review": "전쟁영웅이 병든사회에서 살아가는 법",
    "date": "14.10.13",
    "rating": "7",
    "author": "setm****",
    "review_id": "9289597",
    "movie_id": "10055"
  },
  {
    "review": "람보 이당시엔 액션이 주된내용이 아니라도 괜찮았는데",
    "date": "14.10.09",
    "rating": "9",
    "author": "xfig****",
    "review_id": "9278927",
    "movie_id": "10055"
  },
  {
    "review": "누군가 전장증후군을 비극적으로 그린작품이라던데, 그건 영화의 단편적인 모습이고 당시 베트남에서 돌아온 자국 병사들에게 살인자라는 조소를 보내던 미국여론에대한 반박으로보인다.실제 영화에선 그린베레의 무용이 눈부실정도. 다만 악역쪽도 정당하긴하다.",
    "date": "14.10.04",
    "rating": "9",
    "author": "sixm****",
    "review_id": "9263420",
    "movie_id": "10055"
  },
  {
    "review": "내내 말로만 듣다가 드디어 봤다.  화려한 액션영화인줄 알았더니 미치도록 슬픈 영화였네....",
    "date": "14.09.12",
    "rating": "10",
    "author": "seyi****",
    "review_id": "9207044",
    "movie_id": "10055"
  },
  {
    "review": "이제서야 감상해서 죄송합니다 정말 죄송합니다",
    "date": "14.09.08",
    "rating": "10",
    "author": "xowl****",
    "review_id": "9186861",
    "movie_id": "10055"
  },
  {
    "review": "월남에서 희생된 모든 미군 장병, 국군 장병 여러분 영면하시길",
    "date": "14.09.06",
    "rating": "10",
    "author": "duat****",
    "review_id": "9175476",
    "movie_id": "10055"
  },
  {
    "review": "람보 1은 진짜 명작..",
    "date": "14.09.01",
    "rating": "10",
    "author": "tlsg****",
    "review_id": "9152625",
    "movie_id": "10055"
  },
  {
    "review": "람보 각본에도 스탤론이 참여했다니 대단하네요!",
    "date": "14.08.01",
    "rating": "10",
    "author": "clou****",
    "review_id": "9002252",
    "movie_id": "10055"
  },
  {
    "review": "왜 람보형님을 건드려? 식사나하게 내버려둘것이지....",
    "date": "14.07.30",
    "rating": "10",
    "author": "mnbv****",
    "review_id": "8979581",
    "movie_id": "10055"
  },
  {
    "review": "이기지 못한 전쟁인 월남전 이후 참전 군인들이 부랑자 혹은 살인자라 멸시하던 당시 시대상을 비판하는 반전 영화. 전쟁 중에 당한 고문이 트라우마가 되서 불안전한 정신상태를 가진 전역군인을 연기한 실베스타 스텔론의 연기도  좋았다.",
    "date": "14.07.27",
    "rating": "7",
    "author": "inos****",
    "review_id": "8971103",
    "movie_id": "10055"
  },
  {
    "review": "이건 그냥 대명사잖아.",
    "date": "14.07.21",
    "rating": "10",
    "author": "jere****",
    "review_id": "8938053",
    "movie_id": "10055"
  },
  {
    "review": "잇츠어 롱 로드~~~~",
    "date": "14.06.25",
    "rating": "10",
    "author": "hitr****",
    "review_id": "8855768",
    "movie_id": "10055"
  },
  {
    "review": "내용이 좋아서 끝내줍니다",
    "date": "14.06.25",
    "rating": "10",
    "author": "leo9****",
    "review_id": "8855490",
    "movie_id": "10055"
  },
  {
    "review": "다시보면 보입니다. 은별형님의 날렵한 턱선, CSI 마이애미의 호라시오의 앳된모습과 지금으로는 상상할수 없는 호라시오의 하이톤 목소리(극중 '미치'역).. 왜이리 과장스럽지 하면서도 끝까지 보게되는 마성의 명작!!",
    "date": "14.06.25",
    "rating": "10",
    "author": "ones****",
    "review_id": "8855342",
    "movie_id": "10055"
  },
  {
    "review": "람보 후속편들로  단순한 액션물로 치부하지 마라..람보1 퍼스트 블러드는 수작이다..중1때 봤을 당시 처절한 몸부림에 뻑이 갔음",
    "date": "14.06.25",
    "rating": "9",
    "author": "oyj5****",
    "review_id": "8853028",
    "movie_id": "10055"
  },
  {
    "review": "의리없는 국가에 대항하는 의리형님!",
    "date": "14.06.23",
    "rating": "8",
    "author": "pont****",
    "review_id": "8848407",
    "movie_id": "10055"
  },
  {
    "review": "스탤론 행님의 레전드 걸작이제영원히 살아 있네 졸라 재미있게잘 즐겨 봤다",
    "date": "14.06.22",
    "rating": "10",
    "author": "yyho****",
    "review_id": "8847445",
    "movie_id": "10055"
  },
  {
    "review": "어릴 적엔 액션이 좋아서 봤는데 나이들어 보니 대단히 의미부여된 영화란걸 알았다. 단순한 액션영화가 아니다",
    "date": "14.06.16",
    "rating": "9",
    "author": "shle****",
    "review_id": "8836180",
    "movie_id": "10055"
  },
  {
    "review": "명작중의 명작 몇번을 보아도 볼때마다 새로운 감동과 분노와 안타까움을  느끼게 하는 영화 호라시오의 젊은 시절과 캐나다 Hope 의 아름다운 배경이 재미를 더해 시간가는 줄 모르고 또 보았습니다. 람보의 마지막 절규는 감동 그 자체입니다.ㅣ",
    "date": "14.06.13",
    "rating": "10",
    "author": "snjs****",
    "review_id": "8825774",
    "movie_id": "10055"
  },
  {
    "review": "록키1이 그러하듯 후속편과는 비교할 수 없는 명작영화 람보1.",
    "date": "14.06.13",
    "rating": "10",
    "author": "thet****",
    "review_id": "8825337",
    "movie_id": "10055"
  },
  {
    "review": "2.3.4편과는 비교할수 없는 위대한작품. 전쟁으로 정신적 고통을 영윈히 받는 군인의 참상과 안타까운 모습을 볼수 있었다.아 람보가 울때 나도 못참겠더라.",
    "date": "14.05.28",
    "rating": "10",
    "author": "yhdo****",
    "review_id": "8772254",
    "movie_id": "10055"
  },
  {
    "review": "람보 그 전설의 시작. 안보면 후회할 영화임!",
    "date": "14.05.24",
    "rating": "9",
    "author": "zxvt****",
    "review_id": "8761685",
    "movie_id": "10055"
  },
  {
    "review": "람보, 조국을 위해 모든걸 바쳤지만, 사람들에게 살인자, 인간 쓰레기 라며 우롱당하며, 군 복무 당시 친했던 친구들도 세상에 없으며 , 전장에서는 엘리트로 날렸지만 퇴역군인인 그는 주차 종업원 자리조차 얻을수 없는 현실에 절규하는 장면은 감성을울린다",
    "date": "14.04.16",
    "rating": "10",
    "author": "vkfn****",
    "review_id": "8654438",
    "movie_id": "10055"
  },
  {
    "review": "PTSD의 폐해....",
    "date": "14.04.05",
    "rating": "10",
    "author": "dkfn****",
    "review_id": "8630114",
    "movie_id": "10055"
  },
  {
    "review": "람보 시리즈중에 유일하게 스토리가 있는 영화. 지금봐도 지루하지가 않음",
    "date": "14.03.24",
    "rating": "10",
    "author": "ddab****",
    "review_id": "8603283",
    "movie_id": "10055"
  },
  {
    "review": "나라를 위해 자신의 목숨을 걸고, 인생을 희생한 참전군인을 비하하고 맹목적인 평화와 반전여론에 빠져 그들의 아픔을 돌봐주지 않은 베트남전 후의 미국사회를 비판한 영화. 고통은 끝나지 않았는데 세상은 그저 끝나버린 세상속에 갖힌 부적응자로만..",
    "date": "14.03.14",
    "rating": "10",
    "author": "cain****",
    "review_id": "8576160",
    "movie_id": "10055"
  },
  {
    "review": "그냥 총 무제한이고 다 때려부시는 액션영화가 아니다 다들 람보를 그렇게 생각하는데 첫작인 람보1은 정말 명작이다 어쩌면 터미네이터가 더 오락성이 높고 람보1이 작품성이 더 높다",
    "date": "14.02.25",
    "rating": "10",
    "author": "yjl1****",
    "review_id": "8536014",
    "movie_id": "10055"
  },
  {
    "review": "네이버 미친놈들 내용을 다 설명해 놔",
    "date": "14.02.13",
    "rating": "10",
    "author": "tpsx****",
    "review_id": "8504237",
    "movie_id": "10055"
  },
  {
    "review": "한국전쟁 참전자와 람보와의 이미지가 연동 된다. 유공자에 대한 쌀쌀한 시선과 말 뿐인 국방부, 답답 하고 울적한 참전자의 심리를 몰입감 있게 그려낸 훌륭한 작품이다.",
    "date": "14.02.12",
    "rating": "9",
    "author": "rlad****",
    "review_id": "8502058",
    "movie_id": "10055"
  },
  {
    "review": "영웅한테도 그림자가 있다. 그러니까 영웅도 인간이다.",
    "date": "14.02.08",
    "rating": "8",
    "author": "park****",
    "review_id": "8486428",
    "movie_id": "10055"
  },
  {
    "review": "여기 눈물이 흐르는 액션영화가 존재한다. 전쟁에서 살아남은 자에게 상처뿐인 영광이라는 상투적인 테마를 이토록 뼈저리게 표현한 영화가 또 있을까... 전쟁영웅에서 사회부적응자로 전락한 람보의 마지막 독백이 애잔하다.",
    "date": "13.12.20",
    "rating": "9",
    "author": "dhka****",
    "review_id": "8257570",
    "movie_id": "10055"
  },
  {
    "review": "너거들이 생각하는 그냥 단순한 람보가 아니다. 진짜 명작이다...",
    "date": "13.11.21",
    "rating": "10",
    "author": "zxc1****",
    "review_id": "8156970",
    "movie_id": "10055"
  },
  {
    "review": "람보를 단순한 총싸움 영화라고 생각하는가 ? 자세히 보면 람보라는  영화는 너무나 슬픈영화다.",
    "date": "13.09.18",
    "rating": "10",
    "author": "yes4****",
    "review_id": "7994236",
    "movie_id": "10055"
  },
  {
    "review": "오락영화라 생각하고 봤지만 그런영화가 아니였다마지막 ost와함께 연행되는 람보는 참 찡하다",
    "date": "13.08.25",
    "rating": "8",
    "author": "lsan****",
    "review_id": "7919750",
    "movie_id": "10055"
  },
  {
    "review": "광기와 혼란에 빠진 월남전후 미국사회의 모순상을 미국이 만들어낸 괴물 람보를 통해 철저히 고발하고 있는 진정한 명작! 미국이라는 국가의 모순과 모순이 뫼비우스의 띠처럼 끝없이 돌고도는 모습을 씁쓸하게 묘사했다.",
    "date": "13.08.23",
    "rating": "9",
    "author": "deka****",
    "review_id": "7914843",
    "movie_id": "10055"
  },
  {
    "review": "추억의 명작 영화...  지금 다시봐도 재미있고 볼만하다",
    "date": "13.08.17",
    "rating": "9",
    "author": "adiv****",
    "review_id": "7894640",
    "movie_id": "10055"
  },
  {
    "review": "전쟁영화가 아니다. 퇴직군인의 사회 부적응과 강압적인 공권력 이야기다. 결말이 좀 아쉽지만 마지막 절규는 남자라면 눈시울이 뜨거워질거다.",
    "date": "13.08.13",
    "rating": "8",
    "author": "chom****",
    "review_id": "7875545",
    "movie_id": "10055"
  },
  {
    "review": "람보는 미국영웅주의를 비판한 수작임을 아는 사람이 얼마나 될까나??",
    "date": "13.08.03",
    "rating": "10",
    "author": "spar****",
    "review_id": "7831972",
    "movie_id": "10055"
  },
  {
    "review": "기대이하의 액션과 전개",
    "date": "13.07.13",
    "rating": "1",
    "author": "mara****",
    "review_id": "7734695",
    "movie_id": "10055"
  },
  {
    "review": "영원한 우리의 진짜 사나이!",
    "date": "13.07.11",
    "rating": "10",
    "author": "jhh1****",
    "review_id": "7724099",
    "movie_id": "10055"
  },
  {
    "review": "조국을 지키기 위해 싸운 국민영웅이 국민에게 부랑자라는 조롱과 따가운 시선을 받으며 살 곳도 얘기 할 친구도 없다. 그의 울부짖는 절규는 아프다. Nothing is Over, NOTHING!",
    "date": "13.07.08",
    "rating": "9",
    "author": "mapl****",
    "review_id": "7716464",
    "movie_id": "10055"
  },
  {
    "review": "몇번을 봐도 재밌다",
    "date": "13.07.06",
    "rating": "10",
    "author": "fove****",
    "review_id": "7709379",
    "movie_id": "10055"
  },
  {
    "review": "람보1은 제대군인의 슬픔을 잘표현했다",
    "date": "13.07.03",
    "rating": "10",
    "author": "mjgr****",
    "review_id": "7700044",
    "movie_id": "10055"
  },
  {
    "review": "지금 봐도 전혀 유치하지 않다",
    "date": "13.05.03",
    "rating": "10",
    "author": "lsh5****",
    "review_id": "7503977",
    "movie_id": "10055"
  },
  {
    "review": "람보에대한 고정관념이 깨져버렸다. 유치한 일당백 전쟁영화속 주인공인줄알았는데... 지금봐도 딸리지않는 완성도. 매력적인 캐릭터. 명작!",
    "date": "13.04.30",
    "rating": "10",
    "author": "zeti****",
    "review_id": "7496455",
    "movie_id": "10055"
  },
  {
    "review": "한 전쟁 피해자의 이야기",
    "date": "13.04.27",
    "rating": "7",
    "author": "cols****",
    "review_id": "7486066",
    "movie_id": "10055"
  },
  {
    "review": "그냥 10점임..",
    "date": "13.04.15",
    "rating": "10",
    "author": "spy8****",
    "review_id": "7461093",
    "movie_id": "10055"
  },
  {
    "review": "최고임",
    "date": "13.04.06",
    "rating": "10",
    "author": "gore****",
    "review_id": "7439476",
    "movie_id": "10055"
  },
  {
    "review": "모든 군인들은 한때 신과 같은 병장이었고 간부였지만 전역 후 고독을 맛보죠. 전우들과 만나면 가장 재미있는 이야기거리가 되지만 사회에서는 아무도 알아주지 않는 군대의 추억. 저도 전역했던 때가 있었는데 그때가 생각나서 많이 공감했습니다.",
    "date": "13.03.23",
    "rating": "10",
    "author": "iihj****",
    "review_id": "7402326",
    "movie_id": "10055"
  },
  {
    "review": "상처받은 영웅의 살기위한 몸부림",
    "date": "13.03.23",
    "rating": "10",
    "author": "supe****",
    "review_id": "7400595",
    "movie_id": "10055"
  },
  {
    "review": "10점 만점에 10점",
    "date": "13.03.16",
    "rating": "10",
    "author": "ske4****",
    "review_id": "7351694",
    "movie_id": "10055"
  },
  {
    "review": "지금보면 8.8  개봉당시에 보면 9.5 록키1 에이리언2  터미네이터12  프레데터1 같이 최고의 수작 거부할수 없음  평점 10 이하 없음",
    "date": "13.03.10",
    "rating": "10",
    "author": "lem6****",
    "review_id": "7339154",
    "movie_id": "10055"
  },
  {
    "review": "강한 군대는 망하고, 단단한 나무는 부러진다.",
    "date": "13.02.20",
    "rating": "8",
    "author": "kos4****",
    "review_id": "7283911",
    "movie_id": "10055"
  },
  {
    "review": "단순한히 치고 부수는 액션 영화일줄 알았는데 많은걸 생각하게 해준 작품성이 뛰어나네..",
    "date": "13.02.15",
    "rating": "9",
    "author": "dust****",
    "review_id": "7266798",
    "movie_id": "10055"
  },
  {
    "review": "람보가 느끼는 쓸쓸함, 고독, 소외감을 완벽히 표현하는 실베스타 스텔론의 명작 중 명작...",
    "date": "13.02.11",
    "rating": "10",
    "author": "zhfl****",
    "review_id": "7253479",
    "movie_id": "10055"
  },
  {
    "review": "제가 태어나기 전에 만들어진 영화지만 재밌게 잘만든 영화라고 생각",
    "date": "13.01.18",
    "rating": "9",
    "author": "mild****",
    "review_id": "7127542",
    "movie_id": "10055"
  },
  {
    "review": "미 육군 특전단 그린베레의 위엄.",
    "date": "12.12.26",
    "rating": "8",
    "author": "virt****",
    "review_id": "7049217",
    "movie_id": "10055"
  },
  {
    "review": "람보1 잘만들어진 좋은영화",
    "date": "12.10.31",
    "rating": "10",
    "author": "ahyo****",
    "review_id": "6837782",
    "movie_id": "10055"
  },
  {
    "review": "숲에서 서바이벌로 경찰들과 싸우는 장면을 보면, 초기작품과 후속편이 액션을 대하는 자세가 서로 다름을 알수있다.이 작품이 더 뛰어나단 소리.",
    "date": "12.10.26",
    "rating": "10",
    "author": "tena****",
    "review_id": "6826742",
    "movie_id": "10055"
  },
  {
    "review": "담고 있는 내용이 깊고 스토리가 짜임새있어 좋았습니디",
    "date": "12.10.18",
    "rating": "10",
    "author": "cjsw****",
    "review_id": "6809346",
    "movie_id": "10055"
  },
  {
    "review": "It's  A Long Road는 좋고 조용한 자연도 보기 좋다. 하지만 오래되서 그런지 액션도 별로고",
    "date": "12.09.22",
    "rating": "6",
    "author": "fait****",
    "review_id": "6719283",
    "movie_id": "10055"
  },
  {
    "review": "누구든 람보를 건드리면 아주 X되는거야. 강하고 무자비하지만 너무도 불쌍한 람보의 모습이 인상깊었다. 오래된 영화지만 재미또한 충분하다. 많은 이들이 기억하는 2의 모습 그 이상을 볼 수 있는 가치있는 작품이다.",
    "date": "12.09.11",
    "rating": "9",
    "author": "sbj1****",
    "review_id": "6687954",
    "movie_id": "10055"
  },
  {
    "review": "첨부터 끝까지 진지한 영화. 지금 보면 약간씩 손발이 오그라드는 대사가 간간히 보이나, 이만한 영화 별로 없다.",
    "date": "12.08.29",
    "rating": "10",
    "author": "biga****",
    "review_id": "6652726",
    "movie_id": "10055"
  },
  {
    "review": "마지막 람보의 절규",
    "date": "12.08.29",
    "rating": "9",
    "author": "ch51****",
    "review_id": "6652150",
    "movie_id": "10055"
  },
  {
    "review": "지금 보면 매우 과장되고 헛웃음 나나오겠지만, 당시로서는 매우 세련되고 새로운 영화였음. 미국 영화의 넓은 스펙트럼을 놀라와했고, 무엇보다도 잘못된 사회에 대한 격렬한 반항(?)은 어린 나에겐 하나의 문화적 충격이었을지도. 1982년 이었잖냐. 에휴~",
    "date": "12.08.27",
    "rating": "7",
    "author": "acin****",
    "review_id": "6648754",
    "movie_id": "10055"
  },
  {
    "review": "람보1편, 록키1편부터 모두 실베스터 스텔론이 쓴 각본, 배우이자 뛰어난 각본가",
    "date": "12.08.05",
    "rating": "10",
    "author": "john****",
    "review_id": "6574095",
    "movie_id": "10055"
  },
  {
    "review": "......말이필요없지...일단 보고나서 예기하자...",
    "date": "12.07.14",
    "rating": "9",
    "author": "chip****",
    "review_id": "6479046",
    "movie_id": "10055"
  },
  {
    "review": "초반부터 흥미롭게 전개되는 액션드라마",
    "date": "12.05.13",
    "rating": "7",
    "author": "guev****",
    "review_id": "6295441",
    "movie_id": "10055"
  },
  {
    "review": "무식한 액션씬만 담은 게 아니다.",
    "date": "12.01.21",
    "rating": "8",
    "author": "comm****",
    "review_id": "6007301",
    "movie_id": "10055"
  },
  {
    "review": "무식한 근육쟁이 에 대한 오해. 이 작품을 보라.",
    "date": "11.12.20",
    "rating": "8",
    "author": "skyb****",
    "review_id": "5916444",
    "movie_id": "10055"
  },
  {
    "review": "상의군이에 대한 정부와 사회의 무지와 무관심을 표출한 슬픈영화",
    "date": "11.10.24",
    "rating": "9",
    "author": "jaem****",
    "review_id": "5807661",
    "movie_id": "10055"
  },
  {
    "review": "람보의 화려한 시작. 스토리도 마음에 든다.",
    "date": "11.10.10",
    "rating": "8",
    "author": "kore****",
    "review_id": "5781045",
    "movie_id": "10055"
  },
  {
    "review": "대량학살영화의 시초급.",
    "date": "11.09.28",
    "rating": "9",
    "author": "choi****",
    "review_id": "5757508",
    "movie_id": "10055"
  },
  {
    "review": "람보는 제국주의 영화가 아니다.반제국주의 영화다.꼭봐야할영화",
    "date": "11.09.28",
    "rating": "9",
    "author": "qngh****",
    "review_id": "5757496",
    "movie_id": "10055"
  },
  {
    "review": "장점 찾다가 단점만 찾게 되는 영화.",
    "date": "11.09.18",
    "rating": "5",
    "author": "tori****",
    "review_id": "5739590",
    "movie_id": "10055"
  },
  {
    "review": "보안관이 너무 과민하게 반응하는 바람에.. 일이 커지고.. 반성은 커녕.. 불쌍한 군인",
    "date": "11.08.18",
    "rating": "7",
    "author": "amoh****",
    "review_id": "5667332",
    "movie_id": "10055"
  },
  {
    "review": "82년 영화인데 요즘 영화같지않게 잘만들었다",
    "date": "11.08.14",
    "rating": "10",
    "author": "foto****",
    "review_id": "5647509",
    "movie_id": "10055"
  },
  {
    "review": "람보시리즈가 여러면에서 욕먹지만 1편은 그 예외라 쳐도 좋다",
    "date": "11.08.04",
    "rating": "8",
    "author": "cruf****",
    "review_id": "5598560",
    "movie_id": "10055"
  }
]