[
  {
    "review_id": "10234036",
    "movie_id": "100676",
    "author": "dksa****",
    "review": "지 잘난맛에 사는 재벌이 열등감을 극복하고자 별별짓을 다하는데 두형제가 그희생양이 된게 안타까울뿐",
    "rating": "7",
    "date": "15.08.15"
  },
  {
    "review_id": "10176988",
    "movie_id": "100676",
    "author": "dosl****",
    "review": "지루한 호흡과 무거운 연기로 전달되어야 하는 실화. '올굿에브리씽'에서도 피부로 느낄수 있었던 백만장자들의 우월감과 소름끼치는 광기를 또다시 느낄수 있었습니다.",
    "rating": "8",
    "date": "15.08.02"
  },
  {
    "review_id": "10164881",
    "movie_id": "100676",
    "author": "ment****",
    "review": "상은 스티브 카렐이 받았어야 했는뎅...",
    "rating": "8",
    "date": "15.07.31"
  },
  {
    "review_id": "10147893",
    "movie_id": "100676",
    "author": "zzon****",
    "review": "진하고 묵직한 여운이 남네요",
    "rating": "9",
    "date": "15.07.26"
  },
  {
    "review_id": "10129931",
    "movie_id": "100676",
    "author": "uggo****",
    "review": "미묘한 감정선과 긴장감의 리듬이 절묘하다. 배우들의 열연이 더 몰입하게 만든다.",
    "rating": "10",
    "date": "15.07.22"
  },
  {
    "review_id": "10105731",
    "movie_id": "100676",
    "author": "kkaz****",
    "review": "피곤할때보면 잠올것이고 컨디션좋을때보면 아주재밌어요",
    "rating": "10",
    "date": "15.07.15"
  },
  {
    "review_id": "10105074",
    "movie_id": "100676",
    "author": "kevi****",
    "review": "진짜 강추 재밌다. 꼭 보시길",
    "rating": "10",
    "date": "15.07.14"
  },
  {
    "review_id": "10096648",
    "movie_id": "100676",
    "author": "ming****",
    "review": "실화 정말 허무한 인간의 욕망",
    "rating": "8",
    "date": "15.07.12"
  },
  {
    "review_id": "10073687",
    "movie_id": "100676",
    "author": "ster****",
    "review": "결핍은 욕망으로 채울 수 없다",
    "rating": "10",
    "date": "15.07.05"
  },
  {
    "review_id": "10056387",
    "movie_id": "100676",
    "author": "ksk5****",
    "review": "저랑 맞지 않는 영화네요~",
    "rating": "4",
    "date": "15.06.30"
  },
  {
    "review_id": "10050853",
    "movie_id": "100676",
    "author": "nill****",
    "review": "스티브 카렐 연기가 다 했다. 마크러팔로도 좋아하지만 누가 저 스티브 카레을 예전 브루스 올마이티 때 표정연기하던 그 사람으로 생각할까.",
    "rating": "9",
    "date": "15.06.29"
  },
  {
    "review_id": "10050595",
    "movie_id": "100676",
    "author": "chla****",
    "review": "그는 도대체 무엇을 그리 간절히 원한걸까",
    "rating": "8",
    "date": "15.06.29"
  },
  {
    "review_id": "10039463",
    "movie_id": "100676",
    "author": "kkot****",
    "review": "특별한 인상이 없었던 영화",
    "rating": "7",
    "date": "15.06.26"
  },
  {
    "review_id": "10026101",
    "movie_id": "100676",
    "author": "xhsg****",
    "review": "세배우의연기가 놀랄만큼 자연스럽고 자제력있다.",
    "rating": "8",
    "date": "15.06.24"
  },
  {
    "review_id": "10024673",
    "movie_id": "100676",
    "author": "wjde****",
    "review": "진짜 개노잼 돈주고 보기 진짜 개아까움 보지마 다시태어나도 보지마",
    "rating": "1",
    "date": "15.06.23"
  },
  {
    "review_id": "10020664",
    "movie_id": "100676",
    "author": "heim****",
    "review": "마지막 10분을 위해 존재하는 영화. 가짜 리더에 관한 통렬한 비판은 좋은데 러닝타임 내내 지루함. 다큐멘터리보다 더 지루함. 마치 산에 올라가 풍경을 관조하는듯한 기분...",
    "rating": "9",
    "date": "15.06.22"
  },
  {
    "review_id": "10019907",
    "movie_id": "100676",
    "author": "hwee****",
    "review": "미쿸 직장 생활도 똑같구만...사장들이란..",
    "rating": "8",
    "date": "15.06.21"
  },
  {
    "review_id": "10018440",
    "movie_id": "100676",
    "author": "lyk0****",
    "review": "어떤 사건과 캐릭터를 구구절절 설명하지 않고 관찰자의 시선으로 보여주는 장점은 '케빈에 대하여'를 떠올리게 한다. 하지만 잔잔하다못해 지루한 감이.. 잘어울리는, 꼭 맞는 역할을한 채닝테이텀은 매력적이다.",
    "rating": "6",
    "date": "15.06.21"
  },
  {
    "review_id": "10015737",
    "movie_id": "100676",
    "author": "spar****",
    "review": "연기 하나로 모든 영화를 말할 수 있다. 최고였음",
    "rating": "10",
    "date": "15.06.20"
  },
  {
    "review_id": "10015339",
    "movie_id": "100676",
    "author": "sury****",
    "review": "정말 충격적인 실화를 바탕으로 한 영화",
    "rating": "10",
    "date": "15.06.20"
  },
  {
    "review_id": "10015187",
    "movie_id": "100676",
    "author": "imur****",
    "review": "여운이 진하다..이 좋은 영화가 이렇게 알려지지 않다니!",
    "rating": "10",
    "date": "15.06.20"
  },
  {
    "review_id": "10013714",
    "movie_id": "100676",
    "author": "stil****",
    "review": "숨막히는 연기. 오스카상은 스티브 카렐에게 갔어야.",
    "rating": "10",
    "date": "15.06.20"
  },
  {
    "review_id": "9988207",
    "movie_id": "100676",
    "author": "whdr****",
    "review": "채닝테이텀 연기잘했다는건뭐임??진심으로 최악의 연기였는데간단하게봐봐 스티브카렐이나 마크버팔로는 아무말없어도 그캐릭터의 내면연기를 훌륭하게해석 했는데채닝테이텀은 그냥 철부지 사춘기소년 시작부터끝까지오만상만쓰고 원시인처럼걷는거빼곤 개발연기였음",
    "rating": "8",
    "date": "15.06.10"
  },
  {
    "review_id": "9982417",
    "movie_id": "100676",
    "author": "auld****",
    "review": "너무너무 재밌고 좋네요",
    "rating": "10",
    "date": "15.06.07"
  },
  {
    "review_id": "9978112",
    "movie_id": "100676",
    "author": "imta****",
    "review": "춥다. 그리고 허무하고 슬프다.",
    "rating": "8",
    "date": "15.06.06"
  },
  {
    "review_id": "9976402",
    "movie_id": "100676",
    "author": "ckr3****",
    "review": "박평식이 8점을 줬군 이 영화마저 낮게 줬으면 평론할 자격이 없지",
    "rating": "9",
    "date": "15.06.05"
  },
  {
    "review_id": "9974446",
    "movie_id": "100676",
    "author": "flyk****",
    "review": "땅콩항공이 떠올랐다. 그 부류의 돈으로 다 된다는 오만함. 싸이코틱 한 정서. 마크 러팔로 연기 진짜 굿였다.",
    "rating": "7",
    "date": "15.06.04"
  },
  {
    "review_id": "9972878",
    "movie_id": "100676",
    "author": "shor****",
    "review": "연기 잘하기로 정평이 나 있는 배우들의 명연은 명불허전. 하지만 더 값졌던 것은 채닝 테이텀의 재발견.",
    "rating": "10",
    "date": "15.06.03"
  },
  {
    "review_id": "9970606",
    "movie_id": "100676",
    "author": "inte****",
    "review": "애정 결핍과 관심병이 그 남자(들)에게 끼친 영향",
    "rating": "8",
    "date": "15.06.02"
  },
  {
    "review_id": "9969508",
    "movie_id": "100676",
    "author": "jane****",
    "review": "잔잔함 속의 열연이 대단했다.",
    "rating": "10",
    "date": "15.06.02"
  },
  {
    "review_id": "9968207",
    "movie_id": "100676",
    "author": "limd****",
    "review": "개꿀잼인데 영화관에서 보는건 아님",
    "rating": "1",
    "date": "15.06.01"
  },
  {
    "review_id": "9961259",
    "movie_id": "100676",
    "author": "aimk****",
    "review": "사전정보 없이 영화를 봤는데 영화끝나고 평점보기전까지 스티브카렐인지 전혀 몰랐네요... 다른 배우인줄 알았습니다. 그정도로 연기변신이 대단하네요. 세 주연배우 모두 연기가 너무 좋았고 영화의 몰입도는 스릴러영화보다도 높네요.",
    "rating": "9",
    "date": "15.05.30"
  },
  {
    "review_id": "9942123",
    "movie_id": "100676",
    "author": "gmdq****",
    "review": "결핍이 컴플렉스가 되고 그 끝은 파국으로",
    "rating": "8",
    "date": "15.05.23"
  },
  {
    "review_id": "9938712",
    "movie_id": "100676",
    "author": "mono****",
    "review": "레슬링을 통해 자신의 존재를 인정받길 원했던 한 컴플렉스 덩어리 남자의 이야기.",
    "rating": "9",
    "date": "15.05.22"
  },
  {
    "review_id": "9925294",
    "movie_id": "100676",
    "author": "1023****",
    "review": "아무짓도 안했는데 그냥 존재 자체만으로 이상한 불쾌감과 불안감을 주는 연기.. 진짜 대단하다",
    "rating": "6",
    "date": "15.05.17"
  },
  {
    "review_id": "9921533",
    "movie_id": "100676",
    "author": "noct****",
    "review": "세 남자배우의 연기가 모두 훌륭하다컴플렉스란 무엇인가  생각하게 하는 영화",
    "rating": "10",
    "date": "15.05.16"
  },
  {
    "review_id": "9893626",
    "movie_id": "100676",
    "author": "csr8****",
    "review": "처음부터 끝까지 몰입최고!!!",
    "rating": "10",
    "date": "15.05.04"
  },
  {
    "review_id": "9879027",
    "movie_id": "100676",
    "author": "eyay****",
    "review": "사람이 가질 수 있는 오만가지의 감정으로 2시간 동안 간접 체험할 수 있게 해준 배우들의 명연기가 인상적이다.각자의 사연들을 골고루 섞어서 만들어낸 훌륭한 영화다.",
    "rating": "9",
    "date": "15.04.29"
  },
  {
    "review_id": "9871172",
    "movie_id": "100676",
    "author": "2_dp****",
    "review": "돈으로 남의 인정으로 구할수없는 자신",
    "rating": "8",
    "date": "15.04.26"
  },
  {
    "review_id": "9864177",
    "movie_id": "100676",
    "author": "okba****",
    "review": "으으 스티브카렐 소름 ㅡㅡ;",
    "rating": "9",
    "date": "15.04.24"
  },
  {
    "review_id": "9857655",
    "movie_id": "100676",
    "author": "sulm****",
    "review": "마크 슐츠의 찡그린 미간을 보는 순간 이 영화에 집중하기 시작했다.",
    "rating": "9",
    "date": "15.04.23"
  },
  {
    "review_id": "9857403",
    "movie_id": "100676",
    "author": "bogr****",
    "review": "모르고 보니 끝부분보고 이게뭐야?  황당햇엇는데~  검색해보니 이제서야 이런 영화였구나 싶었다  듀폰이 사이코 같았는데 결국 이런일이",
    "rating": "7",
    "date": "15.04.23"
  },
  {
    "review_id": "9856067",
    "movie_id": "100676",
    "author": "25jo****",
    "review": "유아적 결핍, 열등감, 폭발,,,,우리의 결핍은 성공이나 돈으로 채워지는 것이 아닌거죠,,,",
    "rating": "9",
    "date": "15.04.21"
  },
  {
    "review_id": "9855133",
    "movie_id": "100676",
    "author": "351s****",
    "review": "지루한데 집중하게 된다. 계속 어긋나는 심리들이 불안하다. 트라우마와 컴플렉스가 어떻게 사람의, 또는 그 사람의 주변을 망가뜨릴 수 있는지. 건조하고 작혹하게 한장면 한장면으로 보여준다.",
    "rating": "8",
    "date": "15.04.21"
  },
  {
    "review_id": "9853742",
    "movie_id": "100676",
    "author": "gogo****",
    "review": "아카데미도, 한국 영화계도 놓친 평생 몇번 만나지 못할 영화",
    "rating": "9",
    "date": "15.04.19"
  },
  {
    "review_id": "9852892",
    "movie_id": "100676",
    "author": "sms7****",
    "review": ",다 씹어먹는 스티브 카렐의 연기",
    "rating": "8",
    "date": "15.04.19"
  },
  {
    "review_id": "9851538",
    "movie_id": "100676",
    "author": "k_na****",
    "review": "배우들이 몸을 움직이면 캐릭터의 과거를 읽을 수 있다. 채닝 태이텀의 걸음걸이와 고개짓, 스티브 카렐의 사람을 깔보듯 내리깔린 시선이 그렇다.",
    "rating": "10",
    "date": "15.04.18"
  },
  {
    "review_id": "9849975",
    "movie_id": "100676",
    "author": "clad****",
    "review": "레슬링이란 스포츠...즐기기에는 부담스럽지만 그 묘미를 알고 싶다. 레슬링에 목숨걸고 살인까지 하는 사람도 있는데 말이다.",
    "rating": "10",
    "date": "15.04.17"
  },
  {
    "review_id": "9848169",
    "movie_id": "100676",
    "author": "bhr0****",
    "review": "배우들 연기력이 밋밋한 스토리를 커버한다",
    "rating": "10",
    "date": "15.04.16"
  },
  {
    "review_id": "9845389",
    "movie_id": "100676",
    "author": "slus****",
    "review": "재미없고 지루한 옛날얘기",
    "rating": "1",
    "date": "15.04.14"
  },
  {
    "review_id": "9841407",
    "movie_id": "100676",
    "author": "wony****",
    "review": "이렇게 끝나니... 좀 허망하군요...",
    "rating": "7",
    "date": "15.04.12"
  },
  {
    "review_id": "9837693",
    "movie_id": "100676",
    "author": "ango****",
    "review": "은근히 섬뜩하다.  실화를 잘 살린  꼼꼼한 각본",
    "rating": "8",
    "date": "15.04.10"
  },
  {
    "review_id": "9833607",
    "movie_id": "100676",
    "author": "khj8****",
    "review": "어떻게 보면 한 레슬러의 다큐멘터리일 수도 있지만 알고 보면 굉장히 무섭고도 진지한 내용의 영화.. 채닝 테이텀이 그 동안 연기력이 좀 아쉬운 면이 있었는데  이 영화로 연기력을 인정받았다는..",
    "rating": "8",
    "date": "15.04.07"
  },
  {
    "review_id": "9830571",
    "movie_id": "100676",
    "author": "love****",
    "review": "이 무슨 반전이란 말이냐. 소름끼치는 연기력과 리얼리티에 놀라 나도 모르게 높은 점수를 줘버린다. 감독도 쩝 .. 서울올림픽 장면때 동양인좀 배치하시지.. ㅋㅋ 일본어 플랭카드가 뭐냐.",
    "rating": "8",
    "date": "15.04.06"
  },
  {
    "review_id": "9823777",
    "movie_id": "100676",
    "author": "wate****",
    "review": "처음부터 끝까지 섬세하게 잘 만든 예술작품 + 재미",
    "rating": "9",
    "date": "15.04.03"
  },
  {
    "review_id": "9819471",
    "movie_id": "100676",
    "author": "chat****",
    "review": "스티븐 카렐의 다른 연기를 보았다면 더욱 더 소름끼칠 영화. 드라마 오피스의 애청자였기에 일순간 존 듀폰과 오피스에서 지점장의 모습이 어딘가 겹쳤던 부분이 제일 소름끼친다.",
    "rating": "10",
    "date": "15.04.01"
  },
  {
    "review_id": "9813449",
    "movie_id": "100676",
    "author": "ifho****",
    "review": "실화라서인지 지루한건 별로 없었지만  별 내용벗는 그저그런 영화",
    "rating": "5",
    "date": "15.03.29"
  },
  {
    "review_id": "9811536",
    "movie_id": "100676",
    "author": "derg****",
    "review": "서늘한 시선으로 들끓는 내면을 보여주다",
    "rating": "9",
    "date": "15.03.28"
  },
  {
    "review_id": "9811500",
    "movie_id": "100676",
    "author": "yong****",
    "review": "카메라의 시선은 관찰하듯 인물 주위를 맴돈다. 불안한 눈빛, 내제된 분노가 조금씩 드러날 때마다 불안한 마음으로 스크린을 응시한다. 동경에 종속되어 거짓 우정이 최고조에 다를때, 이어질 파경에 마음을 조린다. 이런 소재를 이렇게 만들 수 있구나! 감탄",
    "rating": "9",
    "date": "15.03.28"
  },
  {
    "review_id": "9810806",
    "movie_id": "100676",
    "author": "baks****",
    "review": "살인-돈이 넘쳐나다 못해,주체할수 없는 놈이 저지를수 있는,돈OO의 끝.그러나,인간은,니가 갖고 놀다가,어딘가에 쳐박아놓은 X~맨 액션 피겨랑은,다른 존재인거야~이 띨띨한 노인네야~쿨하다기보다는,드라이한 시선이 바라보는,인간성 상실의현장.그돈 나 주지",
    "rating": "8",
    "date": "15.03.28"
  },
  {
    "review_id": "9809758",
    "movie_id": "100676",
    "author": "7pmr****",
    "review": "와우. 비평가들 처럼 멋진 말로 포장은 못 하겠다만 졸라 잼있었다. 평점 8.5",
    "rating": "10",
    "date": "15.03.27"
  },
  {
    "review_id": "9806265",
    "movie_id": "100676",
    "author": "soso****",
    "review": "존재의 증명, 나약한 인간",
    "rating": "8",
    "date": "15.03.25"
  },
  {
    "review_id": "9805081",
    "movie_id": "100676",
    "author": "seve****",
    "review": "박평식이 8점 줬다..이건 꼭 봐야한다",
    "rating": "10",
    "date": "15.03.25"
  },
  {
    "review_id": "9804961",
    "movie_id": "100676",
    "author": "flya****",
    "review": "미묘한 심리묘사가 좋았어요",
    "rating": "9",
    "date": "15.03.25"
  },
  {
    "review_id": "9804464",
    "movie_id": "100676",
    "author": "com3****",
    "review": "돈이 곧 행복은 아니니....",
    "rating": "6",
    "date": "15.03.25"
  },
  {
    "review_id": "9803291",
    "movie_id": "100676",
    "author": "stai****",
    "review": "압도적인 영화. 숨이 멎을정도의 전율이 인다.",
    "rating": "10",
    "date": "15.03.24"
  },
  {
    "review_id": "9802820",
    "movie_id": "100676",
    "author": "wjdg****",
    "review": "감탄에 감탄... 스티브카렐의 연기는 잊지 못할거 같다.",
    "rating": "9",
    "date": "15.03.24"
  },
  {
    "review_id": "9802472",
    "movie_id": "100676",
    "author": "oioi****",
    "review": "동생,형,폭스캐처가 재벌 연기가 정말 디테일하고 그 사람 자체로 보인다",
    "rating": "8",
    "date": "15.03.23"
  },
  {
    "review_id": "9802343",
    "movie_id": "100676",
    "author": "with****",
    "review": "끝내줬다. 스티브 카렐 이런 연기 할 수 있는 배우였어...? 아카데미에서 이 영화가 무관이었다는 것에 ㅋ 을 보낼 뿐... 도대체 무슨 생각이냐 아카데미. 또 보고 싶다",
    "rating": "10",
    "date": "15.03.23"
  },
  {
    "review_id": "9798746",
    "movie_id": "100676",
    "author": "coco****",
    "review": "정신병자가 세상에 끼치는 영향 & 부모가 자식에게 미치는 영향. 그리고 열등의식을 다룬 영화. 등장하는 배우들은 연기가 아니라 실존 인물과 다름 없었다",
    "rating": "8",
    "date": "15.03.22"
  },
  {
    "review_id": "9798322",
    "movie_id": "100676",
    "author": "ast_****",
    "review": "올해 본 최고의 영화, 화려하거나 자극적인 연출 전혀 없이 세 배우의 연기와 서사만으로 이렇게 감정적일 수 있다니 감독도 대단하구 배우들도 대단하고 최고였음",
    "rating": "10",
    "date": "15.03.21"
  },
  {
    "review_id": "9796388",
    "movie_id": "100676",
    "author": "kimj****",
    "review": "묘하고 불편한 긴장감, 배우들의 연기를 보고싶으면 보고 단순히 재미만 따진다면 비추천 /  다보긴 봤으나 실화를 바탕으로 했다는거 말고는 딱히 메리트 없는영화 그나마 결말 부분만 조금 임팩트 있다.",
    "rating": "6",
    "date": "15.03.21"
  },
  {
    "review_id": "9796007",
    "movie_id": "100676",
    "author": "mear****",
    "review": "재밌어요 추천합니다. 스티브 카렐은 배우였군요.",
    "rating": "9",
    "date": "15.03.21"
  },
  {
    "review_id": "9795194",
    "movie_id": "100676",
    "author": "akfl****",
    "review": "세사람 모두 가진 것을 전부 잃었군요...",
    "rating": "10",
    "date": "15.03.20"
  },
  {
    "review_id": "9791901",
    "movie_id": "100676",
    "author": "time****",
    "review": "기가막히네... 거스를 수 없는 예정된 비극...",
    "rating": "8",
    "date": "15.03.18"
  },
  {
    "review_id": "9790607",
    "movie_id": "100676",
    "author": "styl****",
    "review": "실화라는 점에서 집중력 있게 볼 수 있었던 것 같다. 그래서 더욱 안타깝고 가슴 아픈 이야기가 아닌가 생각해본다. 모두가 불행할 수 밖에 없었기에 씁쓸한 영화. 하지만 3명의 연기는 정말 훌륭했다. 소름끼치게...",
    "rating": "6",
    "date": "15.03.18"
  },
  {
    "review_id": "9788991",
    "movie_id": "100676",
    "author": "jw03****",
    "review": "야호 재미나다 귀엽다즐거워",
    "rating": "10",
    "date": "15.03.17"
  },
  {
    "review_id": "9788957",
    "movie_id": "100676",
    "author": "supe****",
    "review": "열등감과 계급의식이 충돌하면? 인물 개개인의 심리묘사가 과하지않고 세련되며 탁월하다.",
    "rating": "9",
    "date": "15.03.17"
  },
  {
    "review_id": "9786693",
    "movie_id": "100676",
    "author": "sawo****",
    "review": "인정 욕구에 목메달려진 인물의 푸석푸석한 피부",
    "rating": "9",
    "date": "15.03.16"
  },
  {
    "review_id": "9786129",
    "movie_id": "100676",
    "author": "nbin****",
    "review": "내용은 다소 지루했으나 배우들의 연기는 좋았다",
    "rating": "7",
    "date": "15.03.15"
  },
  {
    "review_id": "9783946",
    "movie_id": "100676",
    "author": "fien****",
    "review": "영화 자체는 고요하지만, 끔찍한 사건을 겪는 세 사람사이의 묘한 기류를 지독하게 포착해내는 놀라운 경험. 카렐도 카렐이지만 채닝 테이텀의 인생연기.",
    "rating": "9",
    "date": "15.03.15"
  },
  {
    "review_id": "9783269",
    "movie_id": "100676",
    "author": "9851****",
    "review": "무엇보다 스티브카렐의 재발견.",
    "rating": "10",
    "date": "15.03.15"
  },
  {
    "review_id": "9783106",
    "movie_id": "100676",
    "author": "qaza****",
    "review": "애잔한데 날카로운 영화 ㄷㄷ 배우들의 연기 또한 최고",
    "rating": "9",
    "date": "15.03.15"
  },
  {
    "review_id": "9783023",
    "movie_id": "100676",
    "author": "etp8****",
    "review": "결핍은 절대 물질로 채워지지 않는다.",
    "rating": "8",
    "date": "15.03.15"
  },
  {
    "review_id": "9781643",
    "movie_id": "100676",
    "author": "cmlg****",
    "review": "긴 러닝타임에도 불구하고 하나도 지루하지 않았다,세명의 연기는 감탄이 나오도록 놀라웠다.",
    "rating": "10",
    "date": "15.03.14"
  },
  {
    "review_id": "9779456",
    "movie_id": "100676",
    "author": "sget****",
    "review": "연기며 감정이며 다 좋은데 나처럼 단순한 사람은 너무지루ㅠㅜ",
    "rating": "6",
    "date": "15.03.14"
  },
  {
    "review_id": "9777218",
    "movie_id": "100676",
    "author": "song****",
    "review": "스티브카렐이 그 스티브카렐이라니",
    "rating": "10",
    "date": "15.03.13"
  },
  {
    "review_id": "9776801",
    "movie_id": "100676",
    "author": "yh22****",
    "review": "이런장르 징짜 좋아하는데 기대를 별로 안하고 봤는데도  사실 실망스러웠어여...뭔가 아쉽고 찜찜하기만 했던...그래도 걍 잘 봤다고 생각합니다...",
    "rating": "7",
    "date": "15.03.13"
  },
  {
    "review_id": "9776394",
    "movie_id": "100676",
    "author": "youa****",
    "review": "배우들 눈빛과 연기가 역할을 맡은 실제 사람들에 빙의한듯..",
    "rating": "9",
    "date": "15.03.13"
  },
  {
    "review_id": "9774174",
    "movie_id": "100676",
    "author": "unin****",
    "review": "무겁고 육중한 영화같아쓰요",
    "rating": "8",
    "date": "15.03.12"
  },
  {
    "review_id": "9773407",
    "movie_id": "100676",
    "author": "john****",
    "review": "스티브카렐의 표정과 걸음걸이 그리고 채닝테이텀의 액션이 영화의 틀을 만들었고, 마크러팔로의 리액션이 작품을 완성시켰다.",
    "rating": "8",
    "date": "15.03.12"
  },
  {
    "review_id": "9772853",
    "movie_id": "100676",
    "author": "cran****",
    "review": "세 남자의 변화를 따라가며 마지막까지 몰입할 수 있었다. 실화라는 것이 너무나 충격적이었다. 형제 사이의 감정들이 잘 나타나 있었고 또 성장기에 있었던 무언가의 지속적인 결여가 성인이 되어 왜곡된 욕망으로 나타나는 것을 흥미롭게 보았다.",
    "rating": "8",
    "date": "15.03.11"
  },
  {
    "review_id": "9771883",
    "movie_id": "100676",
    "author": "prop****",
    "review": "아들도 아버지도 되지 못한 안쓰러운 남자의 이야기..결국 정체성이란건 자기자신으로 부터도 아니고 단순히 타인으로도 아니라 관계에서 나오나봄..",
    "rating": "7",
    "date": "15.03.11"
  },
  {
    "review_id": "9771648",
    "movie_id": "100676",
    "author": "guer****",
    "review": "세남자가 만들어내는 드라마. 최고입니다.",
    "rating": "10",
    "date": "15.03.11"
  },
  {
    "review_id": "9770814",
    "movie_id": "100676",
    "author": "cksn****",
    "review": "모든 것을 가질 수 있지만 막상 아무 것도 가지지 못한 자의 뒤틀린 마음 속은 온통 음울한 암흑 뿐이었다. 난 과연 그를 옳게 들여다 본 것이었을까. 사실 그 누군들 그를 이해 할 수 있겠나",
    "rating": "9",
    "date": "15.03.10"
  },
  {
    "review_id": "9770374",
    "movie_id": "100676",
    "author": "mand****",
    "review": "연기 자체로만 놓고 보면 좋은 영화. 하지만 어느정도 마음먹고 보지 않으면 내 옆 사람처럼 영화보며 내내 꾸벅꾸벅 인사만 하게 될 것이다.",
    "rating": "8",
    "date": "15.03.10"
  },
  {
    "review_id": "9768340",
    "movie_id": "100676",
    "author": "meju****",
    "review": "배우들 간의 연기의 앙상블이 실로 어마어마한 작품입니다. 특히 스티브 카렐! 무서울 정도네요...",
    "rating": "8",
    "date": "15.03.09"
  },
  {
    "review_id": "9767698",
    "movie_id": "100676",
    "author": "equa****",
    "review": "열등감과 욕심이낳은 비극이란 이름의 결말.인물들의 심리 상태를 하나하나 섬세하게 연출했다.아카데미상의 좋은 예.조용하고 천천히 흘러가다가 마지막의 충격적인결말은여운이남게한다.하지만 관심깊게이영화에다가가지않는다면 보기힘든영화일듯.연기와연출의승리.",
    "rating": "8",
    "date": "15.03.09"
  },
  {
    "review_id": "9767290",
    "movie_id": "100676",
    "author": "trav****",
    "review": "좋습니다. 연기들을 너무 잘 합니다. 너무 재밌게 봤습니다.",
    "rating": "9",
    "date": "15.03.08"
  },
  {
    "review_id": "9767270",
    "movie_id": "100676",
    "author": "some****",
    "review": "컴플렉스가 잡아온 공허.",
    "rating": "9",
    "date": "15.03.08"
  }
]