[
  {
    "review_id": "10014821",
    "movie_id": "100651",
    "author": "hsw9****",
    "review": "평점 보고볼껄 아우 내90분 토해라 짜증나게",
    "rating": "1",
    "date": "15.06.20"
  },
  {
    "review_id": "9470265",
    "movie_id": "100651",
    "author": "wooo****",
    "review": "저예산으로 만든sf 를 보고 소리 장면.연기력 보고  그럭저럭 잘봤다",
    "rating": "7",
    "date": "14.12.13"
  },
  {
    "review_id": "8365714",
    "movie_id": "100651",
    "author": "hjhw****",
    "review": "병맛개병맛진심개병맛",
    "rating": "1",
    "date": "14.01.10"
  },
  {
    "review_id": "7766619",
    "movie_id": "100651",
    "author": "djan****",
    "review": "병맛의 최후다 시바",
    "rating": "1",
    "date": "13.07.20"
  },
  {
    "review_id": "7141904",
    "movie_id": "100651",
    "author": "yang****",
    "review": "재미 더럽게없다..연기는 더럽게 못하고..1점준거중 한국영화는 9~10점주는 매미OO있네",
    "rating": "1",
    "date": "13.01.21"
  },
  {
    "review_id": "7037895",
    "movie_id": "100651",
    "author": "hodo****",
    "review": "진심 보면서 병맛병맛을 외치면서 봤음",
    "rating": "1",
    "date": "12.12.24"
  },
  {
    "review_id": "7035168",
    "movie_id": "100651",
    "author": "dlrb****",
    "review": "엄청난 병맛 시퀀스의 연속 대단하다.!",
    "rating": "1",
    "date": "12.12.23"
  },
  {
    "review_id": "7016400",
    "movie_id": "100651",
    "author": "fbi0****",
    "review": "이런거 만드는 색휘는  진짜 일부로 욕처묵고싶어서 환장한색휘인듯",
    "rating": "1",
    "date": "12.12.18"
  },
  {
    "review_id": "7014622",
    "movie_id": "100651",
    "author": "mona****",
    "review": "잊지못할영화. 21세기에 나온 경악할 영화.",
    "rating": "1",
    "date": "12.12.18"
  },
  {
    "review_id": "6999344",
    "movie_id": "100651",
    "author": "kyjd****",
    "review": "믿을수 없는 영화가 나왔다..",
    "rating": "1",
    "date": "12.12.14"
  },
  {
    "review_id": "6989738",
    "movie_id": "100651",
    "author": "xogh****",
    "review": "2012년에 이런 영화가 만들어진게 너무 신기할 정도다...ㅋㅋㅋㅋㅋㅋㅋㅋ",
    "rating": "1",
    "date": "12.12.10"
  },
  {
    "review_id": "6923385",
    "movie_id": "100651",
    "author": "na86****",
    "review": "별 히안한 영화다봤네 sk브로즈밴드 당장 평점 수정해라!",
    "rating": "1",
    "date": "12.11.25"
  },
  {
    "review_id": "6918576",
    "movie_id": "100651",
    "author": "pmy1****",
    "review": "별 한개도 아까운 영화 ㅡ ㅡ 영화라고 말하기도 싫음",
    "rating": "1",
    "date": "12.11.23"
  }
]