[
  {
    "review": "정말 명작입니다... 시대가 바뀌어도 클라스는 남는다",
    "date": "15.08.24",
    "rating": "10",
    "author": "elli****",
    "review_id": "10272139",
    "movie_id": "10064"
  },
  {
    "review": "종교 영화라는 본임무에 충실하면서 대서사시를 잘 살린 명작. 모세와 람세스의 갈등 구조가 잘 짜여져 있고 아주 긴 영화지만 후반부까지 지루하지 않게 이야기를 잘 풀어냈다.",
    "date": "15.06.29",
    "rating": "7",
    "author": "inos****",
    "review_id": "10053367",
    "movie_id": "10064"
  },
  {
    "review": "56년도에 이 거대한 스케일로 촬영했다는 것이 대단하다.",
    "date": "15.06.03",
    "rating": "10",
    "author": "bn23****",
    "review_id": "9972373",
    "movie_id": "10064"
  },
  {
    "review": "4시간이 금방 지나갔습니다. 지금 봐도 멋지고 재미있네요.",
    "date": "15.04.15",
    "rating": "10",
    "author": "bymo****",
    "review_id": "9847175",
    "movie_id": "10064"
  },
  {
    "review": "이 영화 하나만으로도 문명의 차이를 느낄수 있다",
    "date": "15.04.05",
    "rating": "9",
    "author": "tomb****",
    "review_id": "9828726",
    "movie_id": "10064"
  },
  {
    "review": "벤허와 함께 최고의 명작임.",
    "date": "15.03.25",
    "rating": "10",
    "author": "ukal****",
    "review_id": "9805893",
    "movie_id": "10064"
  },
  {
    "review": "익히 알려진 이야기를  탄탄하게 전개한 연출이 인상적이군",
    "date": "15.03.08",
    "rating": "8",
    "author": "guev****",
    "review_id": "9765137",
    "movie_id": "10064"
  },
  {
    "review": "온 만물을 지으신 하나님을 모독하는 글을 올리시는 분들;; 겁도 없으시나봐요..ㅎㅎ 외국귀신영화라니, 판타지영화라니;; 사실을 근거하여 영화를 만든겁니다..",
    "date": "15.03.02",
    "rating": "10",
    "author": "lkm1****",
    "review_id": "9752633",
    "movie_id": "10064"
  },
  {
    "review": "56년 작 치고 어메이징함ㅋ",
    "date": "15.02.23",
    "rating": "10",
    "author": "paku****",
    "review_id": "9730782",
    "movie_id": "10064"
  },
  {
    "review": "언제봐도 감동. 최고의 역작!",
    "date": "15.02.15",
    "rating": "10",
    "author": "lsh5****",
    "review_id": "9698147",
    "movie_id": "10064"
  },
  {
    "review": "요즘 핫한 영화들보다도 더 재밌고, 잘만들었다",
    "date": "15.02.01",
    "rating": "9",
    "author": "css1****",
    "review_id": "9656446",
    "movie_id": "10064"
  },
  {
    "review": "재미있게 봤지만. 판타지 영화. 판타지 성경책",
    "date": "15.01.16",
    "rating": "2",
    "author": "yong****",
    "review_id": "9601994",
    "movie_id": "10064"
  },
  {
    "review": "1956년 영화라는 것에 한 번 놀라고 슬슬 머리에 가톨릭/기독교 사상을 집어넣은 것에 두 번 놀란다.",
    "date": "14.12.28",
    "rating": "10",
    "author": "june****",
    "review_id": "9529940",
    "movie_id": "10064"
  },
  {
    "review": "이게 어떻게 1956년도 영화야.. 퀄리티 지림",
    "date": "14.12.25",
    "rating": "10",
    "author": "srm7****",
    "review_id": "9514619",
    "movie_id": "10064"
  },
  {
    "review": "존나ㅋ 옛날영화ㅋㅋㅋ",
    "date": "14.12.25",
    "rating": "1",
    "author": "kdwy****",
    "review_id": "9512311",
    "movie_id": "10064"
  },
  {
    "review": "별한개도 아까운 허무맹랑 야훼 외국귀신영화",
    "date": "14.12.25",
    "rating": "1",
    "author": "ccc5****",
    "review_id": "9511083",
    "movie_id": "10064"
  },
  {
    "review": "성경의 출애굽기를 바탕으로 만들어진 기독교 영화. 50년대 영화라고 생각할 수 없을 만큼 화려하고 장엄한 영상이 압도적이다.",
    "date": "14.12.14",
    "rating": "8",
    "author": "sipj****",
    "review_id": "9474006",
    "movie_id": "10064"
  },
  {
    "review": "3시간 41분의 러닝타임에도 불구. TV에서 방영할때마다 끝까지 보게만들었던 고전명작. 우리나라가 전쟁직후 힘들던 시절. 미국 헐리웃은 이런영화를 만들고 있었다. 2014년작 엑소더스는 감히 따라가질 못해..",
    "date": "14.12.12",
    "rating": "10",
    "author": "cris****",
    "review_id": "9467335",
    "movie_id": "10064"
  },
  {
    "review": "그냥최고 무조건최고 그냥최고",
    "date": "14.12.10",
    "rating": "10",
    "author": "jej8****",
    "review_id": "9461703",
    "movie_id": "10064"
  },
  {
    "review": "와 어디서 본 포스터다 했더니 키보드워리어들깔때 그 짤이네 ㅋㅋㅋㅋ",
    "date": "14.12.08",
    "rating": "10",
    "author": "mftr****",
    "review_id": "9458882",
    "movie_id": "10064"
  },
  {
    "review": "어떻게 엑소더스라는 쓰레기가 탄생한걸까~ 십계 너무도 훌륭하구나",
    "date": "14.12.06",
    "rating": "10",
    "author": "pin0****",
    "review_id": "9451985",
    "movie_id": "10064"
  },
  {
    "review": "엑소더스 보고 나니 이 영화가 얼마나 대작인지 다시 한번 느껴졌다. 2014년과 1956. 나의 손은 1956을 드네요~",
    "date": "14.12.05",
    "rating": "9",
    "author": "zieo****",
    "review_id": "9449734",
    "movie_id": "10064"
  },
  {
    "review": "헐리웃의 힘이 느껴지는 초호화 성서 대작!",
    "date": "14.12.05",
    "rating": "10",
    "author": "pont****",
    "review_id": "9447912",
    "movie_id": "10064"
  },
  {
    "review": "연기와 연출력이 대단한 것은 둘째치고 제작의도가 보이는 보기 거북한 내용이다.",
    "date": "14.11.24",
    "rating": "6",
    "author": "kimg****",
    "review_id": "9419264",
    "movie_id": "10064"
  },
  {
    "review": "인상 깊게 본 영화...",
    "date": "14.11.21",
    "rating": "10",
    "author": "kem1****",
    "review_id": "9406118",
    "movie_id": "10064"
  },
  {
    "review": "각색한것은 실망했지만 저당시 저런 그래픽이 있었다는것 자체가 신기.",
    "date": "14.11.13",
    "rating": "9",
    "author": "ghkd****",
    "review_id": "9380336",
    "movie_id": "10064"
  },
  {
    "review": "이 영화 계속 보다가 안끝나길래 편성표봤더니 거의 4시간하더라 ㄷㄷ",
    "date": "14.09.12",
    "rating": "10",
    "author": "ljh6****",
    "review_id": "9207856",
    "movie_id": "10064"
  },
  {
    "review": "고전영화가 줄수 있는 무한한 감동과 놀라움",
    "date": "14.08.17",
    "rating": "10",
    "author": "whia****",
    "review_id": "9104314",
    "movie_id": "10064"
  },
  {
    "review": "오래된 영화인데도 배우들 연기가 너무 훌륭하고 퀄리티가굉장히 높다. 내 인생 최고의 영화.",
    "date": "14.08.16",
    "rating": "10",
    "author": "godm****",
    "review_id": "9096720",
    "movie_id": "10064"
  },
  {
    "review": "구약 신화 판타지 꿀잼! 50년대인데 마법판타지 퀄이 장난 아님. 모세가 시나 산위에서 십계판 번개 마법에서 후덜덜. 홍해 가르는 마법은 소름 확. 어떻게 옛날에 저런 멋진 SFX효과를 만들었을까? 구약 신화 배경 더 많은 마법판타지영화 만들었으면",
    "date": "14.07.11",
    "rating": "10",
    "author": "kym0****",
    "review_id": "8903639",
    "movie_id": "10064"
  },
  {
    "review": "60년 전의 기념비적인 대작.",
    "date": "14.02.10",
    "rating": "8",
    "author": "clie****",
    "review_id": "8496152",
    "movie_id": "10064"
  },
  {
    "review": "성경에 기록되어있는 하나님의 말씀대로 모세의일생과 출애굽과정을 상세하게 영상으로 보여주는  감동적인 종교 영화로  예술성이 뛰여난 최고의 대작이다.",
    "date": "14.01.24",
    "rating": "10",
    "author": "jaky****",
    "review_id": "8421580",
    "movie_id": "10064"
  },
  {
    "review": "오래된 영화이지만 지금봐도 최고의 영화",
    "date": "14.01.14",
    "rating": "10",
    "author": "kgp7****",
    "review_id": "8383253",
    "movie_id": "10064"
  },
  {
    "review": "시대를 뛰어넘는 고전명작.",
    "date": "14.01.02",
    "rating": "9",
    "author": "kxvt****",
    "review_id": "8340150",
    "movie_id": "10064"
  },
  {
    "review": "십계촬영지인 이집트 시나이반도 까지 가게만든 영화~~~~",
    "date": "13.12.20",
    "rating": "10",
    "author": "king****",
    "review_id": "8252004",
    "movie_id": "10064"
  },
  {
    "review": "세기의 명작 십계 굿굿굿",
    "date": "13.11.19",
    "rating": "10",
    "author": "p770****",
    "review_id": "8152153",
    "movie_id": "10064"
  },
  {
    "review": "56년작이라니...  대체 저때 바다갈라지는 장면은 어떻게 찍은걸까 신가하네",
    "date": "13.10.28",
    "rating": "8",
    "author": "leve****",
    "review_id": "8096815",
    "movie_id": "10064"
  },
  {
    "review": "1959 년 작 윌리엄 와일러의 벤허와, 2014년에 개봉하게될 대런 아로노프스키 노아.. 성경영화라 쓰고 예술영화라 읽는다. 감히 종교로 시비걸지 못할 클래스.",
    "date": "13.10.24",
    "rating": "10",
    "author": "syp1****",
    "review_id": "8085498",
    "movie_id": "10064"
  },
  {
    "review": "마라나타",
    "date": "13.09.02",
    "rating": "10",
    "author": "hana****",
    "review_id": "7942254",
    "movie_id": "10064"
  },
  {
    "review": "올ㅋ",
    "date": "13.06.19",
    "rating": "10",
    "author": "yeop****",
    "review_id": "7657189",
    "movie_id": "10064"
  },
  {
    "review": "할렐루야",
    "date": "13.06.19",
    "rating": "10",
    "author": "dhdb****",
    "review_id": "7657185",
    "movie_id": "10064"
  },
  {
    "review": "내 인생 최고의 명작이다!!! 지금 봐도 너무나 이름답고 멋지다!! 배우들도 너무나 매혹적이다. 기독교 영화기 때문에 더 훌륭한 것이다. 사실을 바탕으로 만든 것이니까",
    "date": "13.05.11",
    "rating": "10",
    "author": "hot7****",
    "review_id": "7521639",
    "movie_id": "10064"
  },
  {
    "review": "헐..내가 어릴때 만든 영화인줄 알았는데 56년도 작품이었어? 말이 안나온다 대단하네",
    "date": "13.05.02",
    "rating": "10",
    "author": "wino****",
    "review_id": "7501558",
    "movie_id": "10064"
  },
  {
    "review": "주말의 명화/토요명화/명화극장 하면 떠오르는 불후의 명작.. TV에서 한 다섯번은 본거 같다ㅋ",
    "date": "13.04.22",
    "rating": "10",
    "author": "hypa****",
    "review_id": "7475752",
    "movie_id": "10064"
  },
  {
    "review": "기독교영화지만 당대 최고의 영화가 아니었을까. 정말 대작",
    "date": "13.04.20",
    "rating": "10",
    "author": "ibg3****",
    "review_id": "7470926",
    "movie_id": "10064"
  },
  {
    "review": "엉터리 번역이 영화를 망치다..자막은 오탈자 투성이",
    "date": "13.04.06",
    "rating": "6",
    "author": "life****",
    "review_id": "7439653",
    "movie_id": "10064"
  },
  {
    "review": "종교를 떠나서진짜 대단한 명작입니다. 고전인데 엄청 스펙타클하네요 ㅎㅎ",
    "date": "13.04.03",
    "rating": "10",
    "author": "zzan****",
    "review_id": "7432245",
    "movie_id": "10064"
  },
  {
    "review": "좋은 작품이지만 전개가 느리고 심히 지루함. 그리고 신이 너무 쪼잔함.",
    "date": "13.03.29",
    "rating": "8",
    "author": "bele****",
    "review_id": "7419197",
    "movie_id": "10064"
  },
  {
    "review": "갠적으로 옛 생각이 넌지시 스며들게  만드는 영화. 어머니 다리배고 누워서 시간 가는줄 모르고 봤었고... 러닝타임이 엄청 길어서 1,2부로 나눠서 방영했떤 기억이 난다. 상업성만 추구하는 요즘에는 절대 만들어내지 못할 대서사시",
    "date": "13.03.06",
    "rating": "9",
    "author": "shki****",
    "review_id": "7326845",
    "movie_id": "10064"
  },
  {
    "review": "요즘 이런 명작 안나오나",
    "date": "12.10.14",
    "rating": "10",
    "author": "baeq****",
    "review_id": "6801595",
    "movie_id": "10064"
  },
  {
    "review": "종교따지는 찌질이들 영원한 명작도 모르네",
    "date": "12.06.05",
    "rating": "10",
    "author": "nav3****",
    "review_id": "6366518",
    "movie_id": "10064"
  },
  {
    "review": "종교적인 내용 외에 오락적인 흥행요소도 충분하여 즐길 수 있는 걸작^^",
    "date": "12.05.21",
    "rating": "10",
    "author": "ycck****",
    "review_id": "6319263",
    "movie_id": "10064"
  },
  {
    "review": "1956년에 제작된영화 76년에 개봉..헐리웃이 왜 헐리웃인지 알게 해주는영화!!",
    "date": "12.04.29",
    "rating": "10",
    "author": "seve****",
    "review_id": "6255030",
    "movie_id": "10064"
  },
  {
    "review": "논리도 없는 말도안되는 환타지 소설.",
    "date": "12.03.03",
    "rating": "1",
    "author": "debu****",
    "review_id": "6120256",
    "movie_id": "10064"
  },
  {
    "review": "엄청 좋은 영화입니다^^*",
    "date": "12.02.22",
    "rating": "10",
    "author": "true****",
    "review_id": "6096471",
    "movie_id": "10064"
  },
  {
    "review": "종교와 상관없이 걸작은 걸작. 이런게 진정한 영화",
    "date": "12.02.14",
    "rating": "9",
    "author": "fndl****",
    "review_id": "6075140",
    "movie_id": "10064"
  },
  {
    "review": "장황한 성경공부",
    "date": "12.02.03",
    "rating": "5",
    "author": "rose****",
    "review_id": "6049338",
    "movie_id": "10064"
  },
  {
    "review": "팔레스타인의 모세는 언제 나타날까?",
    "date": "12.01.29",
    "rating": "6",
    "author": "kusa****",
    "review_id": "6032346",
    "movie_id": "10064"
  },
  {
    "review": "재미있는 진 잘 모르겠다...",
    "date": "11.10.27",
    "rating": "5",
    "author": "drd1****",
    "review_id": "5813210",
    "movie_id": "10064"
  },
  {
    "review": "인류의 역사를 잘 드러내는 최고의 걸작",
    "date": "11.09.26",
    "rating": "10",
    "author": "odjs****",
    "review_id": "5753675",
    "movie_id": "10064"
  },
  {
    "review": "감히 일류역사상 최고의 걸작이라도 붙히고싶다.",
    "date": "11.07.30",
    "rating": "10",
    "author": "seae****",
    "review_id": "5582212",
    "movie_id": "10064"
  },
  {
    "review": "내용이별로라고하는사람뭐지-.-성경도 안읽어봤나바",
    "date": "11.07.26",
    "rating": "10",
    "author": "kyoy****",
    "review_id": "5571197",
    "movie_id": "10064"
  },
  {
    "review": "스케일은 크지만 신이 너무 쪼잔해. 모두의 신이라면서 애들할거없이 모두 학살시킴.",
    "date": "11.06.16",
    "rating": "7",
    "author": "zinl****",
    "review_id": "5483234",
    "movie_id": "10064"
  },
  {
    "review": "인류의 역사를 말하는 작품.",
    "date": "11.05.31",
    "rating": "10",
    "author": "kimd****",
    "review_id": "5458370",
    "movie_id": "10064"
  },
  {
    "review": "그 시대에 이런거 만든다고 정말 고생 많았겠다.",
    "date": "11.04.22",
    "rating": "6",
    "author": "bbq2****",
    "review_id": "5387226",
    "movie_id": "10064"
  },
  {
    "review": "한편의 긴 연극을 보는 느낌이였다. 56년 영화라는것은 믿기지 않을정도의 명작!",
    "date": "11.04.22",
    "rating": "8",
    "author": "psyc****",
    "review_id": "5386910",
    "movie_id": "10064"
  },
  {
    "review": "진짜.. 영화자체로 보면 둘 도 없는 명작(참고로 전 안티크라이스트 슈퍼스타임)",
    "date": "11.04.04",
    "rating": "10",
    "author": "zzae****",
    "review_id": "5353770",
    "movie_id": "10064"
  },
  {
    "review": "영화역사상 최고의 명화..",
    "date": "11.01.28",
    "rating": "10",
    "author": "mais****",
    "review_id": "5189434",
    "movie_id": "10064"
  },
  {
    "review": "레전드",
    "date": "11.01.08",
    "rating": "10",
    "author": "jsh6****",
    "review_id": "5141232",
    "movie_id": "10064"
  },
  {
    "review": "볼링 포 콜롬바인이 생각난다",
    "date": "10.12.06",
    "rating": "2",
    "author": "sd83****",
    "review_id": "5027857",
    "movie_id": "10064"
  },
  {
    "review": "찰톤 헤스톤이 아니면 그 누가 벤허와 모세를 연기하랴? 벤허와 십계는 불멸의 명작",
    "date": "10.11.30",
    "rating": "10",
    "author": "gall****",
    "review_id": "5010911",
    "movie_id": "10064"
  },
  {
    "review": "지금 만든다면 제작비 4억달러는 너끈히 넘길듯... 해스턴은 모세역에 너무 잘어울림",
    "date": "10.11.23",
    "rating": "10",
    "author": "morb****",
    "review_id": "4981715",
    "movie_id": "10064"
  },
  {
    "review": "오우! 하나님께영광올",
    "date": "10.11.14",
    "rating": "10",
    "author": "gnle****",
    "review_id": "4959037",
    "movie_id": "10064"
  },
  {
    "review": "고전 블록버스터의 좋은 예.",
    "date": "10.11.07",
    "rating": "9",
    "author": "dlwo****",
    "review_id": "4943193",
    "movie_id": "10064"
  },
  {
    "review": "하나님과 함께라면 항상승리 할 수있음을 보여주는 영화~!!!!!",
    "date": "10.10.16",
    "rating": "10",
    "author": "vkre****",
    "review_id": "4906317",
    "movie_id": "10064"
  },
  {
    "review": "쩌네. 별로에요 리뷰를 쓴사람이 없네 ㄷㄷㄷ",
    "date": "10.09.27",
    "rating": "10",
    "author": "jg92****",
    "review_id": "4872860",
    "movie_id": "10064"
  },
  {
    "review": "종교를 배제하고 신화영화라고 생각해도, 상당히 잘 만들었다는 생각이 든다..",
    "date": "10.09.15",
    "rating": "8",
    "author": "imf0****",
    "review_id": "4838008",
    "movie_id": "10064"
  },
  {
    "review": "큰스케일의 대작이다.",
    "date": "10.03.25",
    "rating": "9",
    "author": "yuye****",
    "review_id": "4386730",
    "movie_id": "10064"
  },
  {
    "review": "56년도에 이런 미친 퀄러티에 미친 스케일이 ㅎㄷㄷㄷㄷ",
    "date": "10.02.16",
    "rating": "10",
    "author": "evil****",
    "review_id": "4286734",
    "movie_id": "10064"
  },
  {
    "review": "유대민족만이 우월하다는 이상한 가치관을 심어주는 종교영화",
    "date": "10.02.05",
    "rating": "5",
    "author": "jjyn****",
    "review_id": "4247289",
    "movie_id": "10064"
  },
  {
    "review": "디테일이 뛰어나고 배우와 감독이 하나되어 제대로 만들었다.",
    "date": "09.12.27",
    "rating": "10",
    "author": "almo****",
    "review_id": "4094327",
    "movie_id": "10064"
  },
  {
    "review": "명작이지만, 기독교 인이 아니라서 그럭저럭 본것 같다.",
    "date": "09.12.25",
    "rating": "4",
    "author": "evil****",
    "review_id": "4083746",
    "movie_id": "10064"
  },
  {
    "review": "나쁘진 않았다 특히 비쥬얼적인 측면의 고증은 좋았다...",
    "date": "09.09.09",
    "rating": "7",
    "author": "thra****",
    "review_id": "3820394",
    "movie_id": "10064"
  },
  {
    "review": "그때에서는 엄청난 대작이었다. 221분이 아깝지않을수없다.",
    "date": "09.09.08",
    "rating": "10",
    "author": "dnst****",
    "review_id": "3819544",
    "movie_id": "10064"
  },
  {
    "review": "진짜 벤허와 더불어 최고의 영화다...",
    "date": "09.09.02",
    "rating": "10",
    "author": "rodr****",
    "review_id": "3806740",
    "movie_id": "10064"
  },
  {
    "review": "56년에 이런 영화를 만들다니 놀라울 따름 성경을 너무 충실하게 해석",
    "date": "09.08.21",
    "rating": "8",
    "author": "deff****",
    "review_id": "3772534",
    "movie_id": "10064"
  },
  {
    "review": "3시간동안 질려서 어떻게 봄 -_-;",
    "date": "09.08.15",
    "rating": "5",
    "author": "gb06****",
    "review_id": "3750855",
    "movie_id": "10064"
  },
  {
    "review": "맨마지막에 흐르는음악과 풍경 .. 울음이 솟구친다",
    "date": "09.07.08",
    "rating": "10",
    "author": "bora****",
    "review_id": "3618264",
    "movie_id": "10064"
  },
  {
    "review": "추억의 고전명화",
    "date": "09.06.26",
    "rating": "10",
    "author": "dlgu****",
    "review_id": "3592569",
    "movie_id": "10064"
  },
  {
    "review": "당시년도를 생각하면 엄청난 대작이다 10점도 모자란 당대의명작!!",
    "date": "09.03.22",
    "rating": "10",
    "author": "jpla****",
    "review_id": "3381961",
    "movie_id": "10064"
  },
  {
    "review": "와우~ 어메이징.",
    "date": "09.03.04",
    "rating": "10",
    "author": "sowe****",
    "review_id": "3346773",
    "movie_id": "10064"
  },
  {
    "review": "인간이 찍었다는게 믿기지가 않을 정도의 수준이다..",
    "date": "09.02.20",
    "rating": "10",
    "author": "pola****",
    "review_id": "3318815",
    "movie_id": "10064"
  },
  {
    "review": "하남님이 창조하신;;이세상~ 십계정말 최고네용~",
    "date": "09.02.09",
    "rating": "10",
    "author": "dnra****",
    "review_id": "3291116",
    "movie_id": "10064"
  },
  {
    "review": "오.,할렐루야,모세네요^^;;; 만점 만점!",
    "date": "09.01.27",
    "rating": "10",
    "author": "comp****",
    "review_id": "3253287",
    "movie_id": "10064"
  },
  {
    "review": "딱 기독교수준",
    "date": "09.01.17",
    "rating": "1",
    "author": "kooy****",
    "review_id": "3227538",
    "movie_id": "10064"
  },
  {
    "review": "그저 최고라는 말밖에",
    "date": "09.01.07",
    "rating": "10",
    "author": "jibu****",
    "review_id": "3199564",
    "movie_id": "10064"
  },
  {
    "review": "헉 1956년! 70년대 성당 대형스크린 속의 바다 갈림. 당시는 전율이었다.",
    "date": "09.01.01",
    "rating": "8",
    "author": "acin****",
    "review_id": "3172096",
    "movie_id": "10064"
  },
  {
    "review": "십계.. 최고.. 도저히 지금은 그런 스케일을 만들지 못할 것이다. 모두다 CG지...",
    "date": "08.12.26",
    "rating": "10",
    "author": "lss1****",
    "review_id": "3155040",
    "movie_id": "10064"
  },
  {
    "review": "최고",
    "date": "08.12.06",
    "rating": "10",
    "author": "hdy7****",
    "review_id": "3094065",
    "movie_id": "10064"
  },
  {
    "review": "십계를 뛰어넘는 종교영화가 나오길.",
    "date": "08.11.15",
    "rating": "10",
    "author": "luxu****",
    "review_id": "3051669",
    "movie_id": "10064"
  }
]