[
  {
    "review": "액션스릴러영화의 결정판",
    "date": "15.08.17",
    "rating": "10",
    "author": "sunj****",
    "review_id": "10244404",
    "movie_id": "10061"
  },
  {
    "review": "전성기의 존 맥티어난 감독과 아놀드, 그리고 숨겨진 공로자인 스탠윈스턴이 함께 만들어낸 sf 액션영화의 표본. 각종 사운드나 외계 생명체의 디자인 등 흠잡을 곳이 없다.2편을 제외한 ,후에 개봉한 졸작들조차도 뛰어난 설정을 차용할뿐.",
    "date": "15.08.11",
    "rating": "10",
    "author": "none****",
    "review_id": "10215791",
    "movie_id": "10061"
  },
  {
    "review": "전설의 시작이다 프레데터의 천적 아놀드형님",
    "date": "15.07.19",
    "rating": "10",
    "author": "supe****",
    "review_id": "10121488",
    "movie_id": "10061"
  },
  {
    "review": "이 영화가 걸작인 이유는 파격적인 컨셉의 스토리가 가장크지만 배우들의 연기 또한 일품이라는 거지..가장 신선했던게 프레데터의 시선에서 바라보는 시각과 음성효과들..근데 요새는 이만한 sf물이 안나온다는게 정말 안타까워.",
    "date": "15.07.11",
    "rating": "10",
    "author": "bonb****",
    "review_id": "10091781",
    "movie_id": "10061"
  },
  {
    "review": "명작이라 지리고 87년작이라는 거에 한 번 더 개지리고 갑니다 ㅠㅠ",
    "date": "15.07.10",
    "rating": "10",
    "author": "parm****",
    "review_id": "10086154",
    "movie_id": "10061"
  },
  {
    "review": "제대로 된 명작... 1:1 대결구도를 가진 영화 중 백미",
    "date": "15.07.09",
    "rating": "8",
    "author": "yise****",
    "review_id": "10085616",
    "movie_id": "10061"
  },
  {
    "review": "87년 고3 여름방학때 삼원극장 점심 1시에 들어가서 3번보고 나오니 밤이더라! 역시 아놀드의 비쥬얼은 프레데터!",
    "date": "15.07.05",
    "rating": "10",
    "author": "lgmk****",
    "review_id": "10073491",
    "movie_id": "10061"
  },
  {
    "review": "아버지와 함께 단성사에서 보고 왔던 당시 최고의 명작",
    "date": "15.06.23",
    "rating": "10",
    "author": "acto****",
    "review_id": "10024254",
    "movie_id": "10061"
  },
  {
    "review": "비디오테이프 빌려보던 시절, 가슴 졸이고 봤던 최고 짱짱 영화. 지금 봐도 넘 재밌음.",
    "date": "15.06.21",
    "rating": "10",
    "author": "omgg****",
    "review_id": "10018062",
    "movie_id": "10061"
  },
  {
    "review": "청소년관람 불가? 87년 인천 인형극장에서 사촌형 손에 끌려가서 보고 며칠을 악몽에 시달렸던...",
    "date": "15.06.14",
    "rating": "10",
    "author": "hbj7****",
    "review_id": "10001085",
    "movie_id": "10061"
  },
  {
    "review": "SF액션 영화의 교과서 같은 작품",
    "date": "15.06.14",
    "rating": "10",
    "author": "west****",
    "review_id": "9998033",
    "movie_id": "10061"
  },
  {
    "review": "이때영화들은 노무재밌어 80 90년대",
    "date": "15.05.15",
    "rating": "10",
    "author": "ehtl****",
    "review_id": "9920373",
    "movie_id": "10061"
  },
  {
    "review": "막판 대결이 재밌다.,.",
    "date": "15.05.15",
    "rating": "10",
    "author": "sdad****",
    "review_id": "9919126",
    "movie_id": "10061"
  },
  {
    "review": "지금 봐도 전혀 어색하거나 이상하지않고 다시 계속 봐도 정말 재미있는 영화에요 명작임",
    "date": "15.05.15",
    "rating": "10",
    "author": "yncj****",
    "review_id": "9918569",
    "movie_id": "10061"
  },
  {
    "review": "이런 명작을 아직도 안보았는가...",
    "date": "15.05.15",
    "rating": "10",
    "author": "xyz3****",
    "review_id": "9918440",
    "movie_id": "10061"
  },
  {
    "review": "진짜 남자의영화다ㅋㅋㅋㅋ 보면서 남자의 브금과 남자 아놀드 형님의 생존은내 심장을 뛰게했다",
    "date": "15.04.30",
    "rating": "10",
    "author": "altl****",
    "review_id": "9879897",
    "movie_id": "10061"
  },
  {
    "review": "그당시에 프레데터의 성격 관습 문화등을 이 영화한편으로 다표헌한것같다 다단하다 정말 프레데터는 희대의 케릭터다 그걸 지금은 못살리고 B급 영화로 나온다는게 아쉽다",
    "date": "15.04.26",
    "rating": "10",
    "author": "ghks****",
    "review_id": "9868730",
    "movie_id": "10061"
  },
  {
    "review": "터미네이터 배우가나와서 잼나게봄",
    "date": "15.04.24",
    "rating": "10",
    "author": "dnjs****",
    "review_id": "9864095",
    "movie_id": "10061"
  },
  {
    "review": "오늘 tv에서 프레데터스 하길래 문득 생각나서 다시 봤지만 역시 명작...영화를 여러번 봐서 줄거리를 다 알고있는 상황에서도 나도 모르게 빠져드는 몰입감은 명품영화 라고 표현해도  아깝지 않을 정도 정말 재밌는 작품",
    "date": "15.04.19",
    "rating": "10",
    "author": "wnrh****",
    "review_id": "9853555",
    "movie_id": "10061"
  },
  {
    "review": "안보면 당신만 후회  봐도봐도 안질리는 이유가 정말 액션물로는 보기드물게 군더더기없는데다 호러를 적당히 가미한 감독의  깔끔한  전개능력",
    "date": "15.04.18",
    "rating": "10",
    "author": "zito****",
    "review_id": "9851783",
    "movie_id": "10061"
  },
  {
    "review": "아놀드형님의전성기라서 재미있는영화",
    "date": "15.04.06",
    "rating": "10",
    "author": "blac****",
    "review_id": "9831671",
    "movie_id": "10061"
  },
  {
    "review": "캬... 학생 때 참 대단했던 영화다. 10점이 절대 아깝지 않지!",
    "date": "15.03.29",
    "rating": "10",
    "author": "iris****",
    "review_id": "9813473",
    "movie_id": "10061"
  },
  {
    "review": "아놀드의 근육과 프레데터의 기괴한 설정과 디자인... 지금 봐도 재미있다.",
    "date": "15.03.23",
    "rating": "9",
    "author": "heod****",
    "review_id": "9801416",
    "movie_id": "10061"
  },
  {
    "review": "이런 영화 이제 못만드냐",
    "date": "15.03.11",
    "rating": "10",
    "author": "ckr3****",
    "review_id": "9771804",
    "movie_id": "10061"
  },
  {
    "review": "보세요, 재밌습니다.",
    "date": "15.02.26",
    "rating": "10",
    "author": "xlro****",
    "review_id": "9741729",
    "movie_id": "10061"
  },
  {
    "review": "프레데터 나오는 부분은 옛날 파워레인저나 백터맨의 크리쳐 나오는 줄.. 이거 에일리언보다 늦게 나오거나 동시대 영화아님? 에일리언은 시대를 뛰어넘었지만, 이 영화는 시대를 뛰어넘진 못했다. 평점이 너무 높아 1점. 진짜 주고 싶은 평점은 6 정도.",
    "date": "15.02.22",
    "rating": "1",
    "author": "yumi****",
    "review_id": "9726795",
    "movie_id": "10061"
  },
  {
    "review": "무고한 병력들 몰살시켜 놓고, 자기 전우 한명 죽으면 웅장한 음악 나오면서 뜨거운 전우애라도 과시하는 것마냥.. 미국식 영웅주의도 역겹지만.. 프레데터 자폭 전에 웃을 땐 진짜 구리다는 느낌밖에 안들더라.",
    "date": "15.02.19",
    "rating": "1",
    "author": "plto****",
    "review_id": "9715517",
    "movie_id": "10061"
  },
  {
    "review": "은엄폐와 위장의 중요성.",
    "date": "15.02.14",
    "rating": "5",
    "author": "rd72****",
    "review_id": "9697094",
    "movie_id": "10061"
  },
  {
    "review": "카우보이 모자쓴 군인 자동화기 발칸포인가 그게 너무 멋져 현실감있고 정글에다 갈기니 들판되버림... 학창시절 이영화 개봉때 극장서 보고 쫄았던 기억이 선하다... 그냥 그속에 몰아일체가 되어 덜덜떨며 온몸에 힘들주며 보던 기억이.. 계속봐야하는영화",
    "date": "15.02.12",
    "rating": "10",
    "author": "spad****",
    "review_id": "9690969",
    "movie_id": "10061"
  },
  {
    "review": "위대한 영화 더이상 말은 필요없다.지금 봐도 쎈세이션 이후부터2부터 프레데터는..그냥 쓰레기 프레데터영화는 1만이 가치가 있다.",
    "date": "15.02.02",
    "rating": "10",
    "author": "kgmi****",
    "review_id": "9661573",
    "movie_id": "10061"
  },
  {
    "review": "긴장감에 숨이 멎을것 같았다",
    "date": "15.01.13",
    "rating": "9",
    "author": "sygo****",
    "review_id": "9589348",
    "movie_id": "10061"
  },
  {
    "review": "좌우익, 어른,아이 다 좋아하는 영화",
    "date": "15.01.10",
    "rating": "9",
    "author": "rnfh****",
    "review_id": "9581305",
    "movie_id": "10061"
  },
  {
    "review": "터미네이터를 이기는 후덜덜한 외계괴물 ㄷㄷ  이때정말 아놀드 느님도 나약할때가 있다는걸 깨달았습니다.",
    "date": "14.12.24",
    "rating": "10",
    "author": "hsut****",
    "review_id": "9506075",
    "movie_id": "10061"
  },
  {
    "review": "중학교 시절 개봉 첫날에 가서 봤는데 당시 아놀드의 팬이고 당연 전쟁영환줄 알고 보러갔는데.. 당시엔 충격이었다~ 지금봐도 전혀 어색하지않은 대작이다~ 아! 글고 당시 프레데터 옷입고 연기한 배우가 쟝클로드반담 이였지요~",
    "date": "14.12.20",
    "rating": "10",
    "author": "yong****",
    "review_id": "9494749",
    "movie_id": "10061"
  },
  {
    "review": "장난 아니다. 지금봐도 재밌네. 요즘 나오는 지루한 양산형 쓰레기영화들과는 비교가 안되는 작품. cg는 엄청나게 발전했는데 왜 영화는 점점 재미없어지는지 모르겠네",
    "date": "14.11.16",
    "rating": "10",
    "author": "goim****",
    "review_id": "9391513",
    "movie_id": "10061"
  },
  {
    "review": "이거 한 열번은 본듯... 계속봐도봐도재밌어..",
    "date": "14.11.05",
    "rating": "10",
    "author": "qkqh****",
    "review_id": "9342572",
    "movie_id": "10061"
  },
  {
    "review": "이런게 남자의 영화지.. 별 스토리없이 싸우는게 요점이다",
    "date": "14.10.17",
    "rating": "10",
    "author": "xfig****",
    "review_id": "9298380",
    "movie_id": "10061"
  },
  {
    "review": "빌리형 포스 쩔다가 .. 허무하게 죽었어..",
    "date": "14.10.13",
    "rating": "9",
    "author": "poet****",
    "review_id": "9290363",
    "movie_id": "10061"
  },
  {
    "review": "아놀드는 외계인까지 잡네...",
    "date": "14.10.11",
    "rating": "10",
    "author": "grea****",
    "review_id": "9285224",
    "movie_id": "10061"
  },
  {
    "review": "희대의 걸작 SF 영화.",
    "date": "14.09.27",
    "rating": "10",
    "author": "virt****",
    "review_id": "9244636",
    "movie_id": "10061"
  },
  {
    "review": "프레데터 그당시에 왜이렇게 무서웠는지 덜덜 떨면서봤죠",
    "date": "14.09.19",
    "rating": "10",
    "author": "anbd****",
    "review_id": "9226289",
    "movie_id": "10061"
  },
  {
    "review": "아주 오래 전에 본 영화지만 그 긴장감은 아직도 생생하다",
    "date": "14.09.14",
    "rating": "10",
    "author": "n2wy****",
    "review_id": "9212362",
    "movie_id": "10061"
  },
  {
    "review": "이 영화는 혁명이다. 최고의 sf 영화~",
    "date": "14.09.10",
    "rating": "10",
    "author": "zlfk****",
    "review_id": "9197330",
    "movie_id": "10061"
  },
  {
    "review": "이건 개명작이다. 진짜.. 존맥티어난의 그야말로 초특급 액션 교과서임..",
    "date": "14.09.08",
    "rating": "10",
    "author": "kkt1****",
    "review_id": "9181592",
    "movie_id": "10061"
  },
  {
    "review": "그냥 말이필요하나? SF스릴러 크리쳐물 매니아면 이건그냥 최고다",
    "date": "14.09.04",
    "rating": "10",
    "author": "ekaq****",
    "review_id": "9164571",
    "movie_id": "10061"
  },
  {
    "review": "본지 오래 되어 어렴풋이 기억나지만 나름 쪼는 맛이 있었던 것 같음. 1987년 작품이라는 것을 감안하고 보면 됨",
    "date": "14.09.04",
    "rating": "7",
    "author": "jjaj****",
    "review_id": "9163170",
    "movie_id": "10061"
  },
  {
    "review": "sf 공포물의 명작영화..   말이 필요없다..   직봐라..    후반부의 긴장감과 스릴은 아직도 안잊혀진다.",
    "date": "14.09.04",
    "rating": "10",
    "author": "adiv****",
    "review_id": "9162052",
    "movie_id": "10061"
  },
  {
    "review": "우주를 돌아다니며 맞짱뜨는 프레데터..",
    "date": "14.08.27",
    "rating": "8",
    "author": "pont****",
    "review_id": "9136488",
    "movie_id": "10061"
  },
  {
    "review": "의문의 여지없이 관객의 흥미를 최고로 끌어올리는 명작",
    "date": "14.08.14",
    "rating": "9",
    "author": "hack****",
    "review_id": "9081196",
    "movie_id": "10061"
  },
  {
    "review": "아놀드 팔아 먹기 딱 좋은 영화...네터티브는 개판",
    "date": "14.08.10",
    "rating": "7",
    "author": "lees****",
    "review_id": "9061286",
    "movie_id": "10061"
  },
  {
    "review": "쉬이익....푸슈숙...쉬이익...후우...크하하하하!!",
    "date": "14.07.31",
    "rating": "10",
    "author": "jjda****",
    "review_id": "8988445",
    "movie_id": "10061"
  },
  {
    "review": "왜 티비로는 안함?ㅡㅡ",
    "date": "14.07.26",
    "rating": "1",
    "author": "hang****",
    "review_id": "8960997",
    "movie_id": "10061"
  },
  {
    "review": "영화가 이제 27년이나 지났지만, 최근 어떤 영화보다도 더 흥미롭다.",
    "date": "14.07.14",
    "rating": "10",
    "author": "jwle****",
    "review_id": "8916491",
    "movie_id": "10061"
  },
  {
    "review": "이게 87년 영화란다...우린 연산군 찍을때네...",
    "date": "14.07.13",
    "rating": "9",
    "author": "10c4****",
    "review_id": "8910313",
    "movie_id": "10061"
  },
  {
    "review": "어린나이에...쇼킹 이었다...",
    "date": "14.06.24",
    "rating": "10",
    "author": "7901****",
    "review_id": "8850396",
    "movie_id": "10061"
  },
  {
    "review": "마초들의 향연..  그리고 그들을 사냥하는 프레데터!",
    "date": "14.06.21",
    "rating": "8",
    "author": "cjst****",
    "review_id": "8843984",
    "movie_id": "10061"
  },
  {
    "review": "박진감넘치고 87년 영화인데도 전혀 촌스럽지않다.오히려 요즘 영화들보다 스토리는 더 탄탄하고 군더더기가 없어서 더 재밌음.또 봐도 재밌는 SF수작.",
    "date": "14.05.27",
    "rating": "9",
    "author": "jwjy****",
    "review_id": "8769168",
    "movie_id": "10061"
  },
  {
    "review": "어릴 때 봤을때는 진짜 최강이었음,,  커서 봐도 대박!",
    "date": "14.05.26",
    "rating": "10",
    "author": "fghy****",
    "review_id": "8766770",
    "movie_id": "10061"
  },
  {
    "review": "어릴적 친구집에서 아무생각없이 비디오테잎빌려서보고 그 충격의 여파가 오래간 몇안되는영화 걸작중의 걸작 연출부터 음악까지 영화음악은 엘런 실베스트리 정말 미친영화",
    "date": "14.05.22",
    "rating": "10",
    "author": "ashd****",
    "review_id": "8755051",
    "movie_id": "10061"
  },
  {
    "review": "프레데터 짱짱맨 ㅎㅎㅎ",
    "date": "14.05.20",
    "rating": "10",
    "author": "kng9****",
    "review_id": "8748925",
    "movie_id": "10061"
  },
  {
    "review": "프레데터 외계종족 분장이 누군줄아냐? 장크로드 반담이다  이영화로 일약 스타덤에 오른 배우다",
    "date": "14.05.10",
    "rating": "10",
    "author": "kobi****",
    "review_id": "8719706",
    "movie_id": "10061"
  },
  {
    "review": "굿굿굿 프레데터중 재일 나음",
    "date": "14.05.03",
    "rating": "10",
    "author": "holi****",
    "review_id": "8697741",
    "movie_id": "10061"
  },
  {
    "review": "지금 보아도 오락영화로 손색이 없다.",
    "date": "14.04.26",
    "rating": "10",
    "author": "prot****",
    "review_id": "8672760",
    "movie_id": "10061"
  },
  {
    "review": "와 재미있내요. 터미네이터보다는 좀 떨어지지만 그래도 재미있게 봤어요.",
    "date": "14.04.10",
    "rating": "10",
    "author": "jesu****",
    "review_id": "8640123",
    "movie_id": "10061"
  },
  {
    "review": "사람들이 영화나 소설들을  평하는 <눈>이 대체로 정확하다는 게 무섭다.  옛날 영화지만 볼 때마다 재미있었는데 남들도 다 그렇구나.",
    "date": "14.03.08",
    "rating": "9",
    "author": "melv****",
    "review_id": "8562339",
    "movie_id": "10061"
  },
  {
    "review": "이 영화가 바로 진짜 오리지널 영화.",
    "date": "14.02.25",
    "rating": "10",
    "author": "maru****",
    "review_id": "8535962",
    "movie_id": "10061"
  },
  {
    "review": "마지막결투씬을 너무 지루하게 끄는감이있다. 그러나 초중반은 대박! 초중반씬들은 한시도 긴장을놓칠수 없는장면들이라 정말 몰입하면서 본영화.",
    "date": "14.02.21",
    "rating": "8",
    "author": "dltj****",
    "review_id": "8527106",
    "movie_id": "10061"
  },
  {
    "review": "후반부에 프데데터가 레이저폭 퍼부울때의 장면은 지금 봐도 가슴을 울린다. 한마디로 길이 남을 명작이었다.",
    "date": "14.02.18",
    "rating": "10",
    "author": "sgs3****",
    "review_id": "8518703",
    "movie_id": "10061"
  },
  {
    "review": "포식자. 아놀드 형의 근육 이 땐 정말 대단했쥬. 재밌어유.",
    "date": "14.02.14",
    "rating": "10",
    "author": "real****",
    "review_id": "8508124",
    "movie_id": "10061"
  },
  {
    "review": "지금봐도 명작이지. 우리나라는 이만한 영화 100년 내론 못만든다.",
    "date": "14.02.02",
    "rating": "10",
    "author": "sasc****",
    "review_id": "8465428",
    "movie_id": "10061"
  },
  {
    "review": "긴장감의 달인 존 맥티어난의 솜씨가 빛난다. 보통의 SF명작은 철학을 동반하지만, 특별한 스토리나 반전 없이 지구인과 포식자의 마초적인 대결 그뿐이다. 내용 자체는 단순하지만 이토록 오래도록 사랑받는 캐릭터 프레데터를 탄생시킨 점만으로도 가치가 있다.",
    "date": "14.01.29",
    "rating": "8",
    "author": "dhka****",
    "review_id": "8441998",
    "movie_id": "10061"
  },
  {
    "review": "아놀들아져씨와프레데터의사냥놀이?ㅋ",
    "date": "14.01.18",
    "rating": "10",
    "author": "ezzz****",
    "review_id": "8395767",
    "movie_id": "10061"
  },
  {
    "review": "아놀드 형님 나오는 거면 다 본다. ㅎ",
    "date": "13.12.28",
    "rating": "10",
    "author": "pc59****",
    "review_id": "8317992",
    "movie_id": "10061"
  },
  {
    "review": "세월이지나두 내인생 최고의sf영화 한순간두지루하지않구 긴장감최고",
    "date": "13.11.29",
    "rating": "10",
    "author": "simm****",
    "review_id": "8176934",
    "movie_id": "10061"
  },
  {
    "review": "전설의 명화 ㅋ 다시봐도 재밌다. 프레데터 시리즈는 그냥 딴거는 보지 말고 이것만 봐야 제맛.",
    "date": "13.11.13",
    "rating": "10",
    "author": "mj19****",
    "review_id": "8135245",
    "movie_id": "10061"
  },
  {
    "review": "이런 영화 조아요~조아요~",
    "date": "13.11.12",
    "rating": "10",
    "author": "scvj****",
    "review_id": "8133279",
    "movie_id": "10061"
  },
  {
    "review": "최고~~~!!!! 아놀드형님 그때가 그립네요 ^^",
    "date": "13.11.08",
    "rating": "10",
    "author": "a791****",
    "review_id": "8125071",
    "movie_id": "10061"
  },
  {
    "review": "영화 역사에 길이 남을 괴수 탄생",
    "date": "13.10.08",
    "rating": "10",
    "author": "biga****",
    "review_id": "8044600",
    "movie_id": "10061"
  },
  {
    "review": "에일리언과 쌍벽을 이루는 괴수영화의 수작",
    "date": "13.10.03",
    "rating": "10",
    "author": "yo_c****",
    "review_id": "8029829",
    "movie_id": "10061"
  },
  {
    "review": "재개봉 해도 히트 칠 멋진 전쟁영화",
    "date": "13.10.03",
    "rating": "10",
    "author": "ctrl****",
    "review_id": "8029369",
    "movie_id": "10061"
  },
  {
    "review": "아놀드 대표작중 하나임 ㅋㅋ",
    "date": "13.09.30",
    "rating": "10",
    "author": "xx41****",
    "review_id": "8023973",
    "movie_id": "10061"
  },
  {
    "review": "행님.....",
    "date": "13.09.04",
    "rating": "10",
    "author": "kysk****",
    "review_id": "7947372",
    "movie_id": "10061"
  },
  {
    "review": "아놀드 형의 근육 이 땐 정말 대단했지유. 재밌어유. 잔인한 장면이 많으니 임산부나 노약자는 관람 금지에유.",
    "date": "13.09.03",
    "rating": "10",
    "author": "real****",
    "review_id": "7945821",
    "movie_id": "10061"
  },
  {
    "review": "눈에 보이지 않는 것은 강하다",
    "date": "13.08.29",
    "rating": "6",
    "author": "pent****",
    "review_id": "7931137",
    "movie_id": "10061"
  },
  {
    "review": "신의한수 명불허전",
    "date": "13.08.11",
    "rating": "10",
    "author": "thug****",
    "review_id": "7869055",
    "movie_id": "10061"
  },
  {
    "review": "교과서...",
    "date": "13.08.08",
    "rating": "10",
    "author": "meta****",
    "review_id": "7858493",
    "movie_id": "10061"
  },
  {
    "review": "그냥 볼만함",
    "date": "13.08.01",
    "rating": "8",
    "author": "ban1****",
    "review_id": "7808221",
    "movie_id": "10061"
  },
  {
    "review": "어릴때 정말 재밌게 봤는데 ㅋㅋ 그 프레데터 헬멧시점에서 특유의 기계음 소리가 아직도 생생하다 긴장감 쩔어줬지 ㅋㅋㅋㅋ",
    "date": "13.07.22",
    "rating": "10",
    "author": "twin****",
    "review_id": "7773837",
    "movie_id": "10061"
  },
  {
    "review": "긴장감넘치는전개와 함께 화끈한액션,아놀드 형님의 근육질몸매",
    "date": "13.07.15",
    "rating": "9",
    "author": "f_09****",
    "review_id": "7745645",
    "movie_id": "10061"
  },
  {
    "review": "짱",
    "date": "13.07.14",
    "rating": "10",
    "author": "0166****",
    "review_id": "7738495",
    "movie_id": "10061"
  },
  {
    "review": "아놀드 형님이 나오는 영화라서 봤다 최첨단장비를 갗우었어도 원시적인 사냥을 하는 외계인 설정에서 인상이 강하게 남은 영화",
    "date": "13.07.13",
    "rating": "10",
    "author": "gokj****",
    "review_id": "7733087",
    "movie_id": "10061"
  },
  {
    "review": "에이리언과 쌍벽을 이루는 괴수영화의 영원한 바이블!",
    "date": "13.07.09",
    "rating": "9",
    "author": "rosn****",
    "review_id": "7719824",
    "movie_id": "10061"
  },
  {
    "review": "아놀드 형님^^",
    "date": "13.06.19",
    "rating": "10",
    "author": "ske4****",
    "review_id": "7656577",
    "movie_id": "10061"
  },
  {
    "review": "이런 유일무이한 sf최고 소재의 캐릭터를 생기게 했다는것도... 그 캐릭터를 잘살려서 영화와 맛깔나게 잘 버무렸다는것도 꽤 괜찮은 점수를 줄만하다",
    "date": "13.06.11",
    "rating": "9",
    "author": "redi****",
    "review_id": "7626858",
    "movie_id": "10061"
  },
  {
    "review": "지금보면 특수효과가 다소 후져보일지 모르나 그당시에는 정말 연출이라던지프레데터의 스텔스나 프레데터의 시점 다채로운 무기등 꽤나 충격적인 시퀀스였다.",
    "date": "13.05.17",
    "rating": "10",
    "author": "cidd****",
    "review_id": "7534628",
    "movie_id": "10061"
  },
  {
    "review": "너무 기대하진 마시라",
    "date": "13.04.20",
    "rating": "7",
    "author": "46to****",
    "review_id": "7469492",
    "movie_id": "10061"
  },
  {
    "review": "어릴때 진짜 재밌게 본 명작",
    "date": "13.04.11",
    "rating": "10",
    "author": "wham****",
    "review_id": "7449693",
    "movie_id": "10061"
  },
  {
    "review": "최고의명작",
    "date": "13.03.18",
    "rating": "10",
    "author": "wooo****",
    "review_id": "7361845",
    "movie_id": "10061"
  },
  {
    "review": "고전 명작",
    "date": "13.03.13",
    "rating": "10",
    "author": "lga7****",
    "review_id": "7344857",
    "movie_id": "10061"
  },
  {
    "review": "당시엔 꽤 과학적이고 최신기술 외계인. 반으로 뎅강짤리는 부메랑이 일품",
    "date": "13.02.27",
    "rating": "7",
    "author": "jwjw****",
    "review_id": "7306255",
    "movie_id": "10061"
  }
]