[
  {
    "review_id": "10265275",
    "movie_id": "100644",
    "author": "jaem****",
    "review": "지금 점수는 너무 적다 충분히 8점대는 할수있는 영화  단순액션과 결과주의적인 스토리가 아닌 각 인물의 심정을 느끼면서 보면 충분히 좋은 드라마적요소가 강함 재밌음",
    "rating": "10",
    "date": "15.08.23"
  },
  {
    "review_id": "10245942",
    "movie_id": "100644",
    "author": "lill****",
    "review": "이 시리즈 그냥저냥 보다가 모킹제이 part 1 보고 결말 궁금해 원작도 읽었는데.. 갠적으론 원작보다 영화가 더 낫네요. 특히 캣니스 캐릭터가 영화에서 더 매력적으로 그려지는 듯..",
    "rating": "8",
    "date": "15.08.17"
  },
  {
    "review_id": "10235105",
    "movie_id": "100644",
    "author": "voov****",
    "review": "뭔소리임 파트2없어도 진짜 추천함 스토리가 너무 잼씀 액션만보는 초딩들은 그냥 짜져요좀",
    "rating": "10",
    "date": "15.08.15"
  },
  {
    "review_id": "10206850",
    "movie_id": "100644",
    "author": "fsre****",
    "review": "힘을잃고 갈수록 지친다",
    "rating": "7",
    "date": "15.08.09"
  },
  {
    "review_id": "10185926",
    "movie_id": "100644",
    "author": "hugh****",
    "review": "이 영화를 part 1 이라 부르며 2를 위한 징검다리라 하는 사람들은 책과 영화를 다시 한번 보는 것을 권장한다.  시리즈 1, 2편과 비교했을때 훨씬 소설특유의 감정선 흐름을 잘잡아 냈고 오히려 원작이 같은 부분에 비해 더 실감나고 재밌다.",
    "rating": "10",
    "date": "15.08.05"
  },
  {
    "review_id": "10183756",
    "movie_id": "100644",
    "author": "lsjr****",
    "review": "part 2를 기다리는 전초전일뿐",
    "rating": "8",
    "date": "15.08.04"
  },
  {
    "review_id": "10177389",
    "movie_id": "100644",
    "author": "oys1****",
    "review": "2편을 나눠야할것은 1편으로 합쳤으면 급전개에 영화가 어떻게 됐을지 모릅니다.  비난 조금 받더라도 이렇게 한게 나아보이네요. 상업적으로도.. 작품적으로도..",
    "rating": "8",
    "date": "15.08.02"
  },
  {
    "review_id": "10172712",
    "movie_id": "100644",
    "author": "p754****",
    "review": "마지막 편이 정말 기대됐습니다. 그동안 좀 잔인한 면이 있어서 보기 불편했는데 이번 편만큼은 그런 면이 좀 줄었더라구요. 그때문에 오히려 재미가 없었다는 분들도 계시지만요.",
    "rating": "8",
    "date": "15.08.01"
  },
  {
    "review_id": "10164876",
    "movie_id": "100644",
    "author": "7146****",
    "review": "헝거게임이 매년마다나오는데 스텝업처럼 전스토리몰라도 봐도대는줄알고 보신분들많은듯 파트1보고 별로라는대 난 몰입도도 좋았고 심장졸이면서봤음 남들 해리포터는 어케봤는지모르겠네 그것도 전편봐야중간중간내용이해할텐데",
    "rating": "10",
    "date": "15.07.31"
  },
  {
    "review_id": "10160962",
    "movie_id": "100644",
    "author": "ddaz****",
    "review": "머여 이렇게 지켜워서 화나는 영화는 첨보네",
    "rating": "1",
    "date": "15.07.30"
  },
  {
    "review_id": "10157013",
    "movie_id": "100644",
    "author": "wg90****",
    "review": "파트2 빨리 보고싶다 ㅋㅋ",
    "rating": "10",
    "date": "15.07.29"
  },
  {
    "review_id": "10155885",
    "movie_id": "100644",
    "author": "kjy9****",
    "review": "모두 지루하다고 하길래 보는 걸 계속 미루다 이제야 보게되었는 데 진작 볼걸 이런 생각이 들었다 ㅠㅠ 파이널 편이 기대된다 파이널 주인공을 보니 이번 1편에서 나온 반삭언니가 비중있게 나오는 것 같은 데 이 언니가 어떤 반전을 보여줄지 기대된다",
    "rating": "10",
    "date": "15.07.29"
  },
  {
    "review_id": "10149268",
    "movie_id": "100644",
    "author": "raun****",
    "review": "배우들 연기 잘합니다.연출도 그만하면 훌륭하고~그런데 2편이 있어요!",
    "rating": "8",
    "date": "15.07.27"
  },
  {
    "review_id": "10144082",
    "movie_id": "100644",
    "author": "voni****",
    "review": "7점대도 후한점수 같아서 좀 깍으려고 1점줍니다. 실제점수는 5.5정도.",
    "rating": "1",
    "date": "15.07.26"
  },
  {
    "review_id": "10141181",
    "movie_id": "100644",
    "author": "dltm****",
    "review": "끝없이 이어지는 또 다른 이야기의 시작일꺼라고 생각하고 큰 기대를 가지고 보게되었는데, 역시나 그 전편들에 이어서 더 큰 몰입을 할수있어서 너무 좋았고, 시간이 너무 빨리 지나간 만큼 얼른 그 뒷이야기가 나왔으면 좋겠다.",
    "rating": "10",
    "date": "15.07.25"
  },
  {
    "review_id": "10137597",
    "movie_id": "100644",
    "author": "skyh****",
    "review": "직장에 응가 남아있는 느낌..",
    "rating": "1",
    "date": "15.07.24"
  },
  {
    "review_id": "10137592",
    "movie_id": "100644",
    "author": "haei****",
    "review": "재미떠요~><짱짱 추천!!!!",
    "rating": "10",
    "date": "15.07.24"
  },
  {
    "review_id": "10136267",
    "movie_id": "100644",
    "author": "cjhb****",
    "review": "파트를 1,2로 나누다보니 너무 루즈해집니다 이럴바엔 파트 1,2를 합쳐서 타이트하게 만들지",
    "rating": "5",
    "date": "15.07.24"
  },
  {
    "review_id": "10134069",
    "movie_id": "100644",
    "author": "viki****",
    "review": "헝거게임1  때와 비교하면, 시리즈를 거듭할수록 진화하고 있다. 역시 영화는 감독의 역량",
    "rating": "7",
    "date": "15.07.23"
  },
  {
    "review_id": "10119955",
    "movie_id": "100644",
    "author": "koky****",
    "review": "영화 같은 게임, 게임 같은 영화. 게임처럼 재밌다.",
    "rating": "10",
    "date": "15.07.19"
  },
  {
    "review_id": "10119658",
    "movie_id": "100644",
    "author": "zach****",
    "review": "혁명과 희망의 이면을 담고 있어 전체적인 분위기가 어둡기 그지없다.",
    "rating": "9",
    "date": "15.07.19"
  },
  {
    "review_id": "10114781",
    "movie_id": "100644",
    "author": "djde****",
    "review": "확실히 파트1이네요 ㅠ 더 파이널 빨리 보고싶어요",
    "rating": "10",
    "date": "15.07.18"
  },
  {
    "review_id": "10114248",
    "movie_id": "100644",
    "author": "ektj****",
    "review": "시리즈 망해라 OOO 영화로 스크린수 차지하지마라 노잼의 정석",
    "rating": "1",
    "date": "15.07.17"
  },
  {
    "review_id": "10113578",
    "movie_id": "100644",
    "author": "exoo****",
    "review": "사람들이 지루하고 재미없다길래 기대하지 않고 봤는데 열정이 들끓는 편이 아닌가 생각합니다. 끓어오르고 끓어올리는 편. 마지막편에선 그게 팡팡 터지겠죠 그걸 생각해서 보니깐 지루하지도 않네요",
    "rating": "9",
    "date": "15.07.17"
  },
  {
    "review_id": "10112986",
    "movie_id": "100644",
    "author": "happ****",
    "review": "part를 왜 안써논거여",
    "rating": "4",
    "date": "15.07.17"
  },
  {
    "review_id": "10110174",
    "movie_id": "100644",
    "author": "nckc****",
    "review": "헝거게임 시리즈 모킹제이도 너무 좋았음 더 파이널도 완전 기대됨",
    "rating": "10",
    "date": "15.07.16"
  },
  {
    "review_id": "10110095",
    "movie_id": "100644",
    "author": "cono****",
    "review": "시리즈라는걸 감안하면 재밌기만한데",
    "rating": "10",
    "date": "15.07.16"
  },
  {
    "review_id": "10106416",
    "movie_id": "100644",
    "author": "cool****",
    "review": "진짜 해도해도 너무한 영화. 이걸 돈주고 본게 정말 치욕적이다",
    "rating": "1",
    "date": "15.07.15"
  },
  {
    "review_id": "10103115",
    "movie_id": "100644",
    "author": "mang****",
    "review": "시리즈의 끝을 향해 달리는 고공 질주!!",
    "rating": "8",
    "date": "15.07.14"
  },
  {
    "review_id": "10102565",
    "movie_id": "100644",
    "author": "beat****",
    "review": "어제우비에베스비맞고러븙알바왜가냐뭐덜라고배봉인스타오늘쌍문오피스텔전입돌깨마을이라들깨순두부고민한다네아헝거게임요것은시리즈가갈수록재미가떨어져뿌네캣니스13구역에서모킹제이로취직되서홍보용방송겁나게찍는구만캐피톨에갇힌피타구한다고게일이용썼다캣니스앉아코푸네폰으로보길잘했쥬?",
    "rating": "7",
    "date": "15.07.13"
  },
  {
    "review_id": "10101695",
    "movie_id": "100644",
    "author": "gshh****",
    "review": "솔직히 본 편은 크게 기억나는 장면도 없고.. 완결편 전초전이라 많은부분들이 다소 아쉬운 작품",
    "rating": "7",
    "date": "15.07.13"
  },
  {
    "review_id": "10071062",
    "movie_id": "100644",
    "author": "sim_****",
    "review": "참을 수 없는 잔인함. 액션보다 감정선이 먼저였던 시리즈.",
    "rating": "9",
    "date": "15.07.05"
  },
  {
    "review_id": "10060532",
    "movie_id": "100644",
    "author": "hyh7****",
    "review": "후속작을 위한 밑밥 그래도 심심할때 보면 볼만하다.",
    "rating": "4",
    "date": "15.07.02"
  },
  {
    "review_id": "10057527",
    "movie_id": "100644",
    "author": "hdbw****",
    "review": "part1이라서 큰 내용은 없구...그냥 part2만 기대하고 있어요~",
    "rating": "7",
    "date": "15.07.01"
  },
  {
    "review_id": "10047459",
    "movie_id": "100644",
    "author": "jsle****",
    "review": "보다가 꺼버렸음... 집중도 안되고... 도대체[ 뭔영화인지..",
    "rating": "4",
    "date": "15.06.28"
  },
  {
    "review_id": "10046257",
    "movie_id": "100644",
    "author": "geon****",
    "review": "진짜재미없다 저니퍼로렌스좋아서 본건데 5분보다 잠",
    "rating": "1",
    "date": "15.06.28"
  },
  {
    "review_id": "10041466",
    "movie_id": "100644",
    "author": "hero****",
    "review": "이 영화의 모든 내용 한 줄 요약:벙커에서 나가서 바람쐬고 들어오기 반복 3회^^ 이 정도면 감독 매장시키고 싶다.",
    "rating": "1",
    "date": "15.06.27"
  },
  {
    "review_id": "10009911",
    "movie_id": "100644",
    "author": "tjse****",
    "review": "지루한 부분이 있기는 하지만 괜찮음",
    "rating": "7",
    "date": "15.06.18"
  },
  {
    "review_id": "10005871",
    "movie_id": "100644",
    "author": "rwpo****",
    "review": "한번에 끝냈으면 오히려 아쉬웠을 거 같다. 마지막 전의 이야기라고 생각하면 정말 잘 만들었다는 생각이 든다... 파이널 기대됩니다.",
    "rating": "9",
    "date": "15.06.17"
  },
  {
    "review_id": "10005409",
    "movie_id": "100644",
    "author": "dark****",
    "review": "충분히 잘만든 영화 같은데..",
    "rating": "10",
    "date": "15.06.17"
  },
  {
    "review_id": "10004535",
    "movie_id": "100644",
    "author": "he_9****",
    "review": "하..진짜 솔직히 적는건데 헝거게임 편중에 제일 노잼이였음..ㅜㅜ 1편이 제일 재밌는거네",
    "rating": "1",
    "date": "15.06.16"
  },
  {
    "review_id": "10004351",
    "movie_id": "100644",
    "author": "minw****",
    "review": "1편 빼고 2편부터 불면증 특효약 시리즈",
    "rating": "2",
    "date": "15.06.16"
  },
  {
    "review_id": "10004079",
    "movie_id": "100644",
    "author": "heny****",
    "review": "마지막이 기대됩니다!!",
    "rating": "8",
    "date": "15.06.16"
  },
  {
    "review_id": "9999688",
    "movie_id": "100644",
    "author": "gusw****",
    "review": "다른 편에 대해서는 매우 떨어지는 것이 사실입니다. 하지만, part2를 위해서라면 이정도는 감수할수 있어요...",
    "rating": "7",
    "date": "15.06.14"
  },
  {
    "review_id": "9999063",
    "movie_id": "100644",
    "author": "ljyc****",
    "review": "많은기대안하고 봤는데 생각보다 재미있었어요! 캣니스의 감정이 쭉 끌고가는것도 인상적이고, 다소 끄는듯한 느낌은 있었지만 다음편으로 가야하는 내용들을 잘 표현한 것 같아요.",
    "rating": "9",
    "date": "15.06.14"
  },
  {
    "review_id": "9996879",
    "movie_id": "100644",
    "author": "lee6****",
    "review": "야호~~~ㅋㅋㅋ 시리즈라 뭐 볼만햇지뭐 ㅋㅋ",
    "rating": "8",
    "date": "15.06.13"
  },
  {
    "review_id": "9992686",
    "movie_id": "100644",
    "author": "star****",
    "review": "일단 읽고 보길 추천합니다",
    "rating": "9",
    "date": "15.06.12"
  },
  {
    "review_id": "9992416",
    "movie_id": "100644",
    "author": "hisu****",
    "review": "사람들이 이번편은 볼거없다 하시는데 볼거없다는 기준이 단순히 액션이 많고 적고 이건가요?? 제가 생각하는 바로는 이번편이 다음편을 보기위해서 꼭필요한부분 같은데요뭘보시고 볼거없다 하시는지 참이해가 않되네요...",
    "rating": "10",
    "date": "15.06.12"
  },
  {
    "review_id": "9991283",
    "movie_id": "100644",
    "author": "cmle****",
    "review": "나는 나름 괜찮았는데..",
    "rating": "10",
    "date": "15.06.11"
  },
  {
    "review_id": "9988170",
    "movie_id": "100644",
    "author": "soul****",
    "review": "리뷰평점이 괜찮네요? 흠 책을않봐서",
    "rating": "6",
    "date": "15.06.10"
  },
  {
    "review_id": "9987732",
    "movie_id": "100644",
    "author": "tkdf****",
    "review": "초반 한시간은 재밌는데 후반 한시간이 지루했다 소설을 읽지않았으면 초반마저 지루했을듯 마지막 피타아니였으면 기대도 안하고 끝났을것이다 연기력은 진짜 소름돋게 잘했다",
    "rating": "6",
    "date": "15.06.10"
  },
  {
    "review_id": "9987278",
    "movie_id": "100644",
    "author": "bjky****",
    "review": "니들은 영화볼때 액션신 볼라고보는거냐? 무슨 애들이냐?헝거게임 판엠의 불꽃에서 영화는 4부작 모킹제이는 장편이다 보니 파트로 구성을 나누어서 낸다했는데 대체 뒷북치는애들은 뭐냐 원작이랑 영화랑 비교하면 당연히 영화가 원작을 따라가기힘든게 정상이다",
    "rating": "10",
    "date": "15.06.10"
  },
  {
    "review_id": "9985711",
    "movie_id": "100644",
    "author": "kang****",
    "review": "이번건 안보는게 좋음 노잼임",
    "rating": "1",
    "date": "15.06.09"
  },
  {
    "review_id": "9982351",
    "movie_id": "100644",
    "author": "srid****",
    "review": "그냥 저냥.. 그냥 저냥.",
    "rating": "7",
    "date": "15.06.07"
  },
  {
    "review_id": "9979464",
    "movie_id": "100644",
    "author": "asd1****",
    "review": "2시간짜리 예고편 ㅋㅋㅋ 그래도 내용상 어쩔 수 없지ㅋ",
    "rating": "9",
    "date": "15.06.06"
  },
  {
    "review_id": "9978089",
    "movie_id": "100644",
    "author": "ahlq****",
    "review": "굿 좋아 역시 헝거게임 10자 언제 다 쓰나",
    "rating": "8",
    "date": "15.06.06"
  },
  {
    "review_id": "9976253",
    "movie_id": "100644",
    "author": "jetl****",
    "review": "1,2편도 그닥인데 거저 먹으려고 개봉한듯.",
    "rating": "2",
    "date": "15.06.05"
  },
  {
    "review_id": "9969884",
    "movie_id": "100644",
    "author": "yana****",
    "review": "위기상황에 고양이 찾으러가는 동생보다 미련하게 생긴 주인공이 더 싫음...",
    "rating": "8",
    "date": "15.06.02"
  },
  {
    "review_id": "9966655",
    "movie_id": "100644",
    "author": "jws9****",
    "review": "평점왜이럴까.ㅠㅠ 기대안하시면 대박입니다.",
    "rating": "10",
    "date": "15.05.31"
  },
  {
    "review_id": "9965711",
    "movie_id": "100644",
    "author": "gang****",
    "review": "이 .년. 이  갈수록 살만 드륵드륵 찌고 연기력도 이렇게 티가 날정도로 개판에다 CG는 하청 줬는지 어설퍼 미쳐버려. 2를 위해 서사를 풀었느니 개소리 하는데 이거 완전히 노닥거리다 마는 개 허접. 와 진짜 너무 연기력들이 쓰레기가 되가네.",
    "rating": "1",
    "date": "15.05.31"
  },
  {
    "review_id": "9962951",
    "movie_id": "100644",
    "author": "rmff****",
    "review": "제니퍼 로렌스 연기때문이라도 10점줘야된다",
    "rating": "10",
    "date": "15.05.30"
  },
  {
    "review_id": "9960396",
    "movie_id": "100644",
    "author": "geni****",
    "review": "장난까냐?? 살다살다 이렇게 뽱당한 영화든 첨보네!! 무슨 드라마도아니고 한편을 반으로 뚝 잘라서 상영하냐 나참 지들이 봐도 말이안되니까 전편이라는건 광고에서 쏙 빼버렸네",
    "rating": "1",
    "date": "15.05.29"
  },
  {
    "review_id": "9958995",
    "movie_id": "100644",
    "author": "esae****",
    "review": "쓰레기영화 내인생최악",
    "rating": "1",
    "date": "15.05.29"
  },
  {
    "review_id": "9957759",
    "movie_id": "100644",
    "author": "dake****",
    "review": "2를 위한 설명충 영화 정말 지루하고 재미없었음앞에 나왔던 시리즈에 비하여너무나도 퀄리티가 낮음",
    "rating": "6",
    "date": "15.05.28"
  },
  {
    "review_id": "9947437",
    "movie_id": "100644",
    "author": "mral****",
    "review": "이런 거지 같은 영화가 뭐 이리 평점이 높냐 ~",
    "rating": "4",
    "date": "15.05.25"
  },
  {
    "review_id": "9944907",
    "movie_id": "100644",
    "author": "siva****",
    "review": "뭔가 참 part1 이라지만 맥없는 스토리에.... 주인공이 퇴보해가는 느낌? 점점 여전사가 되가는걸 바랬는데 점점 망가지는 느낌 그냥 1탄보고 끝냈어야...",
    "rating": "4",
    "date": "15.05.24"
  },
  {
    "review_id": "9942161",
    "movie_id": "100644",
    "author": "ofel****",
    "review": "Part2를 위한 초석이라 생각할게요.. 재미는 1,2편이 훨씬나은듯하네요^^",
    "rating": "8",
    "date": "15.05.23"
  },
  {
    "review_id": "9941072",
    "movie_id": "100644",
    "author": "happ****",
    "review": "역시 짱짱! 2부 기대돼요!!",
    "rating": "10",
    "date": "15.05.23"
  },
  {
    "review_id": "9937672",
    "movie_id": "100644",
    "author": "alsd****",
    "review": "스토리상 봐야하지만 재미는 별로",
    "rating": "6",
    "date": "15.05.22"
  },
  {
    "review_id": "9934139",
    "movie_id": "100644",
    "author": "kooj****",
    "review": "마지막장면 심장약하신분들, 기분않좋으신분들 보지마세요;; 어휴... 내용은 재밌으나 2편보게할려고 괜히 심하게 자극적인거 집어넣음...",
    "rating": "9",
    "date": "15.05.20"
  },
  {
    "review_id": "9933624",
    "movie_id": "100644",
    "author": "drag****",
    "review": "그럭저럭.. 역시 part 2를 위한 밑밥이네요. 원작이 궁금해짐. ^^",
    "rating": "8",
    "date": "15.05.20"
  },
  {
    "review_id": "9933620",
    "movie_id": "100644",
    "author": "jjun****",
    "review": "괜찬아요 내용도괜찬고 재밌어요",
    "rating": "8",
    "date": "15.05.20"
  },
  {
    "review_id": "9931985",
    "movie_id": "100644",
    "author": "jibi****",
    "review": "짱짱맨 재밌어용~~ 휘휘휙귀~~",
    "rating": "9",
    "date": "15.05.19"
  },
  {
    "review_id": "9931541",
    "movie_id": "100644",
    "author": "cgru****",
    "review": "전 작품을 보지않고 봤지만 재미있게 봤습니다",
    "rating": "6",
    "date": "15.05.19"
  },
  {
    "review_id": "9929776",
    "movie_id": "100644",
    "author": "ihe0****",
    "review": "1편이젤재밌는듯합니다.",
    "rating": "7",
    "date": "15.05.18"
  },
  {
    "review_id": "9925975",
    "movie_id": "100644",
    "author": "lint****",
    "review": "피타가 많이 안나와서 당황했지만 스토리 흐름에 있어서 꼭 필요한 단계였던 영화인것 같음 이야기 자체는 여전히 긴장감 있고 재밌었다 헝거게임 자체가 진행이 되지 않은 편이기 때문에 사람들 평점이 낮은것 같음 하지만 전편을 다본 팬들이라면 재밌게 볼수있음",
    "rating": "10",
    "date": "15.05.17"
  },
  {
    "review_id": "9923754",
    "movie_id": "100644",
    "author": "jjan****",
    "review": "보고 한참후에 댓글답니다 파트2의 예고편을 9000원주고 보신다고 생각하시면됩니다",
    "rating": "6",
    "date": "15.05.16"
  },
  {
    "review_id": "9923661",
    "movie_id": "100644",
    "author": "hoa2****",
    "review": "별로예요 무슨 스토리인지 모르겠어요",
    "rating": "8",
    "date": "15.05.16"
  },
  {
    "review_id": "9921854",
    "movie_id": "100644",
    "author": "niza****",
    "review": "많은걸 느기게 해주는영화",
    "rating": "10",
    "date": "15.05.16"
  },
  {
    "review_id": "9914209",
    "movie_id": "100644",
    "author": "bwok****",
    "review": "역시 기대를 져버리지 않는 센스~~^^;",
    "rating": "10",
    "date": "15.05.13"
  },
  {
    "review_id": "9912926",
    "movie_id": "100644",
    "author": "dbfl****",
    "review": "기대만큼은 아니지만 볼만함..",
    "rating": "7",
    "date": "15.05.12"
  },
  {
    "review_id": "9907678",
    "movie_id": "100644",
    "author": "vv45****",
    "review": "전 작을 안보고 가서 좀 이해는 안됐지만 그래도 나름 재밌게 봤어요",
    "rating": "7",
    "date": "15.05.10"
  },
  {
    "review_id": "9906700",
    "movie_id": "100644",
    "author": "hch2****",
    "review": "파트1인거 알고 폰으로 봤는데 진짜 재미있던데...",
    "rating": "10",
    "date": "15.05.09"
  },
  {
    "review_id": "9904089",
    "movie_id": "100644",
    "author": "prof****",
    "review": "제니퍼 로렌스는 매력있는  여배우!",
    "rating": "10",
    "date": "15.05.08"
  },
  {
    "review_id": "9903726",
    "movie_id": "100644",
    "author": "mest****",
    "review": "정말  재미있는 영화  인 것 같아요,.",
    "rating": "10",
    "date": "15.05.08"
  },
  {
    "review_id": "9896007",
    "movie_id": "100644",
    "author": "beom****",
    "review": "너랑본 마지막영화 다시 돌아가고싶다...",
    "rating": "10",
    "date": "15.05.05"
  },
  {
    "review_id": "9893920",
    "movie_id": "100644",
    "author": "love****",
    "review": "RIP 필립 호프만..",
    "rating": "7",
    "date": "15.05.04"
  },
  {
    "review_id": "9893673",
    "movie_id": "100644",
    "author": "nssy****",
    "review": "액션이 많이 없어도 충분히 재미잇습니다 스토리 참 괜찮네요",
    "rating": "8",
    "date": "15.05.04"
  },
  {
    "review_id": "9892478",
    "movie_id": "100644",
    "author": "wogu****",
    "review": "혁명을 위해 달려가는 드라마적 구성이 너무 좋다! 생략되고 그대로 혁명이 나왔다면 이야기의 완성도가 많이 떨어졌을 것이다. 이 이야기를 그대로 기억하고 part2를 봐야할 것! part2와 합쳐야 완전한 영화 하나로 평가할수 있을것 같다!",
    "rating": "10",
    "date": "15.05.04"
  },
  {
    "review_id": "9891992",
    "movie_id": "100644",
    "author": "uc51****",
    "review": "처음만큼은 아니지만 그래도 재밋어요!",
    "rating": "8",
    "date": "15.05.04"
  },
  {
    "review_id": "9891248",
    "movie_id": "100644",
    "author": "kgnk****",
    "review": "전혀 새로운 헝거게임의 서막. 혁명에 대한 준비가 세련되게 그려진다. 다만 처음 접하거나 기대가 큰 분들께는 조금 지루할 수도.",
    "rating": "10",
    "date": "15.05.03"
  },
  {
    "review_id": "9888959",
    "movie_id": "100644",
    "author": "mais****",
    "review": "파트2를 위한것인지는 모르겠으나 너무 잔뜩 웅크린건 아닌지..",
    "rating": "5",
    "date": "15.05.03"
  },
  {
    "review_id": "9885103",
    "movie_id": "100644",
    "author": "rotj****",
    "review": "스토리가 넘 빈약함... 중간 중간 답답할 때도 있고 뭔가가 터질때가 되었다고 느낄때에도 기대를 무시해버림.. 싱거우면서 밋밋한 1편이네요..",
    "rating": "6",
    "date": "15.05.01"
  },
  {
    "review_id": "9884944",
    "movie_id": "100644",
    "author": "sooj****",
    "review": "긴장하면서 봤어요 들킬까봐 조마조마..전편부터 쭉 봤는데 저는  스토리 맘에 들어요~다음화가 궁금하네요",
    "rating": "10",
    "date": "15.05.01"
  },
  {
    "review_id": "9883807",
    "movie_id": "100644",
    "author": "lhe9****",
    "review": "굿굿짱잼 다음편이 기대됨ㅋ",
    "rating": "9",
    "date": "15.05.01"
  },
  {
    "review_id": "9882878",
    "movie_id": "100644",
    "author": "kmh4****",
    "review": "이것은  예술이다. 또한 최고의 작품이기도 하다. 내가 본것중 최고의 영화였다.",
    "rating": "10",
    "date": "15.05.01"
  },
  {
    "review_id": "9880380",
    "movie_id": "100644",
    "author": "kmgi****",
    "review": "아싸라비아호롤롤루랄랄랄랄리랄랄라",
    "rating": "9",
    "date": "15.04.30"
  },
  {
    "review_id": "9874280",
    "movie_id": "100644",
    "author": "bsuu****",
    "review": "6점은 됩니다....",
    "rating": "6",
    "date": "15.04.27"
  },
  {
    "review_id": "9873170",
    "movie_id": "100644",
    "author": "wkru****",
    "review": "결말을 위한 준비라는 말이 딱 맞는듯. 오래 기다렸고 기대도 많이 했는데 난 재밌었음. 내용만 보면 메인을 위한 에피타이저정도 스토리지만 헝거게임만의 긴장감은 빠지지 않음. part2 기대됨!!",
    "rating": "10",
    "date": "15.04.27"
  },
  {
    "review_id": "9870444",
    "movie_id": "100644",
    "author": "m_pa****",
    "review": "다음편봐야안다아아아오옹ㄴㅁ",
    "rating": "7",
    "date": "15.04.26"
  }
]