[
  {
    "review_id": "10122929",
    "movie_id": "100634",
    "author": "rapp****",
    "review": "저 밑에 일베충한마리 있는데 딱 그런 수준의 영화다",
    "rating": "7",
    "date": "15.07.20"
  },
  {
    "review_id": "8379992",
    "movie_id": "100634",
    "author": "ants****",
    "review": "슨상님 계실적엔 이런 영화도 노벨상감인데.",
    "rating": "10",
    "date": "14.01.13"
  },
  {
    "review_id": "8375119",
    "movie_id": "100634",
    "author": "zxcz****",
    "review": "내눈이 썩은만큼 점수를 준다",
    "rating": "10",
    "date": "14.01.12"
  },
  {
    "review_id": "8134330",
    "movie_id": "100634",
    "author": "ebs6****",
    "review": "미친쓰레기영화그냥에로영화를찍으셈불쌍하지도않아서1점준다",
    "rating": "1",
    "date": "13.11.12"
  },
  {
    "review_id": "7771156",
    "movie_id": "100634",
    "author": "mkbk****",
    "review": "불사해서 10점 준다",
    "rating": "10",
    "date": "13.07.21"
  },
  {
    "review_id": "7640048",
    "movie_id": "100634",
    "author": "gksq****",
    "review": "불쌍해서 10점준다",
    "rating": "10",
    "date": "13.06.14"
  },
  {
    "review_id": "7632600",
    "movie_id": "100634",
    "author": "bbq2****",
    "review": ":D",
    "rating": "1",
    "date": "13.06.13"
  },
  {
    "review_id": "7301113",
    "movie_id": "100634",
    "author": "jae8****",
    "review": "불쌍해서 10점 주고간다",
    "rating": "10",
    "date": "13.02.25"
  },
  {
    "review_id": "7288103",
    "movie_id": "100634",
    "author": "sons****",
    "review": "불쌍",
    "rating": "10",
    "date": "13.02.21"
  },
  {
    "review_id": "7017186",
    "movie_id": "100634",
    "author": "yang****",
    "review": "재미 더럽게없네..시간아깝다..",
    "rating": "1",
    "date": "12.12.19"
  }
]