[
  {
    "review_id": "7501410",
    "movie_id": "100633",
    "author": "wogh****",
    "review": "시간날림...비추천",
    "rating": "1",
    "date": "13.05.02"
  },
  {
    "review_id": "7497926",
    "movie_id": "100633",
    "author": "yms8****",
    "review": "나는 괜찮던데 이런거 생각보다 볼만하네",
    "rating": "10",
    "date": "13.05.01"
  },
  {
    "review_id": "7015345",
    "movie_id": "100633",
    "author": "yang****",
    "review": "별 내용도 없다.. 보지마라..재미없다..",
    "rating": "1",
    "date": "12.12.18"
  }
]