[
  {
    "review": "좋은놈,나쁜놈,이상한 놈의 원작이 이 영화임. 여기서는 이상한놈이 악역으로 나오네",
    "date": "15.08.03",
    "rating": "8",
    "author": "ratr****",
    "review_id": "10179620",
    "movie_id": "10069"
  },
  {
    "review": "요짐보를 철저히 베낀 영화",
    "date": "15.07.05",
    "rating": "1",
    "author": "13su****",
    "review_id": "10070520",
    "movie_id": "10069"
  },
  {
    "review": "요짐보를 리메이크(?)인걸감안하다면좀...",
    "date": "15.06.09",
    "rating": "7",
    "author": "xx41****",
    "review_id": "9986845",
    "movie_id": "10069"
  },
  {
    "review": "단순 유치한 세르지오 레오네 식 마초 권총잡이.",
    "date": "15.05.27",
    "rating": "4",
    "author": "tear****",
    "review_id": "9955421",
    "movie_id": "10069"
  },
  {
    "review": "스파게티 웨스턴의 효시. 제목만 들어도 다 아는 너무나 유명한 영화.",
    "date": "15.05.05",
    "rating": "7",
    "author": "sipj****",
    "review_id": "9897202",
    "movie_id": "10069"
  },
  {
    "review": "중반의 전개와 몰입감은 최고",
    "date": "15.03.30",
    "rating": "7",
    "author": "hamj****",
    "review_id": "9817540",
    "movie_id": "10069"
  },
  {
    "review": "1964년 영화인데 지금봐도 참 재미있다",
    "date": "14.12.11",
    "rating": "9",
    "author": "scif****",
    "review_id": "9466143",
    "movie_id": "10069"
  },
  {
    "review": "서부영화의 교과서 적인 영화",
    "date": "14.11.30",
    "rating": "9",
    "author": "adiv****",
    "review_id": "9433885",
    "movie_id": "10069"
  },
  {
    "review": "조잡한 씬들이 꽤 있음...클린트이스트우드와 악당들의 모습만으로도 진득진득...",
    "date": "14.10.20",
    "rating": "7",
    "author": "kara****",
    "review_id": "9304866",
    "movie_id": "10069"
  },
  {
    "review": "안봤으면 꼭 봐라, 두번봐라",
    "date": "14.10.19",
    "rating": "10",
    "author": "ruby****",
    "review_id": "9302739",
    "movie_id": "10069"
  },
  {
    "review": "카리스마  넘치는  클린트 이스트우드. 짧고 굵은 대사가 마음에 든다.",
    "date": "14.09.20",
    "rating": "9",
    "author": "lion****",
    "review_id": "9227873",
    "movie_id": "10069"
  },
  {
    "review": "요짐보와 같이 보면 재미있을 듯.",
    "date": "14.08.23",
    "rating": "7",
    "author": "pont****",
    "review_id": "9123362",
    "movie_id": "10069"
  },
  {
    "review": "2014년에 봐도 재밌는영화",
    "date": "14.08.19",
    "rating": "10",
    "author": "phoe****",
    "review_id": "9111542",
    "movie_id": "10069"
  },
  {
    "review": "허락받지 않고 표절했다는 점이 가장 큰 감점 요인. 영화 내용도 요짐보랑 같아서 따로 평가할 필요가 없을듯. 명작은 표절해도 명작이므로",
    "date": "14.06.02",
    "rating": "7",
    "author": "inos****",
    "review_id": "8785992",
    "movie_id": "10069"
  },
  {
    "review": "서부 영화 최고의 걸작 시리즈",
    "date": "14.01.09",
    "rating": "10",
    "author": "dand****",
    "review_id": "8363637",
    "movie_id": "10069"
  },
  {
    "review": "어렸을 땐 잼 있게 봤지만 지금 다시 보니 연출도 엉성하고 스토리도 넘 작위적이다..클린트이스트우드와 주제가 때문에 인기를 끈 거품영화.",
    "date": "14.01.04",
    "rating": "7",
    "author": "katy****",
    "review_id": "8347064",
    "movie_id": "10069"
  },
  {
    "review": "의리의 사나이 주인공 처름  살고 싶었느데....",
    "date": "13.10.02",
    "rating": "10",
    "author": "sd13****",
    "review_id": "8026799",
    "movie_id": "10069"
  },
  {
    "review": "대리만족의 명화로 자주봅니다",
    "date": "13.10.01",
    "rating": "10",
    "author": "kjh6****",
    "review_id": "8025075",
    "movie_id": "10069"
  },
  {
    "review": "굳이 심장말고 머리를 쐈어야지 그러면 주인공을 이길수 있었는데",
    "date": "13.10.01",
    "rating": "1",
    "author": "mara****",
    "review_id": "8024845",
    "movie_id": "10069"
  },
  {
    "review": "재미있게 보긴 했는데 원작인 요짐보 보다 정말 못하다.",
    "date": "13.08.29",
    "rating": "8",
    "author": "ways****",
    "review_id": "7932190",
    "movie_id": "10069"
  },
  {
    "review": "굿~ 옛날 영화는 역시 허무한 결말이지만 처음부터 끝까지에 몰입감은 요즘 영화보다 나은것 같다",
    "date": "13.07.31",
    "rating": "8",
    "author": "ding****",
    "review_id": "7803633",
    "movie_id": "10069"
  },
  {
    "review": "어릴적 본 영화인데 추억이  새롭네요.",
    "date": "13.04.17",
    "rating": "9",
    "author": "youn****",
    "review_id": "7465585",
    "movie_id": "10069"
  },
  {
    "review": "클린트이스트우드의 젊은시절의 모습도 멋있다. 멋있게 늙은듯...",
    "date": "13.04.08",
    "rating": "7",
    "author": "pose****",
    "review_id": "7444322",
    "movie_id": "10069"
  },
  {
    "review": "요짐보의 카피작에 불과하군요. 물론 완성도도 훨씬 떨어지구요.",
    "date": "13.04.06",
    "rating": "7",
    "author": "sunw****",
    "review_id": "7438675",
    "movie_id": "10069"
  },
  {
    "review": "스토리는 단조로운데, 재미가 있다!!",
    "date": "13.04.04",
    "rating": "7",
    "author": "sjzm****",
    "review_id": "7435049",
    "movie_id": "10069"
  },
  {
    "review": "몇번이고 다시본 최초의영화.....  헐리웃 영화사 최고의 영화다..   짧은대사 우수에찬 눈빛..  클린트 아니면  누가 이 마초적인 역을   이렇게 시니컬하게 잘소화낼수 있단 말인가!!!!   지금에 봐도 전혀 촌스럽거나 어설프지 않다",
    "date": "13.03.20",
    "rating": "10",
    "author": "blro****",
    "review_id": "7373526",
    "movie_id": "10069"
  },
  {
    "review": "클린트 이스트우드의 다른 작품들에 비해 조금 심심한감이 있다",
    "date": "12.12.28",
    "rating": "7",
    "author": "sinb****",
    "review_id": "7056954",
    "movie_id": "10069"
  },
  {
    "review": "장물을 이름바꾼다고 명품되나?",
    "date": "12.09.16",
    "rating": "1",
    "author": "rd72****",
    "review_id": "6705841",
    "movie_id": "10069"
  },
  {
    "review": "눈빛쩌네 ㅋㅋ",
    "date": "12.07.30",
    "rating": "9",
    "author": "ksks****",
    "review_id": "6556101",
    "movie_id": "10069"
  },
  {
    "review": "1946년 작품이다. 진짜 대단한 작품이다. 지금봐도 OST, 영상미, 연출력... 대단하다.",
    "date": "12.06.02",
    "rating": "10",
    "author": "wjdg****",
    "review_id": "6355696",
    "movie_id": "10069"
  },
  {
    "review": "옛영화라 어설픈면이 있지만 그걸 감안하고 본다면 최고의 영화다",
    "date": "12.05.09",
    "rating": "10",
    "author": "chjy****",
    "review_id": "6284675",
    "movie_id": "10069"
  },
  {
    "review": "마카로니 웨스턴의 선두주자. 에리오 모리꼬네의 음악 역시 이 영화를 돋보이게 한다",
    "date": "12.04.29",
    "rating": "10",
    "author": "donk****",
    "review_id": "6255475",
    "movie_id": "10069"
  },
  {
    "review": "시가를 물고 우수에 찬 눈빛의 카우보이... 훗날 많은 이들의 귀감이 되었지",
    "date": "12.03.10",
    "rating": "10",
    "author": "kimg****",
    "review_id": "6134518",
    "movie_id": "10069"
  },
  {
    "review": "언제 한번 봐야지 하다 계속 미뤘는데.. 정말 좋군..",
    "date": "12.02.26",
    "rating": "10",
    "author": "retr****",
    "review_id": "6106379",
    "movie_id": "10069"
  },
  {
    "review": "서부영화의 고전",
    "date": "12.02.04",
    "rating": "7",
    "author": "kusa****",
    "review_id": "6051228",
    "movie_id": "10069"
  },
  {
    "review": "세르지오 레오네, 클린트 이스트우드, 엔리오 모리꼬네",
    "date": "12.01.18",
    "rating": "9",
    "author": "mbtl****",
    "review_id": "5996134",
    "movie_id": "10069"
  },
  {
    "review": "영화도 좋지만 음악도 정말 좋다 레오네,모리꼬네 찬양!!",
    "date": "12.01.15",
    "rating": "9",
    "author": "figh****",
    "review_id": "5987819",
    "movie_id": "10069"
  },
  {
    "review": "지금 봐도 나쁘지 않네요! wow~",
    "date": "12.01.06",
    "rating": "7",
    "author": "bios****",
    "review_id": "5964501",
    "movie_id": "10069"
  },
  {
    "review": "명작이구나 명작이야.",
    "date": "11.11.29",
    "rating": "10",
    "author": "iiii****",
    "review_id": "5877420",
    "movie_id": "10069"
  },
  {
    "review": "오늘에서야 봤는데, 역시 1편도 나를 실망시키지 않는다. 걸작..",
    "date": "11.11.14",
    "rating": "10",
    "author": "pola****",
    "review_id": "5850177",
    "movie_id": "10069"
  },
  {
    "review": "의의적인 의미를 떠나서시원시원했다! 개인적으로 A fistful of dynamite가 훨씬낫다.",
    "date": "11.11.04",
    "rating": "7",
    "author": "iii1****",
    "review_id": "5827113",
    "movie_id": "10069"
  },
  {
    "review": "64년에 이런 영화를 만들다니... 주연배우 이스트우드의 베컴 뺨치는 간지가 인상적..",
    "date": "11.10.22",
    "rating": "8",
    "author": "madr****",
    "review_id": "5803353",
    "movie_id": "10069"
  },
  {
    "review": "서부영화의 왕 세르지오 레오네의 전성기. 쓸쓸하고 적막한 카우보이의 느낌 완성",
    "date": "11.09.20",
    "rating": "7",
    "author": "reno****",
    "review_id": "5742923",
    "movie_id": "10069"
  },
  {
    "review": "클린트 이스트우드 폭풍 간지의 모습이 잘 보여짐",
    "date": "11.09.10",
    "rating": "9",
    "author": "oper****",
    "review_id": "5718601",
    "movie_id": "10069"
  },
  {
    "review": "요즘 영화에 버금간다.",
    "date": "11.08.14",
    "rating": "9",
    "author": "toha****",
    "review_id": "5649832",
    "movie_id": "10069"
  },
  {
    "review": "레오네의 정통웨스턴의 재해석..위대함의 서막...요짐보랑 같이 보면 좋음",
    "date": "11.05.22",
    "rating": "8",
    "author": "thra****",
    "review_id": "5442672",
    "movie_id": "10069"
  },
  {
    "review": "총구와 뿜어져나오는 시가연기. 이게 이스트우드을 설명할 두 단어.",
    "date": "11.04.18",
    "rating": "10",
    "author": "coco****",
    "review_id": "5381508",
    "movie_id": "10069"
  },
  {
    "review": "Adios Amigo",
    "date": "11.02.20",
    "rating": "7",
    "author": "bbq2****",
    "review_id": "5258917",
    "movie_id": "10069"
  },
  {
    "review": "40년전 영화임에도 불구하고 전혀 지루하지 않았던 최고의 영화!",
    "date": "11.02.07",
    "rating": "10",
    "author": "rla3****",
    "review_id": "5224221",
    "movie_id": "10069"
  },
  {
    "review": "뭔가 허무맹랑하네...",
    "date": "11.01.31",
    "rating": "5",
    "author": "drd1****",
    "review_id": "5199332",
    "movie_id": "10069"
  },
  {
    "review": "클린트 이스트우드의 표정과 음악이 인상깊음~.",
    "date": "11.01.28",
    "rating": "8",
    "author": "akdl****",
    "review_id": "5190104",
    "movie_id": "10069"
  },
  {
    "review": "세르지오 레오네 감독의 완결판....클린트 이스트우드의 살아있는 연기...굿",
    "date": "11.01.22",
    "rating": "9",
    "author": "maxi****",
    "review_id": "5174965",
    "movie_id": "10069"
  },
  {
    "review": "요즘 영화보다 이 영화가 더 멋진거 같다",
    "date": "10.12.09",
    "rating": "10",
    "author": "jm01****",
    "review_id": "5040850",
    "movie_id": "10069"
  },
  {
    "review": "음악좋고 스토리도 좋은데 '머리는 왜 안쏠까'?",
    "date": "10.12.02",
    "rating": "9",
    "author": "skss****",
    "review_id": "5015374",
    "movie_id": "10069"
  },
  {
    "review": "아디오스 한마디에 모래바람이는 황야속으로 미련없이 떠나는 고독한 총잡이",
    "date": "10.11.29",
    "rating": "9",
    "author": "asun****",
    "review_id": "5004778",
    "movie_id": "10069"
  },
  {
    "review": "가장 강한 자가 그나마 가장 덜 악해서 다행이었다. 하지만 영화 밖의 현실은 어떤가?",
    "date": "10.10.27",
    "rating": "10",
    "author": "soci****",
    "review_id": "4923546",
    "movie_id": "10069"
  },
  {
    "review": "클린트 이스트우드의 간지는 진짜..",
    "date": "10.10.09",
    "rating": "8",
    "author": "resm****",
    "review_id": "4893585",
    "movie_id": "10069"
  },
  {
    "review": "이것이 마카로니 웨스턴의 맛",
    "date": "10.08.22",
    "rating": "10",
    "author": "kos4****",
    "review_id": "4778844",
    "movie_id": "10069"
  },
  {
    "review": "너희들이 그에게 웃는 건 미친짓이야",
    "date": "10.07.13",
    "rating": "10",
    "author": "spri****",
    "review_id": "4636593",
    "movie_id": "10069"
  },
  {
    "review": "글쎄..",
    "date": "10.03.29",
    "rating": "6",
    "author": "yuye****",
    "review_id": "4395703",
    "movie_id": "10069"
  },
  {
    "review": "마카로니 웨스턴의 전설이 된 클린트 이스트우드의 찡그린 표정과 주제음악들...",
    "date": "10.03.19",
    "rating": "8",
    "author": "mygr****",
    "review_id": "4366157",
    "movie_id": "10069"
  },
  {
    "review": "정말 재밌다 이게 40년도 더된 영화라니..",
    "date": "10.02.25",
    "rating": "10",
    "author": "chp1****",
    "review_id": "4316839",
    "movie_id": "10069"
  },
  {
    "review": "진짜 이 3부작을 만들어낸 세르지오 레오네는 천재다 ㅡ ㅡ",
    "date": "10.01.30",
    "rating": "10",
    "author": "sssi****",
    "review_id": "4222990",
    "movie_id": "10069"
  },
  {
    "review": "옛날 영화라 좀 어설픈 면은 있다..하지만 클린트 이스트우드는 멋져요",
    "date": "09.12.19",
    "rating": "7",
    "author": "jbc1****",
    "review_id": "4058795",
    "movie_id": "10069"
  },
  {
    "review": "사운드나 분위기 배우들의 눈빛 같은게 인상적이었던거 같다",
    "date": "09.09.17",
    "rating": "8",
    "author": "real****",
    "review_id": "3835775",
    "movie_id": "10069"
  },
  {
    "review": "서든도안해봤나 샷건은 근접에서쏴야지, 글고 헤드샷노려라. 평점8점",
    "date": "09.08.24",
    "rating": "10",
    "author": "fram****",
    "review_id": "3782324",
    "movie_id": "10069"
  },
  {
    "review": "대체 왜 머리를 안쏘는 거죠?~",
    "date": "09.07.28",
    "rating": "10",
    "author": "damb****",
    "review_id": "3678630",
    "movie_id": "10069"
  },
  {
    "review": "영웅본색보다 더 멋있는 것 같다.",
    "date": "09.07.13",
    "rating": "10",
    "author": "doob****",
    "review_id": "3630179",
    "movie_id": "10069"
  },
  {
    "review": "깔끔하다.",
    "date": "09.06.30",
    "rating": "8",
    "author": "hing****",
    "review_id": "3603136",
    "movie_id": "10069"
  },
  {
    "review": "관을 짜달라는장면 총쏘는 면 방패입었던장면 휘파람노래 모두 영화역사에 남는장면",
    "date": "09.04.19",
    "rating": "6",
    "author": "hjj5****",
    "review_id": "3428847",
    "movie_id": "10069"
  },
  {
    "review": "역시 사람은 머리가나쁘면 몸이 고생한다.",
    "date": "09.03.07",
    "rating": "10",
    "author": "arre****",
    "review_id": "3352592",
    "movie_id": "10069"
  },
  {
    "review": "거의 마지막쯤에 판초속에 쇠판 ㅋㅋㅋ 쩌네요 ㅋㅋ",
    "date": "09.02.18",
    "rating": "10",
    "author": "yoiu****",
    "review_id": "3312918",
    "movie_id": "10069"
  },
  {
    "review": "요즘은 이런 웨스턴이 왜 없을까?",
    "date": "09.02.13",
    "rating": "10",
    "author": "dlwo****",
    "review_id": "3299163",
    "movie_id": "10069"
  },
  {
    "review": "최근에 또 한 번 봤지만.. 배우들의 눈빛에 의한 분위기 압도가 요즘에는 찾기 힘들다",
    "date": "09.01.26",
    "rating": "10",
    "author": "yell****",
    "review_id": "3251947",
    "movie_id": "10069"
  },
  {
    "review": "웨스턴 무비의 거장 세르지오 레오네",
    "date": "09.01.12",
    "rating": "10",
    "author": "jmp0****",
    "review_id": "3216284",
    "movie_id": "10069"
  },
  {
    "review": "아키라의 <요짐보>와 할리우드의 웨스턴장르가 이탈리아에서 재탄생하다.아주멋지게!",
    "date": "08.12.19",
    "rating": "9",
    "author": "lee7****",
    "review_id": "3128942",
    "movie_id": "10069"
  },
  {
    "review": "이스트 우드 = 서부의 대부",
    "date": "08.12.15",
    "rating": "10",
    "author": "dlc6****",
    "review_id": "3118931",
    "movie_id": "10069"
  },
  {
    "review": "폼좀 확실히 잡아주네요 ㅋ",
    "date": "08.12.07",
    "rating": "10",
    "author": "kjhh****",
    "review_id": "3097055",
    "movie_id": "10069"
  },
  {
    "review": "명불허전.",
    "date": "08.11.10",
    "rating": "10",
    "author": "befo****",
    "review_id": "3043371",
    "movie_id": "10069"
  },
  {
    "review": "멋있다!!!",
    "date": "08.10.25",
    "rating": "10",
    "author": "jkto****",
    "review_id": "3019640",
    "movie_id": "10069"
  },
  {
    "review": "CG,큰스케일의장면등없어도스토리만으로도관객을어떻게즐거움을주는지를잘보여준...",
    "date": "08.09.28",
    "rating": "8",
    "author": "idze****",
    "review_id": "2972090",
    "movie_id": "10069"
  },
  {
    "review": "레오네의 본격적인 출발. '이름없는 사나이'의 출발!",
    "date": "08.09.07",
    "rating": "6",
    "author": "only****",
    "review_id": "2929432",
    "movie_id": "10069"
  },
  {
    "review": "지금은  할아버지 감독이 된 이스트우드.. 이땐 정말 멋진데?",
    "date": "08.07.15",
    "rating": "7",
    "author": "almo****",
    "review_id": "2765513",
    "movie_id": "10069"
  },
  {
    "review": "괜히 명작이 아니군.. 감칠맛나는 음악.. 멋진 캐릭터..",
    "date": "08.07.05",
    "rating": "10",
    "author": "robo****",
    "review_id": "2742701",
    "movie_id": "10069"
  },
  {
    "review": "이탈리아식 웨스턴의 OO점이 된 영화. 멋지다.",
    "date": "08.07.05",
    "rating": "10",
    "author": "tong****",
    "review_id": "2742016",
    "movie_id": "10069"
  },
  {
    "review": "평생 잊지못할 휘파람소리.",
    "date": "08.05.14",
    "rating": "6",
    "author": "chog****",
    "review_id": "2640588",
    "movie_id": "10069"
  },
  {
    "review": "요짐보랑 비교하면 비참해진다.",
    "date": "08.04.12",
    "rating": "4",
    "author": "pre_****",
    "review_id": "2576695",
    "movie_id": "10069"
  },
  {
    "review": "클린트의 젊은시절은 이런 것이였구나",
    "date": "08.03.27",
    "rating": "10",
    "author": "ngda****",
    "review_id": "2544042",
    "movie_id": "10069"
  },
  {
    "review": "불쌍한 라몬... 머리를 쏴야지...",
    "date": "08.03.23",
    "rating": "8",
    "author": "shor****",
    "review_id": "2538045",
    "movie_id": "10069"
  },
  {
    "review": "말이필요없음, 한마디로 쵝오",
    "date": "08.02.23",
    "rating": "10",
    "author": "hitr****",
    "review_id": "2476087",
    "movie_id": "10069"
  },
  {
    "review": "예술..",
    "date": "08.01.22",
    "rating": "10",
    "author": "meta****",
    "review_id": "2357174",
    "movie_id": "10069"
  },
  {
    "review": "무법자의 탄생..",
    "date": "07.12.17",
    "rating": "9",
    "author": "secu****",
    "review_id": "2239511",
    "movie_id": "10069"
  },
  {
    "review": "북두의 권의 계승자 켄시로 만큼이나 멋지다",
    "date": "07.12.17",
    "rating": "10",
    "author": "baks****",
    "review_id": "2238908",
    "movie_id": "10069"
  },
  {
    "review": "너무 멋지네요...다시봐도 감동 그자체~~",
    "date": "07.12.17",
    "rating": "10",
    "author": "dabi****",
    "review_id": "2238696",
    "movie_id": "10069"
  },
  {
    "review": "음악 아주 좋네요.",
    "date": "07.12.08",
    "rating": "8",
    "author": "clou****",
    "review_id": "2215562",
    "movie_id": "10069"
  },
  {
    "review": "세종류 인간 중에 가장 못나서 몸으로때우는 배우의 연기가 명연기였다",
    "date": "07.12.01",
    "rating": "10",
    "author": "anpi****",
    "review_id": "2196430",
    "movie_id": "10069"
  },
  {
    "review": "명작이지만 한국명이 흠",
    "date": "07.10.20",
    "rating": "9",
    "author": "joj8****",
    "review_id": "2100425",
    "movie_id": "10069"
  },
  {
    "review": "very good !",
    "date": "07.10.18",
    "rating": "10",
    "author": "cles****",
    "review_id": "2095657",
    "movie_id": "10069"
  },
  {
    "review": "음악과 총격장면이 좋았다.",
    "date": "07.10.03",
    "rating": "8",
    "author": "xyan****",
    "review_id": "2068061",
    "movie_id": "10069"
  },
  {
    "review": "어렸을 땐 시시한 웨스턴..나이먹고 보니 인생의 무상이 느껴짐.",
    "date": "07.10.02",
    "rating": "10",
    "author": "diso****",
    "review_id": "2065611",
    "movie_id": "10069"
  }
]