[
  {
    "review_id": "9367927",
    "movie_id": "100619",
    "author": "sck2****",
    "review": "그린란드는2009년에 덴마크로부터 독립했습니다",
    "rating": "10",
    "date": "14.11.10"
  },
  {
    "review_id": "9182222",
    "movie_id": "100619",
    "author": "ddal****",
    "review": "마지막 장면의 흰눈 위를 달려가는 소년의 힘찬 발걸음이 기억에 남는다... 그리고 한번쯤 가보고 싶은 곳 그린란드.",
    "rating": "8",
    "date": "14.09.08"
  },
  {
    "review_id": "8939671",
    "movie_id": "100619",
    "author": "534k****",
    "review": "이것이 그린란드야? 그런거야",
    "rating": "10",
    "date": "14.07.22"
  },
  {
    "review_id": "8856759",
    "movie_id": "100619",
    "author": "them****",
    "review": "볼거리와 즐길거리는 화려하고 많았어요 재밌다!!",
    "rating": "10",
    "date": "14.06.26"
  },
  {
    "review_id": "8856749",
    "movie_id": "100619",
    "author": "rlsk****",
    "review": "스토리 운운할거면 제발 다른 영화들 보세요ㅡㅡ 원래 트랜스포머는 블록버스터 액션영화라고여",
    "rating": "10",
    "date": "14.06.26"
  },
  {
    "review_id": "8856741",
    "movie_id": "100619",
    "author": "baeh****",
    "review": "로봇영화중엔 젤 재밌지 CG의 끝판왕 트랜스포머!",
    "rating": "10",
    "date": "14.06.26"
  },
  {
    "review_id": "8856739",
    "movie_id": "100619",
    "author": "knma****",
    "review": "블록버스터 영화답게 스케일하나는 죽여줍니다 로봇들 너무 갖고 싶어여 ㅠㅠ",
    "rating": "10",
    "date": "14.06.26"
  },
  {
    "review_id": "8856735",
    "movie_id": "100619",
    "author": "zava****",
    "review": "역대 트랜스포머 시리즈중에 제일 재밌다",
    "rating": "10",
    "date": "14.06.26"
  },
  {
    "review_id": "7979148",
    "movie_id": "100619",
    "author": "ch01****",
    "review": "ㅎㅎ 4등.. 뭔가 힘이 나게 하는 영화입니다.",
    "rating": "10",
    "date": "13.09.14"
  },
  {
    "review_id": "7935555",
    "movie_id": "100619",
    "author": "wndg****",
    "review": "우리가 흔히 알지 못하는 현실을 사는 사람들의 모습이 감명깊게 다가왔습니다. 낯선 그린 란드의 모습도 영상을 통해보니, 너무 멋있었고요 ^^",
    "rating": "10",
    "date": "13.08.30"
  },
  {
    "review_id": "7934646",
    "movie_id": "100619",
    "author": "hell****",
    "review": "그린란드의 모습을 한눈에 볼 수 있어서 좋았던 거 같아요~",
    "rating": "10",
    "date": "13.08.30"
  }
]