[
  {
    "review_id": "10002961",
    "movie_id": "100627",
    "author": "ekgm****",
    "review": "거부감 없이 편한영화. 정말 좋은영화다",
    "rating": "10",
    "date": "15.06.15"
  },
  {
    "review_id": "8634536",
    "movie_id": "100627",
    "author": "egyp****",
    "review": "노년기에 찾아온 학구에 대한 강렬한 열망을 행동으로 직접 보여준돈키호테 닮았다는 말을 많이 듣고 있던 언제나 몽상가를 꿈꾸는노년기의 후안 아르토레즈...",
    "rating": "6",
    "date": "14.04.07"
  },
  {
    "review_id": "8121827",
    "movie_id": "100627",
    "author": "jjy3****",
    "review": "지금 20대들이 꼭봐야될 영화인거같다ㅠㅠ",
    "rating": "10",
    "date": "13.11.07"
  },
  {
    "review_id": "8046258",
    "movie_id": "100627",
    "author": "vldr****",
    "review": "10점을줘도 아깝지않은영화 기대하지않고봤는데 새벽내내 울면서 봤어요 연령에상관없이 많은분들이 꼭 이영화를봤으면 좋겠어요",
    "rating": "10",
    "date": "13.10.09"
  },
  {
    "review_id": "7798532",
    "movie_id": "100627",
    "author": "kimg****",
    "review": "마냥 긍정적인 것은 완벽한게 아니다.",
    "rating": "5",
    "date": "13.07.29"
  },
  {
    "review_id": "7793511",
    "movie_id": "100627",
    "author": "ijun****",
    "review": "잔잔한 감동이 있는 좋은 영화입니다. 한 번 꼭 보세요.",
    "rating": "10",
    "date": "13.07.28"
  },
  {
    "review_id": "7792193",
    "movie_id": "100627",
    "author": "jh24****",
    "review": "진짜 이런 영화가 많이 나와야 우리나라 청소년들이 좋은거를 보고 배울수 있는거 같다는 생각이 드네요. 저도 학생이진만 이런영화에서 점말 많은 것을 배울수 있었습니다. 한번 보시면 아미 정말 좋을 거에요ㅎㅎ",
    "rating": "10",
    "date": "13.07.27"
  },
  {
    "review_id": "7790223",
    "movie_id": "100627",
    "author": "pjs8****",
    "review": "보면 후회하지 않을것입니다.",
    "rating": "10",
    "date": "13.07.27"
  },
  {
    "review_id": "7789750",
    "movie_id": "100627",
    "author": "ve29****",
    "review": "이런 좋은 영화 너무 오랜만.. 진정한 사랑을 느끼게 해주는 차노 할아버지..",
    "rating": "10",
    "date": "13.07.27"
  },
  {
    "review_id": "7789256",
    "movie_id": "100627",
    "author": "john****",
    "review": ".",
    "rating": "10",
    "date": "13.07.27"
  },
  {
    "review_id": "7789237",
    "movie_id": "100627",
    "author": "narz****",
    "review": "모랄까..... 참 좋은 영화다.",
    "rating": "10",
    "date": "13.07.27"
  },
  {
    "review_id": "7789227",
    "movie_id": "100627",
    "author": "pqls****",
    "review": "정말.. 끝30분밖에 않봤어요.. 엄청 감동스러운 영화... 저 할아버지 너무 멋있어요.. 정말 저런 남자 만나고 싶네요.ㅠㅠ",
    "rating": "10",
    "date": "13.07.27"
  },
  {
    "review_id": "7735173",
    "movie_id": "100627",
    "author": "madi****",
    "review": "사랑이 특권이라 생각하겠지만 정반대로 사랑은 희생이야",
    "rating": "9",
    "date": "13.07.13"
  },
  {
    "review_id": "7478427",
    "movie_id": "100627",
    "author": "kjc7****",
    "review": "포스터보고 기대한 그만큼의 재미와 감동을 준다, 뻔할수있는 힐링무비지만 지루하지않게 끝까지 잘이끌어간다, 300페이지 돈키호테 요약본말고 1000페이지가 넘는 완역본에 다시 도전해봐야겠다,",
    "rating": "8",
    "date": "13.04.24"
  },
  {
    "review_id": "7406751",
    "movie_id": "100627",
    "author": "dkdl****",
    "review": "꿈을 잃지 마라 꿈에서 배우고, 꿈을위해 싸워라",
    "rating": "10",
    "date": "13.03.24"
  },
  {
    "review_id": "7297392",
    "movie_id": "100627",
    "author": "pria****",
    "review": "물에 술 탄 듯.. 흐리멍텅하다.",
    "rating": "3",
    "date": "13.02.24"
  },
  {
    "review_id": "7242935",
    "movie_id": "100627",
    "author": "fory****",
    "review": "아,, 할아버지가 이렇게 사랑스러울수 있나?? 보는 내내 할아버지의 사랑스러운(?)표정 때문에 내얼굴에 미소가 가시지 않았다. 사랑을 별로 믿지 않는 나도 할아버지 같은 사람이 있으면 사랑에빠질 듯,,",
    "rating": "10",
    "date": "13.02.09"
  },
  {
    "review_id": "7112370",
    "movie_id": "100627",
    "author": "gmlw****",
    "review": "굿",
    "rating": "10",
    "date": "13.01.13"
  },
  {
    "review_id": "7103497",
    "movie_id": "100627",
    "author": "2003****",
    "review": "지루할수가없습니다.  시간내서 볼만한 가치가 아니라 바빠도 보세요",
    "rating": "10",
    "date": "13.01.12"
  },
  {
    "review_id": "7093446",
    "movie_id": "100627",
    "author": "dark****",
    "review": "보는사람들 마다 차이가 있겠지만..저는 정말 감동깊게봤습니다..정말 한번쯤 보면 두고두고 기억에 남을영화인거같아요..",
    "rating": "10",
    "date": "13.01.08"
  },
  {
    "review_id": "7054025",
    "movie_id": "100627",
    "author": "lieb****",
    "review": "진정 영화를 보고 쓴건지..  진짜 지루하다... <-- 이거 보고 쓰는데 한낱 이런평을 받을 영화는 아닙니다. 한번 시간내서 볼만한 가치가 있는영화입니다.",
    "rating": "10",
    "date": "12.12.27"
  },
  {
    "review_id": "7051509",
    "movie_id": "100627",
    "author": "yang****",
    "review": "진짜 지루하다...",
    "rating": "1",
    "date": "12.12.26"
  }
]