[
  {
    "review": "아 이 개x새ㄲ1들아 니들이 뭔장면 보고 감정이 ㅆ1바 ㄹ 북받쳐서 내용 스포좀 하지마 조1ㅈ 같은 놈들아 니들이 문화인줄 착각하나 나가 죽1어 OOO",
    "date": "15.06.06",
    "rating": "10",
    "author": "co10****",
    "review_id": "9978460",
    "movie_id": "10063"
  },
  {
    "review": "별들에게 물어봐..!",
    "date": "15.05.12",
    "rating": "5",
    "author": "tear****",
    "review_id": "9913478",
    "movie_id": "10063"
  },
  {
    "review": "이장호 감독의 걸작~  그러나 지금은...아쉽다",
    "date": "15.04.25",
    "rating": "8",
    "author": "midm****",
    "review_id": "9867721",
    "movie_id": "10063"
  },
  {
    "review": "40년전 청년시절에 쓴 글도 화면과 연출등이 감동입니다.",
    "date": "14.10.30",
    "rating": "10",
    "author": "mefu****",
    "review_id": "9328085",
    "movie_id": "10063"
  },
  {
    "review": "경아를 구원해주지 못한 문호가 원망스럽다.",
    "date": "14.08.17",
    "rating": "7",
    "author": "kusa****",
    "review_id": "9100301",
    "movie_id": "10063"
  },
  {
    "review": "그저 촌스럽고 봉건적 여성상만 표현한 그저 그런 멜로물",
    "date": "14.03.02",
    "rating": "5",
    "author": "ykdi****",
    "review_id": "8551553",
    "movie_id": "10063"
  },
  {
    "review": "오랜만에 누워보는군~ 신성일 목소리인 줄 알고 살아온 세월..",
    "date": "14.01.27",
    "rating": "7",
    "author": "pont****",
    "review_id": "8433113",
    "movie_id": "10063"
  },
  {
    "review": "별들의 고향 경아 안녕...",
    "date": "13.12.18",
    "rating": "9",
    "author": "kimj****",
    "review_id": "8222487",
    "movie_id": "10063"
  },
  {
    "review": "이 동진 평론가의 표현을 빌려 70년대를 체험하게 해준 영화",
    "date": "13.12.15",
    "rating": "9",
    "author": "yado****",
    "review_id": "8216356",
    "movie_id": "10063"
  },
  {
    "review": "시대상을 반영하긴 하지만, 너무 늘어지고 눔믈을 강요하고, 음악은 이장희 좋고",
    "date": "13.11.14",
    "rating": "7",
    "author": "clie****",
    "review_id": "8138682",
    "movie_id": "10063"
  },
  {
    "review": "눈부시게 아름다운 경아와  졸렬하고  무책임한 남자들 ! 과거나 현재나 남자는 믿을게 못된다 경아는 사랑의 허상을  깨닫고 사랑의 굴레에서 벗어 났어야 하나 그 당시 남자가 여자인생을 좌지우지 하던 시대였으니 어쩌랴   1900년대  여인  잔혹사",
    "date": "13.10.03",
    "rating": "9",
    "author": "ala8****",
    "review_id": "8029550",
    "movie_id": "10063"
  },
  {
    "review": "ebs에서 방금 봤습니다..제가 27살인데 옛날영화라고해서 촌스럽다는 생각이 전혀 들지않더군요 세련된영화였고 마지막에 가슴이 먹먹했어요..ㅜ흑 슬퍼ㅠㅜ",
    "date": "13.10.03",
    "rating": "9",
    "author": "hthu****",
    "review_id": "8029508",
    "movie_id": "10063"
  },
  {
    "review": "정말 훌륭한 영화.. 하지만 그당시를 살으셨던 어머니에게 물어보니.. 영화관에서 나오면서 경아가 죽어서 속상했다고 .영자의 전성시대는 어떻게든 살게해줬는데... 몸이 더럽혀진 여자는 죽어야 한다는 시대상을 보여주는것 같아 씁쓸함..",
    "date": "12.07.02",
    "rating": "7",
    "author": "up87****",
    "review_id": "6438100",
    "movie_id": "10063"
  },
  {
    "review": "옛날영화지만 정말 파격적인 스토리였고 마지막 경아가눈내리는 길가에 죽음을 맞이하는 장면..",
    "date": "11.09.28",
    "rating": "10",
    "author": "khs1****",
    "review_id": "5758547",
    "movie_id": "10063"
  },
  {
    "review": "안타깝고 슬프게 느껴지는 영화.",
    "date": "11.05.06",
    "rating": "10",
    "author": "dawn****",
    "review_id": "5410672",
    "movie_id": "10063"
  },
  {
    "review": "너무나도 아름답고 처절한 삶을 살아간 경아..다시봐도 그때 감동은 잊을 수 없다",
    "date": "11.03.23",
    "rating": "10",
    "author": "brig****",
    "review_id": "5330018",
    "movie_id": "10063"
  },
  {
    "review": "평생 사랑하고픈 여자...경아",
    "date": "10.07.17",
    "rating": "10",
    "author": "saka****",
    "review_id": "4647151",
    "movie_id": "10063"
  },
  {
    "review": "좋은영화네요",
    "date": "10.02.19",
    "rating": "10",
    "author": "yjym****",
    "review_id": "4300867",
    "movie_id": "10063"
  },
  {
    "review": "난 정말 몰라요~ 경아의 슬픈 마지막 외침...",
    "date": "10.01.14",
    "rating": "10",
    "author": "dayd****",
    "review_id": "4169004",
    "movie_id": "10063"
  },
  {
    "review": "오래된 작품이지만 지금 봐도 촌스럽지 않은 연출과 연기 - 추천",
    "date": "10.01.13",
    "rating": "10",
    "author": "tumm****",
    "review_id": "4167401",
    "movie_id": "10063"
  },
  {
    "review": "지금 보면 참 유치한 대사가 많았지만, 원작의 느낌을 잘 살린 구성과 삽입곡들은 굿!",
    "date": "10.01.13",
    "rating": "7",
    "author": "mygr****",
    "review_id": "4164515",
    "movie_id": "10063"
  },
  {
    "review": "어딘지 지금도 가까이 있을 모습 ~~ 경아는 우리마음속의 사랑하고픈 연인입니다..",
    "date": "09.08.09",
    "rating": "10",
    "author": "kyg6****",
    "review_id": "3729207",
    "movie_id": "10063"
  },
  {
    "review": "한국고전명작애절한연기애절한음악눈밭장면에서눈물살짝여자는몸이재산이다",
    "date": "09.07.23",
    "rating": "10",
    "author": "zzzo****",
    "review_id": "3658541",
    "movie_id": "10063"
  },
  {
    "review": "경아의 인생 참 안타깝다 슬프구나 인생이란",
    "date": "09.03.25",
    "rating": "8",
    "author": "jsi1****",
    "review_id": "3385810",
    "movie_id": "10063"
  },
  {
    "review": "이장호 감독은 시대를 잘못 만난것 같다. 아쉽다 아쉬워",
    "date": "09.02.03",
    "rating": "9",
    "author": "seee****",
    "review_id": "3275342",
    "movie_id": "10063"
  },
  {
    "review": "추워요~(꼭 안아줘요)",
    "date": "09.02.01",
    "rating": "10",
    "author": "cata****",
    "review_id": "3269225",
    "movie_id": "10063"
  },
  {
    "review": "이 영화에서 70년대 프랑스 스타일의 영화가 느껴진다...",
    "date": "09.01.11",
    "rating": "8",
    "author": "kimg****",
    "review_id": "3211043",
    "movie_id": "10063"
  },
  {
    "review": "역시 왜 최고였는지 보고나니 알겠군.",
    "date": "09.01.10",
    "rating": "10",
    "author": "4745****",
    "review_id": "3207011",
    "movie_id": "10063"
  },
  {
    "review": "잘만들어진 영화^^봐도 봐도 안인숙님 넘 아름다우시고 연기도 넘넘 잘하세요~",
    "date": "09.01.10",
    "rating": "10",
    "author": "jagu****",
    "review_id": "3206763",
    "movie_id": "10063"
  },
  {
    "review": "대단한 영화였군...  와... 놀랍다",
    "date": "09.01.10",
    "rating": "10",
    "author": "ramb****",
    "review_id": "3206754",
    "movie_id": "10063"
  },
  {
    "review": "오래된 영화지만 정말 수작임...",
    "date": "09.01.10",
    "rating": "10",
    "author": "sjh1****",
    "review_id": "3206449",
    "movie_id": "10063"
  },
  {
    "review": "시대에 저항한 청춘들의 페이소스안에 그시대를 뛰어넘은 감각과 위대함이 있었다 !!!",
    "date": "08.03.29",
    "rating": "10",
    "author": "sabi****",
    "review_id": "2548469",
    "movie_id": "10063"
  },
  {
    "review": "낭만과 비유의 그 시절에,우리 어른들의 그때그시절의 슬픈사랑이야기",
    "date": "07.11.16",
    "rating": "8",
    "author": "ador****",
    "review_id": "2154593",
    "movie_id": "10063"
  },
  {
    "review": "very good !",
    "date": "07.10.18",
    "rating": "9",
    "author": "cles****",
    "review_id": "2096966",
    "movie_id": "10063"
  },
  {
    "review": "편안하게 경아를 내마음에서 보내주고 싶다...",
    "date": "07.09.22",
    "rating": "10",
    "author": "kth9****",
    "review_id": "2036657",
    "movie_id": "10063"
  },
  {
    "review": "이거...이거 정말 잘된 영화",
    "date": "07.03.03",
    "rating": "10",
    "author": "ryok****",
    "review_id": "1514590",
    "movie_id": "10063"
  },
  {
    "review": "도회적이면서도, 그 속에 순수를 잃지 않는 진정성이 제 가슴을 울게 했다",
    "date": "07.03.02",
    "rating": "10",
    "author": "lhcg****",
    "review_id": "1512672",
    "movie_id": "10063"
  },
  {
    "review": "우수 어린 느낌.. 청초한 안일숙의 눈물어린 연기^;;",
    "date": "07.03.02",
    "rating": "10",
    "author": "leeh****",
    "review_id": "1512669",
    "movie_id": "10063"
  },
  {
    "review": "워낙 오래된 영화지만.",
    "date": "07.03.01",
    "rating": "6",
    "author": "wind****",
    "review_id": "1510144",
    "movie_id": "10063"
  },
  {
    "review": "당시의 수작",
    "date": "06.12.01",
    "rating": "10",
    "author": "ysuh****",
    "review_id": "1260912",
    "movie_id": "10063"
  },
  {
    "review": "눈꽃처럼 순결할수 있는 사랑이 가능한지 한번생각해보았다.",
    "date": "05.12.21",
    "rating": "10",
    "author": "ksc5****",
    "review_id": "518677",
    "movie_id": "10063"
  },
  {
    "review": "...",
    "date": "04.10.22",
    "rating": "10",
    "author": "bigm****",
    "review_id": "130433",
    "movie_id": "10063"
  }
]