[
  {
    "review": "20세기 최고의 영화~알파치노의 차가운 눈빛과 연기력은 소름",
    "date": "15.08.20",
    "rating": "10",
    "author": "stea****",
    "review_id": "10253006",
    "movie_id": "10072"
  },
  {
    "review": "전작의 명성을 무난히 이어간 속편. 마이클의 이야기보다는 비토의 과거편이 더 흥미롭고 잼났다.",
    "date": "15.08.16",
    "rating": "8",
    "author": "kjk9****",
    "review_id": "10237633",
    "movie_id": "10072"
  },
  {
    "review": "지 랄들 하세요 이민자들의 성공기 허울좋은 명분일뿐이고 마피아비판도 명분이고 마피아미화란 미화는 다 시키고 똥폼잡는작품 방구석에 처박혀서 이런거나보고 멋있다고 아우성는 저능아들을 위한작품 세상을 제대로알고 똑바로봐라",
    "date": "15.08.11",
    "rating": "1",
    "author": "sang****",
    "review_id": "10216421",
    "movie_id": "10072"
  },
  {
    "review": "대비를 이룸으로써 더 극대화되게 다가왔고 최고다",
    "date": "15.08.10",
    "rating": "10",
    "author": "cani****",
    "review_id": "10214624",
    "movie_id": "10072"
  },
  {
    "review": "마피아의 삶. 단순 죽이는 과정에 대한 묘사보다 일대기를 다뤄서 좋다",
    "date": "15.08.03",
    "rating": "9",
    "author": "0411****",
    "review_id": "10182123",
    "movie_id": "10072"
  },
  {
    "review": "비토와 마이클, 1900년대와 냉전기의 미국, 두 편의 영화를 보는 즐거움을 선사하면서 강대국이 되어가는 초창기의 미국과 팽창주의 패권주의의 초강대국 미국의 모순을 대입시키는 스케일은 압권이다. 결국 코폴라가 미국에서 가장 위대한 감독이 아닌가 싶다.",
    "date": "15.07.11",
    "rating": "10",
    "author": "kboy****",
    "review_id": "10090626",
    "movie_id": "10072"
  },
  {
    "review": "당신이 갓 파치노입니까?",
    "date": "15.07.06",
    "rating": "9",
    "author": "dday****",
    "review_id": "10076865",
    "movie_id": "10072"
  },
  {
    "review": "자수성가한 아버지와 그 업적을 지키기 위해 피도 눈물도 없애버린 아들의 이야기를 절묘하게 교차하며 보여준다. 1편에서의 모습과 정반대인 두 사람의 모습이 인상적이다.",
    "date": "15.07.05",
    "rating": "9",
    "author": "inos****",
    "review_id": "10074022",
    "movie_id": "10072"
  },
  {
    "review": "말이 필요없다. 속편인데도",
    "date": "15.07.04",
    "rating": "9",
    "author": "dspi****",
    "review_id": "10067568",
    "movie_id": "10072"
  },
  {
    "review": "청문회 장면은 꼭 다큐같았다",
    "date": "15.07.02",
    "rating": "10",
    "author": "maek****",
    "review_id": "10061735",
    "movie_id": "10072"
  },
  {
    "review": "평론가 박평식의 9점.. 설명끝",
    "date": "15.07.02",
    "rating": "10",
    "author": "miro****",
    "review_id": "10060100",
    "movie_id": "10072"
  },
  {
    "review": "1~3편보고솔직히재미없다",
    "date": "15.06.30",
    "rating": "1",
    "author": "zzzo****",
    "review_id": "10056689",
    "movie_id": "10072"
  },
  {
    "review": "전작보다 속편이 더 뛰어난 영화",
    "date": "15.06.21",
    "rating": "10",
    "author": "lga7****",
    "review_id": "10017272",
    "movie_id": "10072"
  },
  {
    "review": "알파치노, 로버트 드니로 아... 난 대부 2가 만들어진 이유를 알 것 같아...",
    "date": "15.06.19",
    "rating": "8",
    "author": "dpdj****",
    "review_id": "10010760",
    "movie_id": "10072"
  },
  {
    "review": "종합 평점은 9점 드립니다.",
    "date": "15.06.03",
    "rating": "9",
    "author": "terr****",
    "review_id": "9971289",
    "movie_id": "10072"
  },
  {
    "review": "걸작이라는 단어가 어울리는 몇 안되는 영화. 인생 힘들때마다 꺼내서 본다.",
    "date": "15.05.24",
    "rating": "10",
    "author": "blur****",
    "review_id": "9945506",
    "movie_id": "10072"
  },
  {
    "review": "이거 한 200번 보니까 지겹네요. 대부3 보러가야지!",
    "date": "15.05.24",
    "rating": "10",
    "author": "dudr****",
    "review_id": "9944049",
    "movie_id": "10072"
  },
  {
    "review": "나이를 좀 먹고 수 많은 영화들을 보고 난 후에 봐서 천만다행",
    "date": "15.05.17",
    "rating": "10",
    "author": "emin****",
    "review_id": "9926389",
    "movie_id": "10072"
  },
  {
    "review": "여러분 5월9일새벽2시인 지금 ocn에서 해줍니다. 이건 꼭 봐야합니다. 그냥 꼭 보세요",
    "date": "15.05.09",
    "rating": "10",
    "author": "ekzm****",
    "review_id": "9904989",
    "movie_id": "10072"
  },
  {
    "review": "쓰라리도록 아픈 범죄 역사의 교차 연대기",
    "date": "15.04.21",
    "rating": "9",
    "author": "syoc****",
    "review_id": "9856229",
    "movie_id": "10072"
  },
  {
    "review": "저렇게 멋질수가 있나...",
    "date": "15.04.19",
    "rating": "10",
    "author": "chld****",
    "review_id": "9852229",
    "movie_id": "10072"
  },
  {
    "review": "박평식  대부도 깔줄 알았는데 ....",
    "date": "15.04.17",
    "rating": "10",
    "author": "han_****",
    "review_id": "9849827",
    "movie_id": "10072"
  },
  {
    "review": "masterpiece",
    "date": "15.04.15",
    "rating": "10",
    "author": "bomi****",
    "review_id": "9846836",
    "movie_id": "10072"
  },
  {
    "review": "정말 끝이 좋은 영화다.비토는 마피아를 통해 가족을 만들고싶어했다.하지만 마이클은 마피아때문에 가족을잃고 지독한 외로움 속에 빠진다.이민1세대엔",
    "date": "15.04.10",
    "rating": "8",
    "author": "mlif****",
    "review_id": "9837867",
    "movie_id": "10072"
  },
  {
    "review": "1편만한 2편이 없다는데 대부2는 그 속설을 파괴했다",
    "date": "15.04.09",
    "rating": "10",
    "author": "7734****",
    "review_id": "9837005",
    "movie_id": "10072"
  },
  {
    "review": "대부Ⅰ에 이어 계속되는 불후의 명작",
    "date": "15.04.09",
    "rating": "10",
    "author": "mins****",
    "review_id": "9836119",
    "movie_id": "10072"
  },
  {
    "review": "모든 상황이 정리되고 승리가 확정된 상황 하지만 자신이 만들어 놓은 룰과 가족을 지키기 위해 친형을 살해하는 하..",
    "date": "15.04.07",
    "rating": "10",
    "author": "fifa****",
    "review_id": "9833036",
    "movie_id": "10072"
  },
  {
    "review": "역대 최고의 영화 걸작중 걸작",
    "date": "15.04.01",
    "rating": "10",
    "author": "scye****",
    "review_id": "9820057",
    "movie_id": "10072"
  },
  {
    "review": "영화사에 남을 장대한 비극.",
    "date": "15.03.21",
    "rating": "10",
    "author": "wlgu****",
    "review_id": "9797633",
    "movie_id": "10072"
  },
  {
    "review": "속편같은거 아닙니다. 123 합하여 그냥 대부",
    "date": "15.03.10",
    "rating": "10",
    "author": "leet****",
    "review_id": "9771046",
    "movie_id": "10072"
  },
  {
    "review": "비토의 젊은 시절과 마이클이 대부로 성장하는 과정. 두 영상이 서로를 관통할 때 그 느낌은..",
    "date": "15.02.28",
    "rating": "10",
    "author": "woxn****",
    "review_id": "9747177",
    "movie_id": "10072"
  },
  {
    "review": "아버지가  패밀리를 위해 가족을 잃진 않았나요?",
    "date": "15.02.28",
    "rating": "10",
    "author": "tpfl****",
    "review_id": "9745798",
    "movie_id": "10072"
  },
  {
    "review": "진짜 영화가 무엇인지를 곰곰히 생각하게 해주는 영화이면서 한편의 대서사시",
    "date": "15.02.26",
    "rating": "9",
    "author": "the0****",
    "review_id": "9738733",
    "movie_id": "10072"
  },
  {
    "review": "톰 헤건 죽고 마지막에 ㅠㅠ 가족 다같이  1편에서 죽은 아찌랑 나올 때 죵니 너무 슬픔ㅠㅠ 그담에 알파치노 독샷 보고 엔딩크레딧 올라가는데 아 이게 여운이구나 싶더라... 크레딧보고 음악들으면서 울기는 처음임 진짜",
    "date": "15.02.22",
    "rating": "10",
    "author": "rlae****",
    "review_id": "9726021",
    "movie_id": "10072"
  },
  {
    "review": "인생영화에요ㅎㅎㅎ",
    "date": "15.02.21",
    "rating": "10",
    "author": "vkfk****",
    "review_id": "9721248",
    "movie_id": "10072"
  },
  {
    "review": "원작을 능가하는 속편도 있구나... 라고 느끼게 해준 영화. 내가 제일 좋아하는 배우 알 파치노의 명연기는 말이 필요없다.",
    "date": "15.02.16",
    "rating": "10",
    "author": "ost8****",
    "review_id": "9703461",
    "movie_id": "10072"
  },
  {
    "review": "인생 최고의 영화. 별점을 주는 것이 미안해진다.",
    "date": "15.02.01",
    "rating": "10",
    "author": "sung****",
    "review_id": "9658943",
    "movie_id": "10072"
  },
  {
    "review": "한 남자의 일생을 화려한 액션없이 신파없이 이렇게 멋지게 제대로 그려낸 영화는 아직 못본것 같다. 마지막 장면에 마이클의 표정은 정말로 진한 여운과 감동을 준다.",
    "date": "15.01.30",
    "rating": "10",
    "author": "para****",
    "review_id": "9652221",
    "movie_id": "10072"
  },
  {
    "review": "박평식이 9점을 준 영화임... 명작중의 명작!!! 꼭 보시길근데 1점 준 애들은 머지?",
    "date": "15.01.21",
    "rating": "10",
    "author": "adad****",
    "review_id": "9618414",
    "movie_id": "10072"
  },
  {
    "review": "재밌게 잘 보았습니다.",
    "date": "15.01.14",
    "rating": "9",
    "author": "jin1****",
    "review_id": "9593776",
    "movie_id": "10072"
  },
  {
    "review": "알파치노와 로버트 드니로는 꼴레오네 그자체다 이런영화 이런배우가 다시 또 나올수 있을까....",
    "date": "15.01.01",
    "rating": "10",
    "author": "wjdd****",
    "review_id": "9543637",
    "movie_id": "10072"
  },
  {
    "review": "아버지와 아들의 조직 경영 철학은 너무나도 달랐다",
    "date": "14.12.27",
    "rating": "8",
    "author": "sipj****",
    "review_id": "9524879",
    "movie_id": "10072"
  },
  {
    "review": "정말 역사에 남을 명작이다 이 영화를 안봤다면 불쌍한 인간이다!",
    "date": "14.12.13",
    "rating": "10",
    "author": "ske4****",
    "review_id": "9470961",
    "movie_id": "10072"
  },
  {
    "review": "변하고 있어. 시대가 변했지. 다 쓸어버려야 해.",
    "date": "14.12.12",
    "rating": "5",
    "author": "samg****",
    "review_id": "9468880",
    "movie_id": "10072"
  },
  {
    "review": "박평식이 9점준영화 말다했지?",
    "date": "14.12.10",
    "rating": "10",
    "author": "toro****",
    "review_id": "9462449",
    "movie_id": "10072"
  },
  {
    "review": "평가할만한 영화가 아니다.. 걍 봐라...;; 한국의 느와르 영화와는 차원이 다르네..",
    "date": "14.12.09",
    "rating": "10",
    "author": "swd2****",
    "review_id": "9459761",
    "movie_id": "10072"
  },
  {
    "review": "20년이 지나도 아버지를 이해하려면 난 아직 어리다.",
    "date": "14.11.30",
    "rating": "10",
    "author": "gues****",
    "review_id": "9435763",
    "movie_id": "10072"
  },
  {
    "review": "알파치노의 신들린 연기! 대부 보기전에는 말론브란도의 영화라고 생각했는데... 대부 시리즈는 알파치노에 의한 알파치노의 영화였다. 알파치노. 로버트 드니로의 연기를 한 영화에서 볼수 있는 명작중의 명작!",
    "date": "14.11.23",
    "rating": "9",
    "author": "cool****",
    "review_id": "9415213",
    "movie_id": "10072"
  },
  {
    "review": "나에겐 1편보다 못한영화, 그저 그랬다 몰입감도 전작만 못하고,,.",
    "date": "14.11.21",
    "rating": "7",
    "author": "lgs0****",
    "review_id": "9405844",
    "movie_id": "10072"
  },
  {
    "review": "영화 역사의 획을 그은 기념비적인 작품",
    "date": "14.11.20",
    "rating": "10",
    "author": "rcan****",
    "review_id": "9401676",
    "movie_id": "10072"
  },
  {
    "review": "그냥 점수 더 못주니 10점 줌",
    "date": "14.11.07",
    "rating": "10",
    "author": "krgi****",
    "review_id": "9348932",
    "movie_id": "10072"
  },
  {
    "review": "젊은 나이에 처음으로 '몰입' 이라는 것을 경험하게 된 영화, 로버트 드니로와 알파치노의 연기는 단 1초도 딴 생각을 못 하게 만든다.",
    "date": "14.10.25",
    "rating": "10",
    "author": "cabi****",
    "review_id": "9314621",
    "movie_id": "10072"
  },
  {
    "review": "친구2가 대부2를 많이 따라한게 보임 아버지와 자식 교차 편집같은 장면  하지만 친구2같은 영화는 절대 따라오지 못함",
    "date": "14.10.22",
    "rating": "10",
    "author": "libe****",
    "review_id": "9307205",
    "movie_id": "10072"
  },
  {
    "review": "암턴, 영화사에 오랫동안 남을 명작임에는 이견이 없을 듯..",
    "date": "14.10.18",
    "rating": "10",
    "author": "spar****",
    "review_id": "9299330",
    "movie_id": "10072"
  },
  {
    "review": "내인생에서최고의영화 대부1이더잼엇지만",
    "date": "14.09.26",
    "rating": "10",
    "author": "gpvk****",
    "review_id": "9241334",
    "movie_id": "10072"
  },
  {
    "review": "개꿀잼 1보다 2가 낫다",
    "date": "14.09.17",
    "rating": "10",
    "author": "smar****",
    "review_id": "9220135",
    "movie_id": "10072"
  },
  {
    "review": "다들 논하지마 다들 논하지마",
    "date": "14.09.15",
    "rating": "10",
    "author": "ehtl****",
    "review_id": "9216379",
    "movie_id": "10072"
  },
  {
    "review": "전편의 명작을 뛰어넘는 걸작이 되었다.",
    "date": "14.09.01",
    "rating": "10",
    "author": "cult****",
    "review_id": "9152255",
    "movie_id": "10072"
  },
  {
    "review": "보통 1편보다 나은 2편 없는데 그딴거 이 영화에선 없음 ㅋ1에서3편까지 쭉 이어서 봤는데 전혀 이질감이 없다 그냥 자연스럽게 하나의 커다란 이야기로 흘러감 ㄷㄷㄷ",
    "date": "14.08.29",
    "rating": "10",
    "author": "sung****",
    "review_id": "9142478",
    "movie_id": "10072"
  },
  {
    "review": "200분에 달하는 런닝타임이 지루하기도 하고 솔직히 그저 그런 평범한 영화였다. 그냥 대부가 되고선 점점 냉혈한으로 변해가는 마이클이 안쓰러웠을뿐",
    "date": "14.08.22",
    "rating": "6",
    "author": "zxvt****",
    "review_id": "9122253",
    "movie_id": "10072"
  },
  {
    "review": "대부1 과 2는 엄연히 다른 관점에서 봐야한다. 한편의 인생극장과 같은 2편은 아직 나에게 있어 미성숙함을 드러나게 한 영화이다",
    "date": "14.08.22",
    "rating": "10",
    "author": "luka****",
    "review_id": "9120331",
    "movie_id": "10072"
  },
  {
    "review": "장엄하고 대단한 무결의 속편.",
    "date": "14.08.19",
    "rating": "10",
    "author": "ogr5****",
    "review_id": "9109174",
    "movie_id": "10072"
  },
  {
    "review": "모든 영화들 중 가장 위대한 영화다.",
    "date": "14.07.26",
    "rating": "10",
    "author": "zndz****",
    "review_id": "8963496",
    "movie_id": "10072"
  },
  {
    "review": "알파치노와 로버트 드니로",
    "date": "14.07.23",
    "rating": "10",
    "author": "ceu0****",
    "review_id": "8946336",
    "movie_id": "10072"
  },
  {
    "review": "아버지라는 세 글자가 무엇인지 생각하게 하는 영화",
    "date": "14.07.12",
    "rating": "10",
    "author": "bill****",
    "review_id": "8907655",
    "movie_id": "10072"
  },
  {
    "review": "보통 전편이 후속작보다 좋은데 이건 이상하게 그렇지가 않네",
    "date": "14.06.29",
    "rating": "10",
    "author": "kmh4****",
    "review_id": "8869460",
    "movie_id": "10072"
  },
  {
    "review": "비토가 대부가 되어가는 과정, 마이클이 패밀리를 지켜내는 과정..마이클의 책임감과 외로움의 시작을 알린다. 가장으로써의 책임감.",
    "date": "14.06.26",
    "rating": "10",
    "author": "mr_m****",
    "review_id": "8856452",
    "movie_id": "10072"
  },
  {
    "review": "전작과 마찬가지로 영화사에 기리 남을 작품이다. 더 이상의 설명이 필요없다. 남자의 인생이란 정말이지 형용모순이다. 마이클이 잘못된 건지 세상이 잘못된 건지  정말 모르겠다.",
    "date": "14.06.24",
    "rating": "10",
    "author": "kko0****",
    "review_id": "8851673",
    "movie_id": "10072"
  },
  {
    "review": "다시 봐도 재미있는 영화",
    "date": "14.06.21",
    "rating": "10",
    "author": "skys****",
    "review_id": "8845187",
    "movie_id": "10072"
  },
  {
    "review": "뭐 말이 필요하겠습니까? 전편을 뛰어넘는 속편, 알파치노와 로버트 드니로 이 둘을 한 스크린에서 볼 수 있다니ㅋㅋㅋ",
    "date": "14.06.07",
    "rating": "10",
    "author": "lcj8****",
    "review_id": "8807353",
    "movie_id": "10072"
  },
  {
    "review": "대부시리즈는 내가 본 어떤 영화보다 인상깊었다. 이와 비슷한 장르의 영화들을 보게된다면 ,나는 틀림없이 대부시리즈를 떠오르며 그 영화들을 폄하하게 될지도 모른다.",
    "date": "14.05.08",
    "rating": "10",
    "author": "goto****",
    "review_id": "8714954",
    "movie_id": "10072"
  },
  {
    "review": "엄청 긴 것만 빼면 완벽한 영화, 내 생애 최고의 영화였음.",
    "date": "14.04.23",
    "rating": "9",
    "author": "bbww****",
    "review_id": "8667823",
    "movie_id": "10072"
  },
  {
    "review": "몇번을봐도 재밌음 세계의 명작",
    "date": "14.04.20",
    "rating": "10",
    "author": "zkwk****",
    "review_id": "8660844",
    "movie_id": "10072"
  },
  {
    "review": "가족을 지키기 위해 괴물이 되어버린 마이클..",
    "date": "14.04.19",
    "rating": "10",
    "author": "psff****",
    "review_id": "8659407",
    "movie_id": "10072"
  },
  {
    "review": "볼때마다 새롭게 다가온다.",
    "date": "14.04.17",
    "rating": "10",
    "author": "tria****",
    "review_id": "8655790",
    "movie_id": "10072"
  },
  {
    "review": "역사적인 대 서사의 2번쨰",
    "date": "14.04.07",
    "rating": "10",
    "author": "jmp0****",
    "review_id": "8634468",
    "movie_id": "10072"
  },
  {
    "review": "말이 필요없는 최고의 영화중 하나라고 생각한다. 닥치고 봐야될 영화",
    "date": "14.04.07",
    "rating": "10",
    "author": "tkdg****",
    "review_id": "8633901",
    "movie_id": "10072"
  },
  {
    "review": "두 남자의 상반된 모습을 인상깊게 그려냈다.1편보다 개인적으로 2편이 더 좋았다.",
    "date": "14.04.01",
    "rating": "10",
    "author": "jung****",
    "review_id": "8622199",
    "movie_id": "10072"
  },
  {
    "review": "대부시리즈 가운데 최고의 명작.",
    "date": "14.03.30",
    "rating": "10",
    "author": "tick****",
    "review_id": "8617645",
    "movie_id": "10072"
  },
  {
    "review": "마이클이 가족을 지키기 위해 변한것인가, 아니면 변해버린 가족이 그를 그렇게 만든 것인가",
    "date": "14.03.29",
    "rating": "8",
    "author": "myse****",
    "review_id": "8616550",
    "movie_id": "10072"
  },
  {
    "review": "1편의 변명 및 부가설명 일색. 지루하다. 연기와 연출의 힘으로 러닝타임을 끌어가지만 페이소스도 모자라고 깊은 성찰도 없다. 미국인이 아니라면 특별히 열광할 이유가 없는 영화.",
    "date": "14.03.22",
    "rating": "7",
    "author": "solz****",
    "review_id": "8594586",
    "movie_id": "10072"
  },
  {
    "review": "대부2의 포커스는 비정하리만치 패밀리를 이끌어가는 마이클 콜레오네, 그의 아버지 돈 콜레오네의 파란만장했던 성장기와 어떻게 패밀리의 대부가 되어 가는지를 교차시키며 극명하게 대비시키고 있다.지루할 수 밖에 없는 내용을 전혀 지루하지 않게 만들어냈다..",
    "date": "14.03.17",
    "rating": "10",
    "author": "guns****",
    "review_id": "8583727",
    "movie_id": "10072"
  },
  {
    "review": "단순한 범죄영화가 아니네요 ㅠㅠ정말 완벽한 영화인듯",
    "date": "14.03.16",
    "rating": "10",
    "author": "palo****",
    "review_id": "8580831",
    "movie_id": "10072"
  },
  {
    "review": "알파치노의 고뇌하는 장면은 최고",
    "date": "14.02.23",
    "rating": "10",
    "author": "yyw8****",
    "review_id": "8532807",
    "movie_id": "10072"
  },
  {
    "review": "알파치노의 차가운 카리스마는 잊혀지지가않는다",
    "date": "14.02.16",
    "rating": "10",
    "author": "elek****",
    "review_id": "8514242",
    "movie_id": "10072"
  },
  {
    "review": "시대를 뛰어 넘나들 완성도 높은작픔",
    "date": "14.02.15",
    "rating": "8",
    "author": "cstp****",
    "review_id": "8509889",
    "movie_id": "10072"
  },
  {
    "review": "마이클 콜레오네의 본격적인 시대ㅎ",
    "date": "14.02.01",
    "rating": "10",
    "author": "tjgu****",
    "review_id": "8458412",
    "movie_id": "10072"
  },
  {
    "review": "재미로서도 완벽했고, 영화의 내용과 의미는 평생 기억할만 하다",
    "date": "14.02.01",
    "rating": "10",
    "author": "kimg****",
    "review_id": "8458221",
    "movie_id": "10072"
  },
  {
    "review": "대부 시리즈 중 최고라 생각되는 편. 특히나 알 파치노와 로버트 드니로를 한 영화에서 모두 볼 수 있다는 점.",
    "date": "14.01.21",
    "rating": "10",
    "author": "jjaj****",
    "review_id": "8406441",
    "movie_id": "10072"
  },
  {
    "review": "가족의 흥망성쇠를 다룬 영화... 아버지가 일군 가족을 아들이 박살내는건 운명인가 숙명인가?",
    "date": "14.01.21",
    "rating": "7",
    "author": "jiyu****",
    "review_id": "8405810",
    "movie_id": "10072"
  },
  {
    "review": "위대한 개츠비를 보았을때 이런 느낌이였다. 뭐지? 왜 유명한 거지? 결론은 내가 역사에 무지해서 전체적은 흐름과 역사의 상관관계를 이해하지 못했기 때문이다. 대부도 그러한 이유 때문에 나에겐 최고 영화가 아니였다.",
    "date": "14.01.06",
    "rating": "8",
    "author": "jong****",
    "review_id": "8355470",
    "movie_id": "10072"
  },
  {
    "review": "로버트,파치노 아저씨의 힘!!",
    "date": "14.01.04",
    "rating": "10",
    "author": "okth****",
    "review_id": "8345861",
    "movie_id": "10072"
  },
  {
    "review": "전체적으로 다소 지루하지만 과거 비토의 역사가 나오면서 교차편집에 의한 훌륭한 그리고 흥미있는 전개가 되었다",
    "date": "14.01.01",
    "rating": "9",
    "author": "jdh1****",
    "review_id": "8334271",
    "movie_id": "10072"
  },
  {
    "review": "평식이 형님이 9점 준 영화 처음본다; 근데 영화를 보면 왜 그런지 이해가 간다. 전설의 명작이란 것은 이런거지",
    "date": "13.12.30",
    "rating": "10",
    "author": "ho30****",
    "review_id": "8323866",
    "movie_id": "10072"
  },
  {
    "review": "전무후무한 프리퀄의 진수",
    "date": "13.12.27",
    "rating": "9",
    "author": "acea****",
    "review_id": "8310431",
    "movie_id": "10072"
  },
  {
    "review": "비토 꼴레오네와 마이클 꼴레오네. 두명을 비교하는 영상 기법이 매우 매력적이다. 실제 플롯에서 둘의 차이점을 비교하며 감상한다면 재미가 두배!! 압도적인 느와르 분위기는 언급도 하지 않겠다.",
    "date": "13.12.25",
    "rating": "9",
    "author": "supe****",
    "review_id": "8301771",
    "movie_id": "10072"
  },
  {
    "review": "추천영화 NO.3 IMDB 순위:3위 평점:9.0 /10",
    "date": "13.12.23",
    "rating": "10",
    "author": "glxm****",
    "review_id": "8279674",
    "movie_id": "10072"
  },
  {
    "review": "최고의 명작 이라고 하길래 봤는데 명작 맞다.",
    "date": "13.12.21",
    "rating": "10",
    "author": "pc59****",
    "review_id": "8261940",
    "movie_id": "10072"
  },
  {
    "review": "집중하기 어려웠어요알 파치노와 로버트 드니로의 연기는 아주 좋았습니다",
    "date": "13.12.20",
    "rating": "5",
    "author": "natu****",
    "review_id": "8248037",
    "movie_id": "10072"
  },
  {
    "review": "1편보다 더 풍성한 이야기가 맘에 듦",
    "date": "13.12.19",
    "rating": "7",
    "author": "yols****",
    "review_id": "8235202",
    "movie_id": "10072"
  }
]