[
  {
    "review_id": "10276568",
    "movie_id": "100828",
    "author": "beig****",
    "review": "스토리는 그냥 그런데, 연기력으로  끝까지 몰입할수있었다.",
    "rating": "7",
    "date": "15.08.26"
  },
  {
    "review_id": "10272963",
    "movie_id": "100828",
    "author": "5693****",
    "review": "분단역사, 부자지간, 예술인의 자의식(?)까지 뻗어나갈수 있는 주제긴한데 전체적으로 늘어지고 확 잡아끄는 마력이 없었음.. 류혜영이라는 배우는 뻔하게 생기지 않아서 매력있고 좋네. 성형하지 말길~",
    "rating": "4",
    "date": "15.08.25"
  },
  {
    "review_id": "10265360",
    "movie_id": "100828",
    "author": "kdhd****",
    "review": "노잼이였다 내머리가나쁜건가",
    "rating": "8",
    "date": "15.08.23"
  },
  {
    "review_id": "10261152",
    "movie_id": "100828",
    "author": "happ****",
    "review": "연기력이고 당시 남북상황 이념대립이고 묵직하게 부성애를 담기 위해 관객들이 지루함을 참아야한다고 생각한게 실수!",
    "rating": "6",
    "date": "15.08.22"
  },
  {
    "review_id": "10253082",
    "movie_id": "100828",
    "author": "rafi****",
    "review": "영화가 크게 극적인 요소가 없어 너무 늘어지는 게 흠이지만, 세상의 어느 아들이 이 아버지의 인생이며 연기가 무의미하다고 말할 수 있을까. 단지 아들에게 자랑스러운 아버지이고 싶었던 것뿐인데.",
    "rating": "7",
    "date": "15.08.20"
  },
  {
    "review_id": "10236861",
    "movie_id": "100828",
    "author": "daeb****",
    "review": "젊은세대보다는 중년이후 세대가 이해하기쉬운 시대상이 배경입니다. 한번 볼만한 영화입니다. 다양한 영화를 보시는 분은 재밌게 보실것 같아요.",
    "rating": "9",
    "date": "15.08.15"
  },
  {
    "review_id": "10233374",
    "movie_id": "100828",
    "author": "qlrt****",
    "review": "시간이 아깝던 쓰레기영화",
    "rating": "1",
    "date": "15.08.15"
  },
  {
    "review_id": "10233340",
    "movie_id": "100828",
    "author": "pony****",
    "review": "황당무개한 스토리...",
    "rating": "1",
    "date": "15.08.15"
  },
  {
    "review_id": "10221709",
    "movie_id": "100828",
    "author": "luck****",
    "review": "영화의 완성도나 재미를 떠나서 설경구의 연기는 미쳤다진짜 무슨 신들린 사람인 줄 알았음...",
    "rating": "10",
    "date": "15.08.13"
  },
  {
    "review_id": "10207831",
    "movie_id": "100828",
    "author": "kimj****",
    "review": "설경구. 박해일 연기력 소름돋는다. 역사적 배경.사회적 배경을 잘 아는 세대에게 훨씬 다가갈 영화.",
    "rating": "10",
    "date": "15.08.09"
  },
  {
    "review_id": "10207808",
    "movie_id": "100828",
    "author": "eagl****",
    "review": "첨엔 느끼지못햇지만  마지막 설경구의대사에 아들에게 못다한 아버지의 한 과 정치세력들에게 고하는 국민 인민들의 심정이 느껴진다",
    "rating": "8",
    "date": "15.08.09"
  },
  {
    "review_id": "10207578",
    "movie_id": "100828",
    "author": "qord****",
    "review": "연기가 정말 잘해서... 10점 줄 영화는 아니지만 7점짜리 연기도 아니여서 10점 드려요",
    "rating": "10",
    "date": "15.08.09"
  },
  {
    "review_id": "10207190",
    "movie_id": "100828",
    "author": "chld****",
    "review": "설경구님 연기 최고에요~~",
    "rating": "8",
    "date": "15.08.09"
  },
  {
    "review_id": "10205519",
    "movie_id": "100828",
    "author": "soda****",
    "review": "이 세상의 모든 배우, 혹은 배우를 꿈꾸는 분들.. 당신의 연기를 온전히 이해하고 동경하는, 당신을 통해 새로운 세계로 진입하게 되는 단 한 명의 관객을 위해 멈추지 말아줘요.. 아.. 사랑합니다.. 박해일씨 미안해요 당신보다 서럽게 울어버렸어요",
    "rating": "10",
    "date": "15.08.09"
  },
  {
    "review_id": "10205393",
    "movie_id": "100828",
    "author": "jule****",
    "review": "박해일, 설경구 참 대단한 배우들이다!!! 음악, 구도, 스토리전개등이 배우들을 따라가지 못한게 아쉬울 따름.",
    "rating": "8",
    "date": "15.08.09"
  },
  {
    "review_id": "10205107",
    "movie_id": "100828",
    "author": "omag****",
    "review": "네래 이 종간나 색히들 쏘레기 영화에 원자탄을 까주갔어",
    "rating": "1",
    "date": "15.08.09"
  },
  {
    "review_id": "10204475",
    "movie_id": "100828",
    "author": "rkdx****",
    "review": "내인생최고의영화다. 보는내내 김일성화 되는 주인공이 불쾌하고 기분이 나빴지만 연기하나로 참고 봤다. 영화끝나기 20분 전, 주인공의 대사 한마디에 그동안 불편했던 마음이 와장창무너졌고 눈물이 영화끝날때까지 흘렀다. 몰입해서 봐라..여운이 평생간다",
    "rating": "10",
    "date": "15.08.08"
  },
  {
    "review_id": "10181228",
    "movie_id": "100828",
    "author": "rein****",
    "review": "연기는 좋았는데 스토리가 아쉬움",
    "rating": "7",
    "date": "15.08.03"
  },
  {
    "review_id": "10164611",
    "movie_id": "100828",
    "author": "chkw****",
    "review": "남친이랑 볼거없어서 젤가까운게 이거길래 봤는데 자살하싶었음",
    "rating": "1",
    "date": "15.07.31"
  },
  {
    "review_id": "10152007",
    "movie_id": "100828",
    "author": "2030****",
    "review": "아버지가. 치킨사올때. 난왜눈물이날까? ㅠㅠ",
    "rating": "9",
    "date": "15.07.28"
  },
  {
    "review_id": "10147565",
    "movie_id": "100828",
    "author": "chee****",
    "review": "이 영화는 캐스팅에 잡혀 먹혔을뿐 좋은 영화였다.",
    "rating": "10",
    "date": "15.07.26"
  },
  {
    "review_id": "10141328",
    "movie_id": "100828",
    "author": "chri****",
    "review": "네티즌 평가보고 몇몇글때문에 쓰레기영화인가보다 하고 안봤는데 우연찮게 보게됐음. 큰일날뻔했다.. 여기 까는얘들 보면 내용은 까도 연기는 못까는걸 볼수있다. 진짜 연기하나만 기대하고봐도 된다. 설경구 연기는 당연 압권이고, 내용도 묵직하다. 좋다 이영화",
    "rating": "9",
    "date": "15.07.25"
  },
  {
    "review_id": "10139146",
    "movie_id": "100828",
    "author": "sylo****",
    "review": "평만보고 볼까말까 하다가 보게됐구요. 저는 넘 좋게봤습니다. 감동도있고, 특히 설경구씨 연기는 정말 최고였어요. 박해일씨는 늘 팬이고요. 잘봤습니다. 이런 힘든?배역도 넘 잘 소화해내시고..주인공에 녹아든 설경구에게 박수를...",
    "rating": "9",
    "date": "15.07.25"
  },
  {
    "review_id": "10131664",
    "movie_id": "100828",
    "author": "woo5****",
    "review": "연기력, 스토리, 감동 세박자의 완성70년대 유신정권에 대한 시대상의 반영과현대적 '아버지'의 단면을 잘 조화시킨 작품",
    "rating": "10",
    "date": "15.07.23"
  },
  {
    "review_id": "10127569",
    "movie_id": "100828",
    "author": "jebi****",
    "review": "배우들 연기력 정말 좋고 스토리도 집중력 있게 잘 쓰여진 작품입니다 오랜만이 정말 좋은 영화 봤네요.",
    "rating": "10",
    "date": "15.07.22"
  },
  {
    "review_id": "10113197",
    "movie_id": "100828",
    "author": "wlla****",
    "review": "연기도 훌륭하고 스토리도 좋았어요. 좋은 영화였습니다.",
    "rating": "10",
    "date": "15.07.17"
  },
  {
    "review_id": "10107434",
    "movie_id": "100828",
    "author": "lyca****",
    "review": "아예 진지했더라면... 좋은 연기들에도 불구하고, 수시로 남발하는 유머1번지식 개그는 고스란히 함께 보던 이들의 한숨이 됐다.  이런 스타일의 연출이 자꾸  우리나라 영화의 하나의 공식 처럼 되가는게 아쉽다.",
    "rating": "4",
    "date": "15.07.15"
  },
  {
    "review_id": "10106768",
    "movie_id": "100828",
    "author": "cij8****",
    "review": "아버지와 아들의 공감대 형성! 꽤 감동있던데~",
    "rating": "9",
    "date": "15.07.15"
  },
  {
    "review_id": "10103244",
    "movie_id": "100828",
    "author": "kara****",
    "review": "큰울림을 줄수도있는 장면에서 멍청한 방법을 선택함으로서 스스로말아먹는다...류혜영이 신선해보임...마지막에 리어왕하는건 아님...",
    "rating": "7",
    "date": "15.07.14"
  },
  {
    "review_id": "10099527",
    "movie_id": "100828",
    "author": "uber****",
    "review": "많이 망설였던 영화다.. 아버지라는 소재 때문에..보고나니 예술이라는 얄궂은 놈 때문에 괜히 울컥했다. 특히 윤제문의 마지막 대사는 본인이  어떤 마음으로  내뱉었는지 궁금하다..",
    "rating": "9",
    "date": "15.07.13"
  },
  {
    "review_id": "10097444",
    "movie_id": "100828",
    "author": "kimd****",
    "review": "보고 울었습니다. (펑펑은 아니지만) 정말 좋은 영환데 왜 쓰레기 취급을 받는지 모르겠네요.",
    "rating": "9",
    "date": "15.07.12"
  },
  {
    "review_id": "10095258",
    "movie_id": "100828",
    "author": "cye7****",
    "review": "배우에 대한 선입견을 가지고 시큰둥한 마음으로 보기 시작했지만 어느새 영화에 동화되어 마음 한켠 먹먹함을 지울수 없는..모처럼 흡입력있게 본 영화..",
    "rating": "9",
    "date": "15.07.12"
  },
  {
    "review_id": "10092703",
    "movie_id": "100828",
    "author": "gree****",
    "review": "정말 설경구 연기 보면서 펑펑 울었어요. 박해일의 연기도 좋았지만...설경구의 연기는 정말 혼자 보기 아까웠습니다.",
    "rating": "9",
    "date": "15.07.11"
  },
  {
    "review_id": "10085641",
    "movie_id": "100828",
    "author": "adiv****",
    "review": "아들을 위한 아버지의 마지막 연기",
    "rating": "6",
    "date": "15.07.09"
  },
  {
    "review_id": "10084204",
    "movie_id": "100828",
    "author": "lipe****",
    "review": "영화가 너무 정체 불명하다.",
    "rating": "7",
    "date": "15.07.09"
  },
  {
    "review_id": "10079059",
    "movie_id": "100828",
    "author": "rose****",
    "review": "왜지.. 내 생에 최고 명작중 하나로 넣었는데..배우가 배우를 연기하고 그 배우가 배우를 연기하면서 숨이 턱턱 막히는 내용과 연기에 행복했는데...왜지.. 난 설경구, 박해일은 이 영화 찍으면서 별별생각 많이 들었을 것 같았는데..",
    "rating": "10",
    "date": "15.07.07"
  },
  {
    "review_id": "10068000",
    "movie_id": "100828",
    "author": "leey****",
    "review": "이래서 설경구 설경구 하는구나를 알게 되었습니다 . 설경구씨 화이팅!",
    "rating": "10",
    "date": "15.07.04"
  },
  {
    "review_id": "10054543",
    "movie_id": "100828",
    "author": "mink****",
    "review": "이 영화가 지루하게 느껴졌다면 니들이 아버지되고 부모되고 다시봐바라 아직어려서그렇다니들이 평생 남는 영화가 될꺼다",
    "rating": "8",
    "date": "15.06.30"
  },
  {
    "review_id": "10054128",
    "movie_id": "100828",
    "author": "ksa6****",
    "review": "설경구때매 영화를 이해하려했고.. 계속 지켜봤다끝낸.. 설경구가 이 영화를 영화라고 표현해준거에 난 7점역시 설경구다..",
    "rating": "7",
    "date": "15.06.30"
  },
  {
    "review_id": "10028461",
    "movie_id": "100828",
    "author": "jisu****",
    "review": "최고였습니다. 극적인 전개와 밀려오는 감동. 너무 감사합니다.",
    "rating": "10",
    "date": "15.06.24"
  },
  {
    "review_id": "10019577",
    "movie_id": "100828",
    "author": "nine****",
    "review": "소재도 괜찮고 연기도 훌륭한데 재미가 없는 이상한 영화..",
    "rating": "6",
    "date": "15.06.21"
  },
  {
    "review_id": "10017229",
    "movie_id": "100828",
    "author": "sdss****",
    "review": "평생을 아들앞에서 당당하지 못한체 자신의 꿈도 이루지 못한체 살다 미친 아버지의 모습은 아버지뿐만 아니라 현재 수많은 꿈을 좇는 사람들이라면 모두 공감할수있다. 막판에 나또한 오열하며 울었다. 정말 아픈 영화였다.",
    "rating": "9",
    "date": "15.06.21"
  },
  {
    "review_id": "10014021",
    "movie_id": "100828",
    "author": "fndl****",
    "review": "이 영화가 지루해서 졸았다는사람들은 킹스스피치나 이미테이션 게임같은 명작들을 봐도 똑같은 소리만 늘어놓겠지",
    "rating": "10",
    "date": "15.06.20"
  },
  {
    "review_id": "10001720",
    "movie_id": "100828",
    "author": "fbwo****",
    "review": "좋다.. 기대 안했는데.. 감동도 시놉도 굿",
    "rating": "10",
    "date": "15.06.15"
  },
  {
    "review_id": "9998263",
    "movie_id": "100828",
    "author": "kyur****",
    "review": "처음으로 글써보네요. 정말 몰입도 높은 영화에 방점을 찍은 설경구씨 연기력까지잘 봤습니다. 깎아내릴 영화가 아닌것같아요. 감정기복선 연출을 일부러 잠잠하게 한건진 모르겠지만 흐르듯이 볼 수 있는 영화였습니다. 감사합니다.",
    "rating": "9",
    "date": "15.06.14"
  },
  {
    "review_id": "9996300",
    "movie_id": "100828",
    "author": "ibzi****",
    "review": "볼만햇어요ㅎㅎ 10자",
    "rating": "7",
    "date": "15.06.13"
  },
  {
    "review_id": "9977132",
    "movie_id": "100828",
    "author": "tony****",
    "review": "잼재이라이로루라오리",
    "rating": "10",
    "date": "15.06.05"
  },
  {
    "review_id": "9967828",
    "movie_id": "100828",
    "author": "ichk****",
    "review": "아버지와 아들의 괴리감인생의 마지막 종착역에서 아버지를 이해했다개연성에는 문제가 있겠지만 내면깊은 연기로승화시켰다",
    "rating": "8",
    "date": "15.06.01"
  },
  {
    "review_id": "9964887",
    "movie_id": "100828",
    "author": "soci****",
    "review": "아버지와 아들의 이야기였음을 더 강조했으면 어땠을까?",
    "rating": "10",
    "date": "15.05.31"
  },
  {
    "review_id": "9961193",
    "movie_id": "100828",
    "author": "suju****",
    "review": "사람들이 재미없다고해서 안보다가 보게된 영화 역시 영화는 주관적이다 울면서 봤다 난 좋았다",
    "rating": "10",
    "date": "15.05.30"
  },
  {
    "review_id": "9954397",
    "movie_id": "100828",
    "author": "lkwk****",
    "review": "ㅠ저누너너터냐냐너너어 쓰래기!?",
    "rating": "1",
    "date": "15.05.27"
  },
  {
    "review_id": "9939259",
    "movie_id": "100828",
    "author": "june****",
    "review": "비뚤어진 시각교묘한 역사왜곡",
    "rating": "1",
    "date": "15.05.22"
  },
  {
    "review_id": "9931585",
    "movie_id": "100828",
    "author": "sint****",
    "review": "연기를 잘하시더라고요",
    "rating": "6",
    "date": "15.05.19"
  },
  {
    "review_id": "9918970",
    "movie_id": "100828",
    "author": "shab****",
    "review": "설경구의 연기의 결이 너무 좋다",
    "rating": "8",
    "date": "15.05.15"
  },
  {
    "review_id": "9918339",
    "movie_id": "100828",
    "author": "kbea****",
    "review": "재밌네요 ㅎㅎ 강추드립니다",
    "rating": "10",
    "date": "15.05.15"
  },
  {
    "review_id": "9913588",
    "movie_id": "100828",
    "author": "kitt****",
    "review": "줄거리는 억지스런 면이있었고 설경구 배부른 돼지였는데 오래간만에 조금 돌아온모습 포스터가 영화를 망쳤구나..",
    "rating": "6",
    "date": "15.05.12"
  },
  {
    "review_id": "9910499",
    "movie_id": "100828",
    "author": "qowl****",
    "review": "또다른생각을할수있는 흥미있는영화",
    "rating": "10",
    "date": "15.05.11"
  },
  {
    "review_id": "9903319",
    "movie_id": "100828",
    "author": "wj07****",
    "review": "욕하고 싸우는  느와르보다 이런 따뜻한 영화가 좋아요.",
    "rating": "10",
    "date": "15.05.08"
  },
  {
    "review_id": "9899965",
    "movie_id": "100828",
    "author": "sung****",
    "review": "설경구 연기 소름끼치네..영화도 좋았고....아버지가 주인공이라는 점에서 소재가 비슷했던 국제시장도 며칠전에  봤는데..미안하지만 작품성.연기력 전부 국제시장이 완패임...ㅋ",
    "rating": "9",
    "date": "15.05.06"
  },
  {
    "review_id": "9890209",
    "movie_id": "100828",
    "author": "wisd****",
    "review": "박해일과 설경구가 나오는 영화.. 믿고봤넹?ㄷ",
    "rating": "8",
    "date": "15.05.03"
  },
  {
    "review_id": "9883291",
    "movie_id": "100828",
    "author": "dltl****",
    "review": "배우연기가 너무좋아서 지루함을 견딜수있었던 영화",
    "rating": "8",
    "date": "15.05.01"
  },
  {
    "review_id": "9880910",
    "movie_id": "100828",
    "author": "zkoi****",
    "review": "재미있고 감동적이네요^^",
    "rating": "10",
    "date": "15.04.30"
  },
  {
    "review_id": "9877153",
    "movie_id": "100828",
    "author": "gsud****",
    "review": "잼써요 근데 지루한감은 어쩔수 없어용",
    "rating": "9",
    "date": "15.04.29"
  },
  {
    "review_id": "9870415",
    "movie_id": "100828",
    "author": "hwhj****",
    "review": "몰입해서 보느라 저는 지루한 줄 몰랐습니다.",
    "rating": "9",
    "date": "15.04.26"
  },
  {
    "review_id": "9860060",
    "movie_id": "100828",
    "author": "jjks****",
    "review": "재미없어서잤습니다.",
    "rating": "1",
    "date": "15.04.23"
  },
  {
    "review_id": "9856898",
    "movie_id": "100828",
    "author": "deux****",
    "review": "특별한 재미와 당위성은 부족하지만 역시 설경구다.",
    "rating": "6",
    "date": "15.04.22"
  },
  {
    "review_id": "9856776",
    "movie_id": "100828",
    "author": "0106****",
    "review": "보다가 잔영화 진짜 오랜만이였떤걸로 기억..",
    "rating": "1",
    "date": "15.04.22"
  },
  {
    "review_id": "9855498",
    "movie_id": "100828",
    "author": "wnsq****",
    "review": "눈물을 마르게하는 스토리",
    "rating": "5",
    "date": "15.04.21"
  },
  {
    "review_id": "9850690",
    "movie_id": "100828",
    "author": "jina****",
    "review": "생각하게 만드는 영화입니다",
    "rating": "7",
    "date": "15.04.18"
  },
  {
    "review_id": "9847679",
    "movie_id": "100828",
    "author": "juli****",
    "review": "연기와 분장이 훌륭한 영화 였다. 영화 보다는 연극을 본 기분이 든다. 영화 자체의 완성도나 작품성은 별개로 설경구 라는 배우가 연기로 마음껏 발산하고 내뿜을수 있는 무대로 최적화 된 영화 같았다.",
    "rating": "4",
    "date": "15.04.16"
  },
  {
    "review_id": "9843705",
    "movie_id": "100828",
    "author": "kyo1****",
    "review": "연기를 떠나서 다소 좀 지루한 감이 있다.",
    "rating": "5",
    "date": "15.04.13"
  },
  {
    "review_id": "9842055",
    "movie_id": "100828",
    "author": "oojj****",
    "review": "시작은 정부를 비판하는 흐름. 그런 영화처럼 흘러가다가 다음 부자간의 사랑. 배우. 다각적으로 접근하게 만들었다. 연기력에 높은 평점을 준다",
    "rating": "8",
    "date": "15.04.12"
  },
  {
    "review_id": "9836091",
    "movie_id": "100828",
    "author": "qhgk****",
    "review": "재밌어용재밌어용ㅋㅋ",
    "rating": "8",
    "date": "15.04.09"
  },
  {
    "review_id": "9832731",
    "movie_id": "100828",
    "author": "ssau****",
    "review": "설경구를 다시 보게 된 영화",
    "rating": "10",
    "date": "15.04.07"
  },
  {
    "review_id": "9832279",
    "movie_id": "100828",
    "author": "qlrl****",
    "review": "연출이좋앗고 배우들이선전한영화",
    "rating": "8",
    "date": "15.04.06"
  },
  {
    "review_id": "9830256",
    "movie_id": "100828",
    "author": "dlwh****",
    "review": "음....어...연기 잘한다.박해일 여친분 매력있음",
    "rating": "8",
    "date": "15.04.05"
  },
  {
    "review_id": "9829383",
    "movie_id": "100828",
    "author": "bboo****",
    "review": "배우의 연기는 좋았으나 완성도가 떨어지고 정확한 의미파악이 어려웠습니다. 아쉽네요.",
    "rating": "5",
    "date": "15.04.05"
  },
  {
    "review_id": "9828944",
    "movie_id": "100828",
    "author": "icet****",
    "review": "배우들의 열연 좋았어요",
    "rating": "7",
    "date": "15.04.05"
  },
  {
    "review_id": "9828000",
    "movie_id": "100828",
    "author": "hong****",
    "review": "내가 처음으로 눈물 흘린 영화",
    "rating": "10",
    "date": "15.04.05"
  },
  {
    "review_id": "9825740",
    "movie_id": "100828",
    "author": "upi1****",
    "review": "누가 뭐래도 설경구는 한국에서 가장 연기잘하는 배우중 하나임을 다시한번 증명하는 영화다",
    "rating": "10",
    "date": "15.04.04"
  },
  {
    "review_id": "9825503",
    "movie_id": "100828",
    "author": "youn****",
    "review": "보고 후회는 없는 영화임. 설경구, 박해일 연기 압권",
    "rating": "9",
    "date": "15.04.04"
  },
  {
    "review_id": "9822384",
    "movie_id": "100828",
    "author": "mirj****",
    "review": "시나리오가 뭐 이래!!! 짜증만 가득!!!",
    "rating": "3",
    "date": "15.04.02"
  },
  {
    "review_id": "9818107",
    "movie_id": "100828",
    "author": "take****",
    "review": "영화 다.보고  박수쳤다.  아들에 대한 사랑 때문에 악바리처럼 캐스팅에 뽑힌거고. 망상질환에 빠지도록 김일성이가 된것도 자식에 대한 사랑때문이다.  이건 아버지의 사랑 이야기야.  한마디로 예술작이다.",
    "rating": "10",
    "date": "15.03.31"
  },
  {
    "review_id": "9807860",
    "movie_id": "100828",
    "author": "for1****",
    "review": "정말 좋았다 그의 연기력이..연영과학생이라면 추천한다..",
    "rating": "10",
    "date": "15.03.26"
  },
  {
    "review_id": "9799670",
    "movie_id": "100828",
    "author": "kkh2****",
    "review": "개연성이 떨어지는 면도 있지만 너무 저평가된 느낌이네요. 감동적이기도 하고, 내용도 괜찮은데 흥행이 이상하리만치 안 된 영화..",
    "rating": "8",
    "date": "15.03.22"
  },
  {
    "review_id": "9798488",
    "movie_id": "100828",
    "author": "mot3****",
    "review": "이해되지 않는부분이 너무많고지루했다",
    "rating": "7",
    "date": "15.03.22"
  },
  {
    "review_id": "9791422",
    "movie_id": "100828",
    "author": "expi****",
    "review": "아쉬운 부분이 없잖아 있지만...",
    "rating": "7",
    "date": "15.03.18"
  },
  {
    "review_id": "9789699",
    "movie_id": "100828",
    "author": "ckh4****",
    "review": "나름 재미있었어요~~~~",
    "rating": "7",
    "date": "15.03.17"
  },
  {
    "review_id": "9788471",
    "movie_id": "100828",
    "author": "pjh6****",
    "review": "너무 영화에서 욕이 절반이엇던것 같음.  몰입도안되고 별로..",
    "rating": "1",
    "date": "15.03.16"
  },
  {
    "review_id": "9787192",
    "movie_id": "100828",
    "author": "sunh****",
    "review": "주입식교육의 끝을보여줬다....",
    "rating": "7",
    "date": "15.03.16"
  },
  {
    "review_id": "9765147",
    "movie_id": "100828",
    "author": "aggi****",
    "review": "기대를 안해서인지 깊이 빠져들었다.",
    "rating": "9",
    "date": "15.03.08"
  },
  {
    "review_id": "9746583",
    "movie_id": "100828",
    "author": "esj9****",
    "review": "내평점왜 나는 엄청 좋았지.... 보고 또 봤는데 아버지가 정상회담 연극 후에 리어왕 대사 칠 때는 항상 운다",
    "rating": "10",
    "date": "15.02.28"
  },
  {
    "review_id": "9727980",
    "movie_id": "100828",
    "author": "aszx****",
    "review": "평점이 왜 이따구인지 모르겠네. 설경구의 연기가 소름끼쳤던?영화. 기대 안하고 봤는데 진짜 감동 받음",
    "rating": "9",
    "date": "15.02.22"
  },
  {
    "review_id": "9727406",
    "movie_id": "100828",
    "author": "swsu****",
    "review": "신선한 영화.가슴이 벅찬.재밌게 보시길",
    "rating": "10",
    "date": "15.02.22"
  },
  {
    "review_id": "9725386",
    "movie_id": "100828",
    "author": "yous****",
    "review": "후반부로 넘어가면서 초반의 몰입도를 조금씩 잃어가는 듯하다.두 배우의 연기는 뛰어나고 신예 여배우의 발랄함도 좋지만 전반적으로 아쉬운 마음이 드는건 어쩔 수 없다.",
    "rating": "7",
    "date": "15.02.21"
  },
  {
    "review_id": "9722511",
    "movie_id": "100828",
    "author": "sco3****",
    "review": "그냥 그럭저럭 그랬습니다",
    "rating": "5",
    "date": "15.02.21"
  },
  {
    "review_id": "9722042",
    "movie_id": "100828",
    "author": "alsw****",
    "review": "재미있었어요ㅎㅎㅎㅎ",
    "rating": "9",
    "date": "15.02.21"
  },
  {
    "review_id": "9715927",
    "movie_id": "100828",
    "author": "kmjl****",
    "review": "아버지란 단어가 많이 어렵게 느껴졌다",
    "rating": "9",
    "date": "15.02.20"
  },
  {
    "review_id": "9713848",
    "movie_id": "100828",
    "author": "hyan****",
    "review": "설경구란 배우를 다시 알게되는데 오랜시간이 걸리지 않았다.",
    "rating": "10",
    "date": "15.02.19"
  },
  {
    "review_id": "9712594",
    "movie_id": "100828",
    "author": "hyun****",
    "review": "아들을 위해 독재자여야만 했던 아버지. 메소드연기. 감동입니다.",
    "rating": "8",
    "date": "15.02.19"
  }
]