[
  {
    "review": "음악100점 존트라볼타의 연기도 100점 영화 스토리는 0점. 허영에 꽉차서 권력가에게 몸대주고 매달리는  여주인공에게 끊임없이 구애하는 존트라볼타가 안쓰럽다. 원조 보빨 영화라 할수 있겠다",
    "date": "15.06.18",
    "rating": "7",
    "author": "juno****",
    "review_id": "10007667",
    "movie_id": "10087"
  },
  {
    "review": "전설로 남은 명화....",
    "date": "15.05.18",
    "rating": "10",
    "author": "maru****",
    "review_id": "9928611",
    "movie_id": "10087"
  },
  {
    "review": "청춘과 함께 연출과 전개도 방황하는 느낌이 없지 않으나, 그 열기만은 후끈하다",
    "date": "15.04.26",
    "rating": "6",
    "author": "tnis****",
    "review_id": "9872006",
    "movie_id": "10087"
  },
  {
    "review": "원맨쇼를 능가하는 존 트라볼타라는 열기",
    "date": "15.04.21",
    "rating": "5",
    "author": "rd72****",
    "review_id": "9855715",
    "movie_id": "10087"
  },
  {
    "review": "댄스영화도 아니고 이래저래 애매하네요",
    "date": "15.01.20",
    "rating": "8",
    "author": "stud****",
    "review_id": "9614881",
    "movie_id": "10087"
  },
  {
    "review": "존트라볼타 디스코 잘춘다",
    "date": "14.09.02",
    "rating": "1",
    "author": "mara****",
    "review_id": "9156315",
    "movie_id": "10087"
  },
  {
    "review": "젊은 날의 방황, 시시껄렁한 이야기를 음악과 연출력으로 극복하다. 존 트라볼타의 춤은 정말 대단",
    "date": "14.05.17",
    "rating": "8",
    "author": "sunw****",
    "review_id": "8739707",
    "movie_id": "10087"
  },
  {
    "review": "night fever!",
    "date": "14.04.14",
    "rating": "10",
    "author": "inte****",
    "review_id": "8649746",
    "movie_id": "10087"
  },
  {
    "review": "존 트라볼타의 처음이자 마지막",
    "date": "14.04.13",
    "rating": "9",
    "author": "tosh****",
    "review_id": "8647037",
    "movie_id": "10087"
  },
  {
    "review": "어줍잖은 교훈은 없다. 힐링이고 나발이고 이게 정말 청춘.",
    "date": "14.03.29",
    "rating": "9",
    "author": "tama****",
    "review_id": "8615071",
    "movie_id": "10087"
  },
  {
    "review": "존트라볼타 춤솜씨는 대박",
    "date": "14.02.16",
    "rating": "4",
    "author": "jjcv****",
    "review_id": "8511792",
    "movie_id": "10087"
  },
  {
    "review": "비지스가  창조한  최전성기 디스코의명곡들의 향연과 디스코춤의 대명사 쎄끈한 존 트라볼타의  화려하고 환상적인 몸놀림..더이상 무슨말이 필요하리..ㅋㅋ",
    "date": "13.12.06",
    "rating": "10",
    "author": "dust****",
    "review_id": "8193643",
    "movie_id": "10087"
  },
  {
    "review": "중반부에 존트라볼타 혼자 디스코추는건 정말 세기의 명장면이다...",
    "date": "13.04.02",
    "rating": "10",
    "author": "myrc****",
    "review_id": "7429647",
    "movie_id": "10087"
  },
  {
    "review": "비지스만 기억난다....",
    "date": "13.03.28",
    "rating": "7",
    "author": "ykdi****",
    "review_id": "7416034",
    "movie_id": "10087"
  },
  {
    "review": "젊은시절 존트라볼타의 멋진모습을 볼수있는것만으로도 10점만점",
    "date": "12.12.15",
    "rating": "10",
    "author": "ses2****",
    "review_id": "7005998",
    "movie_id": "10087"
  },
  {
    "review": "시간은 가도 기억은 더욱 새롭다.",
    "date": "12.12.08",
    "rating": "9",
    "author": "kos4****",
    "review_id": "6983605",
    "movie_id": "10087"
  },
  {
    "review": "그리스나 이 영화나 죽여주는군",
    "date": "12.12.02",
    "rating": "10",
    "author": "happ****",
    "review_id": "6962703",
    "movie_id": "10087"
  },
  {
    "review": "음악좋고, 동네 좀 노는 형인 존트라볼타도 좋고 여자는 별로..",
    "date": "12.05.12",
    "rating": "9",
    "author": "arse****",
    "review_id": "6292709",
    "movie_id": "10087"
  },
  {
    "review": "베토벤과 무소르그스키의 재치있는 디스코적 재해석",
    "date": "12.03.10",
    "rating": "7",
    "author": "kkm0****",
    "review_id": "6132910",
    "movie_id": "10087"
  },
  {
    "review": "젊었을 당시의 존 트라볼타의 주 캐릭터",
    "date": "12.02.29",
    "rating": "5",
    "author": "bbq2****",
    "review_id": "6111732",
    "movie_id": "10087"
  },
  {
    "review": "저시절을 안살아서그럴까?춤도안멋있고 구성과 흐름도 유려하지않다 평점넘높음..",
    "date": "11.08.01",
    "rating": "1",
    "author": "jjaj****",
    "review_id": "5588976",
    "movie_id": "10087"
  },
  {
    "review": "/춤",
    "date": "11.05.30",
    "rating": "9",
    "author": "stro****",
    "review_id": "5456791",
    "movie_id": "10087"
  },
  {
    "review": "비지스 음악과 존트라볼타의 댄스, 가볍지 않은 스토리도 굿!",
    "date": "11.05.19",
    "rating": "8",
    "author": "shys****",
    "review_id": "5436419",
    "movie_id": "10087"
  },
  {
    "review": "최고ㅋ",
    "date": "11.02.01",
    "rating": "10",
    "author": "dksk****",
    "review_id": "5203463",
    "movie_id": "10087"
  },
  {
    "review": "전세계를 디스코열풍에 빠지게한 전설의 작품. 역사상 최고의 오프닝 ㅋㅋ",
    "date": "10.12.18",
    "rating": "10",
    "author": "redo****",
    "review_id": "5061869",
    "movie_id": "10087"
  },
  {
    "review": "짱",
    "date": "10.10.18",
    "rating": "10",
    "author": "diff****",
    "review_id": "4908853",
    "movie_id": "10087"
  },
  {
    "review": "DISCO.",
    "date": "10.07.07",
    "rating": "7",
    "author": "tori****",
    "review_id": "4619128",
    "movie_id": "10087"
  },
  {
    "review": "미국 전역에 디스코 열풍을 불어온 그 영화",
    "date": "10.03.29",
    "rating": "10",
    "author": "alsl****",
    "review_id": "4396696",
    "movie_id": "10087"
  },
  {
    "review": ",너무 좋아요",
    "date": "10.03.16",
    "rating": "10",
    "author": "pete****",
    "review_id": "4360613",
    "movie_id": "10087"
  },
  {
    "review": "제작시기를 감안하더라도 너무 안이하게 제작된 영화",
    "date": "09.10.18",
    "rating": "2",
    "author": "pria****",
    "review_id": "3901392",
    "movie_id": "10087"
  },
  {
    "review": "how deep is your love 존의 느끼한 춤도얼굴도 싫지만 배경음악이 죄다 상쇄시킨다.",
    "date": "09.09.10",
    "rating": "6",
    "author": "kuic****",
    "review_id": "3823122",
    "movie_id": "10087"
  },
  {
    "review": "존 트라볼타도 한때는 유연했었다.",
    "date": "09.08.02",
    "rating": "8",
    "author": "tjsd****",
    "review_id": "3697863",
    "movie_id": "10087"
  },
  {
    "review": "남자 턱주가리가 2개로 갈라져있는 모습을 그린 작품",
    "date": "09.07.15",
    "rating": "10",
    "author": "best****",
    "review_id": "3633804",
    "movie_id": "10087"
  },
  {
    "review": "20살떄 나이트 가던거 생각나네~ ㅋㅋ 그땐 죽돌이가 어찌나 부러웠던지 ㅋㄷㅋㄷ",
    "date": "09.06.16",
    "rating": "10",
    "author": "choj****",
    "review_id": "3570939",
    "movie_id": "10087"
  },
  {
    "review": "비지스 음악하고 트라볼타 춤빼면 형편없는 스토리,전개.역쉬 붙는 녀자는 매력없어",
    "date": "09.06.08",
    "rating": "6",
    "author": "ador****",
    "review_id": "3553604",
    "movie_id": "10087"
  },
  {
    "review": "70년대 패션과 문화 그리고 젊은이들의 방황을 느낄수 있는 70년대식 이유없는반항",
    "date": "09.05.19",
    "rating": "8",
    "author": "moda****",
    "review_id": "3507410",
    "movie_id": "10087"
  },
  {
    "review": "청춘의 꿈과 방황 또 가족과 친구들에 관한 고민들 그리고 토요일밤의 열기",
    "date": "09.05.14",
    "rating": "10",
    "author": "k641****",
    "review_id": "3494596",
    "movie_id": "10087"
  },
  {
    "review": "불완전하고 미성숙하기에 더욱 소중한 젊음의 열정.",
    "date": "09.03.16",
    "rating": "9",
    "author": "skat****",
    "review_id": "3369154",
    "movie_id": "10087"
  },
  {
    "review": "비지스의 음악과 존트라볼타의 춤의 절묘한 조합",
    "date": "09.01.08",
    "rating": "10",
    "author": "kong****",
    "review_id": "3203712",
    "movie_id": "10087"
  },
  {
    "review": "존트라볼타와 디스코를 폭발시킨 전설이 된 춤 영화 청춘의 방황을 그린...",
    "date": "08.10.28",
    "rating": "7",
    "author": "deff****",
    "review_id": "3024432",
    "movie_id": "10087"
  },
  {
    "review": "마지막에 갑자기 끝나서 아쉬웠습니다",
    "date": "08.09.18",
    "rating": "9",
    "author": "0r0i****",
    "review_id": "2956292",
    "movie_id": "10087"
  },
  {
    "review": "마지막에 존트라볼타 지하철에서 혼자 담배 무는 장면 압권이네요.",
    "date": "08.05.29",
    "rating": "10",
    "author": "stan****",
    "review_id": "2668719",
    "movie_id": "10087"
  },
  {
    "review": "최고.............!!!!!!!!!!!!!!!!!!!!!!!!!!!!!!",
    "date": "08.04.29",
    "rating": "10",
    "author": "nhsb****",
    "review_id": "2605166",
    "movie_id": "10087"
  },
  {
    "review": "뒷부분 얘기가 좀 엉성해서...하지만, 본것을 후회하지 않는다!",
    "date": "07.12.17",
    "rating": "8",
    "author": "gunk****",
    "review_id": "2238751",
    "movie_id": "10087"
  },
  {
    "review": "당시에 극장에서 보다가 박차고 일어나서 춤춘사람은 없으려나?",
    "date": "07.11.11",
    "rating": "8",
    "author": "stra****",
    "review_id": "2145309",
    "movie_id": "10087"
  },
  {
    "review": "very good !",
    "date": "07.10.21",
    "rating": "9",
    "author": "cles****",
    "review_id": "2103453",
    "movie_id": "10087"
  },
  {
    "review": "10번도 더 넘게 봤다.춤,음악,그들의 문화. 최고의 70년대 영화",
    "date": "07.10.15",
    "rating": "10",
    "author": "matm****",
    "review_id": "2092135",
    "movie_id": "10087"
  },
  {
    "review": "더티 댄싱하고도 안 바꾼다",
    "date": "07.10.03",
    "rating": "10",
    "author": "baks****",
    "review_id": "2068405",
    "movie_id": "10087"
  },
  {
    "review": "30년전당시의 최신유행 춤과음악 젊은이들의 스타일을 보는 재미는 있었다.",
    "date": "07.08.18",
    "rating": "7",
    "author": "seun****",
    "review_id": "1953374",
    "movie_id": "10087"
  },
  {
    "review": "머야 이거...무지 신나쟎아~디스코~디스코",
    "date": "07.08.11",
    "rating": "9",
    "author": "typo****",
    "review_id": "1919624",
    "movie_id": "10087"
  },
  {
    "review": "존트라 볼타 혼자 춤추는 장면 1분 빼면 볼게없다. 추억의 영화니까 뭐.",
    "date": "07.08.11",
    "rating": "1",
    "author": "envy****",
    "review_id": "1919540",
    "movie_id": "10087"
  },
  {
    "review": "1977, Disco, BeeGees, NewYork!!",
    "date": "07.08.09",
    "rating": "9",
    "author": "newm****",
    "review_id": "1911866",
    "movie_id": "10087"
  },
  {
    "review": "토니!! 그의춤은 와우 얼라 남캐에서까지 역사로써 남아있다 /춤",
    "date": "07.07.31",
    "rating": "10",
    "author": "kery****",
    "review_id": "1831174",
    "movie_id": "10087"
  },
  {
    "review": "이것이 영화이다!!!",
    "date": "07.07.30",
    "rating": "10",
    "author": "arma****",
    "review_id": "1828591",
    "movie_id": "10087"
  },
  {
    "review": "비지스의 명곡들이 담긴 그영화!",
    "date": "07.07.11",
    "rating": "10",
    "author": "engi****",
    "review_id": "1765143",
    "movie_id": "10087"
  },
  {
    "review": "OST가 끝내준다.....",
    "date": "07.06.26",
    "rating": "10",
    "author": "hera****",
    "review_id": "1722153",
    "movie_id": "10087"
  },
  {
    "review": "7·80년대 가난한 청춘들의 방황과 좌절, 그리고 꿈과 열정",
    "date": "07.04.08",
    "rating": "8",
    "author": "cksn****",
    "review_id": "1579349",
    "movie_id": "10087"
  },
  {
    "review": "그 나이대의 현실을 잘 표현. 춤이 이 영화의 전부가 아니다",
    "date": "07.02.20",
    "rating": "10",
    "author": "line****",
    "review_id": "1488852",
    "movie_id": "10087"
  },
  {
    "review": "청춘들의 을 디스코로 풀어보기.",
    "date": "07.02.09",
    "rating": "7",
    "author": "movi****",
    "review_id": "1458318",
    "movie_id": "10087"
  },
  {
    "review": "good",
    "date": "07.01.30",
    "rating": "8",
    "author": "kcch****",
    "review_id": "1427857",
    "movie_id": "10087"
  },
  {
    "review": "내가본영화중에 가장 기억에남는영화 최고의영화 꼭봐야할영화",
    "date": "07.01.22",
    "rating": "10",
    "author": "ems8****",
    "review_id": "1404948",
    "movie_id": "10087"
  },
  {
    "review": "기대를 너무 많이 했었던거라 ...그저 그랬음",
    "date": "07.01.20",
    "rating": "6",
    "author": "jtso****",
    "review_id": "1399166",
    "movie_id": "10087"
  },
  {
    "review": "뮤지컬 관람 후 봤지만 실망하지 않은 영화~",
    "date": "07.01.09",
    "rating": "10",
    "author": "kmhj****",
    "review_id": "1370061",
    "movie_id": "10087"
  },
  {
    "review": "이 영화의 스펙으로 인해 존은 그후로 사양길을 걷게 된거다-_-",
    "date": "06.12.31",
    "rating": "9",
    "author": "naeg****",
    "review_id": "1344297",
    "movie_id": "10087"
  },
  {
    "review": "good",
    "date": "06.12.20",
    "rating": "9",
    "author": "ysuh****",
    "review_id": "1307124",
    "movie_id": "10087"
  },
  {
    "review": "굿!",
    "date": "06.10.29",
    "rating": "9",
    "author": "sbat****",
    "review_id": "1204798",
    "movie_id": "10087"
  },
  {
    "review": "존트라볼타의 젋었을때의 매력 발산!",
    "date": "06.03.02",
    "rating": "10",
    "author": "kjmy****",
    "review_id": "700827",
    "movie_id": "10087"
  },
  {
    "review": "비지스의 음악과 존 트라볼타의 춤이 볼만한 영화",
    "date": "06.01.26",
    "rating": "8",
    "author": "atzu****",
    "review_id": "622816",
    "movie_id": "10087"
  },
  {
    "review": "정말 대단한 춤꾼~ 음악도 좋았다.",
    "date": "05.12.24",
    "rating": "10",
    "author": "blue****",
    "review_id": "524084",
    "movie_id": "10087"
  },
  {
    "review": "좋아 ~복고댄스의 원조",
    "date": "05.12.21",
    "rating": "10",
    "author": "azaz****",
    "review_id": "518347",
    "movie_id": "10087"
  },
  {
    "review": "그저 그렇군",
    "date": "05.10.04",
    "rating": "7",
    "author": "ksh5****",
    "review_id": "433492",
    "movie_id": "10087"
  },
  {
    "review": "존트라볼타를 춤잘추는 배우로 각인시켜준 영화",
    "date": "05.08.18",
    "rating": "10",
    "author": "gusd****",
    "review_id": "372720",
    "movie_id": "10087"
  },
  {
    "review": "음...좋다",
    "date": "05.08.13",
    "rating": "10",
    "author": "whfo****",
    "review_id": "364213",
    "movie_id": "10087"
  },
  {
    "review": "오프닝 부터 느낌이 좋다",
    "date": "05.07.21",
    "rating": "9",
    "author": "nams****",
    "review_id": "329174",
    "movie_id": "10087"
  },
  {
    "review": "흔하디 흔한 방황하는 청춘의 원형이 내지르는 디스코 초크.",
    "date": "05.07.21",
    "rating": "8",
    "author": "m60d****",
    "review_id": "328897",
    "movie_id": "10087"
  },
  {
    "review": "트라볼타, 정말 멋있다",
    "date": "05.05.20",
    "rating": "9",
    "author": "gun_****",
    "review_id": "281869",
    "movie_id": "10087"
  },
  {
    "review": "미국에서 70년대하면 디스코이고 디스코하면 절설의 이영화",
    "date": "05.05.18",
    "rating": "7",
    "author": "si2p****",
    "review_id": "280138",
    "movie_id": "10087"
  },
  {
    "review": "그냥 잘난 주인공의 성공이야기인 줄 알았더니... 진지한 영화",
    "date": "05.04.23",
    "rating": "9",
    "author": "comb****",
    "review_id": "264368",
    "movie_id": "10087"
  },
  {
    "review": "Still alive........",
    "date": "05.04.21",
    "rating": "10",
    "author": "zzan****",
    "review_id": "263783",
    "movie_id": "10087"
  },
  {
    "review": "존 트라볼타를 뜨게 만든 영화",
    "date": "05.04.04",
    "rating": "10",
    "author": "nazi****",
    "review_id": "253305",
    "movie_id": "10087"
  },
  {
    "review": "좋다..멋있다...ㅁㅁ",
    "date": "05.03.29",
    "rating": "10",
    "author": "lims****",
    "review_id": "249672",
    "movie_id": "10087"
  },
  {
    "review": "아름다운 청춘 이야기. 멋진 디스코와 음악들..",
    "date": "05.02.17",
    "rating": "9",
    "author": "aini****",
    "review_id": "222627",
    "movie_id": "10087"
  },
  {
    "review": "노래는 좋은...",
    "date": "04.11.07",
    "rating": "6",
    "author": "chki****",
    "review_id": "141676",
    "movie_id": "10087"
  },
  {
    "review": "노스텔지어..",
    "date": "04.10.14",
    "rating": "10",
    "author": "thin****",
    "review_id": "125576",
    "movie_id": "10087"
  }
]