[
  {
    "review_id": "9646811",
    "movie_id": "100926",
    "author": "zjqt****",
    "review": "인간적으로 이건 크리스마스애니메이션이 아니라 불륜애니임 아니어떻게 지 아빠가 살아있는데 집에 안온다고 당당하게 불륜을 저지르고 남편이 살아있는데 남의 자식을 낳는단게 말이되는거여??!! 진짜 화나네",
    "rating": "1",
    "date": "15.01.28"
  },
  {
    "review_id": "9539676",
    "movie_id": "100926",
    "author": "zxc1****",
    "review": "산타와 함께 하늘을 날아다니는 사슴은 단순해보여도 충분히 흥미롭고 귀엽다. 하지만 기존에 나온 수많은 애니메이션들처럼 새로움보다 진부함이 훨씬 많다.",
    "rating": "5",
    "date": "14.12.31"
  },
  {
    "review_id": "9415586",
    "movie_id": "100926",
    "author": "wara****",
    "review": "니코니코니~ 아나타노 하토니 니코니코니~",
    "rating": "9",
    "date": "14.11.23"
  },
  {
    "review_id": "9238548",
    "movie_id": "100926",
    "author": "alca****",
    "review": "니코니코니 아나타노 하토니 니코니코니",
    "rating": "10",
    "date": "14.09.24"
  },
  {
    "review_id": "8981518",
    "movie_id": "100926",
    "author": "mous****",
    "review": "제발 개그맨 아이돌은 목소리연기도 시키지 마라. 들을수가 없다 들을 수가...",
    "rating": "1",
    "date": "14.07.30"
  },
  {
    "review_id": "8973432",
    "movie_id": "100926",
    "author": "ysh6****",
    "review": "니코니코니~!당신의ㅣ야자와 행복을 전해주는 니코니",
    "rating": "9",
    "date": "14.07.28"
  },
  {
    "review_id": "8564752",
    "movie_id": "100926",
    "author": "jjoo****",
    "review": "주원때매봄ㅋ(10글자힘들다ㅠ)",
    "rating": "10",
    "date": "14.03.09"
  },
  {
    "review_id": "8473443",
    "movie_id": "100926",
    "author": "some****",
    "review": "이상한내용과전개...아빠는 일만하는 일중독자에 엄마는 그래서 다른남자를만나고 니코를 데려와 다른남자와 살림을차림. 어이없음 ㅡㅡ",
    "rating": "1",
    "date": "14.02.04"
  },
  {
    "review_id": "8449696",
    "movie_id": "100926",
    "author": "gim9****",
    "review": "재밌긴한데 엄마 불륜 저지른거임?",
    "rating": "10",
    "date": "14.01.30"
  },
  {
    "review_id": "8291656",
    "movie_id": "100926",
    "author": "hhyo****",
    "review": "나르샤랑 주원 더빙은 의외로 어울리고 괜찮았는데 김원효는 확실히 많이 아쉬웠음..",
    "rating": "9",
    "date": "13.12.24"
  },
  {
    "review_id": "8077764",
    "movie_id": "100926",
    "author": "ssys****",
    "review": "더빙은 둘째치고 내용도 별로",
    "rating": "4",
    "date": "13.10.21"
  },
  {
    "review_id": "8020701",
    "movie_id": "100926",
    "author": "ilov****",
    "review": "ㅠㅠ 역시 주원과 김원효쪽은 ㅠㅠ 아직 더빙쪽은 아닌것 같아요... 아쉬운게 많았던... 근데 나르샤는 정말 더빙 잘하신것 같아요 :D!",
    "rating": "7",
    "date": "13.09.28"
  },
  {
    "review_id": "7896725",
    "movie_id": "100926",
    "author": "hjw7****",
    "review": "니코니코니~아나타노하토니 니코니코니~에가오 토도케루야자와 니코니코~니코니~토보에테 라브 니코~ /`",
    "rating": "5",
    "date": "13.08.17"
  },
  {
    "review_id": "7557983",
    "movie_id": "100926",
    "author": "siew****",
    "review": "이 건 확실히 더빙을 잘 했더라고요.",
    "rating": "10",
    "date": "13.05.27"
  },
  {
    "review_id": "7524776",
    "movie_id": "100926",
    "author": "p507****",
    "review": "진짜 재밌구요. 역시나 주원 오빠의 목소리는 환상적입니다.한 다섯번은 더 보고싶습니다.ㅎㅎ진심 추천작입니다.주원오빠의 더빙과 니코의 환상적조합 대박입니다.",
    "rating": "10",
    "date": "13.05.12"
  },
  {
    "review_id": "7518278",
    "movie_id": "100926",
    "author": "as41****",
    "review": "의외로 주원목소리가 니코에잘어울리더라. 재밌음",
    "rating": "10",
    "date": "13.05.10"
  },
  {
    "review_id": "7427294",
    "movie_id": "100926",
    "author": "yang****",
    "review": "볼만하다..8점짜리..그러나 쓰레기 한국어 더빙때문에 1점준다..",
    "rating": "1",
    "date": "13.03.31"
  },
  {
    "review_id": "7426219",
    "movie_id": "100926",
    "author": "answ****",
    "review": "진짜재밋게봣습니다 원효 선배??형??아저씨??엄청팬이구 주원도 팬입니다 원효아저씨악동뮤지션으로 카스친추온거잇는데 친추부탁",
    "rating": "10",
    "date": "13.03.31"
  },
  {
    "review_id": "7423091",
    "movie_id": "100926",
    "author": "alsl****",
    "review": "주넌이  오빠의 목소리는 환상 그 자체인거 가타욤....♡ 니코라는 꼬마사슴의 눈망울이 쥔이 오빠랑 너무너무 닮았어요 ...♡ 앞으로도 기대할게요 오빵~ 온리유 영화 대박나시길~!!!♥_♥사랑해요 문준원~!!!",
    "rating": "10",
    "date": "13.03.30"
  },
  {
    "review_id": "7401511",
    "movie_id": "100926",
    "author": "odjs****",
    "review": "주원은 목소리도 매우 아름다운 남자다.주원님 정말 멋져요.",
    "rating": "10",
    "date": "13.03.23"
  },
  {
    "review_id": "7348785",
    "movie_id": "100926",
    "author": "jjan****",
    "review": "생각보다 주원이 목소리가 잘 어울림... 김원효는 별로....애들들이 보면 적당함..",
    "rating": "6",
    "date": "13.03.15"
  },
  {
    "review_id": "7347248",
    "movie_id": "100926",
    "author": "woru****",
    "review": "♥",
    "rating": "10",
    "date": "13.03.14"
  },
  {
    "review_id": "7344918",
    "movie_id": "100926",
    "author": "pjes****",
    "review": "재미있었습니다 주원님 짱!!",
    "rating": "10",
    "date": "13.03.13"
  },
  {
    "review_id": "7343402",
    "movie_id": "100926",
    "author": "jyum****",
    "review": "♥",
    "rating": "10",
    "date": "13.03.12"
  },
  {
    "review_id": "7291942",
    "movie_id": "100926",
    "author": "lake****",
    "review": "다섯살 어린애나보세요.  기대하구 밨더니 유치하더라",
    "rating": "8",
    "date": "13.02.22"
  },
  {
    "review_id": "7290700",
    "movie_id": "100926",
    "author": "dnjs****",
    "review": "주원오빠 때문이 봤는뎅 재밌더랑",
    "rating": "10",
    "date": "13.02.22"
  },
  {
    "review_id": "7285037",
    "movie_id": "100926",
    "author": "me14****",
    "review": "그래도 좀 재밋었음 ㅎㅎ",
    "rating": "6",
    "date": "13.02.20"
  },
  {
    "review_id": "7280129",
    "movie_id": "100926",
    "author": "kimd****",
    "review": "그니까... 이거는 남편이있는 니코엄마가 조니의 아빠를 대료와서 바람폇다는 얘긴가요? 아 이해가 안돼;;",
    "rating": "8",
    "date": "13.02.18"
  },
  {
    "review_id": "7268652",
    "movie_id": "100926",
    "author": "haye****",
    "review": "♡♡♡",
    "rating": "10",
    "date": "13.02.15"
  },
  {
    "review_id": "7237989",
    "movie_id": "100926",
    "author": "tjdm****",
    "review": "효진님♥",
    "rating": "10",
    "date": "13.02.08"
  },
  {
    "review_id": "7234236",
    "movie_id": "100926",
    "author": "whei****",
    "review": "보고싶었는데....기회가되면꼭~!보고싶은영화임..",
    "rating": "10",
    "date": "13.02.07"
  },
  {
    "review_id": "7214127",
    "movie_id": "100926",
    "author": "chk3****",
    "review": "ㅋㅋㅋ걍함",
    "rating": "10",
    "date": "13.02.02"
  },
  {
    "review_id": "7207390",
    "movie_id": "100926",
    "author": "ksms****",
    "review": "재미있게 봤습니다.하지만 그 검은늑대는 누군지?",
    "rating": "9",
    "date": "13.02.01"
  },
  {
    "review_id": "7171362",
    "movie_id": "100926",
    "author": "tokd****",
    "review": "바쁜아빠 때문에 엄마는 바람피고 애기 놓고.. 영화 끝.도대체 뭐가 감동이고, 재미가 있는지..",
    "rating": "1",
    "date": "13.01.25"
  },
  {
    "review_id": "7167994",
    "movie_id": "100926",
    "author": "jm97****",
    "review": "동생보여줄려고함께본영화!애니메이션이라지루할것만같앗는데주원님의목소리와스토리때문에눈과귀가즐거웠어요",
    "rating": "10",
    "date": "13.01.24"
  },
  {
    "review_id": "7163921",
    "movie_id": "100926",
    "author": "abco****",
    "review": "우리 딸램 아직도 니코니코 또 보러가자고 해요~3살 딸이 보기엔 대만족인가봐요 ㅎㅎ",
    "rating": "10",
    "date": "13.01.24"
  },
  {
    "review_id": "7160400",
    "movie_id": "100926",
    "author": "ndo3****",
    "review": "넘 재미있게 봤어요^^~~~♥♥",
    "rating": "10",
    "date": "13.01.23"
  },
  {
    "review_id": "7141555",
    "movie_id": "100926",
    "author": "mino****",
    "review": "니코",
    "rating": "9",
    "date": "13.01.21"
  },
  {
    "review_id": "7139894",
    "movie_id": "100926",
    "author": "them****",
    "review": "재미있어요 소고기 사묶꼐지",
    "rating": "10",
    "date": "13.01.21"
  },
  {
    "review_id": "7133317",
    "movie_id": "100926",
    "author": "bso0****",
    "review": "a",
    "rating": "10",
    "date": "13.01.19"
  },
  {
    "review_id": "7132098",
    "movie_id": "100926",
    "author": "kore****",
    "review": "완전짱",
    "rating": "10",
    "date": "13.01.19"
  },
  {
    "review_id": "7119770",
    "movie_id": "100926",
    "author": "shs0****",
    "review": "흥미진진한게 스토리구성도 잘됬어요^^ 3D로 보면 엄청 스릴있을듯....",
    "rating": "10",
    "date": "13.01.15"
  },
  {
    "review_id": "7119663",
    "movie_id": "100926",
    "author": "thfl****",
    "review": "주원오빠   ~~짱 너무잘하셨어요~~~~~~~~이거만기다리다가 나온후에 바로 봤어요~~~",
    "rating": "10",
    "date": "13.01.15"
  },
  {
    "review_id": "7119182",
    "movie_id": "100926",
    "author": "ehdg****",
    "review": "짱!!!",
    "rating": "10",
    "date": "13.01.15"
  },
  {
    "review_id": "7119171",
    "movie_id": "100926",
    "author": "kayo****",
    "review": "주원오빠 더빙 잘하셧어요 서운해하던 목소리 연기 짱~ 원효님 소고기사묵겟지 터졌네요^^~",
    "rating": "10",
    "date": "13.01.15"
  },
  {
    "review_id": "7119167",
    "movie_id": "100926",
    "author": "rkdu****",
    "review": "재미있어요 ^^",
    "rating": "10",
    "date": "13.01.15"
  },
  {
    "review_id": "7118995",
    "movie_id": "100926",
    "author": "pink****",
    "review": "진짜 완전 좋당~주원오빠가 더빙하셨다고 해서 기다리고 기다리다가!개봉 첫날 바로 가서 보고 왔어요~진짜 재밌어요!주원오빠 목소리도 녹고~니코 스토리도 너무 재밌어요!초등학생6학년인 저도 재미있는데 아기들은 완전 재밌어할듯 싶어요~니코 짱",
    "rating": "10",
    "date": "13.01.15"
  },
  {
    "review_id": "7118870",
    "movie_id": "100926",
    "author": "cyon****",
    "review": "흐흐흫 주원오빠 목소리 느므 기여웠다능♥3♥",
    "rating": "10",
    "date": "13.01.15"
  },
  {
    "review_id": "7118809",
    "movie_id": "100926",
    "author": "sara****",
    "review": "되게 재미있어요.약간은 무섭지만 강추",
    "rating": "10",
    "date": "13.01.15"
  },
  {
    "review_id": "7118585",
    "movie_id": "100926",
    "author": "hmy1****",
    "review": "줜오빠더빙하신거라 늦둥이동생끌고(?) 갔다왔어요ㅋㅋㅋㅋ 목소리 달달하심..♥ 재밌어요 추천추천ㅎ_ㅎ",
    "rating": "10",
    "date": "13.01.15"
  },
  {
    "review_id": "7117964",
    "movie_id": "100926",
    "author": "yjsw****",
    "review": "재미가 엄청 재미있어요.",
    "rating": "8",
    "date": "13.01.15"
  },
  {
    "review_id": "7116802",
    "movie_id": "100926",
    "author": "gold****",
    "review": "완전재미있어요^^꼭아이들이있는 부모님께 추천하고 싶네요^^",
    "rating": "10",
    "date": "13.01.14"
  },
  {
    "review_id": "7115954",
    "movie_id": "100926",
    "author": "7980****",
    "review": "4살아들이랑 첨같이본영화 화장실도 참고 끝까지 보더라구요넘재밌다고...",
    "rating": "8",
    "date": "13.01.14"
  },
  {
    "review_id": "7115162",
    "movie_id": "100926",
    "author": "liik****",
    "review": "완전재미있어요 주원오빠짱♥♥",
    "rating": "10",
    "date": "13.01.14"
  },
  {
    "review_id": "7112448",
    "movie_id": "100926",
    "author": "dora****",
    "review": "주원오빠 목소리짱♥♥♥디게 재밌게 봤어요!!!",
    "rating": "10",
    "date": "13.01.13"
  },
  {
    "review_id": "7112175",
    "movie_id": "100926",
    "author": "psm8****",
    "review": "주원오빠♥파이팅!!!",
    "rating": "10",
    "date": "13.01.13"
  },
  {
    "review_id": "7109707",
    "movie_id": "100926",
    "author": "amen****",
    "review": "목소리때매망첬네 ㅡㅡ",
    "rating": "1",
    "date": "13.01.13"
  },
  {
    "review_id": "7106467",
    "movie_id": "100926",
    "author": "hy89****",
    "review": "주원이 광팬!주원이오빠 힘내용♥♥♥",
    "rating": "10",
    "date": "13.01.12"
  },
  {
    "review_id": "7105025",
    "movie_id": "100926",
    "author": "csw9****",
    "review": "예메한ㅋㄱ깽♥사랑",
    "rating": "10",
    "date": "13.01.12"
  },
  {
    "review_id": "7099226",
    "movie_id": "100926",
    "author": "wjdc****",
    "review": "정말 재밌어요^^스토리도 재밌구용~~홧팅!!",
    "rating": "10",
    "date": "13.01.10"
  },
  {
    "review_id": "7095679",
    "movie_id": "100926",
    "author": "pkl1****",
    "review": "가족들과 보는 최고의 영화",
    "rating": "10",
    "date": "13.01.09"
  },
  {
    "review_id": "7095349",
    "movie_id": "100926",
    "author": "nouk****",
    "review": "살아있네~~~~~~~~~~~~~",
    "rating": "10",
    "date": "13.01.09"
  },
  {
    "review_id": "7094859",
    "movie_id": "100926",
    "author": "rkdt****",
    "review": "살아있네~~~~~~~~~~!~!~!~!",
    "rating": "10",
    "date": "13.01.09"
  },
  {
    "review_id": "7094840",
    "movie_id": "100926",
    "author": "as06****",
    "review": "짱짱짱!",
    "rating": "10",
    "date": "13.01.09"
  },
  {
    "review_id": "7094351",
    "movie_id": "100926",
    "author": "bigp****",
    "review": "너무 재미있습무이다~",
    "rating": "10",
    "date": "13.01.09"
  },
  {
    "review_id": "7092564",
    "movie_id": "100926",
    "author": "jeey****",
    "review": "더빙두 좋구 내용두 잼있네요~~~",
    "rating": "10",
    "date": "13.01.08"
  },
  {
    "review_id": "7092382",
    "movie_id": "100926",
    "author": "hesh****",
    "review": "6살울아들~ 엄청즐겁게봤어요 유아와같이보기좋아요? 김원효짱 유행어에빵터졌고요 주원도넘좋아요",
    "rating": "10",
    "date": "13.01.08"
  },
  {
    "review_id": "7092287",
    "movie_id": "100926",
    "author": "wjdd****",
    "review": "좋아요ㅎㅎ",
    "rating": "10",
    "date": "13.01.08"
  },
  {
    "review_id": "7092276",
    "movie_id": "100926",
    "author": "simn****",
    "review": "보다 나왔음..재미없음..나르샤....연습좀 많이 하고 하세요..성우는 전문성우가 했음 좋겠다 몰입이 안됨..주원은 잘하는거 같음",
    "rating": "6",
    "date": "13.01.08"
  },
  {
    "review_id": "7092009",
    "movie_id": "100926",
    "author": "kwij****",
    "review": "목소리도 완전 예술이고 나의 숨은 동심을 찾게해주는 재미있었던 영화다 ㅎㅎ 최고!!",
    "rating": "10",
    "date": "13.01.08"
  },
  {
    "review_id": "7091852",
    "movie_id": "100926",
    "author": "tjsa****",
    "review": "주원오빠♥♥",
    "rating": "10",
    "date": "13.01.08"
  },
  {
    "review_id": "7090846",
    "movie_id": "100926",
    "author": "jane****",
    "review": "완죤 짱~!!!성우들 너무너무 좋아서 2번이나 봤지만 재미있어요!!!>^<",
    "rating": "10",
    "date": "13.01.07"
  },
  {
    "review_id": "7090325",
    "movie_id": "100926",
    "author": "cosm****",
    "review": "재미가 있으니 불만 없음",
    "rating": "10",
    "date": "13.01.07"
  },
  {
    "review_id": "7090270",
    "movie_id": "100926",
    "author": "zx01****",
    "review": "나르샵산타이야기",
    "rating": "10",
    "date": "13.01.07"
  },
  {
    "review_id": "7090095",
    "movie_id": "100926",
    "author": "kand****",
    "review": "...........",
    "rating": "1",
    "date": "13.01.07"
  },
  {
    "review_id": "7089943",
    "movie_id": "100926",
    "author": "hmil****",
    "review": "주원오빠가넘좋아요",
    "rating": "10",
    "date": "13.01.07"
  },
  {
    "review_id": "7087529",
    "movie_id": "100926",
    "author": "ctrl****",
    "review": "케릭터 각자의 역할이 비중이 있었지만니코 엄마라는 케릭터는 왜 집어넣었는지 모르겠다.아이들 에니라지만 교훈과 감동이 너무 부족하다",
    "rating": "4",
    "date": "13.01.06"
  },
  {
    "review_id": "7086750",
    "movie_id": "100926",
    "author": "cind****",
    "review": "재미있어요",
    "rating": "10",
    "date": "13.01.06"
  },
  {
    "review_id": "7086572",
    "movie_id": "100926",
    "author": "jong****",
    "review": "?",
    "rating": "10",
    "date": "13.01.06"
  },
  {
    "review_id": "7086093",
    "movie_id": "100926",
    "author": "idjh****",
    "review": "이뿌고 따뜻한 애니였어요",
    "rating": "10",
    "date": "13.01.06"
  },
  {
    "review_id": "7085031",
    "movie_id": "100926",
    "author": "seoj****",
    "review": "재있었다.",
    "rating": "10",
    "date": "13.01.05"
  },
  {
    "review_id": "7084780",
    "movie_id": "100926",
    "author": "kwk3****",
    "review": "좋아요!",
    "rating": "7",
    "date": "13.01.05"
  },
  {
    "review_id": "7084225",
    "movie_id": "100926",
    "author": "audw****",
    "review": ".",
    "rating": "10",
    "date": "13.01.05"
  },
  {
    "review_id": "7083864",
    "movie_id": "100926",
    "author": "redo****",
    "review": "대박자밌어",
    "rating": "10",
    "date": "13.01.05"
  },
  {
    "review_id": "7083659",
    "movie_id": "100926",
    "author": "busb****",
    "review": "완전 쓰레기 영화.. 열심히일하는 아빠놔두고 바람피는 엄마사슴얘기.. 아들이랑같이 보는데 어이가없어서 정말.. 아이들이 뭘보고 느끼라고 이따구 영화를 상영하냐 돈벌레들아",
    "rating": "1",
    "date": "13.01.05"
  },
  {
    "review_id": "7083626",
    "movie_id": "100926",
    "author": "out0****",
    "review": "6살아이와 봤는데 애니메이션인데 볼수록재미없어함...근데 정말 재미없었음",
    "rating": "2",
    "date": "13.01.05"
  },
  {
    "review_id": "7083380",
    "movie_id": "100926",
    "author": "min8****",
    "review": "조카들땜에  억지로 봤네요..허허",
    "rating": "5",
    "date": "13.01.05"
  },
  {
    "review_id": "7082964",
    "movie_id": "100926",
    "author": "nady****",
    "review": "왠만한 애니매이션은 재미있게 보는데... 러닝타임 너무 짧고, 내용이 너무 없어서... 이게 뭐야 하는 순간 영화 끝;;;;;",
    "rating": "1",
    "date": "13.01.05"
  },
  {
    "review_id": "7082301",
    "movie_id": "100926",
    "author": "alsw****",
    "review": "재밋어요. 아, 주원오빠 완전 스릉~♥",
    "rating": "10",
    "date": "13.01.04"
  },
  {
    "review_id": "7082221",
    "movie_id": "100926",
    "author": "dlek****",
    "review": "얘들이 봐도 완죤 유치해ㅠㅠ",
    "rating": "5",
    "date": "13.01.04"
  },
  {
    "review_id": "7082108",
    "movie_id": "100926",
    "author": "psal****",
    "review": "아이들이 좋와해서 괜찮네요",
    "rating": "10",
    "date": "13.01.04"
  },
  {
    "review_id": "7082014",
    "movie_id": "100926",
    "author": "boxs****",
    "review": "저는 누가누군지 알겠더군용잔소리꾼날다람쥐(줄리어스):김원효아저씨용감한꼬마사슴(니코):주원오빠설원의독재자(화이트울프):나르샤언니봐도봐도 계속보고싶은중독성이 있네요 앞으로도TV에많이많이 나오기를 바랍니당동생을 잘돌봐야한다는걸 느끼네여",
    "rating": "10",
    "date": "13.01.04"
  },
  {
    "review_id": "7081522",
    "movie_id": "100926",
    "author": "kihi****",
    "review": "별로...주원이랑 김원효 더빙 진짜 거슬렸다",
    "rating": "5",
    "date": "13.01.04"
  },
  {
    "review_id": "7081046",
    "movie_id": "100926",
    "author": "solu****",
    "review": "아이들이 무척 좋아했어요~",
    "rating": "9",
    "date": "13.01.04"
  },
  {
    "review_id": "7080835",
    "movie_id": "100926",
    "author": "aalf****",
    "review": "아이들이보기에딱인영화..어른들인저희두재밌게봤습니다.추천합니다..",
    "rating": "8",
    "date": "13.01.04"
  },
  {
    "review_id": "7080295",
    "movie_id": "100926",
    "author": "kate****",
    "review": "낮에 아빠랑 보고 온 아들녀석?저녁밥 먹을때까지 니코 얘깁니다 남편도 떨떠름해 하더니 밥풀 튀겨가며 스포일러짓 합니다 고만해!나도 보러 갈끄다",
    "rating": "10",
    "date": "13.01.04"
  },
  {
    "review_id": "7079168",
    "movie_id": "100926",
    "author": "codh****",
    "review": "재밌게 잘 봤습니다, 어린이들이 좋아할만한 이야기이네요.",
    "rating": "9",
    "date": "13.01.03"
  },
  {
    "review_id": "7079100",
    "movie_id": "100926",
    "author": "okto****",
    "review": "봤던 영화중에서 제일 재미있었어요^^",
    "rating": "10",
    "date": "13.01.03"
  },
  {
    "review_id": "7078836",
    "movie_id": "100926",
    "author": "sujo****",
    "review": "주원목소리 짱 좋네요^^재밌어요~~~^^",
    "rating": "10",
    "date": "13.01.03"
  },
  {
    "review_id": "7078650",
    "movie_id": "100926",
    "author": "dbst****",
    "review": "아이들이 신나게 봤습니다.  스토리는 짧지만 재미있었다네요~ 조니가  너무 귀여웠다네요~",
    "rating": "8",
    "date": "13.01.03"
  }
]