[
  {
    "review_id": "8665833",
    "movie_id": "100994",
    "author": "tnwl****",
    "review": "제가 보지 않아서 잘 모르겠네요ㅠ",
    "rating": "10",
    "date": "14.04.22"
  },
  {
    "review_id": "8533657",
    "movie_id": "100994",
    "author": "kimd****",
    "review": "농담이 아니라 내가 지금 당장 더빙해도 저놈들 보다는 훨씬 잘할 자신 있다.",
    "rating": "1",
    "date": "14.02.24"
  },
  {
    "review_id": "8483240",
    "movie_id": "100994",
    "author": "ktgd****",
    "review": "보다가욕할뻔헸다진짜애니성우를뭐저따구로골른거야개나소나성우하게시바애니영화만들때재발제대로된성우좀쓰세요난뭔유아갓말띤줄알았다",
    "rating": "1",
    "date": "14.02.07"
  },
  {
    "review_id": "8448414",
    "movie_id": "100994",
    "author": "moon****",
    "review": "영화는 완성도높은 수작입니다..주제도 훌륭..애들에게는 주제전달이 어려울수도 있겠으니, 어른들이  약간의도움을 주어야할듯..김현준씨 더빙은 굿입니다..",
    "rating": "10",
    "date": "14.01.30"
  },
  {
    "review_id": "8432147",
    "movie_id": "100994",
    "author": "ttod****",
    "review": "김지민 더빙 존나 못했음....",
    "rating": "1",
    "date": "14.01.26"
  },
  {
    "review_id": "8420584",
    "movie_id": "100994",
    "author": "puli****",
    "review": "굿굿  잘 만든 거 같아요.! 정보 전혀 없이 봤는데 생각보다 재미있고 완성도가 높네요!",
    "rating": "8",
    "date": "14.01.24"
  },
  {
    "review_id": "8378061",
    "movie_id": "100994",
    "author": "rnjs****",
    "review": "무로료 나와서 다운밨아 보기는 했지만 재미도 없고 (어린이들에게는 재미있을 수도 있지만 무엇을 나타내고 만든 영화인지 모르겠습니다)",
    "rating": "1",
    "date": "14.01.13"
  },
  {
    "review_id": "8135572",
    "movie_id": "100994",
    "author": "eyes****",
    "review": "최근에 봤는데 재밌다 좋은 만화영화",
    "rating": "10",
    "date": "13.11.13"
  },
  {
    "review_id": "8076004",
    "movie_id": "100994",
    "author": "milk****",
    "review": "그냥 얘들영화 미루,환희가 보면 좋아 하겠네..",
    "rating": "2",
    "date": "13.10.20"
  },
  {
    "review_id": "8035006",
    "movie_id": "100994",
    "author": "dust****",
    "review": "갠적으로 나일먹어도 3d 애니는 좋아함",
    "rating": "7",
    "date": "13.10.04"
  },
  {
    "review_id": "8005139",
    "movie_id": "100994",
    "author": "pjh6****",
    "review": "개콘연예인더빙 진짜 토나오네...",
    "rating": "1",
    "date": "13.09.21"
  },
  {
    "review_id": "7977295",
    "movie_id": "100994",
    "author": "sim8****",
    "review": "5~6점",
    "rating": "6",
    "date": "13.09.14"
  },
  {
    "review_id": "7861447",
    "movie_id": "100994",
    "author": "foge****",
    "review": "노래는 아이돌이 연기도 아이돌이 예능도 아이돌이나 개그맨이 더빙도 아이돌이나 개그맨이",
    "rating": "1",
    "date": "13.08.09"
  },
  {
    "review_id": "7743692",
    "movie_id": "100994",
    "author": "jeus****",
    "review": "죽을 수밖에 없는 운명에 처한 친구를 구하기 위해 태양에 맞서 싸우는 빅 그린을 보고 눈물이 나더라",
    "rating": "8",
    "date": "13.07.15"
  },
  {
    "review_id": "7740901",
    "movie_id": "100994",
    "author": "ruda****",
    "review": "아이들에거 유익한만화.",
    "rating": "8",
    "date": "13.07.14"
  },
  {
    "review_id": "7679615",
    "movie_id": "100994",
    "author": "tmvk****",
    "review": "잼",
    "rating": "10",
    "date": "13.06.25"
  },
  {
    "review_id": "7632384",
    "movie_id": "100994",
    "author": "aube****",
    "review": "연예인 더빙 좀 그만해라",
    "rating": "1",
    "date": "13.06.13"
  },
  {
    "review_id": "7622672",
    "movie_id": "100994",
    "author": "ggiy****",
    "review": "뭐",
    "rating": "1",
    "date": "13.06.10"
  },
  {
    "review_id": "7548459",
    "movie_id": "100994",
    "author": "sebi****",
    "review": "재밌어요 특히 싸우는 부분",
    "rating": "9",
    "date": "13.05.22"
  },
  {
    "review_id": "7542656",
    "movie_id": "100994",
    "author": "haeg****",
    "review": "애들에게 좋은 영화이고싶다",
    "rating": "7",
    "date": "13.05.19"
  },
  {
    "review_id": "7479575",
    "movie_id": "100994",
    "author": "nann****",
    "review": "넘잼있어요~매력넘쳐요~성우도 괸찬아꾸욤^^",
    "rating": "10",
    "date": "13.04.25"
  },
  {
    "review_id": "7472804",
    "movie_id": "100994",
    "author": "tlad****",
    "review": "저가 더 자이언트dvd(일반판,블루레이,3d)를 주문을했는데 아직까지도 안옵니다 *참고로(네이버 지식쇼핑에서도 주문을 해보았습니다)*",
    "rating": "1",
    "date": "13.04.21"
  },
  {
    "review_id": "7459612",
    "movie_id": "100994",
    "author": "dlgh****",
    "review": "재미있어요",
    "rating": "10",
    "date": "13.04.14"
  },
  {
    "review_id": "7439878",
    "movie_id": "100994",
    "author": "inwo****",
    "review": "오랜만에 즐거운 영화 본듯하네요 ㅎ",
    "rating": "10",
    "date": "13.04.06"
  },
  {
    "review_id": "7415754",
    "movie_id": "100994",
    "author": "bles****",
    "review": "유쾌하기도 하고 안쓰럽기도 하고",
    "rating": "6",
    "date": "13.03.28"
  },
  {
    "review_id": "7413202",
    "movie_id": "100994",
    "author": "nice****",
    "review": "좋은 작품입니다.설정7점연출7점그리고 성우들의 더빙 실력6점그리고 그외 주인공들 국어책 읽는 듯한 대사가 컨셉인거 같은데 이거 생각 잘 못 한거임 그래서-10점합계10점 드립니다",
    "rating": "10",
    "date": "13.03.26"
  },
  {
    "review_id": "7410999",
    "movie_id": "100994",
    "author": "j2h0****",
    "review": "정범균,김준현,김지민 더빙 좋은듯...",
    "rating": "6",
    "date": "13.03.25"
  },
  {
    "review_id": "7408875",
    "movie_id": "100994",
    "author": "pria****",
    "review": "포스터보다 못하다.",
    "rating": "2",
    "date": "13.03.25"
  },
  {
    "review_id": "7405962",
    "movie_id": "100994",
    "author": "jooh****",
    "review": "재미있긴한데..그래픽별로인듯좀떨린다고나할까일부러그런건지 그래도괜찮았어요",
    "rating": "6",
    "date": "13.03.24"
  },
  {
    "review_id": "7400541",
    "movie_id": "100994",
    "author": "rosu****",
    "review": "배우, 아이돌, 개그맨들이 성우를 하는 것을 무척 싫어하곤 하는데, 이 애니메이션만큼은 좋았습니다. 정범균과 김준현이 정말 잘 했어요! 아주 재밌게 잘 봤습니다.",
    "rating": "10",
    "date": "13.03.23"
  },
  {
    "review_id": "7381808",
    "movie_id": "100994",
    "author": "mije****",
    "review": "괜찮은 영화였어요 울딸 울고 ㅎㅎ",
    "rating": "9",
    "date": "13.03.21"
  },
  {
    "review_id": "7362181",
    "movie_id": "100994",
    "author": "sbpa****",
    "review": "극장 애니는 거의 다 봤는데 이 작품 표값은 합니다. 더빙으로 보셔도 김지민부분맘 빼고는 잘 소화했더군요. 애들네게도 교훈적니고 어른이 봐도 됀참ㅎ나뇨....",
    "rating": "9",
    "date": "13.03.18"
  },
  {
    "review_id": "7362095",
    "movie_id": "100994",
    "author": "dora****",
    "review": "태국 감독이라 조금은 색다른 느낌이 있다. 음향도 배경도 액션도 괜찮다. 내용은 특별한 것 없는 우정에 관한 이야기지만 아이들 애니들이 다 그렇듯 교훈적이다. 제법 구색 잘 갖춘 재밌는 애니다.",
    "rating": "8",
    "date": "13.03.18"
  },
  {
    "review_id": "7344845",
    "movie_id": "100994",
    "author": "dbsa****",
    "review": "아놔 진짜 시간 돈 아까움 가장 최악은 느슨한연출 지루함 홀트만 안나왔어도 안보는거였는데..",
    "rating": "1",
    "date": "13.03.13"
  },
  {
    "review_id": "7344325",
    "movie_id": "100994",
    "author": "tres****",
    "review": "극장에 관객이 저 한명이라 극장 대절한 기분으로 영화를 봤습니다. 하하하... 애들 보여주면 재밌게 볼거 같아요. 어른도 그럭저럭 볼만하고 영상 퀄리티도 훌륭합니다. 내용도 나쁘지 않아요.",
    "rating": "8",
    "date": "13.03.13"
  },
  {
    "review_id": "7339403",
    "movie_id": "100994",
    "author": "kawa****",
    "review": "재미있으면서도교훈이있는훈훈한이야기이네요..어른이봐도재미있네요~",
    "rating": "10",
    "date": "13.03.10"
  },
  {
    "review_id": "7336008",
    "movie_id": "100994",
    "author": "lsm3****",
    "review": "재미있는데 기분이 아리까리하네요 어른도 볼만해요~",
    "rating": "10",
    "date": "13.03.09"
  },
  {
    "review_id": "7334381",
    "movie_id": "100994",
    "author": "cwj1****",
    "review": "뭐지",
    "rating": "10",
    "date": "13.03.09"
  },
  {
    "review_id": "7331819",
    "movie_id": "100994",
    "author": "12se****",
    "review": "사랑해요김준현",
    "rating": "10",
    "date": "13.03.08"
  },
  {
    "review_id": "7329882",
    "movie_id": "100994",
    "author": "phj6****",
    "review": "어른이 봐두 지루하지 않구 재미 있드라구요,,,일곱살 아들과 잼나게 봤어요^^예매이벤트 당첨두 되어서 너무 좋네요^^",
    "rating": "10",
    "date": "13.03.07"
  },
  {
    "review_id": "7328089",
    "movie_id": "100994",
    "author": "govl****",
    "review": "슬프기도 하고 재미있기도 하네요^^",
    "rating": "10",
    "date": "13.03.06"
  },
  {
    "review_id": "7327220",
    "movie_id": "100994",
    "author": "2351****",
    "review": "조카가 좋아하네요^^ 아이들에게 최고의 선물인듯해요~~",
    "rating": "10",
    "date": "13.03.06"
  },
  {
    "review_id": "7324650",
    "movie_id": "100994",
    "author": "715s****",
    "review": "더 자이언트 마지막 정도에  슬퍼요 ㅠㅠ 더자이언트 어째뜬 잼있었어요!!! 더 자이언트  화이팅!!~",
    "rating": "9",
    "date": "13.03.04"
  },
  {
    "review_id": "7324131",
    "movie_id": "100994",
    "author": "dhlk****",
    "review": "9살 조카와 더빙판을 감상. 김준현 빼고는 조카가 알려줘서 누가 더빙건지 알았다. 개인적으론 좀 지루했는데 조카는 재밌었다고 한다(그냥 같이 보러간게 좋은건지 모르겠지만..) 마지막에 조카가 울었다. 슬펐나보다",
    "rating": "6",
    "date": "13.03.04"
  },
  {
    "review_id": "7321206",
    "movie_id": "100994",
    "author": "jiwo****",
    "review": "내용 재미 모두보통이여서 7점",
    "rating": "7",
    "date": "13.03.03"
  },
  {
    "review_id": "7319616",
    "movie_id": "100994",
    "author": "tim4****",
    "review": "좋음",
    "rating": "10",
    "date": "13.03.02"
  },
  {
    "review_id": "7319558",
    "movie_id": "100994",
    "author": "ksj0****",
    "review": "친구랑봤는데... 그렇게 재미있는 것은 아닌것같네요.. 마지막에는 조금 볼만했는데.. 이거는 초등학생 저학년이 보기에는 좋지만 6학년들이 보기에는 조금 유치한것 같아요;;",
    "rating": "5",
    "date": "13.03.02"
  },
  {
    "review_id": "7319311",
    "movie_id": "100994",
    "author": "moun****",
    "review": "완전재미임",
    "rating": "10",
    "date": "13.03.02"
  },
  {
    "review_id": "7318265",
    "movie_id": "100994",
    "author": "sw78****",
    "review": "달래뽀로로가 뽀통령이아니다?뽀로로는 어른인나도 애랑웃으며봤는데 ?이건모 눈물코드도아니구재미도아니구완전별루였음",
    "rating": "2",
    "date": "13.03.02"
  },
  {
    "review_id": "7317163",
    "movie_id": "100994",
    "author": "gusd****",
    "review": "완전유치....친구간의우정은개뿔",
    "rating": "5",
    "date": "13.03.02"
  },
  {
    "review_id": "7315119",
    "movie_id": "100994",
    "author": "qkra****",
    "review": "완전  감동!  친구간의 우정",
    "rating": "10",
    "date": "13.03.01"
  },
  {
    "review_id": "7314852",
    "movie_id": "100994",
    "author": "newf****",
    "review": "재미있게봤어요 내용도재미있어요",
    "rating": "10",
    "date": "13.03.01"
  },
  {
    "review_id": "7314816",
    "movie_id": "100994",
    "author": "bsuu****",
    "review": "7점은 됩니다",
    "rating": "7",
    "date": "13.03.01"
  },
  {
    "review_id": "7314703",
    "movie_id": "100994",
    "author": "yang****",
    "review": "김준현 더빙이 자연스럽고 기대이상.",
    "rating": "9",
    "date": "13.03.01"
  },
  {
    "review_id": "7314253",
    "movie_id": "100994",
    "author": "mc41****",
    "review": "더OO발",
    "rating": "1",
    "date": "13.03.01"
  },
  {
    "review_id": "7314221",
    "movie_id": "100994",
    "author": "lyh9****",
    "review": "영화임?",
    "rating": "1",
    "date": "13.03.01"
  },
  {
    "review_id": "7314192",
    "movie_id": "100994",
    "author": "fory****",
    "review": "너무 재밌어요",
    "rating": "10",
    "date": "13.03.01"
  },
  {
    "review_id": "7314074",
    "movie_id": "100994",
    "author": "mayd****",
    "review": "jin1****님처럼 저도 동생때문에 7번방의 선물 보려다가 이거 봤는데 기대 이상으로 재밌었어여~짱!",
    "rating": "9",
    "date": "13.03.01"
  },
  {
    "review_id": "7313964",
    "movie_id": "100994",
    "author": "jin1****",
    "review": "정말 재미있어요 저 지금 6학년인대;; 그냥 한번 동생때문에 갔는대 기대 이상이었어요반전이짱!!!{>-<}",
    "rating": "10",
    "date": "13.03.01"
  },
  {
    "review_id": "7313645",
    "movie_id": "100994",
    "author": "zoet****",
    "review": "개봉하는 애니는 거의 다 보여주는데 저희 큰 애는 근래에 본 것중에 스토리가 가장 감동이었다고 하고둘째는 그냥 최고는 아니지만 재밌었다고 하네요.",
    "rating": "8",
    "date": "13.03.01"
  },
  {
    "review_id": "7313371",
    "movie_id": "100994",
    "author": "sej0****",
    "review": "너무 재미있고,보기에도 재미있내요",
    "rating": "10",
    "date": "13.03.01"
  },
  {
    "review_id": "7311383",
    "movie_id": "100994",
    "author": "bum9****",
    "review": "저는 왠만하면 8점이상으로주는데 요 근래 본영화중 정말재미없었습니다.장난아니고......",
    "rating": "4",
    "date": "13.02.28"
  },
  {
    "review_id": "7311250",
    "movie_id": "100994",
    "author": "vkds****",
    "review": "애들하고 오랜만에 볼만한 영화봤어요",
    "rating": "9",
    "date": "13.02.28"
  },
  {
    "review_id": "7311155",
    "movie_id": "100994",
    "author": "jihe****",
    "review": "더전잇한여화",
    "rating": "9",
    "date": "13.02.28"
  },
  {
    "review_id": "7310792",
    "movie_id": "100994",
    "author": "mj17****",
    "review": "친구인  무무와 빅그린이 싸운장면이 슬펐지만 넘~  재미있었어요.",
    "rating": "10",
    "date": "13.02.28"
  },
  {
    "review_id": "7310765",
    "movie_id": "100994",
    "author": "buhe****",
    "review": "정말재미있습니다무무와빅그린의 우정도정말와~",
    "rating": "10",
    "date": "13.02.28"
  },
  {
    "review_id": "7310138",
    "movie_id": "100994",
    "author": "aej0****",
    "review": "무무 진짜 매력 터짐!!!ㅋㅋㅋ 녹순이도 너무 귀엽고~ 재미있었슴다!!!",
    "rating": "10",
    "date": "13.02.28"
  },
  {
    "review_id": "7309970",
    "movie_id": "100994",
    "author": "c193****",
    "review": "벌로 ㅇ",
    "rating": "1",
    "date": "13.02.28"
  },
  {
    "review_id": "7309962",
    "movie_id": "100994",
    "author": "kiss****",
    "review": "애들은 좋댄다;;",
    "rating": "4",
    "date": "13.02.28"
  },
  {
    "review_id": "7309828",
    "movie_id": "100994",
    "author": "dmc7****",
    "review": "재밌네요, 감동적이고... 또보고싶네용~",
    "rating": "10",
    "date": "13.02.28"
  },
  {
    "review_id": "7309816",
    "movie_id": "100994",
    "author": "shwe****",
    "review": "와우~~ 김준현, 정범균, 김지민~ 목소리 연기 너무 잘하네요~~ 아이들이 영화내내 웃다 나왔어요 특히 로봇 좋아하는 남자아이들에게 강추~~",
    "rating": "10",
    "date": "13.02.28"
  },
  {
    "review_id": "7309815",
    "movie_id": "100994",
    "author": "lavi****",
    "review": "예상 외로 올 겨울방학부터 봄방학까지 봤던 애니메이션 중 최고!",
    "rating": "10",
    "date": "13.02.28"
  },
  {
    "review_id": "7309813",
    "movie_id": "100994",
    "author": "ktem****",
    "review": "김준현씨가 더빙해서 그런지 더욱 더 유쾌하고 재밋었던 것 같아요! 내용도 아이들이 보기에 너무나도 좋았음 ㅎㅎ",
    "rating": "10",
    "date": "13.02.28"
  },
  {
    "review_id": "7309810",
    "movie_id": "100994",
    "author": "daew****",
    "review": "깡통로봇~! 화이팅 ㅋㅋㅋㅋ 김준현 잘나가네~",
    "rating": "10",
    "date": "13.02.28"
  },
  {
    "review_id": "7309808",
    "movie_id": "100994",
    "author": "wary****",
    "review": "*^^*",
    "rating": "10",
    "date": "13.02.28"
  },
  {
    "review_id": "7309638",
    "movie_id": "100994",
    "author": "twik****",
    "review": "너무 졸려요",
    "rating": "1",
    "date": "13.02.28"
  },
  {
    "review_id": "7308842",
    "movie_id": "100994",
    "author": "wqaj****",
    "review": "집에서 투니버스 보여주는게  낮습니다. 평점에 문제가 있네요. 애들이 중간부터 자꾸 집에 가자고 졸랐어요.",
    "rating": "1",
    "date": "13.02.28"
  },
  {
    "review_id": "7307404",
    "movie_id": "100994",
    "author": "pjpp****",
    "review": "추천",
    "rating": "9",
    "date": "13.02.27"
  },
  {
    "review_id": "7307250",
    "movie_id": "100994",
    "author": "disk****",
    "review": "CG는 역시 별루....애가 뭐 그냥  잼나다고 하니 봐줌 ㅎㅎ",
    "rating": "8",
    "date": "13.02.27"
  },
  {
    "review_id": "7305410",
    "movie_id": "100994",
    "author": "yunj****",
    "review": "8 더빙이 아쉬웠지만 그런데로 잘된편의 개그맨 더빙인것같고요 그래픽도 괘안고 스토리와 캐릭터들이 너무 멋져서 감동먹었었습니다!!ㅎㅎ기회가된다면 자막으로 한번 더 보고싶네요ㅠㅠ 그리고 태국에서 만든거라 태국적 미적감각이 돋보여서 새롭네요!",
    "rating": "8",
    "date": "13.02.26"
  },
  {
    "review_id": "7304364",
    "movie_id": "100994",
    "author": "yeon****",
    "review": "애들이 끼리 보라고 들여 보냈는데  또 보자고 해서 함 다시볼라구요  괜찮은가봐요~~",
    "rating": "10",
    "date": "13.02.26"
  },
  {
    "review_id": "7304206",
    "movie_id": "100994",
    "author": "kuae****",
    "review": "다커서 봣는데 볼망햇어요",
    "rating": "8",
    "date": "13.02.26"
  },
  {
    "review_id": "7303848",
    "movie_id": "100994",
    "author": "wnsn****",
    "review": "괜찮음 애들이 보기엔",
    "rating": "9",
    "date": "13.02.26"
  },
  {
    "review_id": "7302876",
    "movie_id": "100994",
    "author": "back****",
    "review": "너무너무 재미있어요~~",
    "rating": "10",
    "date": "13.02.26"
  },
  {
    "review_id": "7302251",
    "movie_id": "100994",
    "author": "hosi****",
    "review": "멋진 애니네요~~어른이 봐도 재미있었음..",
    "rating": "10",
    "date": "13.02.25"
  },
  {
    "review_id": "7301558",
    "movie_id": "100994",
    "author": "sos2****",
    "review": "친구와의 우정을 알게 하는 그런 영화였습니다 아이들이 나오자마자 또보고 싶다는 영호랍니다.",
    "rating": "7",
    "date": "13.02.25"
  },
  {
    "review_id": "7301203",
    "movie_id": "100994",
    "author": "hanw****",
    "review": "ㅇ",
    "rating": "10",
    "date": "13.02.25"
  },
  {
    "review_id": "7300391",
    "movie_id": "100994",
    "author": "yeul****",
    "review": "ㅋㅋㅋㅋㅋㅋㅋㅋㅋㅋㅋㅋㅋㅋㅋ",
    "rating": "10",
    "date": "13.02.25"
  },
  {
    "review_id": "7300382",
    "movie_id": "100994",
    "author": "zgra****",
    "review": "우와 이렇게 재미있는 애니메이션이 있다니..보면서 계속 싱글벙글했습니다.^^",
    "rating": "10",
    "date": "13.02.25"
  },
  {
    "review_id": "7298906",
    "movie_id": "100994",
    "author": "ohji****",
    "review": "조카때문에 같이 보다가 막판에 이십분 졸았네요~ 정말 참을수가 엄썼어요~ 정말 초딩만이 볼수 있는 영화에요~ 유치원이하는 이해하기가 힘들듯도 싶어요.. 영화보는데 나가는 애들을 쫌 봤거덩요!!ㅋㅋ그러나 더빙은 최고..",
    "rating": "6",
    "date": "13.02.24"
  },
  {
    "review_id": "7298125",
    "movie_id": "100994",
    "author": "bunn****",
    "review": "아 역시 개콘팀 선택한 영화 짱",
    "rating": "10",
    "date": "13.02.24"
  },
  {
    "review_id": "7297239",
    "movie_id": "100994",
    "author": "five****",
    "review": "아이들에게 무무와 빅그린과 녹순이를 통해서 친구와 우정에 대해 쉽고도 명확하게 보여주는 영화. 재미있게 웃다가 감탄하며 대박!을 외치다 빅그린  보며 안타까워하다 아이들의 호응도와 집중도가 좋더군요.",
    "rating": "10",
    "date": "13.02.24"
  },
  {
    "review_id": "7296908",
    "movie_id": "100994",
    "author": "shai****",
    "review": "김준현 더빙 최고..!",
    "rating": "10",
    "date": "13.02.24"
  },
  {
    "review_id": "7296695",
    "movie_id": "100994",
    "author": "chim****",
    "review": "저희아이 감동받아서 울었대요. 봄방학에 뭐보여줄까하다가시간이잘맞아서 봤는데 아이들이 좋았다고하니기분이좋네요. 저희아이는 이제 2학년. 4학년입니다.",
    "rating": "10",
    "date": "13.02.24"
  },
  {
    "review_id": "7296663",
    "movie_id": "100994",
    "author": "3085****",
    "review": "좀 지루하고... 유딩들이 볼만한 영화인것 같다.",
    "rating": "5",
    "date": "13.02.24"
  },
  {
    "review_id": "7296377",
    "movie_id": "100994",
    "author": "zero****",
    "review": "재미종범",
    "rating": "1",
    "date": "13.02.24"
  },
  {
    "review_id": "7295606",
    "movie_id": "100994",
    "author": "kton****",
    "review": "재미있어요 ㅎㅎㅎㅎ",
    "rating": "9",
    "date": "13.02.24"
  },
  {
    "review_id": "7294971",
    "movie_id": "100994",
    "author": "79ga****",
    "review": "정범균이  더빙 잘한거 같아서   다시 보엿구요.... 그냥 우리아이  7세  보여주기에  괜찮앗어여.......",
    "rating": "8",
    "date": "13.02.23"
  },
  {
    "review_id": "7294922",
    "movie_id": "100994",
    "author": "hanp****",
    "review": "이야아아ㅋㅋ 내가 영화관에서 울뻔한거 처음이다 이거...",
    "rating": "10",
    "date": "13.02.23"
  },
  {
    "review_id": "7294840",
    "movie_id": "100994",
    "author": "umpj****",
    "review": "개콘 개그맨들 더빙들 하는데 이젠 그만 했으면 좋겠네요.. 더빙도 연기인데...",
    "rating": "1",
    "date": "13.02.23"
  }
]