[
  {
    "review_id": "10276668",
    "movie_id": "100931",
    "author": "hari****",
    "review": "감동적이었습니다~ 노래도 너무 좋아요",
    "rating": "10",
    "date": "15.08.26"
  },
  {
    "review_id": "10276002",
    "movie_id": "100931",
    "author": "llfa****",
    "review": "디즈니 영화는 항상 기대를 저버리지 않는것 같아요.",
    "rating": "10",
    "date": "15.08.26"
  },
  {
    "review_id": "10274666",
    "movie_id": "100931",
    "author": "gops****",
    "review": "가족과 함ㄲㅔ 보기 좋은 영화 였어요! 기억에 오래 남는 훈훈한 영화!",
    "rating": "8",
    "date": "15.08.25"
  },
  {
    "review_id": "10274541",
    "movie_id": "100931",
    "author": "lake****",
    "review": "굿~정말 재밌어요~다시 봐도  재있음",
    "rating": "10",
    "date": "15.08.25"
  },
  {
    "review_id": "10272064",
    "movie_id": "100931",
    "author": "jjs1****",
    "review": "겨울왕국은 나이에 관계없이 좋은 영화인것 같다",
    "rating": "10",
    "date": "15.08.24"
  },
  {
    "review_id": "10271349",
    "movie_id": "100931",
    "author": "ssee****",
    "review": "너무재밋었어요!!!!동생들과 본영화였는데 너무즐거운시간 보냈네요^^",
    "rating": "10",
    "date": "15.08.24"
  },
  {
    "review_id": "10269554",
    "movie_id": "100931",
    "author": "pape****",
    "review": "또 보고 싶은.. 가슴 한켠에 여전히 남아있는... 좋은 영화 감사요 ^^",
    "rating": "10",
    "date": "15.08.23"
  },
  {
    "review_id": "10269221",
    "movie_id": "100931",
    "author": "dhn0****",
    "review": "전 개인적으로 별로였네요 아동용에 왜이리 열광하는 줄 모르겠네요",
    "rating": "1",
    "date": "15.08.23"
  },
  {
    "review_id": "10268879",
    "movie_id": "100931",
    "author": "fub1****",
    "review": "로잼이다ㄱㄱㄷ싖싖ㅅ",
    "rating": "1",
    "date": "15.08.23"
  },
  {
    "review_id": "10268767",
    "movie_id": "100931",
    "author": "ddwo****",
    "review": "약간 거품이 있는것같긴하지만 주체적인 내용과 ost는 멋집니다!",
    "rating": "8",
    "date": "15.08.23"
  },
  {
    "review_id": "10267565",
    "movie_id": "100931",
    "author": "infi****",
    "review": "솔직히 캐릭터빨스토리는 그지같음",
    "rating": "1",
    "date": "15.08.23"
  },
  {
    "review_id": "10267537",
    "movie_id": "100931",
    "author": "rkdt****",
    "review": "라이온킹이나 뮬란처럼 교훈이 있지도않고 몇시간동안 멍때리면서 볼정도의 뻔한 스토리",
    "rating": "4",
    "date": "15.08.23"
  },
  {
    "review_id": "10265733",
    "movie_id": "100931",
    "author": "luvu****",
    "review": "Good! -.-b!!",
    "rating": "9",
    "date": "15.08.23"
  },
  {
    "review_id": "10261665",
    "movie_id": "100931",
    "author": "7786****",
    "review": "이들이더 좋아하는영화입니다",
    "rating": "8",
    "date": "15.08.22"
  },
  {
    "review_id": "10260072",
    "movie_id": "100931",
    "author": "pogn****",
    "review": "음악이 좋고 화면도 정말 아름다운 영화  근데  마시멜로우때문에  조금 무서워요.",
    "rating": "9",
    "date": "15.08.21"
  },
  {
    "review_id": "10253881",
    "movie_id": "100931",
    "author": "jung****",
    "review": "매우재밋었어요 여자친구랑 봤는데 재밋네요",
    "rating": "10",
    "date": "15.08.20"
  },
  {
    "review_id": "10252750",
    "movie_id": "100931",
    "author": "pbor****",
    "review": "정말 재미있게잘본거같다  어떻게만화로 이렇게만들수있는지 대단하다",
    "rating": "10",
    "date": "15.08.20"
  },
  {
    "review_id": "10250960",
    "movie_id": "100931",
    "author": "ggom****",
    "review": "말안해도 알만한 명작. 노래까지 완벽!",
    "rating": "10",
    "date": "15.08.19"
  },
  {
    "review_id": "10250475",
    "movie_id": "100931",
    "author": "b920****",
    "review": "재미있었어요 좋아요 핳하",
    "rating": "10",
    "date": "15.08.19"
  },
  {
    "review_id": "10249237",
    "movie_id": "100931",
    "author": "patc****",
    "review": "스토리 없고 엘사가 어떻게 초능력 가지게 됬는데?",
    "rating": "1",
    "date": "15.08.18"
  },
  {
    "review_id": "10248891",
    "movie_id": "100931",
    "author": "fary****",
    "review": "이제 여자주인공이 더이상 남자주인공에게 의지하지않는 것이 좋았고,사랑이 꼭 남녀간의 사랑이아니라는 것을 알려주고 가족간의 사랑도 진정한 사랑이라는것을 알려준 영화였습니다",
    "rating": "9",
    "date": "15.08.18"
  },
  {
    "review_id": "10248338",
    "movie_id": "100931",
    "author": "wdg2****",
    "review": "재밋음재밋음\\재밋으미야ㅓ엉재밋음재밋어",
    "rating": "10",
    "date": "15.08.18"
  },
  {
    "review_id": "10248045",
    "movie_id": "100931",
    "author": "boss****",
    "review": "그냥볼만함 추천하진않음",
    "rating": "5",
    "date": "15.08.18"
  },
  {
    "review_id": "10247339",
    "movie_id": "100931",
    "author": "cori****",
    "review": "빈약한 캐릭터 묘사, 드라마성 아직도 엘사안나 자매 상품으로 팔아재끼는 거 보니 디즈니 앞으로 행보가 눈앞에 보인다. 이제 캐릭터 겉치레만 매혹적으로 만들어서 캐릭터 상품화 시키는데 주력할 껄",
    "rating": "5",
    "date": "15.08.18"
  },
  {
    "review_id": "10246698",
    "movie_id": "100931",
    "author": "zzan****",
    "review": "그럭저럭 봤네요 ~ㅎㅎ",
    "rating": "8",
    "date": "15.08.17"
  },
  {
    "review_id": "10244141",
    "movie_id": "100931",
    "author": "akai****",
    "review": "인생에서 유일하게 극장에서 3번 이상 본 영화",
    "rating": "10",
    "date": "15.08.17"
  },
  {
    "review_id": "10242908",
    "movie_id": "100931",
    "author": "wh52****",
    "review": "재밌다. 애니메이션의 정석",
    "rating": "10",
    "date": "15.08.16"
  },
  {
    "review_id": "10242320",
    "movie_id": "100931",
    "author": "iams****",
    "review": "애들이 완전히 빠져서 보네요.. 음악도 너무 좋아요",
    "rating": "10",
    "date": "15.08.16"
  },
  {
    "review_id": "10241584",
    "movie_id": "100931",
    "author": "boog****",
    "review": "간만에 디즈니에서 나온 영화 봤더니 너무 재밌었어요",
    "rating": "9",
    "date": "15.08.16"
  },
  {
    "review_id": "10240603",
    "movie_id": "100931",
    "author": "2ne2****",
    "review": "처음본 3D영화 였는데 계속 감탄햇네요ㅋㅋ",
    "rating": "9",
    "date": "15.08.16"
  },
  {
    "review_id": "10238406",
    "movie_id": "100931",
    "author": "pret****",
    "review": "추억하고싶은 영화입니다",
    "rating": "10",
    "date": "15.08.16"
  },
  {
    "review_id": "10237155",
    "movie_id": "100931",
    "author": "cool****",
    "review": "모든 음악이 훌륭했지만 트롤들을 만났을 때의 음악은 정말 불후의 명곡이다.  애니 음악 하나에도 이렇게 최고의 음악을 만드는 그들의 문화  수준...대단해.",
    "rating": "10",
    "date": "15.08.15"
  },
  {
    "review_id": "10231140",
    "movie_id": "100931",
    "author": "ilov****",
    "review": "와우! 이거 매우 재밌는데!!!",
    "rating": "10",
    "date": "15.08.14"
  },
  {
    "review_id": "10230346",
    "movie_id": "100931",
    "author": "gamj****",
    "review": "디즈니의 거듭되는 퇴보",
    "rating": "1",
    "date": "15.08.14"
  },
  {
    "review_id": "10228973",
    "movie_id": "100931",
    "author": "hynh****",
    "review": "좋아요 재미 있었어요 ...",
    "rating": "10",
    "date": "15.08.14"
  },
  {
    "review_id": "10228263",
    "movie_id": "100931",
    "author": "gusg****",
    "review": "귀와  눈이 황홀한 시간이였습니다~",
    "rating": "10",
    "date": "15.08.14"
  },
  {
    "review_id": "10227108",
    "movie_id": "100931",
    "author": "bjnh****",
    "review": "진짜 재밌다 겨울왕국2 빨리보고싶다 ㅋㅋ",
    "rating": "10",
    "date": "15.08.14"
  },
  {
    "review_id": "10226907",
    "movie_id": "100931",
    "author": "dnjs****",
    "review": "한 나라의 여왕이 저리 책임감 이 없다리 그리고 여왕의 동생인 사람도 처음본 왕자와 결혼을 하려고 하는 정신나간 여자임. 뭐하나 스토리의 개연성이 없으며 결말또한 정신나갔다.  진짜 씨쥐와 노래 빼곤 건질게 없는 최악의 애니메이션임",
    "rating": "1",
    "date": "15.08.14"
  },
  {
    "review_id": "10225999",
    "movie_id": "100931",
    "author": "arak****",
    "review": "good~ 노래 영상 너무 좋아요~",
    "rating": "10",
    "date": "15.08.13"
  },
  {
    "review_id": "10225321",
    "movie_id": "100931",
    "author": "hsk9****",
    "review": "아들이랑 굿 관람ㅎㅎ좋아용",
    "rating": "10",
    "date": "15.08.13"
  },
  {
    "review_id": "10223970",
    "movie_id": "100931",
    "author": "yuns****",
    "review": "최고최고최고최고최고",
    "rating": "10",
    "date": "15.08.13"
  },
  {
    "review_id": "10221626",
    "movie_id": "100931",
    "author": "jjyy****",
    "review": "재미져요자저죠자쟈져조",
    "rating": "10",
    "date": "15.08.12"
  },
  {
    "review_id": "10220885",
    "movie_id": "100931",
    "author": "gmgm****",
    "review": "카페 회원분들로 추전으로 재미있게 잘 봤습니다~",
    "rating": "10",
    "date": "15.08.12"
  },
  {
    "review_id": "10220682",
    "movie_id": "100931",
    "author": "elim****",
    "review": "어른이 봐도 기분이 좋아지는 영화",
    "rating": "9",
    "date": "15.08.12"
  },
  {
    "review_id": "10220166",
    "movie_id": "100931",
    "author": "dlal****",
    "review": "정말완벽한 영화이다.",
    "rating": "10",
    "date": "15.08.12"
  },
  {
    "review_id": "10219087",
    "movie_id": "100931",
    "author": "mann****",
    "review": "동화같이 아름다운 영화로 아이들,연인과 함꼐하는 좋은 영화입니다",
    "rating": "10",
    "date": "15.08.12"
  },
  {
    "review_id": "10218849",
    "movie_id": "100931",
    "author": "0530****",
    "review": "자막판 더빙판 두번봄ㅎㅎ",
    "rating": "10",
    "date": "15.08.12"
  },
  {
    "review_id": "10217344",
    "movie_id": "100931",
    "author": "jis1****",
    "review": "시원하고 재미 있었습니다~~",
    "rating": "10",
    "date": "15.08.11"
  },
  {
    "review_id": "10217253",
    "movie_id": "100931",
    "author": "wasn****",
    "review": "최고의 영화 역시 믿고 보는 픽사",
    "rating": "10",
    "date": "15.08.11"
  },
  {
    "review_id": "10216741",
    "movie_id": "100931",
    "author": "takt****",
    "review": "4살된 아들은 영화를 본적도 없는데 렛잇고를 불러대요~~",
    "rating": "10",
    "date": "15.08.11"
  },
  {
    "review_id": "10213797",
    "movie_id": "100931",
    "author": "gusr****",
    "review": "노래도 좋고~  내용도 좋고~ 하~ 정말 짱입니다!",
    "rating": "10",
    "date": "15.08.10"
  },
  {
    "review_id": "10213794",
    "movie_id": "100931",
    "author": "ssug****",
    "review": "아이들과 재미있게 본 영화입니다~",
    "rating": "9",
    "date": "15.08.10"
  },
  {
    "review_id": "10211319",
    "movie_id": "100931",
    "author": "jung****",
    "review": "아이들 뿐만아니라 어른을 위한 애니메이션. 감동적이면서 재밌게 보았던!",
    "rating": "10",
    "date": "15.08.10"
  },
  {
    "review_id": "10210964",
    "movie_id": "100931",
    "author": "kong****",
    "review": "딱히 좋은평가 받을만한 애니메이션은 아닌거같은데...",
    "rating": "5",
    "date": "15.08.10"
  },
  {
    "review_id": "10210731",
    "movie_id": "100931",
    "author": "mi29****",
    "review": "무난한 스토리와 아름다운 영상미,배경디자인,캐릭터디자인",
    "rating": "8",
    "date": "15.08.10"
  },
  {
    "review_id": "10206944",
    "movie_id": "100931",
    "author": "myst****",
    "review": "역대 디즈니 시리즈중에 가장 감동없고 최악이었음. 극장에서 보는 자신이 민망할정도.",
    "rating": "1",
    "date": "15.08.09"
  },
  {
    "review_id": "10202442",
    "movie_id": "100931",
    "author": "mwl0****",
    "review": "노잼노잼노잼노잼노잼",
    "rating": "1",
    "date": "15.08.08"
  },
  {
    "review_id": "10202274",
    "movie_id": "100931",
    "author": "rock****",
    "review": "쓸데없이 긴 뮤직비디오",
    "rating": "6",
    "date": "15.08.08"
  },
  {
    "review_id": "10202130",
    "movie_id": "100931",
    "author": "cra3****",
    "review": "어른이 봐도 재밌는 웰메이드 애니메이션",
    "rating": "10",
    "date": "15.08.08"
  },
  {
    "review_id": "10201236",
    "movie_id": "100931",
    "author": "dlwl****",
    "review": "음악만 좋았다으요에다",
    "rating": "7",
    "date": "15.08.08"
  },
  {
    "review_id": "10198595",
    "movie_id": "100931",
    "author": "memo****",
    "review": "굳굳 잘봤어요~~재밌었음^^",
    "rating": "9",
    "date": "15.08.07"
  },
  {
    "review_id": "10197962",
    "movie_id": "100931",
    "author": "wony****",
    "review": "프갤러들의 시작. 그리고 디즈니의 또다른 레전드.",
    "rating": "10",
    "date": "15.08.07"
  },
  {
    "review_id": "10197250",
    "movie_id": "100931",
    "author": "hjh1****",
    "review": "진짜 뭐가 재미있단거임?노래는 괜찮은데 캐릭터가 같이 부르니깐 ㄹㅇ유치하더라 9점대의 점수가 나온게 신기하다이 정도면 평균4점은 되야할듯",
    "rating": "1",
    "date": "15.08.07"
  },
  {
    "review_id": "10196805",
    "movie_id": "100931",
    "author": "lees****",
    "review": "재밋습니다 역시 겨울왕국!",
    "rating": "10",
    "date": "15.08.07"
  },
  {
    "review_id": "10196533",
    "movie_id": "100931",
    "author": "zang****",
    "review": "좋아요 애기 넘  즐겁게 봤어요",
    "rating": "10",
    "date": "15.08.07"
  },
  {
    "review_id": "10195388",
    "movie_id": "100931",
    "author": "dlqn****",
    "review": "짱! 일년이 지나도 다시봐도 질리지않는 스토리! 전개속도!",
    "rating": "9",
    "date": "15.08.07"
  },
  {
    "review_id": "10194057",
    "movie_id": "100931",
    "author": "hana****",
    "review": "스토리 너무 약하며 과대 평가 심한 애니메이션",
    "rating": "5",
    "date": "15.08.06"
  },
  {
    "review_id": "10194004",
    "movie_id": "100931",
    "author": "rain****",
    "review": "최고의 애니메이션!!",
    "rating": "9",
    "date": "15.08.06"
  },
  {
    "review_id": "10192976",
    "movie_id": "100931",
    "author": "rlac****",
    "review": "재미드럽게도없네 내용이이게뭐냐,, 평점이왜이리높음?ㅋㅋㅋㅋ쿠 솔직히 좋은건 노래밖에없지않나",
    "rating": "1",
    "date": "15.08.06"
  },
  {
    "review_id": "10192314",
    "movie_id": "100931",
    "author": "diam****",
    "review": "너무 많은 기대를 하고 봐서인지 기대이하의 영화였지만 작년의 영화가 여전히 아가들의 사랑을 받고 노래가 기억나는걸 보면 대작이긴 대작이었나보다. 레잇고~",
    "rating": "7",
    "date": "15.08.06"
  },
  {
    "review_id": "10191395",
    "movie_id": "100931",
    "author": "tjsg****",
    "review": "너너무잘봤습니다딸이랑 단둘이봤네요",
    "rating": "10",
    "date": "15.08.06"
  },
  {
    "review_id": "10191014",
    "movie_id": "100931",
    "author": "wbwd****",
    "review": "스토리,  매력적인 캐릭터, 디테일까지 모두 좋.아.요^-^",
    "rating": "10",
    "date": "15.08.06"
  },
  {
    "review_id": "10189072",
    "movie_id": "100931",
    "author": "rain****",
    "review": "굳!! 노래도 좋고 볼만해요~",
    "rating": "8",
    "date": "15.08.05"
  },
  {
    "review_id": "10188971",
    "movie_id": "100931",
    "author": "catm****",
    "review": "대박입니다 재밋습니다",
    "rating": "10",
    "date": "15.08.05"
  },
  {
    "review_id": "10188859",
    "movie_id": "100931",
    "author": "prri****",
    "review": "캐릭터빨에 묻어가지 않은 진정한 디즈니 애니매이션.",
    "rating": "10",
    "date": "15.08.05"
  },
  {
    "review_id": "10186527",
    "movie_id": "100931",
    "author": "jsr1****",
    "review": "이보다 좋을순없어요^^",
    "rating": "10",
    "date": "15.08.05"
  },
  {
    "review_id": "10185811",
    "movie_id": "100931",
    "author": "6mar****",
    "review": "이런 시원스럽고 시원스러운 영화!! 굿!",
    "rating": "10",
    "date": "15.08.05"
  },
  {
    "review_id": "10185056",
    "movie_id": "100931",
    "author": "hyj6****",
    "review": "겨울왕국 겨울왕국 거리길래 기대하면서 갔는데 별 감흥은 없었음.  5점은 그림이 예뻐서. 기대이하였음.",
    "rating": "5",
    "date": "15.08.04"
  },
  {
    "review_id": "10183777",
    "movie_id": "100931",
    "author": "lkm1****",
    "review": "애니메이션이라 기대별로 안하고 봤는데 보는내내 흥미롭다가 나올때는 와!!! 하면서 나오고 애니메이션과 디즈니가 새롭게 보이는 계기가 되었네요.",
    "rating": "10",
    "date": "15.08.04"
  },
  {
    "review_id": "10183560",
    "movie_id": "100931",
    "author": "omej****",
    "review": "렛잇고는 진짜 최고명곡",
    "rating": "10",
    "date": "15.08.04"
  },
  {
    "review_id": "10183530",
    "movie_id": "100931",
    "author": "bsjg****",
    "review": "재밋어여 ㅎㅎㅎ인상적인",
    "rating": "9",
    "date": "15.08.04"
  },
  {
    "review_id": "10182148",
    "movie_id": "100931",
    "author": "yjhk****",
    "review": "처음 본 디즈니 영화 ,아주 훌륭하다",
    "rating": "10",
    "date": "15.08.03"
  },
  {
    "review_id": "10181833",
    "movie_id": "100931",
    "author": "sham****",
    "review": "그냥 그런 너무 열풍이어서 대체 얼마나 내용이 좋나 하고 봤는데 음 별거 없던데 ㅡㅡ",
    "rating": "5",
    "date": "15.08.03"
  },
  {
    "review_id": "10179168",
    "movie_id": "100931",
    "author": "davi****",
    "review": "재미있었어요. 애들한테 완전 좋은",
    "rating": "10",
    "date": "15.08.03"
  },
  {
    "review_id": "10178607",
    "movie_id": "100931",
    "author": "aksr****",
    "review": "감명깊네요 ㅋ 교훈있네요 ㅋ",
    "rating": "10",
    "date": "15.08.03"
  },
  {
    "review_id": "10177608",
    "movie_id": "100931",
    "author": "hori****",
    "review": "수많은 디즈니 영화 중 단연 최고의 영화라 할 수 있었다.",
    "rating": "10",
    "date": "15.08.02"
  },
  {
    "review_id": "10176339",
    "movie_id": "100931",
    "author": "gkqj****",
    "review": "스토리가 진짜....5점도  수록노래떔에 준거",
    "rating": "5",
    "date": "15.08.02"
  },
  {
    "review_id": "10175462",
    "movie_id": "100931",
    "author": "gers****",
    "review": "최고의 애니메이션이라고 생각해요",
    "rating": "10",
    "date": "15.08.02"
  },
  {
    "review_id": "10175224",
    "movie_id": "100931",
    "author": "unib****",
    "review": "교육적이지도 않고 메세지도 없고 재미도 없는 영화화가난다!",
    "rating": "1",
    "date": "15.08.02"
  },
  {
    "review_id": "10174953",
    "movie_id": "100931",
    "author": "huiy****",
    "review": "가족과보기 재미있어요",
    "rating": "10",
    "date": "15.08.02"
  },
  {
    "review_id": "10174854",
    "movie_id": "100931",
    "author": "dhgh****",
    "review": "그나마 나았던 노래마저 초딩들과 프폭도가 망쳐논 비운의 영화. 지긋지긋한 렛잇고를 불러대는 프폭도들 때문에 노이로제 걸린다. 아직도 이게 명작이라 생각하는 사람들은 정신연령이 유치원 졸업도 못한거임.",
    "rating": "1",
    "date": "15.08.02"
  },
  {
    "review_id": "10173062",
    "movie_id": "100931",
    "author": "pcs7****",
    "review": "최고!최고! 최고!!!",
    "rating": "10",
    "date": "15.08.02"
  },
  {
    "review_id": "10171944",
    "movie_id": "100931",
    "author": "yh02****",
    "review": "아이들 보여주러 갔다가 제가 더 빠졌던 영화애니메이션을 좋아하지 않는데이번에 확 바꼈어요 취향이~^^",
    "rating": "10",
    "date": "15.08.01"
  },
  {
    "review_id": "10171217",
    "movie_id": "100931",
    "author": "hyej****",
    "review": "좋아요 종하아요 정말 좋ㅇㅆ어요요",
    "rating": "9",
    "date": "15.08.01"
  },
  {
    "review_id": "10170053",
    "movie_id": "100931",
    "author": "ach0****",
    "review": "지금같은  더위에 더 생각이...",
    "rating": "10",
    "date": "15.08.01"
  },
  {
    "review_id": "10169377",
    "movie_id": "100931",
    "author": "dmdr****",
    "review": "베스트 오브 베스트 乃 역시 디즈니",
    "rating": "10",
    "date": "15.08.01"
  },
  {
    "review_id": "10167647",
    "movie_id": "100931",
    "author": "hoyu****",
    "review": "음악도 좋고, 내용도 좋았습니다.",
    "rating": "10",
    "date": "15.07.31"
  },
  {
    "review_id": "10167236",
    "movie_id": "100931",
    "author": "demi****",
    "review": "최고였습니다 최고 집중 짱",
    "rating": "10",
    "date": "15.07.31"
  },
  {
    "review_id": "10165954",
    "movie_id": "100931",
    "author": "alph****",
    "review": "재미있어용 즐겁게봤어요",
    "rating": "10",
    "date": "15.07.31"
  },
  {
    "review_id": "10165873",
    "movie_id": "100931",
    "author": "nema****",
    "review": "간만에 가족과 본 괜찮은 영화였네요",
    "rating": "10",
    "date": "15.07.31"
  }
]