[
  {
    "review": "내가 제일 좋아한 영화.",
    "date": "14.03.18",
    "rating": "10",
    "author": "clie****",
    "review_id": "8586726",
    "movie_id": "10099"
  },
  {
    "review": "이미지로 영화를 보고, 가슴으로 기억할수 있다는걸 알려준 멜로영화.. 도빌 바닷가가 아직도 그리운걸 보니, 이 영화의 여운은 평생 갈듯.. 사랑이 그리워지는 계절에 다시 한번 더 봐야지..",
    "date": "14.01.24",
    "rating": "10",
    "author": "only****",
    "review_id": "8418219",
    "movie_id": "10099"
  },
  {
    "review": "아름답고 스타일리쉬한 장면들과 음악 말고는 별로 볼 것 없다. 해변에서의 장면과 몬테카를로에서 파리로 가는 장면이 인상적임. 아이들의 감정에도 초점을 좀 맞춰줬으면 훨씬 공감대 형성이 쉬울듯",
    "date": "13.04.13",
    "rating": "7",
    "author": "sunw****",
    "review_id": "7455470",
    "movie_id": "10099"
  },
  {
    "review": "예쁘고 섬세한 미덕을 잃지 않는 진정한 사랑영화",
    "date": "13.02.22",
    "rating": "10",
    "author": "mary****",
    "review_id": "7290786",
    "movie_id": "10099"
  },
  {
    "review": "다바다바다바다바다 ♪",
    "date": "12.06.03",
    "rating": "10",
    "author": "xxc6****",
    "review_id": "6361488",
    "movie_id": "10099"
  },
  {
    "review": "초반의 흥미가 엔딩까지 유지되는 멜로",
    "date": "12.04.24",
    "rating": "8",
    "author": "guev****",
    "review_id": "6242625",
    "movie_id": "10099"
  },
  {
    "review": "컬러와 흑백의 교차와 OST가 돋보인 미망인 멜로 영화",
    "date": "12.02.11",
    "rating": "7",
    "author": "figh****",
    "review_id": "6068731",
    "movie_id": "10099"
  },
  {
    "review": "나에게 얹혀진 세월의 더께가 그들의 이야기를 조오금은- 이해할 수 있게 해주더라.",
    "date": "12.01.10",
    "rating": "7",
    "author": "spik****",
    "review_id": "5975524",
    "movie_id": "10099"
  },
  {
    "review": "별거 아닌 얘기를 이렇게 감상적이고 감각적으로 만드는 재주.",
    "date": "11.11.19",
    "rating": "7",
    "author": "hadl****",
    "review_id": "5857744",
    "movie_id": "10099"
  },
  {
    "review": "몽환적 다큐같은 고급 프랑스 멜로",
    "date": "11.05.03",
    "rating": "7",
    "author": "bbq2****",
    "review_id": "5403491",
    "movie_id": "10099"
  },
  {
    "review": "이런느낌의프랑스영화너무좋아하는1인... 흠잡을데가없다",
    "date": "10.12.04",
    "rating": "10",
    "author": "love****",
    "review_id": "5020543",
    "movie_id": "10099"
  },
  {
    "review": "영상과 음악이 어우러진 한편의 로망(Roman).",
    "date": "10.11.28",
    "rating": "9",
    "author": "kyj0****",
    "review_id": "5002641",
    "movie_id": "10099"
  },
  {
    "review": "지금의 눈으로는 식상하지만 내용, 영상미, 독특한 표현기법이 돋보임",
    "date": "10.08.07",
    "rating": "8",
    "author": "lllm****",
    "review_id": "4718596",
    "movie_id": "10099"
  },
  {
    "review": "사랑에 빠진 이의 눈빛 숨결 상념 손짓",
    "date": "10.06.09",
    "rating": "10",
    "author": "basi****",
    "review_id": "4553985",
    "movie_id": "10099"
  },
  {
    "review": "분위기 적응안된다",
    "date": "10.03.30",
    "rating": "6",
    "author": "yuye****",
    "review_id": "4397740",
    "movie_id": "10099"
  },
  {
    "review": "음악은 명품 영상은 매스티지 그 외는 2류",
    "date": "10.02.14",
    "rating": "6",
    "author": "blin****",
    "review_id": "4280215",
    "movie_id": "10099"
  },
  {
    "review": "개인적으로 잔잔한 영화 좋아하는데 이영화는 잔잔한게 아니라 지루하다",
    "date": "10.01.12",
    "rating": "3",
    "author": "yyr0****",
    "review_id": "4161308",
    "movie_id": "10099"
  },
  {
    "review": "79년이라는 개봉년도를 주목하라. 멜로의 교과서적인 작품.",
    "date": "09.10.30",
    "rating": "10",
    "author": "marc****",
    "review_id": "3925501",
    "movie_id": "10099"
  },
  {
    "review": "최고.....ㅠㅠ",
    "date": "09.09.19",
    "rating": "10",
    "author": "alic****",
    "review_id": "3839539",
    "movie_id": "10099"
  },
  {
    "review": "분위기에 빠져드는 영화...",
    "date": "09.05.24",
    "rating": "10",
    "author": "jmp0****",
    "review_id": "3518187",
    "movie_id": "10099"
  },
  {
    "review": "현대적이고 매력적인 한쌍,그러나 너무 고요해서 좀 그렇네",
    "date": "09.04.17",
    "rating": "7",
    "author": "ador****",
    "review_id": "3426373",
    "movie_id": "10099"
  },
  {
    "review": "예쁘다. 좋구나!",
    "date": "09.04.15",
    "rating": "9",
    "author": "5292****",
    "review_id": "3422517",
    "movie_id": "10099"
  },
  {
    "review": "대사보다는 영상과 음악으로 표현되는 그림같은영화(남자의독백장면!)",
    "date": "09.01.19",
    "rating": "9",
    "author": "k641****",
    "review_id": "3231488",
    "movie_id": "10099"
  },
  {
    "review": "잔잔함과 졸림의 경계에 있다. 피곤하지 않았다면 더 좋았을 것을.. ^^;",
    "date": "09.01.14",
    "rating": "8",
    "author": "kusa****",
    "review_id": "3221827",
    "movie_id": "10099"
  },
  {
    "review": "ost 영상미 분위기는 좋았다 하지만 너무 프랑스 스러운 지루함은 어쩔수 없다",
    "date": "09.01.04",
    "rating": "5",
    "author": "like****",
    "review_id": "3185501",
    "movie_id": "10099"
  },
  {
    "review": "하나의 \"시\" 같은 영화..",
    "date": "08.12.23",
    "rating": "10",
    "author": "pola****",
    "review_id": "3142653",
    "movie_id": "10099"
  },
  {
    "review": "쌈바로 도 충분했다.",
    "date": "08.11.27",
    "rating": "10",
    "author": "osos****",
    "review_id": "3075847",
    "movie_id": "10099"
  },
  {
    "review": "프랑스영화도 예전엔이런영화가있었군요 !",
    "date": "08.11.16",
    "rating": "10",
    "author": "staa****",
    "review_id": "3053766",
    "movie_id": "10099"
  },
  {
    "review": "아름답다. 10점 이상 주고 싶다.",
    "date": "08.11.07",
    "rating": "10",
    "author": "neya****",
    "review_id": "3038586",
    "movie_id": "10099"
  },
  {
    "review": "로맨스 영화의 진수. 수식어가 필요없는 진짜 영화",
    "date": "08.10.29",
    "rating": "10",
    "author": "tcgc****",
    "review_id": "3026034",
    "movie_id": "10099"
  },
  {
    "review": "러브스토리보다는 엉뚱하게도 카체이스의 박력이 톰크루즈의 폭풍의 질주이상인 영화.",
    "date": "08.10.19",
    "rating": "8",
    "author": "baks****",
    "review_id": "3007725",
    "movie_id": "10099"
  },
  {
    "review": "제가아직어려서잘은이해하지못했지만,달콤한영화였습니다",
    "date": "08.08.23",
    "rating": "10",
    "author": "azum****",
    "review_id": "2895584",
    "movie_id": "10099"
  },
  {
    "review": "40여 년이 지난 지금도 약발이 가는 프랑스 로맨티시즘의 정수.",
    "date": "08.07.22",
    "rating": "9",
    "author": "blac****",
    "review_id": "2793181",
    "movie_id": "10099"
  },
  {
    "review": "걍 만점준다",
    "date": "08.06.29",
    "rating": "10",
    "author": "kdr2****",
    "review_id": "2729854",
    "movie_id": "10099"
  },
  {
    "review": "한없이 잔잔한,. 그리고 감미로운.",
    "date": "08.06.26",
    "rating": "10",
    "author": "cran****",
    "review_id": "2720930",
    "movie_id": "10099"
  },
  {
    "review": "근데 어디서 보라는거야? 프랑스 대사관?",
    "date": "08.05.29",
    "rating": "10",
    "author": "paul****",
    "review_id": "2668978",
    "movie_id": "10099"
  },
  {
    "review": "동병상련의 남과여가 함께 만들어가는 '과거극복 아픔 치유기'",
    "date": "08.05.20",
    "rating": "7",
    "author": "tekk****",
    "review_id": "2653539",
    "movie_id": "10099"
  },
  {
    "review": "지루한 영화가 아니다.. 꼭봐라..",
    "date": "08.05.10",
    "rating": "10",
    "author": "newj****",
    "review_id": "2629131",
    "movie_id": "10099"
  },
  {
    "review": "음악과 장면장면에서 눈을땔수없었떤 영화",
    "date": "08.03.17",
    "rating": "10",
    "author": "2bol****",
    "review_id": "2525137",
    "movie_id": "10099"
  },
  {
    "review": "지난날의 향수와 함께 귀에 익은 음악이 정겹다.",
    "date": "08.01.19",
    "rating": "10",
    "author": "inse****",
    "review_id": "2345234",
    "movie_id": "10099"
  },
  {
    "review": "난 그냥 그렇던데, 쉽게 사랑한다 말하면 싫어.",
    "date": "07.12.20",
    "rating": "5",
    "author": "good****",
    "review_id": "2248862",
    "movie_id": "10099"
  },
  {
    "review": "사랑영화가 이정도는 되야지.",
    "date": "07.09.24",
    "rating": "10",
    "author": "jury****",
    "review_id": "2043210",
    "movie_id": "10099"
  },
  {
    "review": "음악,영상,스토리 모두 최고.",
    "date": "07.05.28",
    "rating": "10",
    "author": "naeg****",
    "review_id": "1669635",
    "movie_id": "10099"
  },
  {
    "review": "음악만으로도 충분하지 않은가",
    "date": "07.04.15",
    "rating": "9",
    "author": "nala****",
    "review_id": "1590523",
    "movie_id": "10099"
  },
  {
    "review": "한폭의 수채화를 보는듯한 느낌",
    "date": "07.03.19",
    "rating": "10",
    "author": "hyli****",
    "review_id": "1543633",
    "movie_id": "10099"
  },
  {
    "review": "한 마디로... 명작이구나.",
    "date": "07.03.17",
    "rating": "10",
    "author": "qwer****",
    "review_id": "1538720",
    "movie_id": "10099"
  },
  {
    "review": "망원렌즈의 향연.. 그림 같을 수 밖에. 아아, 뭉클~!",
    "date": "07.03.03",
    "rating": "9",
    "author": "m60d****",
    "review_id": "1515801",
    "movie_id": "10099"
  },
  {
    "review": "으악 1점 만들지마",
    "date": "07.02.06",
    "rating": "10",
    "author": "taba****",
    "review_id": "1449949",
    "movie_id": "10099"
  },
  {
    "review": "1점만들래 ㅋㅋ",
    "date": "07.02.02",
    "rating": "1",
    "author": "ysh5****",
    "review_id": "1436504",
    "movie_id": "10099"
  },
  {
    "review": "잊을 수 없는 명작",
    "date": "07.01.22",
    "rating": "10",
    "author": "zeed****",
    "review_id": "1404264",
    "movie_id": "10099"
  },
  {
    "review": "한폭의 수채화를 보는 듯한 잊을 수 없는 명작",
    "date": "07.01.20",
    "rating": "9",
    "author": "okjo****",
    "review_id": "1400895",
    "movie_id": "10099"
  },
  {
    "review": "한편의 시같은 영상.. 대사 하나하나가 기억에 남는 영화",
    "date": "06.12.16",
    "rating": "10",
    "author": "iren****",
    "review_id": "1295396",
    "movie_id": "10099"
  },
  {
    "review": "한동안 이 영화의 배경과 분위기, ost에 빠져 살았다.",
    "date": "06.08.15",
    "rating": "10",
    "author": "prye****",
    "review_id": "1037906",
    "movie_id": "10099"
  },
  {
    "review": "시간과 풍경과 음악을 알려준 영화, 그리고 허무한 사랑",
    "date": "05.12.17",
    "rating": "10",
    "author": "neda****",
    "review_id": "510535",
    "movie_id": "10099"
  },
  {
    "review": "우리가잊을수없는샹송을이영화는들려준다",
    "date": "05.07.25",
    "rating": "8",
    "author": "izzo****",
    "review_id": "333033",
    "movie_id": "10099"
  },
  {
    "review": "이 영화를 생각하면 가슴이 아른거린다...",
    "date": "04.09.28",
    "rating": "10",
    "author": "jetr****",
    "review_id": "116111",
    "movie_id": "10099"
  },
  {
    "review": "이 영화 정말 사랑스럽다.",
    "date": "04.09.23",
    "rating": "10",
    "author": "rain****",
    "review_id": "113246",
    "movie_id": "10099"
  }
]