[
  {
    "review_id": "10221330",
    "movie_id": "100977",
    "author": "luck****",
    "review": "어린이 영화답게 단순한 내용이다.",
    "rating": "8",
    "date": "15.08.12"
  },
  {
    "review_id": "10149614",
    "movie_id": "100977",
    "author": "kmy2****",
    "review": "아이들과. 재미있게 잘봤습니다",
    "rating": "8",
    "date": "15.07.27"
  },
  {
    "review_id": "10016427",
    "movie_id": "100977",
    "author": "loos****",
    "review": "캐릭터가재밌어요~  성우더빙도좋구요^^  자녀들에게꼭보여주세요!",
    "rating": "9",
    "date": "15.06.20"
  },
  {
    "review_id": "9903240",
    "movie_id": "100977",
    "author": "moon****",
    "review": "재미있습니다. 아이들과 다시 보았는데 좋아하더라고요",
    "rating": "10",
    "date": "15.05.08"
  },
  {
    "review_id": "9877310",
    "movie_id": "100977",
    "author": "limh****",
    "review": "나머지 반쪽무뉘를 찾아 떠나는 꿈바가 멋있었어요",
    "rating": "9",
    "date": "15.04.29"
  },
  {
    "review_id": "9777708",
    "movie_id": "100977",
    "author": "kw24****",
    "review": "얘들이보기에는 약간 무서운 내용이네요",
    "rating": "7",
    "date": "15.03.13"
  },
  {
    "review_id": "9755904",
    "movie_id": "100977",
    "author": "omd4****",
    "review": "쿰바캐릭터가 약한데다 스토리도 엉성해서 이런류의 영화는 감동하려고 작정을 하고 보는데도 약간 지루했어요. 딸애도 간만에 지루했다고....^^",
    "rating": "7",
    "date": "15.03.04"
  },
  {
    "review_id": "9748912",
    "movie_id": "100977",
    "author": "m001****",
    "review": "아이와 함께 관람..조금 스토리가 지루합니다",
    "rating": "8",
    "date": "15.03.01"
  },
  {
    "review_id": "9747650",
    "movie_id": "100977",
    "author": "sni_****",
    "review": "내용이부족한영화, 재미요소부족",
    "rating": "6",
    "date": "15.02.28"
  },
  {
    "review_id": "9735036",
    "movie_id": "100977",
    "author": "land****",
    "review": "마음 따뜻해지는 이야기",
    "rating": "7",
    "date": "15.02.24"
  },
  {
    "review_id": "9734759",
    "movie_id": "100977",
    "author": "d3fk****",
    "review": "재미있는 영화였습니다. 항상 즐거움이 여러분들안에 가득하기를 바라는 영화",
    "rating": "9",
    "date": "15.02.24"
  },
  {
    "review_id": "9702848",
    "movie_id": "100977",
    "author": "cine****",
    "review": "goood 기대했던 것 이상입니다.",
    "rating": "9",
    "date": "15.02.16"
  },
  {
    "review_id": "9696467",
    "movie_id": "100977",
    "author": "pase****",
    "review": "아들이랑 같이봤는데 재밌어요",
    "rating": "8",
    "date": "15.02.14"
  },
  {
    "review_id": "9653621",
    "movie_id": "100977",
    "author": "tjsn****",
    "review": "지루하지 않게 신나게 본거같아요",
    "rating": "6",
    "date": "15.01.31"
  },
  {
    "review_id": "9627643",
    "movie_id": "100977",
    "author": "rapa****",
    "review": "아이들과 함께 봤었는데 재미있었어요. ^^",
    "rating": "8",
    "date": "15.01.23"
  },
  {
    "review_id": "9616835",
    "movie_id": "100977",
    "author": "jcom****",
    "review": "재미있습니다.교육용으로  좋네요.재미와 교육  두가지  다 잡았네요.",
    "rating": "9",
    "date": "15.01.20"
  },
  {
    "review_id": "9605193",
    "movie_id": "100977",
    "author": "kim4****",
    "review": "반쪽무늬 얼룩말 좋아요",
    "rating": "5",
    "date": "15.01.17"
  },
  {
    "review_id": "9604744",
    "movie_id": "100977",
    "author": "lubo****",
    "review": "즐겁게신나게보았습니다.",
    "rating": "8",
    "date": "15.01.17"
  },
  {
    "review_id": "9593139",
    "movie_id": "100977",
    "author": "lhri****",
    "review": "동심으로 돌아갈 수있는 유쾌한 영화",
    "rating": "10",
    "date": "15.01.14"
  },
  {
    "review_id": "9542061",
    "movie_id": "100977",
    "author": "bhs7****",
    "review": "쿰바처럼 멋잇게 살아라ㅋㅋㅋ잼있었어요",
    "rating": "10",
    "date": "14.12.31"
  },
  {
    "review_id": "9537883",
    "movie_id": "100977",
    "author": "eunb****",
    "review": "쿰바 !! 아이가 넘 좋아했어요~~~",
    "rating": "9",
    "date": "14.12.30"
  },
  {
    "review_id": "9535686",
    "movie_id": "100977",
    "author": "jes1****",
    "review": "나름 교훈적 이 였습니다",
    "rating": "8",
    "date": "14.12.29"
  },
  {
    "review_id": "9475732",
    "movie_id": "100977",
    "author": "nurs****",
    "review": "아이들에게  다름이란 개념을 확실히 알려줄수있는영화였어요 근데 뭔가 구성은 좀 허술해보인다는",
    "rating": "5",
    "date": "14.12.15"
  },
  {
    "review_id": "9466094",
    "movie_id": "100977",
    "author": "mini****",
    "review": "가족과 즐겁게 볼 수 있는 영화.",
    "rating": "10",
    "date": "14.12.11"
  },
  {
    "review_id": "9440874",
    "movie_id": "100977",
    "author": "dudw****",
    "review": "재밋엇어요ㅎ 볼만합니닿",
    "rating": "6",
    "date": "14.12.02"
  },
  {
    "review_id": "9357608",
    "movie_id": "100977",
    "author": "aled****",
    "review": "내가본 한국영화중 단연 최고!!!",
    "rating": "10",
    "date": "14.11.08"
  },
  {
    "review_id": "9344738",
    "movie_id": "100977",
    "author": "zini****",
    "review": "아이가 좋아하긴 했지만 그닥 impact가 있지는 않았던...",
    "rating": "5",
    "date": "14.11.06"
  },
  {
    "review_id": "9342625",
    "movie_id": "100977",
    "author": "nunu****",
    "review": "딱히 재미는 별로...",
    "rating": "4",
    "date": "14.11.05"
  },
  {
    "review_id": "9312867",
    "movie_id": "100977",
    "author": "ddoo****",
    "review": "뜻깊고 좋은 영화입니다",
    "rating": "7",
    "date": "14.10.24"
  },
  {
    "review_id": "9309287",
    "movie_id": "100977",
    "author": "sain****",
    "review": "아이들이 좋아했아요 둘만들여보냈는데...",
    "rating": "8",
    "date": "14.10.23"
  },
  {
    "review_id": "9303074",
    "movie_id": "100977",
    "author": "ikka****",
    "review": "아이들이랑 재미있게 봤어요~^^",
    "rating": "10",
    "date": "14.10.19"
  },
  {
    "review_id": "9302601",
    "movie_id": "100977",
    "author": "bati****",
    "review": "재밌었어요~ 딸이 넘 집중해서 저도 재밌게 봤네요.감동도 교훈도 있어 좋았어요^^",
    "rating": "9",
    "date": "14.10.19"
  },
  {
    "review_id": "9289814",
    "movie_id": "100977",
    "author": "spoo****",
    "review": "조아조아조아조아조아조아조아조아",
    "rating": "10",
    "date": "14.10.13"
  },
  {
    "review_id": "9279965",
    "movie_id": "100977",
    "author": "ssys****",
    "review": "그냥 볼만하긴한데 별 내용이 없다. 그닥 큰 모험이 있는것도 아니고 러닝타임도 짧은편.기승전결에서 전이 부족하다",
    "rating": "5",
    "date": "14.10.10"
  },
  {
    "review_id": "9275259",
    "movie_id": "100977",
    "author": "hoho****",
    "review": "어른이 보기엔 약간의 지루함감 있었지만 7세미만 아이들이 보기에는 부성애와 모성애를 느낄수 있는감동이전해지는 영화같다",
    "rating": "8",
    "date": "14.10.08"
  },
  {
    "review_id": "9271887",
    "movie_id": "100977",
    "author": "dhwl****",
    "review": "흥미로웠습니다....",
    "rating": "9",
    "date": "14.10.07"
  },
  {
    "review_id": "9265548",
    "movie_id": "100977",
    "author": "ejpa****",
    "review": "지루하였지만 애들은좋아함",
    "rating": "8",
    "date": "14.10.05"
  },
  {
    "review_id": "9264075",
    "movie_id": "100977",
    "author": "chin****",
    "review": "좋아요진짜진짜진짜진짜진짜",
    "rating": "10",
    "date": "14.10.04"
  },
  {
    "review_id": "9261681",
    "movie_id": "100977",
    "author": "audd****",
    "review": "잼있네요 아들이 잼있어해요^^",
    "rating": "8",
    "date": "14.10.04"
  },
  {
    "review_id": "9259678",
    "movie_id": "100977",
    "author": "ar14****",
    "review": "남들과 똑같이 되야 좋은게 아니라는걸 알게되고 본인만의 특별함을 알려준것같아 좋아요~~",
    "rating": "7",
    "date": "14.10.03"
  },
  {
    "review_id": "9259644",
    "movie_id": "100977",
    "author": "iron****",
    "review": "아이랑 보기 좋았지만 어른은 조금 지루했어여",
    "rating": "8",
    "date": "14.10.03"
  },
  {
    "review_id": "9259325",
    "movie_id": "100977",
    "author": "sais****",
    "review": "앞부분은 조금 지루했지만 좋은 교훈이 있었다",
    "rating": "8",
    "date": "14.10.03"
  },
  {
    "review_id": "9258293",
    "movie_id": "100977",
    "author": "kkjj****",
    "review": "잼써용ㅎㅎ아이람즐건시간ㅎ",
    "rating": "10",
    "date": "14.10.03"
  },
  {
    "review_id": "9257235",
    "movie_id": "100977",
    "author": "babu****",
    "review": "^^즐겁게 봤어요. 감동도 있구요",
    "rating": "8",
    "date": "14.10.03"
  },
  {
    "review_id": "9257154",
    "movie_id": "100977",
    "author": "tpal****",
    "review": "아이들에 맞게 잘 만든것 같아요^그런데 내용이 너무 산만한것 같아요",
    "rating": "7",
    "date": "14.10.03"
  },
  {
    "review_id": "9254484",
    "movie_id": "100977",
    "author": "cibe****",
    "review": "For some reason, my 5 year old daughter wasn't immersed in the film like other \"better\" movies like Frozen.",
    "rating": "7",
    "date": "14.10.02"
  },
  {
    "review_id": "9254034",
    "movie_id": "100977",
    "author": "maae****",
    "review": "너무재미있게봤어요 교훈도있었고 좋네요",
    "rating": "10",
    "date": "14.10.02"
  },
  {
    "review_id": "9253684",
    "movie_id": "100977",
    "author": "alfk****",
    "review": "아이들은 재밌었대요.. 전 그냥 무난했어요^^",
    "rating": "7",
    "date": "14.10.02"
  },
  {
    "review_id": "9253497",
    "movie_id": "100977",
    "author": "geno****",
    "review": "그냥저냥....그냥 그랬어요~내용도 엉성하고...어설프게 디즈니같은 노래도 조금들어가있고...그냥그랬어요~",
    "rating": "7",
    "date": "14.10.02"
  },
  {
    "review_id": "9252793",
    "movie_id": "100977",
    "author": "dola****",
    "review": "애들이 자기자신에게 만족하고 삶에 가치를 향해 노력할 수 있게 도와주는 영화",
    "rating": "8",
    "date": "14.10.01"
  },
  {
    "review_id": "9251700",
    "movie_id": "100977",
    "author": "rina****",
    "review": "감동그자체예요감동그자체",
    "rating": "10",
    "date": "14.10.01"
  },
  {
    "review_id": "9250321",
    "movie_id": "100977",
    "author": "kokh****",
    "review": "재미있었으나,아이들이 지루해 하네요",
    "rating": "8",
    "date": "14.09.30"
  },
  {
    "review_id": "9249300",
    "movie_id": "100977",
    "author": "kalr****",
    "review": "애기가 좀 지루해 합니다",
    "rating": "2",
    "date": "14.09.29"
  },
  {
    "review_id": "9246984",
    "movie_id": "100977",
    "author": "pami****",
    "review": "어린이들과 보기 딱 좋은 영화예요음악도 좋고 쬐금 무서워서 어린아이들은보호자와 보세요",
    "rating": "10",
    "date": "14.09.28"
  },
  {
    "review_id": "9246380",
    "movie_id": "100977",
    "author": "hong****",
    "review": "엉망재미가하나도없음ㅂ돈아까워",
    "rating": "1",
    "date": "14.09.28"
  },
  {
    "review_id": "9246145",
    "movie_id": "100977",
    "author": "vess****",
    "review": "잼있고애들도 좋아하네요",
    "rating": "8",
    "date": "14.09.28"
  },
  {
    "review_id": "9244354",
    "movie_id": "100977",
    "author": "newl****",
    "review": "아이들은 잼있는 영화♡♡",
    "rating": "8",
    "date": "14.09.27"
  },
  {
    "review_id": "9234255",
    "movie_id": "100977",
    "author": "jins****",
    "review": "좋아요~애기가 참 좋아했어요~",
    "rating": "8",
    "date": "14.09.22"
  },
  {
    "review_id": "9229195",
    "movie_id": "100977",
    "author": "juli****",
    "review": "아이들이 보기 좋은 영화",
    "rating": "7",
    "date": "14.09.20"
  },
  {
    "review_id": "9229042",
    "movie_id": "100977",
    "author": "youn****",
    "review": "약간 지루한 점이 있지만.볼만 했어요",
    "rating": "6",
    "date": "14.09.20"
  },
  {
    "review_id": "9222203",
    "movie_id": "100977",
    "author": "pret****",
    "review": "재미 있었어요~ 아이도 재미있었데요",
    "rating": "10",
    "date": "14.09.18"
  },
  {
    "review_id": "9220771",
    "movie_id": "100977",
    "author": "imp3****",
    "review": "쿰바..생각보다 재미있네요..쿰바의 진정한 모험심이  자신의 특별한 몸이 얼마나 소중한것인지..삼남매 모두 쿰바의 모험심에 진한 감동을..위급한 상황에 눈물을 흘리기도 했구요...추석연휴동안 엄마..아빠..아이들과 함께할 수 있는 그런시간이었네요..",
    "rating": "8",
    "date": "14.09.17"
  },
  {
    "review_id": "9219950",
    "movie_id": "100977",
    "author": "lcy8****",
    "review": "우리막내랑 재밋게봣어요~",
    "rating": "10",
    "date": "14.09.16"
  },
  {
    "review_id": "9219796",
    "movie_id": "100977",
    "author": "ksj0****",
    "review": "아들이 재미있었대요^^",
    "rating": "8",
    "date": "14.09.16"
  },
  {
    "review_id": "9219120",
    "movie_id": "100977",
    "author": "hane****",
    "review": "아이들과 보기에 정말 좋은 영화네요. 아이들에게 교훈도 주고 더불아 사는 법을 알려주는 영화.",
    "rating": "9",
    "date": "14.09.16"
  },
  {
    "review_id": "9219092",
    "movie_id": "100977",
    "author": "jaba****",
    "review": "아이들과 함께 봤는데 어른들이 더 신나서 웃고 즐기며 봤던거같아요~~~~^^",
    "rating": "10",
    "date": "14.09.16"
  },
  {
    "review_id": "9217759",
    "movie_id": "100977",
    "author": "cabb****",
    "review": "기대에 비해 괜찮았어요...줄거리보단 동물들 특성이 재미있었습니다다만 중심동물말고 다른동물들애 대해 좀더 섬세하게 표현해주면 더 좋았겠다는 생각했어요",
    "rating": "8",
    "date": "14.09.15"
  },
  {
    "review_id": "9214293",
    "movie_id": "100977",
    "author": "tmdd****",
    "review": "쿰바 반쪽무닉얼룩말을 보고왔어ㅇ?ㄷ 전주메가박스에서요  아이들한테 참 조은 영ㅎ?다라고 생각댑니다 꼭  한번 보세ㅇ?ㄷ  강추입니다",
    "rating": "8",
    "date": "14.09.14"
  },
  {
    "review_id": "9213362",
    "movie_id": "100977",
    "author": "bibi****",
    "review": "아이들이 보고 재미를 느끼기에는 너무 지루하고.영화가 끝나기까지 앉아서 보기 힘든영화였다.",
    "rating": "2",
    "date": "14.09.14"
  },
  {
    "review_id": "9213316",
    "movie_id": "100977",
    "author": "psj8****",
    "review": "장황하고스토리가밋밋해애들이집중하지못하네요ㅡㅡ",
    "rating": "7",
    "date": "14.09.14"
  },
  {
    "review_id": "9212253",
    "movie_id": "100977",
    "author": "qogn****",
    "review": "6살딸아이랑 같이봤습니다 다양한동물들이 나와서 볼만했지만 스토리나 음악이 좀 부족한듯보였어요 아이랑보는영화인만큼 아이가잼있어하면 땡큐임 ㅋ",
    "rating": "6",
    "date": "14.09.14"
  },
  {
    "review_id": "9211921",
    "movie_id": "100977",
    "author": "shan****",
    "review": "흥미롭고 가슴 뭉클해요.",
    "rating": "10",
    "date": "14.09.13"
  },
  {
    "review_id": "9211286",
    "movie_id": "100977",
    "author": "hrgi****",
    "review": "쿰바는 누구나 한가지의 약점을 가지고 태어나 현대인의 자화상이다 . 세상이 복잡하고 거칠때 쿰바는 긍정적인 마음으로 좌절하지 않고 포기하지 않고 여러 난관을 극복하고 자신만을 위한것이 아니라 여러사람의 일을 위한 것을 해낸다.",
    "rating": "10",
    "date": "14.09.13"
  },
  {
    "review_id": "9211270",
    "movie_id": "100977",
    "author": "sunh****",
    "review": "아이들이 보기에는 괜찮은 영화에요. 3D로 봤으면 좋았을걸...",
    "rating": "9",
    "date": "14.09.13"
  },
  {
    "review_id": "9210942",
    "movie_id": "100977",
    "author": "happ****",
    "review": "흠... 내용이... 그닥...ㅡㅡ",
    "rating": "6",
    "date": "14.09.13"
  },
  {
    "review_id": "9209643",
    "movie_id": "100977",
    "author": "mina****",
    "review": "스토리빈약 이도저도아닌 그러나 애들은 좋아함",
    "rating": "2",
    "date": "14.09.13"
  },
  {
    "review_id": "9209617",
    "movie_id": "100977",
    "author": "swww****",
    "review": "아이랑보기 정말좋습니다 잘밨습니다",
    "rating": "10",
    "date": "14.09.13"
  },
  {
    "review_id": "9208695",
    "movie_id": "100977",
    "author": "jwj7****",
    "review": "아이가 좋아하네요. 10세가 보기엔 조금 유치하다는....",
    "rating": "8",
    "date": "14.09.12"
  },
  {
    "review_id": "9208287",
    "movie_id": "100977",
    "author": "eun_****",
    "review": "애들이 너무 재밌다고 좋아했어요",
    "rating": "8",
    "date": "14.09.12"
  },
  {
    "review_id": "9207601",
    "movie_id": "100977",
    "author": "2243****",
    "review": "생각보다는..영화보는 동안 지루했네요..아이들은 잠도 자고 그랬어요..",
    "rating": "7",
    "date": "14.09.12"
  },
  {
    "review_id": "9207595",
    "movie_id": "100977",
    "author": "kong****",
    "review": "기대했던것보다 재미가없네요 아이가 좀 재미없데요",
    "rating": "9",
    "date": "14.09.12"
  },
  {
    "review_id": "9207576",
    "movie_id": "100977",
    "author": "acid****",
    "review": "메시지가 정말 특별한 영화! 강추합니당~",
    "rating": "10",
    "date": "14.09.12"
  },
  {
    "review_id": "9207558",
    "movie_id": "100977",
    "author": "cw04****",
    "review": "초등 1학년 아이가 재미있다네요",
    "rating": "9",
    "date": "14.09.12"
  },
  {
    "review_id": "9207454",
    "movie_id": "100977",
    "author": "2399****",
    "review": "조카랑 봤는데 볼만했어요쿰바의 외로움이 용기가 되어 모두에게 행복을 준 영화네요ㅋ 조카는 호랑이가 무섭다고 울구불구ㅋㅋ",
    "rating": "10",
    "date": "14.09.12"
  },
  {
    "review_id": "9207338",
    "movie_id": "100977",
    "author": "jun_****",
    "review": "애들이 재밌데요. 좀 지루하긴 했데요",
    "rating": "5",
    "date": "14.09.12"
  },
  {
    "review_id": "9207245",
    "movie_id": "100977",
    "author": "mana****",
    "review": "괜찮은 영화 였어요. 기대를 좀 해서 몰입도가 떨어진거 빼고는요. 어린 아들은 잘보내요.",
    "rating": "7",
    "date": "14.09.12"
  },
  {
    "review_id": "9205609",
    "movie_id": "100977",
    "author": "happ****",
    "review": "그렇게 재미있지도 없지도 않았던 영화였어여",
    "rating": "7",
    "date": "14.09.11"
  },
  {
    "review_id": "9204992",
    "movie_id": "100977",
    "author": "yang****",
    "review": "캐릭터, 내용 만족합니다하지만 조금 지루한 감이 있어서 별 3개 ^^",
    "rating": "6",
    "date": "14.09.11"
  },
  {
    "review_id": "9204661",
    "movie_id": "100977",
    "author": "lees****",
    "review": "아이와 재밌게 보았네요",
    "rating": "8",
    "date": "14.09.11"
  },
  {
    "review_id": "9204200",
    "movie_id": "100977",
    "author": "amat****",
    "review": "평범한 내용이었지만  아이들은 무난히 볼만했겠다고 보인다",
    "rating": "6",
    "date": "14.09.11"
  },
  {
    "review_id": "9204179",
    "movie_id": "100977",
    "author": "econ****",
    "review": "아이들과 다녀왔는데 어른들에게는 뻔한 내용이지만 아이들의 몰입도는 훌륭했음디즈니에 길들여진 만화수준으로 봐서는 만족도가 약한편임",
    "rating": "8",
    "date": "14.09.11"
  },
  {
    "review_id": "9202728",
    "movie_id": "100977",
    "author": "bpea****",
    "review": "성인에겐 뭔가 긴장감을 주는 요소는  덜한 것 같네요. 전체관람가이긴 한데, 9살난 아들을 비롯해 딸둘은 무서워하고 재미없어 하는 편입니다.",
    "rating": "6",
    "date": "14.09.11"
  },
  {
    "review_id": "9201974",
    "movie_id": "100977",
    "author": "taij****",
    "review": "아이들에게 보여 주기에 좋은것 같아요",
    "rating": "9",
    "date": "14.09.10"
  },
  {
    "review_id": "9199962",
    "movie_id": "100977",
    "author": "kkec****",
    "review": "아이들과 재미있게 잘 보고왔네요~^^재미있다고 또 보고싶다고~~",
    "rating": "9",
    "date": "14.09.10"
  },
  {
    "review_id": "9199865",
    "movie_id": "100977",
    "author": "jymj****",
    "review": "마지막 구성이 좀 시시해요ㅜ",
    "rating": "7",
    "date": "14.09.10"
  },
  {
    "review_id": "9199558",
    "movie_id": "100977",
    "author": "eye2****",
    "review": "동물도 많이 나오고 아이들 보기에 잼나네요",
    "rating": "8",
    "date": "14.09.10"
  },
  {
    "review_id": "9199549",
    "movie_id": "100977",
    "author": "wmfr****",
    "review": "마지막에 표범죽을때ㅡ슬펐어요",
    "rating": "10",
    "date": "14.09.10"
  },
  {
    "review_id": "9199420",
    "movie_id": "100977",
    "author": "hjin****",
    "review": "가슴 따뜻했던  이야기였답니다",
    "rating": "10",
    "date": "14.09.10"
  },
  {
    "review_id": "9198891",
    "movie_id": "100977",
    "author": "bjki****",
    "review": "아이가 좋아하네요． 눈물 도 찔금 흘렸네요",
    "rating": "9",
    "date": "14.09.10"
  },
  {
    "review_id": "9198768",
    "movie_id": "100977",
    "author": "boda****",
    "review": "4세 아이랑 같이 봤는데 재미있어했어요. 내용이 거칠지 않고 무난한 편이었고요. 그래서 어른은 그닥 재미없다는...ㅎ .",
    "rating": "7",
    "date": "14.09.10"
  }
]