[
  {
    "review_id": "10246545",
    "movie_id": "100987",
    "author": "jung****",
    "review": "주인공 : 야 저  새끼들  왜 싸우냐",
    "rating": "3",
    "date": "15.08.17"
  },
  {
    "review_id": "10188542",
    "movie_id": "100987",
    "author": "bhjb****",
    "review": "너무좋네요 역시굿입니다 짱~",
    "rating": "10",
    "date": "15.08.05"
  },
  {
    "review_id": "10169393",
    "movie_id": "100987",
    "author": "yco1****",
    "review": "ㅋ그냥그냥 칼랑타임용",
    "rating": "9",
    "date": "15.08.01"
  },
  {
    "review_id": "10168663",
    "movie_id": "100987",
    "author": "jhh9****",
    "review": "이거 보지말고 1998년도에나온 고질라 보세요 그래픽이 조금은 딸리지만 이거보단 2000만배는 더나음",
    "rating": "3",
    "date": "15.08.01"
  },
  {
    "review_id": "10143421",
    "movie_id": "100987",
    "author": "ssha****",
    "review": "CG비용 아낄려고 그랬나.   고질라,무토가  밤에 계속 나와서 어두운 화면에 제대로 보이지도 않음.  보다가  짜증남.",
    "rating": "4",
    "date": "15.07.25"
  },
  {
    "review_id": "10138891",
    "movie_id": "100987",
    "author": "aeon****",
    "review": "고질라 내면연기가 여느 등장인물보다 나았음. 입금되서 그런지 몸도 제대로 만들어옴.",
    "rating": "9",
    "date": "15.07.24"
  },
  {
    "review_id": "10133099",
    "movie_id": "100987",
    "author": "chon****",
    "review": "본격 근친상간하는 영화",
    "rating": "7",
    "date": "15.07.23"
  },
  {
    "review_id": "10122994",
    "movie_id": "100987",
    "author": "mool****",
    "review": "너무 어두워서  뭐가 뭔지 ..",
    "rating": "1",
    "date": "15.07.20"
  },
  {
    "review_id": "10121755",
    "movie_id": "100987",
    "author": "jcm0****",
    "review": "더 주고 싶은데 고질라가 14분 나와",
    "rating": "8",
    "date": "15.07.19"
  },
  {
    "review_id": "10110112",
    "movie_id": "100987",
    "author": "wkdd****",
    "review": "고질라10몇분만나옴",
    "rating": "1",
    "date": "15.07.16"
  },
  {
    "review_id": "10108886",
    "movie_id": "100987",
    "author": "yaho****",
    "review": "미국이 만든 고질라보다는 재미가 없었다. 하지만 무토가 나오는는 장면은 확실히 인상깊었다. 그리고 초반부분은 왜 영화에 포함되어 있는지 잘 모르겠다.",
    "rating": "7",
    "date": "15.07.16"
  },
  {
    "review_id": "10104471",
    "movie_id": "100987",
    "author": "alan****",
    "review": "고질라가 왜 인간을 돕냐 라면서 1점 때리는 인간들은 이 영화의 취지를 이해 못한거다 인간은 자연재해(무토)앞에서는 결국 무력한 존재이며 자연(생태계)은 자연재해(무토)로 인해 입은 피해를 스스로(고질라)를 통해 회복한다는 것 이게 이 영화의 취지다",
    "rating": "10",
    "date": "15.07.14"
  },
  {
    "review_id": "10080696",
    "movie_id": "100987",
    "author": "ckmi****",
    "review": "아 영화관에서 볼걸 초반은 좀 지루하지만 고질라 나오면서 재밌다",
    "rating": "8",
    "date": "15.07.08"
  },
  {
    "review_id": "10078646",
    "movie_id": "100987",
    "author": "iss2****",
    "review": "생각보다 괜찮았 ㅋㅋ 스케일도 크고 지루하지도 않았다.. 엘리자베스 올슨은 역시 이쁘군",
    "rating": "7",
    "date": "15.07.07"
  },
  {
    "review_id": "10076864",
    "movie_id": "100987",
    "author": "whia****",
    "review": "지루....하다가 괴수들이 나오는 장면들은 흥미진진~ 고질라가 왜 도와주는지도 궁금하지만 줄리엣 비노쉬가 왜 나왔는지도 궁금하다",
    "rating": "6",
    "date": "15.07.06"
  },
  {
    "review_id": "10071337",
    "movie_id": "100987",
    "author": "kumi****",
    "review": "주인공이 장군도 아닌데... 자기 맘대로네요. 행동에 개연성도 없고... 하지만, 고질라이니까 그걸로 봤네요.",
    "rating": "6",
    "date": "15.07.05"
  },
  {
    "review_id": "10066183",
    "movie_id": "100987",
    "author": "ksk5****",
    "review": "예고편은 정말 명작이다... 영화도 재밌구요 물론",
    "rating": "9",
    "date": "15.07.03"
  },
  {
    "review_id": "10065406",
    "movie_id": "100987",
    "author": "i971****",
    "review": "고질라는 일본놈들이 만들어야 정상....",
    "rating": "1",
    "date": "15.07.03"
  },
  {
    "review_id": "10056271",
    "movie_id": "100987",
    "author": "schw****",
    "review": "이거나 용가리나 다른게 뭐냐?",
    "rating": "6",
    "date": "15.06.30"
  },
  {
    "review_id": "10038689",
    "movie_id": "100987",
    "author": "j_fa****",
    "review": "고질라 레이저 빔 슈슈슈슛",
    "rating": "3",
    "date": "15.06.26"
  },
  {
    "review_id": "10000642",
    "movie_id": "100987",
    "author": "gabr****",
    "review": "별 1개가 아깝다 ...시작부터 끝까지 어수선...",
    "rating": "1",
    "date": "15.06.14"
  },
  {
    "review_id": "9997331",
    "movie_id": "100987",
    "author": "indo****",
    "review": "재미있었는데 평점이 낮네",
    "rating": "10",
    "date": "15.06.13"
  },
  {
    "review_id": "9993781",
    "movie_id": "100987",
    "author": "mst8****",
    "review": "아이들과 별기대없이 봤지만 흥미진진 스펙타클하면서도 재미있는영화다.ㅎㅎ",
    "rating": "10",
    "date": "15.06.12"
  },
  {
    "review_id": "9974800",
    "movie_id": "100987",
    "author": "ghtk****",
    "review": "무토가 박쥐라면 고질라 메르스어떡해..",
    "rating": "8",
    "date": "15.06.04"
  },
  {
    "review_id": "9962829",
    "movie_id": "100987",
    "author": "wkda****",
    "review": "안나구너너쟈규거나애어주",
    "rating": "1",
    "date": "15.05.30"
  },
  {
    "review_id": "9953756",
    "movie_id": "100987",
    "author": "whdb****",
    "review": "고질라 재미있게 보기 위해 참고! http://movie.naver.com/movie/bi/mi/reviewread.nhn?code=100987&nid=3431254#tab 추천하기! 꼭 눌러주세요.",
    "rating": "10",
    "date": "15.05.27"
  },
  {
    "review_id": "9945176",
    "movie_id": "100987",
    "author": "adiv****",
    "review": "예전 고지라 보다는 못하다",
    "rating": "3",
    "date": "15.05.24"
  },
  {
    "review_id": "9920977",
    "movie_id": "100987",
    "author": "terr****",
    "review": "종합 평점은 6점 드립니다.",
    "rating": "6",
    "date": "15.05.16"
  },
  {
    "review_id": "9913375",
    "movie_id": "100987",
    "author": "jmk4****",
    "review": "스케일 대박 고질라멎짐",
    "rating": "8",
    "date": "15.05.12"
  },
  {
    "review_id": "9912942",
    "movie_id": "100987",
    "author": "rhkd****",
    "review": "그럭저럭 볼만해요..",
    "rating": "6",
    "date": "15.05.12"
  },
  {
    "review_id": "9912556",
    "movie_id": "100987",
    "author": "dine****",
    "review": "휴.. 평점 1도 아깝다",
    "rating": "1",
    "date": "15.05.12"
  },
  {
    "review_id": "9909910",
    "movie_id": "100987",
    "author": "fpwj****",
    "review": "괴수영화중에서 가장 재밌음",
    "rating": "10",
    "date": "15.05.10"
  },
  {
    "review_id": "9903591",
    "movie_id": "100987",
    "author": "furi****",
    "review": "CG는 역대급이던데... 군사장비 등장수로 따지면 전쟁영화수준이다. 내용과 배우들 연기도 괜찮았다.",
    "rating": "10",
    "date": "15.05.08"
  },
  {
    "review_id": "9888458",
    "movie_id": "100987",
    "author": "kdj1****",
    "review": "인간은 언제나 스스로를 자연의 주인이라 착각하지.",
    "rating": "7",
    "date": "15.05.03"
  },
  {
    "review_id": "9888061",
    "movie_id": "100987",
    "author": "arkj****",
    "review": "잘 빚은 괴수 영화의 정석",
    "rating": "8",
    "date": "15.05.02"
  },
  {
    "review_id": "9885430",
    "movie_id": "100987",
    "author": "lock****",
    "review": "고질라의 멸종을기대했는데...고질라는 어벤져스 뺨치는 영웅이였군. 마지막 인간들 감사의 눈빛 ...보는 관객들이 개당황했을듯.",
    "rating": "2",
    "date": "15.05.02"
  },
  {
    "review_id": "9873048",
    "movie_id": "100987",
    "author": "cycl****",
    "review": "이 정도면 볼만하구만.. 뭘 그리 억울해 한데..",
    "rating": "7",
    "date": "15.04.27"
  },
  {
    "review_id": "9854647",
    "movie_id": "100987",
    "author": "mado****",
    "review": "영웅주의를 떨쳐낸 괴수영화는 담백했다.",
    "rating": "8",
    "date": "15.04.20"
  },
  {
    "review_id": "9853836",
    "movie_id": "100987",
    "author": "0rla****",
    "review": "정말 꼭보셔야될 영화 흐흫흐ㅡㅎ짜증난당",
    "rating": "10",
    "date": "15.04.20"
  },
  {
    "review_id": "9850054",
    "movie_id": "100987",
    "author": "agm0****",
    "review": "그냥 제목을 '투명드래곤' 아니 '투명고질라'로 바꾸는게 어때?",
    "rating": "6",
    "date": "15.04.17"
  },
  {
    "review_id": "9844576",
    "movie_id": "100987",
    "author": "hn72****",
    "review": "기대안하고 봤는데 ㅋㅋㅋ 스케일에 넋놓고 봤습니다 ㄷㄷ 너무 거대하다보니 괴수물보단 재난영홥니다 강추",
    "rating": "10",
    "date": "15.04.13"
  },
  {
    "review_id": "9834745",
    "movie_id": "100987",
    "author": "prs7****",
    "review": "그냥 무난히 볼만하다... 고질라는 누구 편? 자연이냐? 사람이냐?",
    "rating": "7",
    "date": "15.04.08"
  },
  {
    "review_id": "9830856",
    "movie_id": "100987",
    "author": "csy0****",
    "review": "현실로 끌어다놓은 동심",
    "rating": "9",
    "date": "15.04.06"
  },
  {
    "review_id": "9829989",
    "movie_id": "100987",
    "author": "akak****",
    "review": "원래 고질라의 이미지를 살린건 좋은데 극적인 재미가 없다.",
    "rating": "7",
    "date": "15.04.05"
  },
  {
    "review_id": "9820218",
    "movie_id": "100987",
    "author": "kpg5****",
    "review": "내가 알던 고질라는 괴수였는데...쩝!",
    "rating": "7",
    "date": "15.04.01"
  },
  {
    "review_id": "9816505",
    "movie_id": "100987",
    "author": "lhsz****",
    "review": "시도는 좋았으나 너무 어정쩡하다고질라 귀여웡",
    "rating": "6",
    "date": "15.03.30"
  },
  {
    "review_id": "9813735",
    "movie_id": "100987",
    "author": "dhkq****",
    "review": "Zzz 날 잠재우는 고질라",
    "rating": "3",
    "date": "15.03.29"
  },
  {
    "review_id": "9799458",
    "movie_id": "100987",
    "author": "mera****",
    "review": "오랜만에 진짜 괴수영화를 본 기분이다.",
    "rating": "10",
    "date": "15.03.22"
  },
  {
    "review_id": "9792431",
    "movie_id": "100987",
    "author": "univ****",
    "review": "고질라는 우리의 친구!!!",
    "rating": "7",
    "date": "15.03.19"
  },
  {
    "review_id": "9791670",
    "movie_id": "100987",
    "author": "silv****",
    "review": "억지 가족애 감동팔이만 아니었어도 더 재밌게 봤을텐데",
    "rating": "7",
    "date": "15.03.18"
  },
  {
    "review_id": "9791107",
    "movie_id": "100987",
    "author": "kika****",
    "review": "고질라를 세계평화 유지군으로",
    "rating": "10",
    "date": "15.03.18"
  },
  {
    "review_id": "9790974",
    "movie_id": "100987",
    "author": "sd44****",
    "review": "스토리도 개판 그래픽도 개판  2014년 영화맞나여?",
    "rating": "2",
    "date": "15.03.18"
  },
  {
    "review_id": "9786914",
    "movie_id": "100987",
    "author": "sink****",
    "review": "30년 간의 오해가 풀렸다 미안하다그리고 무토 너희도 부모가 맞구나",
    "rating": "6",
    "date": "15.03.16"
  },
  {
    "review_id": "9776621",
    "movie_id": "100987",
    "author": "milk****",
    "review": "전편 보러 갑니다., 그나저나 주인공이 킥애스 찌질이였다니",
    "rating": "8",
    "date": "15.03.13"
  },
  {
    "review_id": "9771616",
    "movie_id": "100987",
    "author": "pont****",
    "review": "커플타도의 사명을 완수하는 솔로구원자 고질라!",
    "rating": "7",
    "date": "15.03.11"
  },
  {
    "review_id": "9756280",
    "movie_id": "100987",
    "author": "clue****",
    "review": "기대하지말고 보시라 더기대안되는작품",
    "rating": "8",
    "date": "15.03.04"
  },
  {
    "review_id": "9742385",
    "movie_id": "100987",
    "author": "inos****",
    "review": "영상미나 연출이 전체적으로 나쁘진 않지만 문제는 이야기가 굉장히 지루하고 쓸데없이 길다. 고질라가 알고보니 착한편이라는 반전 아닌 반전도 영화 초반부에 다 설명을 해버리니 그저 고질라가  언제 이기나 기다리는 것도 고역이 아닐 수 없다.",
    "rating": "4",
    "date": "15.02.27"
  },
  {
    "review_id": "9737403",
    "movie_id": "100987",
    "author": "ssdd****",
    "review": "핵꿀잼이다(10자이상)",
    "rating": "10",
    "date": "15.02.25"
  },
  {
    "review_id": "9735445",
    "movie_id": "100987",
    "author": "sent****",
    "review": "고질라는 우리편이었다. 끝에 가서 알았다",
    "rating": "6",
    "date": "15.02.24"
  },
  {
    "review_id": "9717975",
    "movie_id": "100987",
    "author": "tjfd****",
    "review": "좋음좋음좋음좋으쫗음",
    "rating": "5",
    "date": "15.02.20"
  },
  {
    "review_id": "9717283",
    "movie_id": "100987",
    "author": "nan3****",
    "review": "보고싶다보고싶넼ㅋㅋ",
    "rating": "10",
    "date": "15.02.20"
  },
  {
    "review_id": "9704798",
    "movie_id": "100987",
    "author": "hoh2****",
    "review": "저기님들고질라에서하늘의괴수라돈이나오던대",
    "rating": "10",
    "date": "15.02.17"
  },
  {
    "review_id": "9696109",
    "movie_id": "100987",
    "author": "lady****",
    "review": "평점보소 ㅋㅋ 미국평론가 들은 아메리칸스나이퍼 인터스텔라 보다 높게 평가 했는데 지들 무슨 대단한 평론가 인줄 착각하고 있네",
    "rating": "9",
    "date": "15.02.14"
  },
  {
    "review_id": "9689359",
    "movie_id": "100987",
    "author": "joon****",
    "review": "무슨..이런 말도 안되는 예고편 사기네..이렇게 다를수가..스릴런줄 알았는데..",
    "rating": "1",
    "date": "15.02.12"
  },
  {
    "review_id": "9684994",
    "movie_id": "100987",
    "author": "wlgu****",
    "review": "옛날에 봣던게 기억이나서 보앗는데 재밋었습니다",
    "rating": "7",
    "date": "15.02.10"
  },
  {
    "review_id": "9665808",
    "movie_id": "100987",
    "author": "gust****",
    "review": "고질라가세상을구하는병맛",
    "rating": "5",
    "date": "15.02.04"
  },
  {
    "review_id": "9661165",
    "movie_id": "100987",
    "author": "hote****",
    "review": "솔직히 내 취향에 직격. 2014년 최고의 영화였다. 여배우도 아니고 우둘투둘한 괴수의 전신노출을 보기 위해 한 시간 넘게 침을 꼴깍 삼키는 참신한 경험을 해 보았다.",
    "rating": "9",
    "date": "15.02.02"
  },
  {
    "review_id": "9659232",
    "movie_id": "100987",
    "author": "wlsd****",
    "review": "고공낙하씬은 예술이었다. 아쉬운 부분들이 많긴하지만.. 그래도 나름 재미있게 본 영화",
    "rating": "8",
    "date": "15.02.01"
  },
  {
    "review_id": "9651099",
    "movie_id": "100987",
    "author": "xlfk****",
    "review": "고질라 크기 과시, 우렁찬 포효 등등 다 좋은데... 스토리가 휴먼 드라마가 된게 참... 전투씬 중간중간 끊었던것도 문제라면 문제겠고... 지구 환경에 해가 되는 존재를 멸하는 습성이라면 인간부터 씨를 말려야 하는게 정상 아닐까 생각...;;",
    "rating": "4",
    "date": "15.01.30"
  },
  {
    "review_id": "9650396",
    "movie_id": "100987",
    "author": "gaze****",
    "review": "생각없이 보시면 됩니다.그래도 상당히 지루한 영화인건 확실하죠.",
    "rating": "5",
    "date": "15.01.30"
  },
  {
    "review_id": "9642241",
    "movie_id": "100987",
    "author": "kgmi****",
    "review": "퍼시픽림 부터아주 씨쥐 제작비 아끼려고 밤배경으로만쳐찍네 뭐하는질 보이지가 않아...다좋다치자 근데 마지막 뉴스자막 하고 감동스러워 하는 사람들 표정은 뭔데?? 왜갑자기고질라가 어벤져스가 되야함????마지막땜에 입맛이 쓰다. 어짜피 스토리는 기대안함",
    "rating": "6",
    "date": "15.01.27"
  },
  {
    "review_id": "9641036",
    "movie_id": "100987",
    "author": "kyle****",
    "review": "박평식이 6점이나 줬는데 점수가 왜이리 낮음?",
    "rating": "6",
    "date": "15.01.27"
  },
  {
    "review_id": "9640649",
    "movie_id": "100987",
    "author": "byun****",
    "review": "난 재밌었다고 생각함 . 하지만 약간 유치한면은 그정도는 고질라에 대한 미덕이라고봄",
    "rating": "10",
    "date": "15.01.26"
  },
  {
    "review_id": "9637261",
    "movie_id": "100987",
    "author": "pkon****",
    "review": "죠스랑 비슷한 시기에 나왔더라면 분명히 명작이라고 평가받았을만한 작품. 괴수들의 액션보다 메시지성을 강조하기 때문에 일반 관객들에게 지루하게 느껴졌을 것이라고 생각된다. 그러나 동명의 98년도 괴작 영화보다 평이 낮은 건 정말 아니다. 10점 주겠다.",
    "rating": "10",
    "date": "15.01.25"
  },
  {
    "review_id": "9633568",
    "movie_id": "100987",
    "author": "hogo****",
    "review": "친절한 고지라 찡 ㅜㅜ 잘가요",
    "rating": "5",
    "date": "15.01.25"
  },
  {
    "review_id": "9629325",
    "movie_id": "100987",
    "author": "youn****",
    "review": "고질라가 울트라맨에 나오는 괴수로 다운그레이드 되었다",
    "rating": "1",
    "date": "15.01.24"
  },
  {
    "review_id": "9619146",
    "movie_id": "100987",
    "author": "sck2****",
    "review": "국내에서만 흥행못한게 아쉽다",
    "rating": "10",
    "date": "15.01.21"
  },
  {
    "review_id": "9611354",
    "movie_id": "100987",
    "author": "rand****",
    "review": "생각없이 보면 재밌게 볼 수 있음.",
    "rating": "7",
    "date": "15.01.18"
  },
  {
    "review_id": "9610150",
    "movie_id": "100987",
    "author": "song****",
    "review": "괴수 영화 중엔 단연 최고. 스토리도 기존처럼 진부하지 않고",
    "rating": "10",
    "date": "15.01.18"
  },
  {
    "review_id": "9590480",
    "movie_id": "100987",
    "author": "tull****",
    "review": "그리 재밋지는않음....",
    "rating": "3",
    "date": "15.01.13"
  },
  {
    "review_id": "9583706",
    "movie_id": "100987",
    "author": "sea5****",
    "review": "평점과 예고편이 더 재밌는 영화",
    "rating": "4",
    "date": "15.01.11"
  },
  {
    "review_id": "9579332",
    "movie_id": "100987",
    "author": "wnxo****",
    "review": "도데체 무토랑고질라랑 싸우는걸보고싶은데 너무 어두 컴컴해서 보이지도 않고 그냥 미사일 몇대 맞고죽은 98년작 고질라를 보거나 흑백영화인 원작 고질라를 보거나 해야겠네",
    "rating": "5",
    "date": "15.01.10"
  },
  {
    "review_id": "9576018",
    "movie_id": "100987",
    "author": "hepy****",
    "review": "가장 기대감을 갖게 만들었던 비주얼 특히, CG 부분에서 기대 이하였던 게 사실. 자꾸 디워와 비교하게 되었던 영화.",
    "rating": "7",
    "date": "15.01.09"
  },
  {
    "review_id": "9552114",
    "movie_id": "100987",
    "author": "p665****",
    "review": "가족들과좋은시간이었어요  잘봤어요",
    "rating": "8",
    "date": "15.01.02"
  },
  {
    "review_id": "9545969",
    "movie_id": "100987",
    "author": "real****",
    "review": "고질라가 인간을 구할려고 무토를 해치우는게 아니고 무토가 지구에 해가 되니 해치운거다. 그리고 다시 심해로 백~ 이런 심플한 내용도 이해 못하는인간들이 스토리 까네ㅋ",
    "rating": "8",
    "date": "15.01.01"
  },
  {
    "review_id": "9537008",
    "movie_id": "100987",
    "author": "trav****",
    "review": "고질라니무 귀엽다능ㅋㅋ",
    "rating": "10",
    "date": "14.12.30"
  },
  {
    "review_id": "9526764",
    "movie_id": "100987",
    "author": "jame****",
    "review": "갓질라. 고질라 조금 밖에 안나온다고 징징거리는 거 이해안됨",
    "rating": "10",
    "date": "14.12.27"
  },
  {
    "review_id": "9514914",
    "movie_id": "100987",
    "author": "ndw1****",
    "review": "기획 측면에서 흥미로운 할리우드 괴수물. 속편이 궁금해진다.",
    "rating": "6",
    "date": "14.12.25"
  },
  {
    "review_id": "9509114",
    "movie_id": "100987",
    "author": "syak****",
    "review": "주연은 람머스와 카직스 + 엄마렉사이  어? 뭐지? 허허 웃다가 끝나는 고질라가아닌 D질라",
    "rating": "5",
    "date": "14.12.24"
  },
  {
    "review_id": "9508082",
    "movie_id": "100987",
    "author": "il88****",
    "review": "고전느낌이 물씬 풍기지만 즐겁게 보았습니다.",
    "rating": "8",
    "date": "14.12.24"
  },
  {
    "review_id": "9503299",
    "movie_id": "100987",
    "author": "52no****",
    "review": "초반과 후반이 여러모로 분위기가 너무 달라서 명작이나 엄청훌륭한 작품이라고 부르긴 어려워보인다. 하지만 졸작은 결코아니라고 생각한다. \"이 아이는 더 잘할 수 있었는데...\"라는 아쉬움이 남지만, 그렇다고 졸작은 아니다.",
    "rating": "10",
    "date": "14.12.23"
  },
  {
    "review_id": "9492381",
    "movie_id": "100987",
    "author": "abcd****",
    "review": "젛아용 ㅎㅎㅎ다들보래용",
    "rating": "10",
    "date": "14.12.20"
  },
  {
    "review_id": "9486463",
    "movie_id": "100987",
    "author": "dcfv****",
    "review": "고질라의위엄의압도당했다.그후나는이영화의대해'위엄'만떠올린다.",
    "rating": "3",
    "date": "14.12.18"
  },
  {
    "review_id": "9486241",
    "movie_id": "100987",
    "author": "thgi****",
    "review": "it was so funny",
    "rating": "9",
    "date": "14.12.18"
  },
  {
    "review_id": "9484588",
    "movie_id": "100987",
    "author": "jumm****",
    "review": "배우들 좀 어색하고 고질라는 배도 사람도 일부러 피해다닐만큼 친인간적이라는 설정이 좀 우습지만, 꽤 긴장감 있다. 보는 게 낫다.",
    "rating": "7",
    "date": "14.12.18"
  },
  {
    "review_id": "9483315",
    "movie_id": "100987",
    "author": "verd****",
    "review": "왜 망했는지 잘 알겠네;",
    "rating": "4",
    "date": "14.12.17"
  },
  {
    "review_id": "9482122",
    "movie_id": "100987",
    "author": "ffpa****",
    "review": "고질라를 악역으로 했으면 훨신 인기좋았을거같은데..아쉬움",
    "rating": "4",
    "date": "14.12.17"
  },
  {
    "review_id": "9479331",
    "movie_id": "100987",
    "author": "moon****",
    "review": "줄리엣비노쉬  요.러. 케  변하고  요런 영화에 (ㅠ .,ㅠ)...세월의 무상함...영화의 무상함...장난하냐? ㅋㅋ",
    "rating": "4",
    "date": "14.12.16"
  },
  {
    "review_id": "9474682",
    "movie_id": "100987",
    "author": "chla****",
    "review": "영화관에서 봤는데 고질라소리지를때마다 소름이 쫙..근데 살짝아쉬운부분이 몇군데있었다",
    "rating": "8",
    "date": "14.12.14"
  },
  {
    "review_id": "9471989",
    "movie_id": "100987",
    "author": "ungz****",
    "review": "우리의 영웅 고질라. 초반의 진지함은 후반에서 멋지게 퇴장.",
    "rating": "6",
    "date": "14.12.14"
  }
]