[
  {
    "review_id": "10253004",
    "movie_id": "100946",
    "author": "dawo****",
    "review": "다시보고 계속 보게 만드는 공연입니다. 정말 너무 아름답고 귀여웠어요 두고두고 볼것같네요 감사합니다 이 영화화 시켜주셔서",
    "rating": "10",
    "date": "15.08.20"
  },
  {
    "review_id": "9779674",
    "movie_id": "100946",
    "author": "mari****",
    "review": "예쁘고 아름답습니다 ^^",
    "rating": "10",
    "date": "15.03.14"
  },
  {
    "review_id": "9705685",
    "movie_id": "100946",
    "author": "elmi****",
    "review": "솔직히 말해서 유튜브에 풀버전이 공개돼있지만, 소품, 연출, 악단과 발레단의 수준으로 보자면 소장용으로 간직하고 싶게끔 만든다. 특히 눈송이왈츠는 판타지의 절정을 보여준다. 차이코프스키 짱짱맨~!",
    "rating": "10",
    "date": "15.02.17"
  },
  {
    "review_id": "7103263",
    "movie_id": "100946",
    "author": "yang****",
    "review": "잘만든 작품이다..",
    "rating": "10",
    "date": "13.01.11"
  },
  {
    "review_id": "7000684",
    "movie_id": "100946",
    "author": "plui****",
    "review": "다양하고 풍부한 구성과 음악들. 아이들의 발레가 너무사랑스러웠음!",
    "rating": "10",
    "date": "12.12.14"
  },
  {
    "review_id": "6996491",
    "movie_id": "100946",
    "author": "lila****",
    "review": "화려하면서 아기자기한 발레공연 :)",
    "rating": "10",
    "date": "12.12.13"
  },
  {
    "review_id": "6980365",
    "movie_id": "100946",
    "author": "baks****",
    "review": "1빠다.(웃음)",
    "rating": "8",
    "date": "12.12.07"
  }
]