[
  {
    "review_id": "10039275",
    "movie_id": "100984",
    "author": "milk****",
    "review": "피는 물보다 진하다..수화기 넘어로 들려오는 똑'똑'똑.... 대박...",
    "rating": "8",
    "date": "15.06.26"
  },
  {
    "review_id": "9970103",
    "movie_id": "100984",
    "author": "cont****",
    "review": "아무리 그래도 피는 어쩔 수 없다. 마리옹의 미모는 어떤 경우라도 눈부시다.",
    "rating": "7",
    "date": "15.06.02"
  },
  {
    "review_id": "9928360",
    "movie_id": "100984",
    "author": "kyki****",
    "review": "볼만해써어어우아우아",
    "rating": "8",
    "date": "15.05.18"
  },
  {
    "review_id": "9823000",
    "movie_id": "100984",
    "author": "hi5i****",
    "review": "이런 수작이 숨어 있다니...스토리 연기 몰입도 다 좋다.형제애란 이런 것이다.실화라고 하니 놀랍다.",
    "rating": "9",
    "date": "15.04.02"
  },
  {
    "review_id": "9802502",
    "movie_id": "100984",
    "author": "aspa****",
    "review": "제임스, 마티아스,노아등의 기본기 탄탄한 조연들 포진에서부터 여신 여주세명 !(효도르 닮은? 오웬의 친구와, 담배피는거 짱인 빠텐더 아저씨까지ㅋ)..두 남주배우 클라이브와 빌리의 앙상블도 흠 잡을때가 없다. 기욤의 깔끔한 연출력까지..옛다! 만점이다!",
    "rating": "10",
    "date": "15.03.23"
  },
  {
    "review_id": "9652772",
    "movie_id": "100984",
    "author": "gall****",
    "review": "형제애는 찐하게 느껴지지만 영화적 재미는 글쎄? 5.5점",
    "rating": "5",
    "date": "15.01.30"
  },
  {
    "review_id": "9486589",
    "movie_id": "100984",
    "author": "egyp****",
    "review": "세상의 곱지 못한 범죄자라는 낙인은 안타깝지만...동생 프랭크도 그렇고 다시 범죄를 저질렀던 형 크리스도 그렇고두 형제가 참 뻔뻔하다...생각만...그가 사업(?)에 다시 끌어들인 전 부인이 웬지 안쓰럽...",
    "rating": "5",
    "date": "14.12.18"
  },
  {
    "review_id": "9448539",
    "movie_id": "100984",
    "author": "ksml****",
    "review": "간만에 잼나게 봄. 원작도 봐야겠네",
    "rating": "10",
    "date": "14.12.05"
  },
  {
    "review_id": "9371470",
    "movie_id": "100984",
    "author": "best****",
    "review": "돈이 있고서야 사람이 있는 건지. 뒤바뀐 가치가 가끔은 말이 되는 듯한 사회의 근본적인 문제는 무엇인지",
    "rating": "9",
    "date": "14.11.11"
  },
  {
    "review_id": "9341751",
    "movie_id": "100984",
    "author": "yong****",
    "review": "확실히 대부의 영화나라 답게 그에 맞는 색깔을 띈다. 이런 갱스터같은 영화는 유럽판 짱깨다운 프랑스에서 잘 만드는거 같다. 배경이나 거침없는 총격은 시원시원하다. 실화라 그런지 영화적인면이 조금 부족했다.",
    "rating": "5",
    "date": "14.11.05"
  },
  {
    "review_id": "9259824",
    "movie_id": "100984",
    "author": "dbzh****",
    "review": "지루하고 재미도없다.",
    "rating": "3",
    "date": "14.10.03"
  },
  {
    "review_id": "9232867",
    "movie_id": "100984",
    "author": "1908****",
    "review": "기대이상의 감흥을 준 영화 !!!잔잔한 범죄드라마류 간만에 월척을 건졌습니다",
    "rating": "9",
    "date": "14.09.21"
  },
  {
    "review_id": "9219665",
    "movie_id": "100984",
    "author": "bbq2****",
    "review": "뻔하게 예상되는 불길한 미래에도 불구하고 숨막히듯 조여오는 무게감이 일품. 게다가 실화라서 재미가 배!",
    "rating": "8",
    "date": "14.09.16"
  },
  {
    "review_id": "9143987",
    "movie_id": "100984",
    "author": "pass****",
    "review": "영화 보는 내내 뭐야 이거 영웅본색을 70년대 미국에 갔다놨구나 하며 툴툴거리며 봤는데 ...이게 실화라니..",
    "rating": "7",
    "date": "14.08.29"
  },
  {
    "review_id": "9049895",
    "movie_id": "100984",
    "author": "3546****",
    "review": "과거가 어떠하든 피는 물보다 진하다",
    "rating": "9",
    "date": "14.08.08"
  },
  {
    "review_id": "9022877",
    "movie_id": "100984",
    "author": "maca****",
    "review": "와 정말 박수밖에 안나온다. 왜 이런 영화를 우리 후진국은 못만들까",
    "rating": "10",
    "date": "14.08.04"
  },
  {
    "review_id": "8973224",
    "movie_id": "100984",
    "author": "cjsu****",
    "review": "액션 영화인 줄 알고 봤는데... 아니어서 실망했지만 그래도 배우들이 다 연기를 너무 잘해서 지루하지 않았다. 마지막 노크는 어쩌면 정말 뻔하다고 할 수 있을 연출인데도 진부하지 않았다.",
    "rating": "8",
    "date": "14.07.28"
  },
  {
    "review_id": "8923422",
    "movie_id": "100984",
    "author": "upgr****",
    "review": "줄거리는 흥미롭진 않지만 영화내내 지루하지않고 좋은 노래가 많이나와 잘봤습니다. 가끔 영화틀어놓고 일해요",
    "rating": "9",
    "date": "14.07.17"
  },
  {
    "review_id": "8906969",
    "movie_id": "100984",
    "author": "ahra****",
    "review": "요즘들어 가장 재미있고 감동있게 본 영화 영화로써의 재미와 아름다운 배우들도 볼만하네요",
    "rating": "10",
    "date": "14.07.12"
  },
  {
    "review_id": "8846376",
    "movie_id": "100984",
    "author": "skja****",
    "review": "마지막 똑..똑..똑.  장면은 소름 돋았다.",
    "rating": "10",
    "date": "14.06.22"
  },
  {
    "review_id": "8830190",
    "movie_id": "100984",
    "author": "ilov****",
    "review": "나이가 든후 영화를 보면 아무 느낌이 없었는데... 오랜만에 볼 만한 영화를 본거 같네요...",
    "rating": "10",
    "date": "14.06.14"
  },
  {
    "review_id": "8793208",
    "movie_id": "100984",
    "author": "rnjs****",
    "review": "아무래도 이 영화의 백미는 마지막 동생의 노크 3번이 아니었을까?보면서 엄청난 전율이 내 몸을 감았다. 중간중간 지루한 부분이 있었지만수 많은 명작면이 있는 영화!",
    "rating": "9",
    "date": "14.06.04"
  },
  {
    "review_id": "8781552",
    "movie_id": "100984",
    "author": "ykdi****",
    "review": "크리스와 프랭크의 끊을래야 끊을 수 없는 끈",
    "rating": "8",
    "date": "14.05.31"
  },
  {
    "review_id": "8766779",
    "movie_id": "100984",
    "author": "flus****",
    "review": "지루한 옛날영화스타일",
    "rating": "5",
    "date": "14.05.26"
  },
  {
    "review_id": "8748560",
    "movie_id": "100984",
    "author": "rotj****",
    "review": "역시 형만한 아우없다.. 결말에 아쉬움이 있지만 뭉클한 감동이 전해지는 영화...",
    "rating": "8",
    "date": "14.05.20"
  },
  {
    "review_id": "8729247",
    "movie_id": "100984",
    "author": "hoho****",
    "review": "피는 물보다 진하다. 하지만 영화\"워리어\"만큼의 감동은 없었다. 영화를 사건 위주로 서술하듯이 표현해서 더 그랬던거같다. 아무리 실화를 바탕으로 했더라도 형제간의 감정구도를 중심으로 감성적으로 표현해야 하지 않았을까 싶다. 주제가 주제이니만큼...",
    "rating": "8",
    "date": "14.05.14"
  },
  {
    "review_id": "8727090",
    "movie_id": "100984",
    "author": "bjml****",
    "review": "재밌고 형제의 의리가 돋보이는 영화!",
    "rating": "10",
    "date": "14.05.12"
  },
  {
    "review_id": "8724790",
    "movie_id": "100984",
    "author": "sil7****",
    "review": "피는물보다진하다 현재를 느낄수 있었다",
    "rating": "8",
    "date": "14.05.11"
  },
  {
    "review_id": "8724037",
    "movie_id": "100984",
    "author": "heal****",
    "review": "액션 영화인줄 알았는데, 형제애를 그린 가족드라마네요. 연기들 참 잘하네요.",
    "rating": "10",
    "date": "14.05.11"
  },
  {
    "review_id": "8672954",
    "movie_id": "100984",
    "author": "toha****",
    "review": "실화라는데에서 good!",
    "rating": "8",
    "date": "14.04.26"
  },
  {
    "review_id": "8672192",
    "movie_id": "100984",
    "author": "vm4e****",
    "review": "배우들을 정말 잘 고른듯 한 영화.. 중간중간 잔잔한 형제 이야기에 다소 지루하지만 마지막 장면이 기억에 남는다",
    "rating": "9",
    "date": "14.04.25"
  },
  {
    "review_id": "8671860",
    "movie_id": "100984",
    "author": "kkn8****",
    "review": "형제가 있는 나로써 더욱 와닫는 이야기",
    "rating": "10",
    "date": "14.04.25"
  },
  {
    "review_id": "8666818",
    "movie_id": "100984",
    "author": "hans****",
    "review": "지루했던... 하지만 실화라는거에 재미 1점 나머진 .. 소소",
    "rating": "1",
    "date": "14.04.23"
  },
  {
    "review_id": "8666705",
    "movie_id": "100984",
    "author": "epst****",
    "review": "최근 나오는 70년대풍 영화치고 몹시 특이한 향기나 난다. 그 이유가 뭘지 궁금했는데 기욤까네의 정서때문이라고 추측해본다. 빈티지한데 헐리웃 리메이크 냄새보단 뭔가 유럽식 빈티지함이 마지막 장면까지 이어짐. 유럽식 미국복고 와일드갱스터? 재밌다.!",
    "rating": "9",
    "date": "14.04.23"
  },
  {
    "review_id": "8659201",
    "movie_id": "100984",
    "author": "7pmr****",
    "review": "good. 평점 8.5",
    "rating": "10",
    "date": "14.04.19"
  },
  {
    "review_id": "8649410",
    "movie_id": "100984",
    "author": "memo****",
    "review": "배우들의 연기는 당연 최고였다 실화를 실제처럼연기하고 실제처럼 연출해낸다. (똑똑똑)",
    "rating": "10",
    "date": "14.04.14"
  },
  {
    "review_id": "8647512",
    "movie_id": "100984",
    "author": "rqe1****",
    "review": "충분히 8.5점 이상의 영화는 된다고 생각한다. 감동적이고 실화라는 사실에 크게 놀란 영화이다.",
    "rating": "10",
    "date": "14.04.13"
  },
  {
    "review_id": "8640612",
    "movie_id": "100984",
    "author": "01aj****",
    "review": "피는 물보다 진하다? 배우들 연기는 좋은데... 스토리와 흡인력은 영...",
    "rating": "6",
    "date": "14.04.10"
  },
  {
    "review_id": "8638663",
    "movie_id": "100984",
    "author": "pjy1****",
    "review": "오랜만에 내스탈영화허니잼",
    "rating": "10",
    "date": "14.04.10"
  },
  {
    "review_id": "8636596",
    "movie_id": "100984",
    "author": "jona****",
    "review": "이런게 영화당ㅋ 라스트씬 찡하넹~!!^^",
    "rating": "10",
    "date": "14.04.08"
  },
  {
    "review_id": "8635923",
    "movie_id": "100984",
    "author": "maxi****",
    "review": "이배우들가지고 겨우 이정도밖에...영화가 너무 늘어진다.",
    "rating": "6",
    "date": "14.04.08"
  },
  {
    "review_id": "8635747",
    "movie_id": "100984",
    "author": "sim8****",
    "review": "7점정도. 킬링타임용이상.",
    "rating": "7",
    "date": "14.04.08"
  },
  {
    "review_id": "8635475",
    "movie_id": "100984",
    "author": "kogo****",
    "review": "마지막 장면이 압권이었네요 재미있게 봤어요",
    "rating": "7",
    "date": "14.04.07"
  },
  {
    "review_id": "8635145",
    "movie_id": "100984",
    "author": "guev****",
    "review": "두시간이 넘는 긴 러닝타임이 길게 느껴지지 않는군",
    "rating": "7",
    "date": "14.04.07"
  },
  {
    "review_id": "8634627",
    "movie_id": "100984",
    "author": "jsa3****",
    "review": "지루하면서도 끝까지보게말드는 영화 피는물보다 진할수밖에없다",
    "rating": "7",
    "date": "14.04.07"
  },
  {
    "review_id": "8634408",
    "movie_id": "100984",
    "author": "cs79****",
    "review": "형이기는 동생은없다ㅗ",
    "rating": "10",
    "date": "14.04.07"
  },
  {
    "review_id": "8632481",
    "movie_id": "100984",
    "author": "ohmy****",
    "review": "피는 물보다 진하다. 형제의 끈",
    "rating": "10",
    "date": "14.04.06"
  },
  {
    "review_id": "8632191",
    "movie_id": "100984",
    "author": "miso****",
    "review": "마리옹꼬띠아르땜에 봤는데 클라이브오웬 마초적매력 쩐다 ㅋㅋ 굿",
    "rating": "9",
    "date": "14.04.06"
  },
  {
    "review_id": "8631742",
    "movie_id": "100984",
    "author": "kimh****",
    "review": "영화보다 더 영화같은 실화영화.. 물론 그대로는 아니겠지만.. 어쨋든 중간중간 음악이 좋았고 마무리도 좋았고 조금 지루한부분도 있었지만 간만에 너무 좋은영화였다. 반대로 비판적으로 보자면? 끈끈한 형제애,가족애로 포장한 범죄영화가 되시겠다...",
    "rating": "9",
    "date": "14.04.06"
  },
  {
    "review_id": "8629122",
    "movie_id": "100984",
    "author": "1326****",
    "review": "우선 ost 가 너무좋고   톱여배우 셋이나  나와 눈이즐겁고  오웬의 연기도 정말좋고  영화자체가  내코드와는 딱맞다  마지막엔딩은 타인의삶 이후로 최고다",
    "rating": "10",
    "date": "14.04.05"
  },
  {
    "review_id": "8628713",
    "movie_id": "100984",
    "author": "uili****",
    "review": "최악. 액션장면에서 잠들뻔했다. 중간에 나가는 관객들이 이해됐음.",
    "rating": "1",
    "date": "14.04.05"
  },
  {
    "review_id": "8620388",
    "movie_id": "100984",
    "author": "trut****",
    "review": "46남_실화라는 것을 진작에 알았으면 더 집중했을텐데_형제애에 대한 감동은 있었지만 전체적으로는 미묘복잡_여배우들의 매력을 느낄수 있음(마리옹 이 단연 최고 매력)_중간중간에 나오는 음악이 좋음...",
    "rating": "7",
    "date": "14.03.31"
  },
  {
    "review_id": "8620195",
    "movie_id": "100984",
    "author": "tgk7****",
    "review": "영화가 참 뭐랄까 액션만 추구하는 다른영화와는 뭔가 달랐다.나도 액션 좋아하지만 이 영화는 가족에 대한 생각 그런것을 생각하게 하는 영화였다.누군가 보고 나오는데 정말 재미없다고 했다.그는 영화볼줄 모르는 사람이 아닐까 생각된다.",
    "rating": "8",
    "date": "14.03.31"
  },
  {
    "review_id": "8620145",
    "movie_id": "100984",
    "author": "voca****",
    "review": "이 영화의 잊을 수 없는 3가지 1. 영화 전반에 흐르는 음악들2. 영화 속 최고의 명대사  똑! 똑! 똑!3. 클라이브 오웬의 그 미소 많은 의미가 담긴 그 미소는 소름이 돋을 정도로 뭉클했다이런 영화가 대작이지 !!",
    "rating": "10",
    "date": "14.03.31"
  },
  {
    "review_id": "8619927",
    "movie_id": "100984",
    "author": "kbrh****",
    "review": "배우들 연기 너무 좋네요! 진한 형제애를 느낄 수 있었습니다",
    "rating": "10",
    "date": "14.03.31"
  },
  {
    "review_id": "8619926",
    "movie_id": "100984",
    "author": "purp****",
    "review": "역시 클라이브 오웬입니다!",
    "rating": "9",
    "date": "14.03.31"
  },
  {
    "review_id": "8619918",
    "movie_id": "100984",
    "author": "leja****",
    "review": "실화 였네요 이영화보는데나혼자봤다ㅋ",
    "rating": "8",
    "date": "14.03.31"
  },
  {
    "review_id": "8619436",
    "movie_id": "100984",
    "author": "easy****",
    "review": "밋밋함을 포장지로 다이너마이트를 싸고 있는 듯! 두 형제의 치닫는 연기와 극의 전개가 정말이지 기대 이상이었다^^ 형제애란 이런 것! 강추^^",
    "rating": "9",
    "date": "14.03.31"
  },
  {
    "review_id": "8618892",
    "movie_id": "100984",
    "author": "cats****",
    "review": "처음엔 살짝 지루한가했는데 중반부터 몰입도 굿!스토리 탄탄하고 좋네요. 마무리도 깔끔하고",
    "rating": "9",
    "date": "14.03.30"
  },
  {
    "review_id": "8618098",
    "movie_id": "100984",
    "author": "yit3****",
    "review": "어찌보면 진부한, 인간의 보편적 속성을 다룬 영화.",
    "rating": "7",
    "date": "14.03.30"
  },
  {
    "review_id": "8618022",
    "movie_id": "100984",
    "author": "tjdr****",
    "review": "그냥 그럭저럭 봐줄만하다  임펙트없고 조용조용 이어지는 영화 나혼자봤다",
    "rating": "7",
    "date": "14.03.30"
  },
  {
    "review_id": "8617477",
    "movie_id": "100984",
    "author": "daso****",
    "review": "너무재밌습니다 이런영화가또나올지모르겠군요",
    "rating": "10",
    "date": "14.03.30"
  },
  {
    "review_id": "8617325",
    "movie_id": "100984",
    "author": "sw18****",
    "review": "호불호가 갈린다니 어쩌니 하는데솔직히 진짜 이렇게 지루한 영화는 처음이다차량추격장면이나오는데 그렇게 지루한추격전은처음..ㄷㄷ",
    "rating": "2",
    "date": "14.03.30"
  },
  {
    "review_id": "8616795",
    "movie_id": "100984",
    "author": "tamy****",
    "review": "다시 기회가 주어진다면 어떤 삶을 살까? 생각하게하는 영화 배우들의 연기와 연출이 잘 어우러진 영화 간만에 느낌있는영화^^",
    "rating": "9",
    "date": "14.03.30"
  },
  {
    "review_id": "8616786",
    "movie_id": "100984",
    "author": "didw****",
    "review": "글쎄요:) 마지막엔 따뜻하고 짠했지만, 과정은 좋지않았다.  참 아쉬운 영화.",
    "rating": "4",
    "date": "14.03.30"
  },
  {
    "review_id": "8613953",
    "movie_id": "100984",
    "author": "what****",
    "review": "방금 복고 왔습니다. 1974 년도 니까 살아 있으면 지금 나이로 70대 중반-80대 정도 되겠네요.배우들 연기 엄청 좋고  내용은 좀 무겁네요.영화는 다 보고 나면 뻔한 내용이지만,  전개가 빠르고긴박감이 좀 있습니다.",
    "rating": "9",
    "date": "14.03.29"
  },
  {
    "review_id": "8613806",
    "movie_id": "100984",
    "author": "dltk****",
    "review": "나름 영화좀 봤다고 하시는 분들께는 이 분위기나 느낌이 \"더 플레이스 비욘즈 더 파인즈\" 라는 작품하고 비슷하다고 생각하면 됨.... 근데 초반 1시간정도는 프랑스 특유의 다큐본능으로 인한 지겨움이-_- 어쨋든 클라이막스를 지나면서 훌륭한 마무리!",
    "rating": "8",
    "date": "14.03.28"
  },
  {
    "review_id": "8613625",
    "movie_id": "100984",
    "author": "mert****",
    "review": "동생이 마지막에 책상두드리면서 신호보낼때 뭉클함",
    "rating": "10",
    "date": "14.03.28"
  },
  {
    "review_id": "8613617",
    "movie_id": "100984",
    "author": "orlo****",
    "review": "진짜 꼭 추천해주고 싶어요♥ 너무너무 재밋엇어요 ㅎㅎ",
    "rating": "10",
    "date": "14.03.28"
  },
  {
    "review_id": "8613318",
    "movie_id": "100984",
    "author": "send****",
    "review": "조용하고 긴 호흡, 그리고  조용한 노크 3번이  이 영화를 온전히 말해준다..",
    "rating": "8",
    "date": "14.03.28"
  },
  {
    "review_id": "8613115",
    "movie_id": "100984",
    "author": "534k****",
    "review": "사람마다 다르겠지만 볼만함",
    "rating": "10",
    "date": "14.03.28"
  },
  {
    "review_id": "8612985",
    "movie_id": "100984",
    "author": "didd****",
    "review": "강추~! 중반에 조금 지루하더라도 꼭 끝까지 보세요~후회안하실거임!",
    "rating": "10",
    "date": "14.03.28"
  },
  {
    "review_id": "8612767",
    "movie_id": "100984",
    "author": "so_w****",
    "review": "짱재밌고 소름돋고 마지막엔 감동이에요",
    "rating": "10",
    "date": "14.03.28"
  },
  {
    "review_id": "8612668",
    "movie_id": "100984",
    "author": "azum****",
    "review": "클라이브 오웬 짱!!!! 마지막 까지 멋있었어요~~<3",
    "rating": "10",
    "date": "14.03.28"
  },
  {
    "review_id": "8612364",
    "movie_id": "100984",
    "author": "hayp****",
    "review": "두시간 넘는 시간동안 계속 몰입하게 됩니다. 그야말로 재밌어서요. 크게 기대 안했는데...^^ 유명인기초미녀 여배우들이 셋이나 등장해서 눈도 넘 즐겁구요! 마지막 장면은 아.. 이걸 보여주는거구나 감탄하게 되구요.실화라니 감동이 배가 되더라구요.",
    "rating": "10",
    "date": "14.03.28"
  },
  {
    "review_id": "8612285",
    "movie_id": "100984",
    "author": "tjsa****",
    "review": "클라이브 오웬 완전 짱~!! 왜 연기에 극찬을 받았는지 알 것 같다는... 명장면 명대사... 계속 뇌리에 남는 영화=",
    "rating": "9",
    "date": "14.03.28"
  },
  {
    "review_id": "8611447",
    "movie_id": "100984",
    "author": "j102****",
    "review": "클라이브오웬 연기도 좋고 여배우들 셋다 매력있다. 실화인줄 모르고 봤는데 알고나니 더 뭔가 감동적인거 같다",
    "rating": "10",
    "date": "14.03.28"
  },
  {
    "review_id": "8610959",
    "movie_id": "100984",
    "author": "happ****",
    "review": "형제는 용감했다. 영화의 한마디.",
    "rating": "10",
    "date": "14.03.27"
  },
  {
    "review_id": "8610475",
    "movie_id": "100984",
    "author": "rhrn****",
    "review": "실화 였네요 이영화보는데나혼자봤다ㅋ",
    "rating": "10",
    "date": "14.03.27"
  },
  {
    "review_id": "8610419",
    "movie_id": "100984",
    "author": "cksa****",
    "review": "진심 알바하는놈들진짜실타 진심 재미없다",
    "rating": "1",
    "date": "14.03.27"
  },
  {
    "review_id": "8610312",
    "movie_id": "100984",
    "author": "kalo****",
    "review": "시사회로 보고 왔는데 재미있었어요! 실화여서 그런지 여운도 꽤 남구요",
    "rating": "9",
    "date": "14.03.27"
  },
  {
    "review_id": "8610149",
    "movie_id": "100984",
    "author": "dlgu****",
    "review": "개똥같은영화다 무슨 피는 물보다 진하냐 현실이그러냐?? 영화는 영화일뿐 꿈꾸지마셈",
    "rating": "1",
    "date": "14.03.27"
  },
  {
    "review_id": "8610015",
    "movie_id": "100984",
    "author": "hang****",
    "review": "분명 호불호가 갈릴 영화지만, 난 인상적인 장면이 계속 맴돌아 좋은 평점을 주고싶다. 티격태격하는 가족들에게 추천!",
    "rating": "10",
    "date": "14.03.27"
  },
  {
    "review_id": "8609968",
    "movie_id": "100984",
    "author": "anor****",
    "review": "피는 물보다 진하다. 이 한마디로 모든게 표현되는 영화.",
    "rating": "9",
    "date": "14.03.27"
  },
  {
    "review_id": "8609858",
    "movie_id": "100984",
    "author": "milk****",
    "review": "뭉클한 영화~ 다른운명이기 때문에 생기는 미움속에서도 피는 물보다 진하다는 끈끈한 형제애가 돋보이는 영화네요. 실화에다가  한국인 정서라서 개인적으로 최민식이나 김윤석 같은 명배우들 주연으로 리메이크 된다면 꽤 작품성있고 흥행도 될듯!",
    "rating": "10",
    "date": "14.03.27"
  }
]