[
  {
    "review_id": "8403627",
    "movie_id": "100992",
    "author": "qube****",
    "review": "올바른 성에 대한 철학적 담론여주인공의 물오른 미모와 환상적인 몸매의 조화",
    "rating": "10",
    "date": "14.01.20"
  },
  {
    "review_id": "7138951",
    "movie_id": "100992",
    "author": "bles****",
    "review": "참 모호하게 찾아가는 정체성",
    "rating": "4",
    "date": "13.01.21"
  },
  {
    "review_id": "7125895",
    "movie_id": "100992",
    "author": "yang****",
    "review": "재미 더럽게없다..",
    "rating": "1",
    "date": "13.01.17"
  },
  {
    "review_id": "7095871",
    "movie_id": "100992",
    "author": "qevy****",
    "review": "사발나땀너ㅑ구낟군아루니ㅗ탹룬아곤울낭ㅅ호니ㅏㅋ우라비ㅜ만ㅇ룬 넌누구냐?",
    "rating": "7",
    "date": "13.01.09"
  },
  {
    "review_id": "7095865",
    "movie_id": "100992",
    "author": "gvlp****",
    "review": "정신나간 사람들.. 그냥 볼람보고 안볼람 보지마슈~ 난 그냥 중간 ~",
    "rating": "5",
    "date": "13.01.09"
  },
  {
    "review_id": "7095831",
    "movie_id": "100992",
    "author": "bakj****",
    "review": "이영화 야한가요?? 다운 받을까 말까??? 밤에 보기 좋았으믄 ~ ㅎ ㅔㅎ ㅔ",
    "rating": "10",
    "date": "13.01.09"
  },
  {
    "review_id": "7095758",
    "movie_id": "100992",
    "author": "bewn****",
    "review": "난 만땅 주고 감니다~",
    "rating": "10",
    "date": "13.01.09"
  },
  {
    "review_id": "7083733",
    "movie_id": "100992",
    "author": "pria****",
    "review": "이런 걸 보게 되는 행운을 만끽하다.",
    "rating": "1",
    "date": "13.01.05"
  },
  {
    "review_id": "7062619",
    "movie_id": "100992",
    "author": "a109****",
    "review": "완성도가 전혀없는 3류영화.배우들 연기력은 초보수준.이런영화도있다니..",
    "rating": "3",
    "date": "12.12.30"
  },
  {
    "review_id": "7037931",
    "movie_id": "100992",
    "author": "digr****",
    "review": "이건뭥미~헐 노출만 ㅜ",
    "rating": "5",
    "date": "12.12.24"
  },
  {
    "review_id": "7037922",
    "movie_id": "100992",
    "author": "wcpc****",
    "review": "저도얼마전봄 그냥 그저 그럼 거북이는왜나오는거쥐?",
    "rating": "7",
    "date": "12.12.24"
  },
  {
    "review_id": "7037917",
    "movie_id": "100992",
    "author": "e000****",
    "review": "이건내가봐도정말웃기는영화인데기발하긴하지만대중적으로는여튼노출좋아하시는분들은좋아하실듯생각이참많은감독이네",
    "rating": "6",
    "date": "12.12.24"
  },
  {
    "review_id": "7037915",
    "movie_id": "100992",
    "author": "kl88****",
    "review": "와~ 굉장히 기발한 아이디어긴 하지만.. ㅉㅉ",
    "rating": "7",
    "date": "12.12.24"
  }
]