[
  {
    "review": "옛날에 보았는데 지금 생각해 보니 너무 많은 인생의 의미를 주고 있습니다. 다시 한번 보고 싶습니다. 구입처를 알려 주세요",
    "date": "15.01.27",
    "rating": "10",
    "author": "chk2****",
    "review_id": "9642146",
    "movie_id": "10094"
  },
  {
    "review": "영화 어디서 구할수있을까요?",
    "date": "13.11.21",
    "rating": "10",
    "author": "sang****",
    "review_id": "8156322",
    "movie_id": "10094"
  },
  {
    "review": "정말 재미있었습니다",
    "date": "11.12.25",
    "rating": "10",
    "author": "gust****",
    "review_id": "5934625",
    "movie_id": "10094"
  },
  {
    "review": "중 2 때(79년) 극장에서 20년 후 TV로 봤는데 우리나라 신작로같은 장면이 인상적",
    "date": "10.01.28",
    "rating": "10",
    "author": "kysy****",
    "review_id": "4217517",
    "movie_id": "10094"
  },
  {
    "review": "프랭크시나트라의 노래 My way와 비슷한 감정을 느낄 수 있었음.",
    "date": "08.08.27",
    "rating": "10",
    "author": "ljt0****",
    "review_id": "2905872",
    "movie_id": "10094"
  },
  {
    "review": "인생이란 ? 생각하게 만드는영화",
    "date": "07.04.23",
    "rating": "10",
    "author": "2543****",
    "review_id": "1602479",
    "movie_id": "10094"
  },
  {
    "review": "그  옛날  티 비에서  재방영  할때  봣던 영화",
    "date": "07.01.26",
    "rating": "9",
    "author": "leej****",
    "review_id": "1414408",
    "movie_id": "10094"
  }
]