[
  {
    "review_id": "9807789",
    "movie_id": "100938",
    "author": "jin4****",
    "review": "뻔한 스토리 떨어지는 CG 하지만 몰입력은 좋다",
    "rating": "7",
    "date": "15.03.26"
  },
  {
    "review_id": "9492007",
    "movie_id": "100938",
    "author": "pota****",
    "review": "유치한 스토리는 참아보겠지만, 그보다 더 괴로운 테러급 더빙. 니모를찾아서를 닮고자 한, 아동판 원더풀데이즈.",
    "rating": "1",
    "date": "14.12.20"
  },
  {
    "review_id": "8040176",
    "movie_id": "100938",
    "author": "milk****",
    "review": "그냥 꼬마들이나 봐라,,,",
    "rating": "1",
    "date": "13.10.06"
  },
  {
    "review_id": "8032564",
    "movie_id": "100938",
    "author": "wndh****",
    "review": "예전에 나왓던 니모보다 훨씬퀄리티가 떨어진다",
    "rating": "4",
    "date": "13.10.03"
  },
  {
    "review_id": "7791288",
    "movie_id": "100938",
    "author": "mjki****",
    "review": "완죤 재미있어요!!!!!!!!!!!!!!!!!!!!!!!!!!!!^^~~~~~~~~~~~~~~~~~~",
    "rating": "10",
    "date": "13.07.27"
  },
  {
    "review_id": "7740293",
    "movie_id": "100938",
    "author": "dpsk****",
    "review": "지금도 다시 보고있어요파이 귀여워",
    "rating": "10",
    "date": "13.07.14"
  },
  {
    "review_id": "7677694",
    "movie_id": "100938",
    "author": "ask2****",
    "review": "진짜, 상어, 코델리아는 더빙 졸라 못하더라. 진심.",
    "rating": "1",
    "date": "13.06.24"
  },
  {
    "review_id": "7632389",
    "movie_id": "100938",
    "author": "aube****",
    "review": "제발 연예인 더빙 사라져라",
    "rating": "1",
    "date": "13.06.13"
  },
  {
    "review_id": "7625115",
    "movie_id": "100938",
    "author": "firs****",
    "review": "트로이랑 코딜리아목소리 진짜 미스캐스팅이었음",
    "rating": "1",
    "date": "13.06.10"
  },
  {
    "review_id": "7531944",
    "movie_id": "100938",
    "author": "ggbe****",
    "review": "재미있습니다 김병만짱",
    "rating": "10",
    "date": "13.05.16"
  },
  {
    "review_id": "7459120",
    "movie_id": "100938",
    "author": "ofo3****",
    "review": "솔직히 까고 말할께. 니모로 부터 시작되서 바다이야기 나오는 애니는 수십번을 봐왔어.이제 그만 나올 때도 됐잖아.그리고 제목이 '파이이야기'인거... 'LIFE OF PI'랑 같이 뜨고 싶어서 그런거지?",
    "rating": "2",
    "date": "13.04.14"
  },
  {
    "review_id": "7456395",
    "movie_id": "100938",
    "author": "trex****",
    "review": "OO 상어가 동네북이냐. 역사상으로 따지면 3억년 가까이 바다를 휘어잡았는데",
    "rating": "1",
    "date": "13.04.13"
  },
  {
    "review_id": "7448749",
    "movie_id": "100938",
    "author": "ljh7****",
    "review": "에휴...",
    "rating": "1",
    "date": "13.04.10"
  },
  {
    "review_id": "7439502",
    "movie_id": "100938",
    "author": "jwsu****",
    "review": "파이스토리 넘넘 잼나요~~가족들과 함 께 보기에 좋아요~~",
    "rating": "9",
    "date": "13.04.06"
  },
  {
    "review_id": "7397600",
    "movie_id": "100938",
    "author": "yang****",
    "review": "쓰레기 한국어더빙.. 때문에 1점이다..",
    "rating": "1",
    "date": "13.03.23"
  },
  {
    "review_id": "7309373",
    "movie_id": "100938",
    "author": "wkdd****",
    "review": "유치",
    "rating": "6",
    "date": "13.02.28"
  },
  {
    "review_id": "7298022",
    "movie_id": "100938",
    "author": "kjhj****",
    "review": "김병만 더빙 발연기..쩌러 어색하고 진짜 듣기싫다.. 왠만해선 더빙하지 마삼..",
    "rating": "5",
    "date": "13.02.24"
  },
  {
    "review_id": "7290045",
    "movie_id": "100938",
    "author": "cosm****",
    "review": "재미있긴한데 유치함.",
    "rating": "7",
    "date": "13.02.22"
  },
  {
    "review_id": "7289885",
    "movie_id": "100938",
    "author": "ehfr****",
    "review": "완전 재밋어요 남보라짱",
    "rating": "10",
    "date": "13.02.22"
  },
  {
    "review_id": "7286024",
    "movie_id": "100938",
    "author": "dlwn****",
    "review": "솔직이 전작보단 더빙이 말이 아닌거 같다...에겅...",
    "rating": "8",
    "date": "13.02.21"
  },
  {
    "review_id": "7284220",
    "movie_id": "100938",
    "author": "true****",
    "review": "더빙 정말 최악이다. 안어울리는 목소리에, 발연기,, 정말 최악의 더빙.. 듣기가 싫다. 오그라들어..",
    "rating": "1",
    "date": "13.02.20"
  },
  {
    "review_id": "7252954",
    "movie_id": "100938",
    "author": "miss****",
    "review": "첨에 류담씨 더빙이 누군지 몰랐어요~ 너무 잘하셔서 전문성운줄알았어여~ㅋ 8살 제딸이 재룡이오빠 완전 잘한다고~ㅋ",
    "rating": "9",
    "date": "13.02.11"
  },
  {
    "review_id": "7249609",
    "movie_id": "100938",
    "author": "bles****",
    "review": "아이들 취향에 맞는 알록달록함",
    "rating": "5",
    "date": "13.02.11"
  },
  {
    "review_id": "7224914",
    "movie_id": "100938",
    "author": "cjfw****",
    "review": "재밌었어요~~",
    "rating": "8",
    "date": "13.02.04"
  },
  {
    "review_id": "7218105",
    "movie_id": "100938",
    "author": "sunm****",
    "review": "짱재밌어요!! 실감나고 ㅎㅎ",
    "rating": "10",
    "date": "13.02.03"
  },
  {
    "review_id": "7209225",
    "movie_id": "100938",
    "author": "aris****",
    "review": "용감해!!!",
    "rating": "10",
    "date": "13.02.01"
  },
  {
    "review_id": "7207358",
    "movie_id": "100938",
    "author": "yeon****",
    "review": "7광구가 더 나아요~~",
    "rating": "1",
    "date": "13.02.01"
  },
  {
    "review_id": "7201808",
    "movie_id": "100938",
    "author": "kevi****",
    "review": "최고",
    "rating": "10",
    "date": "13.01.31"
  },
  {
    "review_id": "7199543",
    "movie_id": "100938",
    "author": "1119****",
    "review": "세게 최고.ㅋㅋ",
    "rating": "10",
    "date": "13.01.30"
  },
  {
    "review_id": "7198994",
    "movie_id": "100938",
    "author": "spy0****",
    "review": "재밌는데 쫌만 더 길었음 좋겠어요 파이스토리 2  나오면 좋겠다",
    "rating": "9",
    "date": "13.01.30"
  },
  {
    "review_id": "7187390",
    "movie_id": "100938",
    "author": "phb8****",
    "review": "재밌었긴했는데... 12살이 보기엔....5~7살이 좋아할 듯한 영화이네요^^",
    "rating": "8",
    "date": "13.01.28"
  },
  {
    "review_id": "7178644",
    "movie_id": "100938",
    "author": "ma02****",
    "review": "ㅋㅋ",
    "rating": "10",
    "date": "13.01.26"
  },
  {
    "review_id": "7171458",
    "movie_id": "100938",
    "author": "tnwl****",
    "review": "좋은데 너무 단순한 거 같아요 약간 그래서 9점을 줬어요",
    "rating": "9",
    "date": "13.01.25"
  },
  {
    "review_id": "7168220",
    "movie_id": "100938",
    "author": "good****",
    "review": "아이들 초등저학년 이하만.. 데려가실분만 추천드려요 ㅠ.ㅠ",
    "rating": "5",
    "date": "13.01.24"
  },
  {
    "review_id": "7165827",
    "movie_id": "100938",
    "author": "jehe****",
    "review": "ㅠㅠ보다잤어요ㅠㅠ",
    "rating": "1",
    "date": "13.01.24"
  },
  {
    "review_id": "7164559",
    "movie_id": "100938",
    "author": "artb****",
    "review": "아이들과  보러갓는데  아이들도좋아하고  저도  재미잇게 보앗어요",
    "rating": "10",
    "date": "13.01.24"
  },
  {
    "review_id": "7162434",
    "movie_id": "100938",
    "author": "wh69****",
    "review": "아사",
    "rating": "10",
    "date": "13.01.23"
  },
  {
    "review_id": "7162399",
    "movie_id": "100938",
    "author": "js10****",
    "review": "동생들 보여준다고 데려갔는데 웬만해선 어린이영화 재밌게 잘보는데 이건 재미도없고 더빙도 별로임 평점 왤케 노븐지 모르겠음ㅋㅋㅋㅋ그래도 애들은 재밌어함",
    "rating": "5",
    "date": "13.01.23"
  },
  {
    "review_id": "7160178",
    "movie_id": "100938",
    "author": "sunn****",
    "review": "참 재미있내요",
    "rating": "10",
    "date": "13.01.23"
  },
  {
    "review_id": "7156502",
    "movie_id": "100938",
    "author": "jina****",
    "review": "아이들 영화가 어른들 영화보다 평점이 높은지 알겟네요ㅎㅎ 동생 데리고 봤는데 생각보다 많이 재미있더라구요ㅎㅎ 아이들에게 강추!! 약간 새미의 어드벤쳐? 가 보이기두 햇어요...",
    "rating": "10",
    "date": "13.01.23"
  },
  {
    "review_id": "7141360",
    "movie_id": "100938",
    "author": "supe****",
    "review": "재미있어요.파이 아들이 똘똘하고,귀엽네요.",
    "rating": "10",
    "date": "13.01.21"
  },
  {
    "review_id": "7141341",
    "movie_id": "100938",
    "author": "syur****",
    "review": "아이가 재밌어하더라구요~",
    "rating": "8",
    "date": "13.01.21"
  },
  {
    "review_id": "7141231",
    "movie_id": "100938",
    "author": "sky8****",
    "review": "잠베지아위치",
    "rating": "10",
    "date": "13.01.21"
  },
  {
    "review_id": "7141186",
    "movie_id": "100938",
    "author": "joun****",
    "review": "너무 재밌어도 너~~~~~~~무 재밌어.",
    "rating": "10",
    "date": "13.01.21"
  },
  {
    "review_id": "7140819",
    "movie_id": "100938",
    "author": "k90c****",
    "review": "모험적인 것이 아이들의 흥미를 끌 것 같아요^^",
    "rating": "9",
    "date": "13.01.21"
  },
  {
    "review_id": "7139949",
    "movie_id": "100938",
    "author": "leav****",
    "review": "니모의 아류작에서 아이들을 위한 영화로 자리매김한 영화. 애들은 좋아하던데",
    "rating": "6",
    "date": "13.01.21"
  },
  {
    "review_id": "7139038",
    "movie_id": "100938",
    "author": "rkfh****",
    "review": "ㄱㄱ",
    "rating": "1",
    "date": "13.01.21"
  },
  {
    "review_id": "7138395",
    "movie_id": "100938",
    "author": "le59****",
    "review": "겨울 방학에 아이들에게 보여줄만한 애니메이션을 찾는다면 파이스토리가 적당하다는 생각이 드네요 재미도 재미지만 교훈적인 측면으로봐도 참 괜찮은 영화에요",
    "rating": "10",
    "date": "13.01.20"
  },
  {
    "review_id": "7138387",
    "movie_id": "100938",
    "author": "vy5p****",
    "review": "김병만씨 목소리가 기대되서 간건데 류담씨가 더욱 재미있었다는게 함정?ㅎㅎ 연예인 더빙은 별로 안좋아하는데 이건 괜찮았어요! 특히 류담씨는 전문적으로 해도 될듯하더라구요",
    "rating": "10",
    "date": "13.01.20"
  },
  {
    "review_id": "7138373",
    "movie_id": "100938",
    "author": "da48****",
    "review": "다음편이 너무 기대됩니다! 더빙도 너무 재미있었고 기회가 된다면 다음편도 볼 수 있었으면 좋겠네요",
    "rating": "10",
    "date": "13.01.20"
  },
  {
    "review_id": "7138363",
    "movie_id": "100938",
    "author": "le36****",
    "review": "바다동물들을 너무 귀엽게 표현해서 볼맛 제대로 났음ㅋㅋ스토리도 이정도면 아이들이 보기에 나쁘지 않고 괜찮았던듯",
    "rating": "10",
    "date": "13.01.20"
  },
  {
    "review_id": "7138353",
    "movie_id": "100938",
    "author": "oe64****",
    "review": "애들 뿐만 아니라 어른들이 봐도 괜찮은 영화라는 생각이 들던 영화 간만에 가족 나들이도 재미있게 했고 저도 동심의 세계로 빠져들었던 시간이었습니다",
    "rating": "10",
    "date": "13.01.20"
  },
  {
    "review_id": "7138340",
    "movie_id": "100938",
    "author": "fw47****",
    "review": "마크az감독이라고해서 기대 많이했는데 역시 기대를 더버리지 않네요^.^ 역시 그래픽 하나는 대단했던것 같아요 애니메이션 볼 맛 났습니다!",
    "rating": "10",
    "date": "13.01.20"
  },
  {
    "review_id": "7138327",
    "movie_id": "100938",
    "author": "kt80****",
    "review": "영화나들이 오랜만에 한거같습니다. 2d라서 약간 아쉬운 면이잇어요..3D엿으면 더 많은 탄성이 나왔을것 같네요",
    "rating": "10",
    "date": "13.01.20"
  },
  {
    "review_id": "7138308",
    "movie_id": "100938",
    "author": "vh69****",
    "review": "얼마나 재밌는지 저희딸도 꼼짝도 않고 영화에 푸욱 빠져서 보더라구요-_- 뽀로로 보다 더 좋냐니까 그렇다네요 ㅋㅋ",
    "rating": "10",
    "date": "13.01.20"
  },
  {
    "review_id": "7138296",
    "movie_id": "100938",
    "author": "kr57****",
    "review": "우리 채윤이가 파이를 너무좋아하네요! 계속 파이 보고싶다고 또보러가자고 조르고있어요 ㅜ.ㅜ...;;; 어떡해야 하나요..",
    "rating": "10",
    "date": "13.01.20"
  },
  {
    "review_id": "7138283",
    "movie_id": "100938",
    "author": "qe48****",
    "review": "파이가 너무귀여워서 아직도 기억나요..류담 더빙이 너무 잘어울려서 놀랏음ㅋㅋ성우 못지않던데요?",
    "rating": "10",
    "date": "13.01.20"
  },
  {
    "review_id": "7138273",
    "movie_id": "100938",
    "author": "vh58****",
    "review": "우리 세가족이 영화보는 내내 바닷속 풍경에 푸덩 빠져서 봤네요 색감도 너무예쁘고 캐릭터들도 귀엽고 재밌기까지하고~",
    "rating": "10",
    "date": "13.01.20"
  },
  {
    "review_id": "7138262",
    "movie_id": "100938",
    "author": "ad21****",
    "review": "김병만씨랑 류담씨의 애드립이 정말 ㅋㅋㅋ역시 뼈그맨인듯! 남보라는 날이갈수록 실력이 느는거같아요 호호호",
    "rating": "10",
    "date": "13.01.20"
  },
  {
    "review_id": "7138250",
    "movie_id": "100938",
    "author": "gu95****",
    "review": "산호마읃로 너무이쁘고^_^ 파이 가족인 코딜리아랑 주니어가 너무 귀여워서 눈을 뗄수가 없던데요^_^ 악당 트로이도 너무귀여웠어요",
    "rating": "10",
    "date": "13.01.20"
  },
  {
    "review_id": "7138231",
    "movie_id": "100938",
    "author": "jt67****",
    "review": "아이와 즐겁게 즐기기엔 괜찮은 애니메이션인것 같습니다~ 앞으로 이런 애니메이션 종종 봤으면 좋겠네요",
    "rating": "10",
    "date": "13.01.20"
  },
  {
    "review_id": "7138217",
    "movie_id": "100938",
    "author": "ds24****",
    "review": "아이들 교육적으로도 괜찮은것 같고 영상도 너무이쁘고 3D 로봤음 더 잼났을것 같다는 생각이듭니다",
    "rating": "10",
    "date": "13.01.20"
  },
  {
    "review_id": "7138201",
    "movie_id": "100938",
    "author": "zg50****",
    "review": "파이랑 트로이랑 싸우는게 흥미진진 하더만여~ 어른인 제가 봐도 불편하지 않게봤어용^^",
    "rating": "10",
    "date": "13.01.20"
  },
  {
    "review_id": "7138191",
    "movie_id": "100938",
    "author": "my58****",
    "review": "김병만이랑 류담, 그리고 남보라의 더빙으로 화제가 됬길래 애니메이션 좋아하는 저로써 궁금해서 참을수가 없더라그여ㅠ.ㅠ.. 결국 아이들 사이에낑겨서 봤는데 ..ㅎ 대체적으로 만족 스러웠어요!",
    "rating": "9",
    "date": "13.01.20"
  },
  {
    "review_id": "7138178",
    "movie_id": "100938",
    "author": "ad37****",
    "review": "평이 괜찮길래 극장 다녀왔습니다. 몇달전에 새미의 어드벤처를 너무 재미잇게 본 아이때문에 또 극장데리고갔네요^^ 외출하는것만으로도 좋아하더니 영화보고서는 계속 파이파이 거리더라구요 ^.^",
    "rating": "10",
    "date": "13.01.20"
  },
  {
    "review_id": "7138166",
    "movie_id": "100938",
    "author": "nr63****",
    "review": "부담없이 볼 수 있는 애니메이션인것 같음 ㅁ  동생이랑 보러갔는데 동생이 친구들한테 막 자랑하는거 보고 제가 다뿌듯하드라구요",
    "rating": "10",
    "date": "13.01.20"
  },
  {
    "review_id": "7138152",
    "movie_id": "100938",
    "author": "fe35****",
    "review": "애들 데리고 영화관 간게 처음이네요~ 영화관을 좋아하는 성격이 아닌데 애들 때문에 가게됬는데 애들이 너무 좋아하는거 보니까 저도 기분이 좋더라구요 앞으로 종종 와야겟어요",
    "rating": "10",
    "date": "13.01.20"
  },
  {
    "review_id": "7137721",
    "movie_id": "100938",
    "author": "tpfl****",
    "review": "언니랑 재밌게 봤다. 내용이 정말 재미있었다.",
    "rating": "10",
    "date": "13.01.20"
  },
  {
    "review_id": "7137471",
    "movie_id": "100938",
    "author": "apey****",
    "review": "화면에 나오는 물고기들과 배경들이 너무 예뻐서 시간이 가는줄 모르고 봤습니다. 꼭 바다속에 들어가있는 기분이라고할까??영화도 좋았어요",
    "rating": "10",
    "date": "13.01.20"
  },
  {
    "review_id": "7133805",
    "movie_id": "100938",
    "author": "qjyr****",
    "review": "오랜만에 극장에 간 아이들의 설레는 모습에 기분이 좋았습니다. 영화도 아이들이 좋아하게 잘만든듯 싶음",
    "rating": "10",
    "date": "13.01.19"
  },
  {
    "review_id": "7133769",
    "movie_id": "100938",
    "author": "kplt****",
    "review": "년초에 이런 따뜻한 애니메이션이 나와서 좋더라구요. 오랜만에 아이들에게 좋은 선물을 해준 기분이네요",
    "rating": "10",
    "date": "13.01.19"
  },
  {
    "review_id": "7133746",
    "movie_id": "100938",
    "author": "tkur****",
    "review": "가족단위로 보기 좋은 영화입니다. 저도 조망간 제 조카 녀석과 함께 다시 보러가려구요^^",
    "rating": "10",
    "date": "13.01.19"
  },
  {
    "review_id": "7133729",
    "movie_id": "100938",
    "author": "aope****",
    "review": "딸이 방학이라 추워서 어디데리고 갈데도없고 집앞에 극장ㅇ에 파이스토리 간판 보고 나갔다왔네용 생각보다 괜찮았던 애니메이션이었던거같아요 교육적으로도 괜찮은듯",
    "rating": "10",
    "date": "13.01.19"
  },
  {
    "review_id": "7133712",
    "movie_id": "100938",
    "author": "devl****",
    "review": "워낙 아이가 보고싶어하던 영화라서 보러갔는데 생각했던것보다 괜찮은 영화였습니다. 좋아하는 아이 모습을 보니까 제가더 들뜨드라구요",
    "rating": "10",
    "date": "13.01.19"
  },
  {
    "review_id": "7133342",
    "movie_id": "100938",
    "author": "nozz****",
    "review": "아르바이트가 존재한다는 느낌을 지울 수 없는 영화입니다. 20년전 영상미를 보여주는 영화 시종일관 지루했습니다! 중간에 나가는 아이들도 몇 몇 있더군요.",
    "rating": "1",
    "date": "13.01.19"
  },
  {
    "review_id": "7133227",
    "movie_id": "100938",
    "author": "aqts****",
    "review": "영상이 너무 예쁘고 귀여워서 보는내내 눈이 휘둥그레해졌습니다. 빨리 여름이 왔음 좋겟다는 생각이 들정도 ^^;",
    "rating": "10",
    "date": "13.01.19"
  },
  {
    "review_id": "7133212",
    "movie_id": "100938",
    "author": "rync****",
    "review": "아이가 영화가 끝나고 재미있었다며 종알종알 얘기하는 모습이 너무 귀여웠습니다.",
    "rating": "10",
    "date": "13.01.19"
  },
  {
    "review_id": "7133202",
    "movie_id": "100938",
    "author": "mwhy****",
    "review": "어른들에게도 교훈을 주는 영화입니다. 아이들에겐 더더욱 좋은 영화라는 생각이 들어요 쓰레기 버리지말아야겠다고 하더라구요",
    "rating": "10",
    "date": "13.01.19"
  },
  {
    "review_id": "7133184",
    "movie_id": "100938",
    "author": "jkrw****",
    "review": "왜이렇게 아이들이 좋아하는지 이해할 수 있었습니다. 아이들의 시각에서 이쁘게 만들어진 영화입니다",
    "rating": "10",
    "date": "13.01.19"
  },
  {
    "review_id": "7133160",
    "movie_id": "100938",
    "author": "zpue****",
    "review": "제가 좋아하는 류담과 남보라, 김병만의 더빙이라고해서 더 관심이 갔습니다! 아이들도 금방 목소리를 맞추더라구요",
    "rating": "10",
    "date": "13.01.19"
  },
  {
    "review_id": "7133141",
    "movie_id": "100938",
    "author": "wiut****",
    "review": "배우들의 더빙이 전혀 어색하지 않아서 집중하는데 더 도움이 되었습니다 오히려 애들이 더 좋아하던데요",
    "rating": "10",
    "date": "13.01.19"
  },
  {
    "review_id": "7133128",
    "movie_id": "100938",
    "author": "eyte****",
    "review": "아이들의 시각에서 잘 만들어진 영화입니다. 그래서 아이가 아직도 이 영화얘기를 쉴새없이 하나봐요",
    "rating": "10",
    "date": "13.01.19"
  },
  {
    "review_id": "7133113",
    "movie_id": "100938",
    "author": "pwyr****",
    "review": "아이가 정말 재미있었다면서 어제도 오늘도 이 영화얘기를 계속하네요. 조망간 한번 더 보러갈꺼같다는?",
    "rating": "10",
    "date": "13.01.19"
  },
  {
    "review_id": "7133094",
    "movie_id": "100938",
    "author": "leiu****",
    "review": "아이들의 하하호호 웃고 즐거워하는 모습이 참 이뻤습니다. 그리고 어려움이 올때마다 응원하는 모습도 이뻤어요",
    "rating": "10",
    "date": "13.01.19"
  },
  {
    "review_id": "7133078",
    "movie_id": "100938",
    "author": "qpte****",
    "review": "1시간 반정도의 긴 러닝타임에도 불구하고 지루함없이 잘보더라구요. 아이들이 좋아할만한 애니메이션 영화입니다",
    "rating": "10",
    "date": "13.01.19"
  },
  {
    "review_id": "7133064",
    "movie_id": "100938",
    "author": "ebye****",
    "review": "아이들과 보면 정말 좋은 영화라는 생각이 들었습니다. 동생가족들에게 추천해주려구요",
    "rating": "10",
    "date": "13.01.19"
  },
  {
    "review_id": "7133052",
    "movie_id": "100938",
    "author": "lyop****",
    "review": "아이들이 굉장히 신나하더라구요. 친숙한 배우들의 목소리가 나와서 더 그런것같았습니다 제딸은 계속 김병만 아저씨 목소리라며ㅎㅎ",
    "rating": "10",
    "date": "13.01.19"
  },
  {
    "review_id": "7133033",
    "movie_id": "100938",
    "author": "ketp****",
    "review": "어린이 영화로 추천하고 싶습니다. 영화가 너무 좋아서 조금의 지루함없이 봤네요^^ 어른인 제가봐도 강추하고싶어여~",
    "rating": "10",
    "date": "13.01.19"
  },
  {
    "review_id": "7133022",
    "movie_id": "100938",
    "author": "krur****",
    "review": "보면서 피식피식 많이 웃었습니다. 아이들도 피식피식 거리더라구요. 재미있으면서 교훈적인 영화입니다 교육적으로도 참 좋은거같아요",
    "rating": "10",
    "date": "13.01.19"
  },
  {
    "review_id": "7133011",
    "movie_id": "100938",
    "author": "aprw****",
    "review": "어린아이들이 보기에 참 좋은 영화라는 생각이 들었습니다. 중간중간 배우들의 애드립이 재미있었어요",
    "rating": "10",
    "date": "13.01.19"
  },
  {
    "review_id": "7132991",
    "movie_id": "100938",
    "author": "yjle****",
    "review": "오랜만에 가족끼리 주말에 시간을 참 잘보냈다는 생각이 들었습니다. 아이들의 집중하는 모습에 기분좋았어요",
    "rating": "8",
    "date": "13.01.19"
  },
  {
    "review_id": "7132981",
    "movie_id": "100938",
    "author": "aupk****",
    "review": "왜이렇게 아이들에게 인기가 많은지 알것같더라구요. 영화가 너무 좋아서 보는내내 즐거웠씁니다",
    "rating": "10",
    "date": "13.01.19"
  },
  {
    "review_id": "7132968",
    "movie_id": "100938",
    "author": "eryh****",
    "review": "아이들에게 보고나서 따로 설명해줄 필요가 없이 스토리전개가 좋았습니다. 아이들이 참 좋아할만해요",
    "rating": "8",
    "date": "13.01.19"
  },
  {
    "review_id": "7132955",
    "movie_id": "100938",
    "author": "nrjc****",
    "review": "아이들이 이해하는데 조금의 어려움없이 내용을 잘 풀어놨더라구요. 영화 아주 좋았습니다 이런 애니메이션 보러 자주나와야겠어요",
    "rating": "10",
    "date": "13.01.19"
  },
  {
    "review_id": "7132944",
    "movie_id": "100938",
    "author": "gtdg****",
    "review": "정말 신선한 느낌으로 오랜만에 색다른 영화를 봤습니다. 성인들이 보기에도 좋은 영화입니다",
    "rating": "10",
    "date": "13.01.19"
  },
  {
    "review_id": "7132933",
    "movie_id": "100938",
    "author": "prut****",
    "review": "유치하지 않았어요. 굉장히 유치할줄 알았는데 정말 재미있었습니다. 어린이들이 좋아할만하더라구요",
    "rating": "10",
    "date": "13.01.19"
  },
  {
    "review_id": "7132917",
    "movie_id": "100938",
    "author": "atye****",
    "review": "아이들보다 부모인 제가 오히려 더 재미있게 보고 왔습니다. 앞으로도 종종 이런시간을 만들어야겠어요",
    "rating": "10",
    "date": "13.01.19"
  },
  {
    "review_id": "7132901",
    "movie_id": "100938",
    "author": "ldyu****",
    "review": "저희집 아이들이 바닷속의 모습에 워낙 관심이 많아서 이 영화를 보러갔는데 잘봤다는생각이 드네요!",
    "rating": "10",
    "date": "13.01.19"
  },
  {
    "review_id": "7132890",
    "movie_id": "100938",
    "author": "wptr****",
    "review": "스타 더빙이 주인공이아니고 악역이라는 점에서 조금 참신하다는 생각이 들었어요! 더빙은 최고~! 김병만 류담의 입지가 대단하더라구요",
    "rating": "10",
    "date": "13.01.19"
  },
  {
    "review_id": "7132878",
    "movie_id": "100938",
    "author": "ltir****",
    "review": "최근 나온 애니메이션중에 최고라고 말씀드리고 싶습니다! 귀여운 물고기들의 모습이 보기 좋았어요 꼭 바닷속을 들어갔다 나온기분이라고할까?",
    "rating": "8",
    "date": "13.01.19"
  }
]