[
  {
    "review_id": "10132873",
    "movie_id": "100924",
    "author": "fire****",
    "review": "사랑에 대해 깊이 생각해보게된 영화...",
    "rating": "10",
    "date": "15.07.23"
  },
  {
    "review_id": "10112039",
    "movie_id": "100924",
    "author": "catd****",
    "review": "잔잔하면서도 최고였던 영화..근데 니키가 전남편을 사랑한건지. 톰을 사랑한건지 마지막까지 확실하게 알 수가 없었다...",
    "rating": "10",
    "date": "15.07.17"
  },
  {
    "review_id": "10112020",
    "movie_id": "100924",
    "author": "soon****",
    "review": "이제까지 이런 명작을 몰랐다니...케이블에서 해주는거 후반부 조금만 보는데도 마음이 아리네요 톰이 불쌍하게 느껴짐",
    "rating": "8",
    "date": "15.07.17"
  },
  {
    "review_id": "9940663",
    "movie_id": "100924",
    "author": "seul****",
    "review": "어떤 면에서 생각하게 할 수 있는 영화.. 여주인공때문에 답답함은 내몫. 남자의 헌신적인 사랑이 돋보이는",
    "rating": "6",
    "date": "15.05.23"
  },
  {
    "review_id": "9935084",
    "movie_id": "100924",
    "author": "cros****",
    "review": "배우자의 죽음에 관해 생각하게 만드는 감성영화ㅣ",
    "rating": "10",
    "date": "15.05.21"
  },
  {
    "review_id": "9808535",
    "movie_id": "100924",
    "author": "ehwj****",
    "review": "제목이 모든걸 말해준다. 이중적인 의미이기도..그나저나 아네트도 많이 늙으셨네요ㅠㅠ",
    "rating": "7",
    "date": "15.03.26"
  },
  {
    "review_id": "9792032",
    "movie_id": "100924",
    "author": "myre****",
    "review": "사랑의 얼굴.. 그것은 그녀가 아니라 진실한 사랑을 담은 톰 자신의 얼굴인 것 같다",
    "rating": "7",
    "date": "15.03.18"
  },
  {
    "review_id": "9714573",
    "movie_id": "100924",
    "author": "kic4****",
    "review": "니키처럼 사랑하고 싶다.",
    "rating": "9",
    "date": "15.02.19"
  },
  {
    "review_id": "9713750",
    "movie_id": "100924",
    "author": "sipe****",
    "review": "혼란속에서도 사랑. 나같아도 그랬을거 같아요...",
    "rating": "8",
    "date": "15.02.19"
  },
  {
    "review_id": "9713011",
    "movie_id": "100924",
    "author": "3771****",
    "review": "마지막 여운이 찡하네요. 다만 낭만적인 것처럼 포장한 사랑이 거짓된 사랑이었으니 안타까워요.",
    "rating": "7",
    "date": "15.02.19"
  },
  {
    "review_id": "9703754",
    "movie_id": "100924",
    "author": "jose****",
    "review": "재밌습니다 꽤 볼만합니다",
    "rating": "10",
    "date": "15.02.16"
  },
  {
    "review_id": "9702800",
    "movie_id": "100924",
    "author": "casc****",
    "review": "미국은 정말 영화 잘만든다는 말 밖에는... 한국 작가들은 이런 영화 보고 영감 얻는 듯...",
    "rating": "10",
    "date": "15.02.16"
  },
  {
    "review_id": "9686555",
    "movie_id": "100924",
    "author": "urim****",
    "review": "배우들의 연기가 너무나 좋은 영화! 추천합니다!",
    "rating": "10",
    "date": "15.02.11"
  },
  {
    "review_id": "9683530",
    "movie_id": "100924",
    "author": "ogr5****",
    "review": "배우들은 깊지만 영화는 얕아 흔들리지 않는다.",
    "rating": "5",
    "date": "15.02.10"
  },
  {
    "review_id": "9681258",
    "movie_id": "100924",
    "author": "jehy****",
    "review": "아네트 베닝 나이들어도 아직 예전의 얼굴과 연기가 남아 있네요",
    "rating": "9",
    "date": "15.02.09"
  },
  {
    "review_id": "9674432",
    "movie_id": "100924",
    "author": "alem****",
    "review": "The Face of Love..",
    "rating": "7",
    "date": "15.02.07"
  },
  {
    "review_id": "9649818",
    "movie_id": "100924",
    "author": "cont****",
    "review": "너무나 사랑하는 사람이었다면 그럴 수 있을 꺼야. 그래선 안되는데.",
    "rating": "7",
    "date": "15.01.29"
  },
  {
    "review_id": "9616763",
    "movie_id": "100924",
    "author": "stin****",
    "review": "엔딩이 마음에 안들지만 잔잔하면서도 찡한 스토리였어여",
    "rating": "9",
    "date": "15.01.20"
  },
  {
    "review_id": "9597134",
    "movie_id": "100924",
    "author": "wjdd****",
    "review": "멍미..ㅋㅋ음음허허",
    "rating": "6",
    "date": "15.01.15"
  },
  {
    "review_id": "9597035",
    "movie_id": "100924",
    "author": "happ****",
    "review": "그녀는 누구를 사랑했나",
    "rating": "10",
    "date": "15.01.15"
  },
  {
    "review_id": "9507264",
    "movie_id": "100924",
    "author": "zero****",
    "review": "가족 영화로 감동의 물결전 세 아이의 아빠인데 애들과 꼭 봐야하는 영화입니다제작자가 도가니 만든 대표더라구요모든 연령이 다 볼 수 있는 따뜻한 영화입니다",
    "rating": "10",
    "date": "14.12.24"
  },
  {
    "review_id": "9475146",
    "movie_id": "100924",
    "author": "nala****",
    "review": "젊었을때는 이해하기 힘든 사랑도 있다. 톰이 남긴 그림은 참 인상적이었다.",
    "rating": "8",
    "date": "14.12.14"
  },
  {
    "review_id": "9441636",
    "movie_id": "100924",
    "author": "sayh****",
    "review": "니키와 가렛이 얼마나 행복했을까. 죽어서도 잊지 못하는 사랑을 했었다면 톰에게 충분히 그랬을 수 있겠다고 이해가 되었다. 아마도 가렛과 사랑의 연장이었을 것 같다. 톰에게는 잔인하지만 얼마나 가렛을 사랑했으면 그랬을까 싶다.",
    "rating": "10",
    "date": "14.12.02"
  },
  {
    "review_id": "9431174",
    "movie_id": "100924",
    "author": "lyk0****",
    "review": "늙는다는 건 슬픈 일들을 더 많이 경험한다는 것.. 서글픈 일이다. 니키의 감정변화가 이해되고, 성숙함을 내뿜는 배우들의 연기가 좋다. 사랑은 다양한 모습으로 인생에 스며드는것. 여전히 우아한 아넷베닝처럼 나이들고 싶다. 10년, 20년 후 다시볼영화",
    "rating": "7",
    "date": "14.11.29"
  },
  {
    "review_id": "9393748",
    "movie_id": "100924",
    "author": "ekaq****",
    "review": "내가 나이가 아직 안돼서 공감을 못하는건지는 모르겠지만 보는내내 여주때문에 짜증만 났던 영화 주변사람하고 톰한테 피해만 주고....마지막장면은 무슨 의미가 있는건지 잘 모르겠지만 보면서 짜증났던 영화",
    "rating": "1",
    "date": "14.11.17"
  },
  {
    "review_id": "9362346",
    "movie_id": "100924",
    "author": "phss****",
    "review": "톰도 죽었다는? 그림 속에 세 명이 다 있네???",
    "rating": "7",
    "date": "14.11.09"
  },
  {
    "review_id": "9282503",
    "movie_id": "100924",
    "author": "lobl****",
    "review": "평범한 이야기, 비상한 연기",
    "rating": "7",
    "date": "14.10.10"
  },
  {
    "review_id": "9267172",
    "movie_id": "100924",
    "author": "kwh6****",
    "review": "disappointed",
    "rating": "6",
    "date": "14.10.05"
  },
  {
    "review_id": "9216084",
    "movie_id": "100924",
    "author": "mis9****",
    "review": "가을밤 잊었던 사랑을 다시 생각하게 하는...추억으로만 생각했던 신랑과의 지난 시간을 다시 기억하게 하는 아름다운 영화.",
    "rating": "10",
    "date": "14.09.15"
  },
  {
    "review_id": "9109220",
    "movie_id": "100924",
    "author": "cure****",
    "review": "미술이든 음악이든 예술은 결국 어떤 기교나 화려한 겉치장 보다는 근본적인 내공.. 기본기가 좋은 작품이 감동을 주기 마련이다. 오랫만에 영화다운 영화..특히 오글거릴 정도로 낭만적인 대사들... 마치 50년대 흑백 영화를 보듯.. 최고다.",
    "rating": "10",
    "date": "14.08.19"
  },
  {
    "review_id": "9072479",
    "movie_id": "100924",
    "author": "khe7****",
    "review": "고인의 명복을 빕니다.",
    "rating": "10",
    "date": "14.08.12"
  },
  {
    "review_id": "9029298",
    "movie_id": "100924",
    "author": "enig****",
    "review": "재미없어도 마지막 반전만을 기대했는데 반전은 개뿔... 아무것도 없었다",
    "rating": "1",
    "date": "14.08.05"
  },
  {
    "review_id": "9021188",
    "movie_id": "100924",
    "author": "pant****",
    "review": "가슴이 먹먹해지네요...러브어페어이후로 좋았습니다",
    "rating": "10",
    "date": "14.08.04"
  },
  {
    "review_id": "8959251",
    "movie_id": "100924",
    "author": "dlfq****",
    "review": "진실이 때로는 잔인하단 말이 뭔지 말해준 거 같다.",
    "rating": "7",
    "date": "14.07.25"
  },
  {
    "review_id": "8884501",
    "movie_id": "100924",
    "author": "hjg9****",
    "review": "첫눈에 반한다는 것을 완전히 부정하는 영화.",
    "rating": "9",
    "date": "14.07.05"
  },
  {
    "review_id": "8883789",
    "movie_id": "100924",
    "author": "artm****",
    "review": "사랑은 좋은 기억인듯....",
    "rating": "9",
    "date": "14.07.04"
  },
  {
    "review_id": "8854472",
    "movie_id": "100924",
    "author": "nasu****",
    "review": "기분나쁘지않을만큼잼있네요",
    "rating": "8",
    "date": "14.06.25"
  },
  {
    "review_id": "8853069",
    "movie_id": "100924",
    "author": "dkra****",
    "review": "엄청 많은 생각을 하게 해주는 영화였어요여주인공 마음도 이해되고 남주인공 마음도 이해되고어느 하나 욕할 수 없었어요 보고 나니 생각이 깊어지는 영화네요",
    "rating": "8",
    "date": "14.06.25"
  },
  {
    "review_id": "8840998",
    "movie_id": "100924",
    "author": "wjdd****",
    "review": "ㅠㅠㅠ  마지막 십분이 압권이다.",
    "rating": "8",
    "date": "14.06.19"
  },
  {
    "review_id": "8839660",
    "movie_id": "100924",
    "author": "viol****",
    "review": "감동그자체입니다  다시보고싶은영화에요",
    "rating": "10",
    "date": "14.06.19"
  },
  {
    "review_id": "8838090",
    "movie_id": "100924",
    "author": "hell****",
    "review": "이런영화도 있구나..",
    "rating": "10",
    "date": "14.06.18"
  },
  {
    "review_id": "8819736",
    "movie_id": "100924",
    "author": "cs06****",
    "review": "내가 좋아하는 에드 해리스의 비중이 크지 않아 아쉽다...그냥 무난하게 볼 수는 있지만 큰 감동까지는 주지 못했다.",
    "rating": "7",
    "date": "14.06.10"
  },
  {
    "review_id": "8818441",
    "movie_id": "100924",
    "author": "bigm****",
    "review": "중년 여성들에게  강추 !! . 사랑의 추억은  온몸의 세포하나하나와 마음의 한결한결이 다 연결되어 있게 한다. 삶과 죽음의 경계를 넘어  진행 형이 되는 사랑.",
    "rating": "8",
    "date": "14.06.10"
  },
  {
    "review_id": "8817394",
    "movie_id": "100924",
    "author": "kiyo****",
    "review": "볼만해요. 노년에 성숙한 사랑.",
    "rating": "8",
    "date": "14.06.09"
  },
  {
    "review_id": "8814098",
    "movie_id": "100924",
    "author": "byul****",
    "review": "잔잔하다가 마지막에 살짝 터트려주는 구성이 맘에 든다",
    "rating": "7",
    "date": "14.06.08"
  },
  {
    "review_id": "8809404",
    "movie_id": "100924",
    "author": "sury****",
    "review": "음악과 영상미 그리고 연기력 모두 좋았다",
    "rating": "10",
    "date": "14.06.07"
  },
  {
    "review_id": "8786585",
    "movie_id": "100924",
    "author": "tvja****",
    "review": "음악이랑 연기 참좋았어요... 스토리도 이만하면 뭐 연기 때문에 크게 작위적이라는 느낌은 받지 않았어요... 그냥 왜 니키가 톰한테 모든걸 일찍 말하지 않았을까라는 의문은 남지만 말안한게 크게 말이 안되는것도 아니라서 뭐...",
    "rating": "8",
    "date": "14.06.02"
  },
  {
    "review_id": "8779664",
    "movie_id": "100924",
    "author": "sunj****",
    "review": "팝업좀 그만떠 팝업좀 그만떠",
    "rating": "10",
    "date": "14.05.31"
  },
  {
    "review_id": "8771774",
    "movie_id": "100924",
    "author": "keke****",
    "review": "좋은 영화지만...모랄까 몇 프로 부족한 느낌이었구요...러브어페어의 느낌을 너무 살리려 하지만 주인공이 시간이 너무 흐른느낌?",
    "rating": "7",
    "date": "14.05.28"
  },
  {
    "review_id": "8771460",
    "movie_id": "100924",
    "author": "kore****",
    "review": "이것도 또한 사랑인것 ~",
    "rating": "10",
    "date": "14.05.28"
  },
  {
    "review_id": "8762945",
    "movie_id": "100924",
    "author": "jn11****",
    "review": "색감이 예쁜 영화지만 스토리는 아쉬움",
    "rating": "7",
    "date": "14.05.25"
  },
  {
    "review_id": "8762712",
    "movie_id": "100924",
    "author": "rock****",
    "review": "시각적인 면을 잘 충족시켜주는 영화",
    "rating": "8",
    "date": "14.05.25"
  },
  {
    "review_id": "8759518",
    "movie_id": "100924",
    "author": "merr****",
    "review": "오랜만에 잘만든 영화 봤음!! 강추 초강추..",
    "rating": "10",
    "date": "14.05.24"
  },
  {
    "review_id": "8758473",
    "movie_id": "100924",
    "author": "tlat****",
    "review": "사랑은 눈으로 하는가 , 가슴으로 하는가",
    "rating": "8",
    "date": "14.05.23"
  },
  {
    "review_id": "8754838",
    "movie_id": "100924",
    "author": "cham****",
    "review": "아직까지는 중년의 사랑에 대해서 모르겠지만많은 생각을 하게 해준 영화임스토리는 훌륭한데 내용은 좀 지루함",
    "rating": "10",
    "date": "14.05.22"
  },
  {
    "review_id": "8751837",
    "movie_id": "100924",
    "author": "ooos****",
    "review": "사랑하는 사람을 잃은 공허함 슬픔영상미가 참 좋았는데 결말이 아쉬웠다.",
    "rating": "9",
    "date": "14.05.21"
  },
  {
    "review_id": "8747740",
    "movie_id": "100924",
    "author": "clip****",
    "review": "잔잔하게 여운이 남네요..",
    "rating": "8",
    "date": "14.05.19"
  },
  {
    "review_id": "8747329",
    "movie_id": "100924",
    "author": "nate****",
    "review": "지루해..지루해..지루해..지루해..지루해..지루해..지루해..지루해..지루해..",
    "rating": "6",
    "date": "14.05.19"
  },
  {
    "review_id": "8745425",
    "movie_id": "100924",
    "author": "hszw****",
    "review": "뻔한스토리이긴하지만 볼만한듯",
    "rating": "7",
    "date": "14.05.18"
  },
  {
    "review_id": "8745138",
    "movie_id": "100924",
    "author": "sjh2****",
    "review": "영화 전반전인 스토리가 조금 느슨하지만 굿",
    "rating": "10",
    "date": "14.05.18"
  },
  {
    "review_id": "8742850",
    "movie_id": "100924",
    "author": "rltj****",
    "review": "나까지 가슴이 막 뛰고,가슴이 막 애렸다..마지막장면 정말....아...이게 남자의 사랑이구나.",
    "rating": "9",
    "date": "14.05.18"
  },
  {
    "review_id": "8742782",
    "movie_id": "100924",
    "author": "gudc****",
    "review": "감성 연기가 정말 최고 수준 이지 않음 ?!",
    "rating": "9",
    "date": "14.05.18"
  },
  {
    "review_id": "8742194",
    "movie_id": "100924",
    "author": "yoos****",
    "review": "재밌었어요 별기대안하고봤는데",
    "rating": "8",
    "date": "14.05.18"
  },
  {
    "review_id": "8741416",
    "movie_id": "100924",
    "author": "ojh5****",
    "review": "아네트 베닝!! 나이들어서도 사랑을 꿈꾸게 만들어버린 그녀의 연기...",
    "rating": "9",
    "date": "14.05.17"
  },
  {
    "review_id": "8732957",
    "movie_id": "100924",
    "author": "mart****",
    "review": "딸년 소리지를때 개짜증났음",
    "rating": "7",
    "date": "14.05.15"
  },
  {
    "review_id": "8732671",
    "movie_id": "100924",
    "author": "rara****",
    "review": "괜찮은 영화.사랑에 대해 생각볼수있어요",
    "rating": "8",
    "date": "14.05.15"
  },
  {
    "review_id": "8729616",
    "movie_id": "100924",
    "author": "cyzh****",
    "review": "너무가슴아프고찡한영화..",
    "rating": "10",
    "date": "14.05.14"
  },
  {
    "review_id": "8726951",
    "movie_id": "100924",
    "author": "sua4****",
    "review": "재미있게 잘 봤습니다.",
    "rating": "8",
    "date": "14.05.12"
  },
  {
    "review_id": "8726800",
    "movie_id": "100924",
    "author": "twoa****",
    "review": "두 주인공의 사랑은 너무 아프다. 남편으로 혼동했던 톰의 여주인공에 대한 사랑이 특히 그러하다. 그의 눈물이 이 영화의 큰 감정선이다.",
    "rating": "6",
    "date": "14.05.12"
  },
  {
    "review_id": "8726487",
    "movie_id": "100924",
    "author": "dudt****",
    "review": "재밋엇음 볼만해여 많이보셈",
    "rating": "9",
    "date": "14.05.12"
  },
  {
    "review_id": "8725999",
    "movie_id": "100924",
    "author": "dbzh****",
    "review": "젊은시절 베닝은 이쁘더만...",
    "rating": "3",
    "date": "14.05.12"
  },
  {
    "review_id": "8725718",
    "movie_id": "100924",
    "author": "wbdl****",
    "review": "나와 같은 연령대의 러브스토리가 아님에도 불구하고 감정이입시켜서 본 영화이다. 주연배우들의 섬세한 감성연기가 정말 좋았다.",
    "rating": "8",
    "date": "14.05.12"
  },
  {
    "review_id": "8725576",
    "movie_id": "100924",
    "author": "ffda****",
    "review": "공감을 느낄 수 있는 영화였던 것 같다. 사랑하는 사람을 떠나보내고 그리워하는 마음이 잘 표현된...다시 보게 되는 영화. 애틋하고 안타까운 사랑인 듯....",
    "rating": "9",
    "date": "14.05.12"
  },
  {
    "review_id": "8725370",
    "movie_id": "100924",
    "author": "da_s****",
    "review": "공감가는 슬픈 이야기.. 좀 단조로운점이 있었지만 충분히 공감이 가서 슬프다...",
    "rating": "6",
    "date": "14.05.12"
  },
  {
    "review_id": "8721948",
    "movie_id": "100924",
    "author": "latt****",
    "review": "The Face of Love",
    "rating": "10",
    "date": "14.05.11"
  },
  {
    "review_id": "8719973",
    "movie_id": "100924",
    "author": "djta****",
    "review": "생각보다 재미있게 봤습니다",
    "rating": "8",
    "date": "14.05.10"
  },
  {
    "review_id": "8719498",
    "movie_id": "100924",
    "author": "pian****",
    "review": "잼잇어요~전 후회하지 않엇어요~ 좋앗네용~^^",
    "rating": "9",
    "date": "14.05.10"
  },
  {
    "review_id": "8717085",
    "movie_id": "100924",
    "author": "tele****",
    "review": "러브어페어의 그 감동만큼은 아니었지만  정말 감동적으로 보았습니다. 니키 중심으로 끌어가는 줄 알았던 영화의 마지막 부분에서 톰의 시각에서 마무리 됨에 소름이 쫙 ~~~~ . 암튼 멜로 좋아하시는분들 정말 강추강추입니다.",
    "rating": "9",
    "date": "14.05.09"
  },
  {
    "review_id": "8716273",
    "movie_id": "100924",
    "author": "dakk****",
    "review": "전 별로였어요... 억지스러운 것 같기도하고  뭔가 의미를 부여하다가 만 것 같은 느낌도 들고ㅠㅠ 자연스럽게 몰입하기엔 좀 어려웠어요.",
    "rating": "4",
    "date": "14.05.08"
  },
  {
    "review_id": "8714190",
    "movie_id": "100924",
    "author": "hyjs****",
    "review": "`사랑은 이렇게 하는것이다 ` 라는 걸 느끼게 해준 영화. 너무 감동적이었다~",
    "rating": "9",
    "date": "14.05.07"
  },
  {
    "review_id": "8714154",
    "movie_id": "100924",
    "author": "guev****",
    "review": "중년의 사랑을 지루하지않게 연출해낸 애리 포신의 연출이 매끄럽군",
    "rating": "7",
    "date": "14.05.07"
  },
  {
    "review_id": "8713675",
    "movie_id": "100924",
    "author": "very****",
    "review": "결혼을 하고보니 만약 내가 니키였다면...? 이런생각하게 되네요 감동적이라기 보다는 가슴이 슬펐던...그런 영화였습니다 ㅠ.ㅠ 마지막 톰과 니키가 잘되었음 했는데 안되서 너무 아쉬웠던 영화...",
    "rating": "9",
    "date": "14.05.07"
  },
  {
    "review_id": "8713638",
    "movie_id": "100924",
    "author": "dyth****",
    "review": "너무좋네요좋아요^^",
    "rating": "3",
    "date": "14.05.07"
  },
  {
    "review_id": "8712938",
    "movie_id": "100924",
    "author": "hyhc****",
    "review": "연기도 잘하시고.. 내용도 좋으나 우리의 정서랑은 맞지 않는 것 같네요..",
    "rating": "5",
    "date": "14.05.07"
  },
  {
    "review_id": "8712729",
    "movie_id": "100924",
    "author": "abcd****",
    "review": "리뷰에 썰. ㅇㅇ.,,.",
    "rating": "6",
    "date": "14.05.07"
  },
  {
    "review_id": "8712447",
    "movie_id": "100924",
    "author": "song****",
    "review": "한마디로 정리할순없는 많은 감정이 느껴지네요 옳다 그르다 판가름할수도없구요 그냥 '그시간에 그런사랑이 있었다'정도로 괜찮을까요",
    "rating": "10",
    "date": "14.05.07"
  },
  {
    "review_id": "8710954",
    "movie_id": "100924",
    "author": "futu****",
    "review": "영화 끝나자 마자 드는 생각...잉?? 너무나 많은 궁금증들을 해소시켜주지 않고 그냥 끝나버림",
    "rating": "6",
    "date": "14.05.06"
  },
  {
    "review_id": "8709454",
    "movie_id": "100924",
    "author": "sh_o****",
    "review": "결말이 다소 아쉬웠지만 사랑스러운 영화",
    "rating": "9",
    "date": "14.05.06"
  },
  {
    "review_id": "8709399",
    "movie_id": "100924",
    "author": "ssap****",
    "review": "감동적인 영화였습니다. 특히 주름진 눈에서 흐르는 눈물은 더욱 무게감이 있더군요.",
    "rating": "9",
    "date": "14.05.06"
  },
  {
    "review_id": "8708908",
    "movie_id": "100924",
    "author": "pall****",
    "review": "내 사랑의 얼굴은 무엇일까..나이듦의 가치가 높아지는 것에 사랑이 있음을 느끼게 하는 영화였다.\"나 잘 못한건가요?\" 누가 비난할 수 있을까.아네트베닝의 연기는 첫사랑을 앓는 소녀처럼 순수하고 삶의 완숙함이 묻어나듯 애잔했다.",
    "rating": "10",
    "date": "14.05.06"
  },
  {
    "review_id": "8708679",
    "movie_id": "100924",
    "author": "jizo****",
    "review": "상황에 몰입-^^ 감정연기 넘 좋아요. 마지막에 그림보고 울컥.",
    "rating": "9",
    "date": "14.05.06"
  },
  {
    "review_id": "8707105",
    "movie_id": "100924",
    "author": "kang****",
    "review": "예고편 보면서 많이 울었는데 막상 극장에서 보니 실망...스토리가 많이 끊기는 느낌이 들어 감정 몰입에 방해가 된듯... 그래도 달달한 많이 이기적인 로맨스....",
    "rating": "7",
    "date": "14.05.05"
  },
  {
    "review_id": "8707078",
    "movie_id": "100924",
    "author": "ipli****",
    "review": "진정한 사랑이 무엇인지에 대한 정의에 혼란이 생기게 한다.",
    "rating": "6",
    "date": "14.05.05"
  },
  {
    "review_id": "8706232",
    "movie_id": "100924",
    "author": "buym****",
    "review": "보는 내내 시원한 청량음료가.너무 간절 했습니다.",
    "rating": "3",
    "date": "14.05.05"
  },
  {
    "review_id": "8706048",
    "movie_id": "100924",
    "author": "1322****",
    "review": "힘들고 어려울때 힘이되요.",
    "rating": "8",
    "date": "14.05.05"
  },
  {
    "review_id": "8705950",
    "movie_id": "100924",
    "author": "tto4****",
    "review": "걸혼한지20년이넘어서그런지 배우의감정이 이입되는듯했다.",
    "rating": "9",
    "date": "14.05.05"
  },
  {
    "review_id": "8705240",
    "movie_id": "100924",
    "author": "juju****",
    "review": "지난 사랑에 가슴아파하는 사람이라면...또한번의 진짜 사랑을 찾고 있다면...내내 눈물이 멈추지 않는 영화!",
    "rating": "10",
    "date": "14.05.05"
  },
  {
    "review_id": "8704622",
    "movie_id": "100924",
    "author": "enso****",
    "review": "좋은 멜로 영화인 줄 알았는데, 그다지 공감이 되지는 않네요.",
    "rating": "7",
    "date": "14.05.05"
  },
  {
    "review_id": "8704043",
    "movie_id": "100924",
    "author": "ijul****",
    "review": "톰의 진정한 사랑이 빛나는 영화",
    "rating": "7",
    "date": "14.05.05"
  },
  {
    "review_id": "8702667",
    "movie_id": "100924",
    "author": "tidi****",
    "review": "공감은 충분히 되지만 특별한 여운은 없네요극장용으로는 다소 부족함",
    "rating": "6",
    "date": "14.05.04"
  }
]