[
  {
    "review_id": "10022566",
    "movie_id": "100930",
    "author": "tyra****",
    "review": "이 영화에 가장 큰 문제는첫째로, 인간말이다.그런거 없어도 동물들 행동만보고 대강 상황파악 될거같은데 시끄럽게 떠든다둘째, 주인공격 공룡이 초식공룡이다간지가 없다고르고사우루스가 악역인데 선역처럼 보인다.이 시끄러운 초딩룡들 목 부러트리게.",
    "rating": "7",
    "date": "15.06.22"
  },
  {
    "review_id": "9609470",
    "movie_id": "100930",
    "author": "hoon****",
    "review": "풍경 오짐 공룡 그래픽이랑 더빙 으로보지마라",
    "rating": "10",
    "date": "15.01.18"
  },
  {
    "review_id": "9537578",
    "movie_id": "100930",
    "author": "milk****",
    "review": "그냥 아그들이 좋아 할 만한 영화...",
    "rating": "4",
    "date": "14.12.30"
  },
  {
    "review_id": "9424870",
    "movie_id": "100930",
    "author": "tjdw****",
    "review": "더빙 연예인좀 그만써라 ㅡㅡ 고급성우들이 우리나라에 얼마나많은데 장난치나 진짜",
    "rating": "4",
    "date": "14.11.26"
  },
  {
    "review_id": "9409306",
    "movie_id": "100930",
    "author": "ssys****",
    "review": "스토리있는 다큐 영화라 신선하고 재밌네요. 그리고 보통 다큐에서 주인공인 동물은 육식동물이 대다수인데 초식동물이라서 더 좋았어요.전문성우가 아닌것에 대한 반감은 딱히 없지만 이광수 미성의 목소리 앵앵거리는게 거슬리네요.초중반에.",
    "rating": "6",
    "date": "14.11.22"
  },
  {
    "review_id": "9407459",
    "movie_id": "100930",
    "author": "ojs_****",
    "review": "이광수더빙이 2점을 깍았다...",
    "rating": "8",
    "date": "14.11.21"
  },
  {
    "review_id": "9340415",
    "movie_id": "100930",
    "author": "oojj****",
    "review": "엄청난 모험인것처럼 속였다. 어린이용 영화일뿐.",
    "rating": "4",
    "date": "14.11.04"
  },
  {
    "review_id": "9266062",
    "movie_id": "100930",
    "author": "deja****",
    "review": "광수 목소리땜에  막 짜증이난다  영화랑 캐릭이랑 너무안어울리고 산만하고  차라리 전문성우가 하지 정말 집중이 안된다  그렇지만 전체적인 내용이나 그래픽 등에서 볼만하다",
    "rating": "8",
    "date": "14.10.05"
  },
  {
    "review_id": "9212097",
    "movie_id": "100930",
    "author": "bloo****",
    "review": "역시 원음으로 들어야 한다.  그리고 동물농장식의 대사진행으로 과한 의인화를 피했다는것이 더욱 매끄러움을 선사!!",
    "rating": "7",
    "date": "14.09.13"
  },
  {
    "review_id": "9147910",
    "movie_id": "100930",
    "author": "real****",
    "review": "제목 번역은 어느 바보가 한거여. CG를 잘 만들어서 10점 주는 거예유. 유아용이에유.",
    "rating": "10",
    "date": "14.08.30"
  },
  {
    "review_id": "9010974",
    "movie_id": "100930",
    "author": "mykb****",
    "review": "적극추천까진 아니지만 가족끼리 보기엔 재밌습니다.",
    "rating": "10",
    "date": "14.08.02"
  },
  {
    "review_id": "8946856",
    "movie_id": "100930",
    "author": "9dod****",
    "review": "이광수라도 더빙에 참여하지 않았다면.. 1200여명이나 네이버평점을 매기지는 않았을듯.. 홍보에 성공한택이죠.. 내용은 전체관람가에 딱 맞는 수준인듯해요.. 대중성에 잘맞춤",
    "rating": "7",
    "date": "14.07.23"
  },
  {
    "review_id": "8883733",
    "movie_id": "100930",
    "author": "ari1****",
    "review": "재미가 너무없다.가나",
    "rating": "1",
    "date": "14.07.04"
  },
  {
    "review_id": "8869490",
    "movie_id": "100930",
    "author": "pajy****",
    "review": "더빙 배우를 잘못써서 괜찮았을 영화를 망친듯",
    "rating": "4",
    "date": "14.06.29"
  },
  {
    "review_id": "8846633",
    "movie_id": "100930",
    "author": "soju****",
    "review": "아이들이 좋아했습니다.",
    "rating": "10",
    "date": "14.06.22"
  },
  {
    "review_id": "8832125",
    "movie_id": "100930",
    "author": "hye7****",
    "review": "재밌어요재밌어요재밌어요",
    "rating": "10",
    "date": "14.06.15"
  },
  {
    "review_id": "8831677",
    "movie_id": "100930",
    "author": "jjun****",
    "review": "애들이 기대 안하고 봤는데 재미있었다고 하더라구요.",
    "rating": "8",
    "date": "14.06.15"
  },
  {
    "review_id": "8805366",
    "movie_id": "100930",
    "author": "rotj****",
    "review": "그래픽기술은 놀라울따름.... 공룡에 관련된 스토리인만큼 더 웅장하고 더 와닿는 긴장감을 줬으면하는 아쉬움이 남는다...",
    "rating": "7",
    "date": "14.06.06"
  },
  {
    "review_id": "8790764",
    "movie_id": "100930",
    "author": "whit****",
    "review": "아이들이 좋아해서 저도 흐뭇하더라구요좋은영화감사합니다",
    "rating": "8",
    "date": "14.06.03"
  },
  {
    "review_id": "8770479",
    "movie_id": "100930",
    "author": "inch****",
    "review": "점박이가솔직이좀더재밌었지만그래도볼만했어요.",
    "rating": "9",
    "date": "14.05.27"
  },
  {
    "review_id": "8767523",
    "movie_id": "100930",
    "author": "beea****",
    "review": "같이간 조카가 좋아했어요. 아이들이 좋아하는 영화입니다.",
    "rating": "10",
    "date": "14.05.26"
  },
  {
    "review_id": "8751136",
    "movie_id": "100930",
    "author": "pugu****",
    "review": "공룡 좋아하는 우리 아이가  재미있어 했어요",
    "rating": "8",
    "date": "14.05.21"
  },
  {
    "review_id": "8740891",
    "movie_id": "100930",
    "author": "lbg7****",
    "review": "아이와 딱보기좋다 초등이하",
    "rating": "5",
    "date": "14.05.17"
  },
  {
    "review_id": "8737093",
    "movie_id": "100930",
    "author": "yeoh****",
    "review": "공룡들이 살아있는듯 움직여요",
    "rating": "7",
    "date": "14.05.16"
  },
  {
    "review_id": "8736012",
    "movie_id": "100930",
    "author": "skic****",
    "review": "아이 몰입도가 높은 영화였어요",
    "rating": "7",
    "date": "14.05.16"
  },
  {
    "review_id": "8727894",
    "movie_id": "100930",
    "author": "leec****",
    "review": "아이들 눈으로 그나마 볼만한듯.",
    "rating": "5",
    "date": "14.05.13"
  },
  {
    "review_id": "8709098",
    "movie_id": "100930",
    "author": "88mo****",
    "review": "아이가 영화보다 나온건 이게 처음",
    "rating": "1",
    "date": "14.05.06"
  },
  {
    "review_id": "8708389",
    "movie_id": "100930",
    "author": "jing****",
    "review": "생각보다. .지루해서 아이도 저도 졸면서봣어요",
    "rating": "5",
    "date": "14.05.06"
  },
  {
    "review_id": "8703512",
    "movie_id": "100930",
    "author": "adiv****",
    "review": "기대 보다는 실망이 크네요..  점박이가 더 감동적이고 재미남..",
    "rating": "5",
    "date": "14.05.05"
  },
  {
    "review_id": "8695664",
    "movie_id": "100930",
    "author": "ipse****",
    "review": "요즘 공룡에  푹빠진  아들  이  영화보고  너무좋아하네요",
    "rating": "10",
    "date": "14.05.03"
  },
  {
    "review_id": "8694982",
    "movie_id": "100930",
    "author": "lee9****",
    "review": "공룡을 소재로 한 영화도 참신했고 영상미도 뛰어났지만 제발 우리나라에서 더빙할일 있으면 아무 연예인이나 갖다쓰지말고 성우만을 하기위해 전문적으로 교육을 받은 전문성우좀 써줬으면 좋겠다",
    "rating": "9",
    "date": "14.05.03"
  },
  {
    "review_id": "8694167",
    "movie_id": "100930",
    "author": "dodo****",
    "review": "오랜만의 공룡영화. CG기술이 돋보였습니다. 자막으로 봐서 그런지 별 이질감은 없었네요. 뭔가 거대한 공룡이 나오지 않았다는게 아쉽긴 하지만 그냥저냥 볼만했습니다.",
    "rating": "7",
    "date": "14.05.02"
  },
  {
    "review_id": "8693629",
    "movie_id": "100930",
    "author": "bayd****",
    "review": "중간중간 조금 지루했지만 나름 재밌고 볼만한 애니메이션.",
    "rating": "10",
    "date": "14.05.02"
  },
  {
    "review_id": "8691119",
    "movie_id": "100930",
    "author": "kygo****",
    "review": "오랜만에 애니 봤는데.. 정말 재미있게 봤다",
    "rating": "8",
    "date": "14.05.02"
  },
  {
    "review_id": "8684187",
    "movie_id": "100930",
    "author": "i971****",
    "review": "차라리 출연시킬꺼면 트리케라톱스나 티라노사우루스 출연시키지..인기도 없는 파키리노사우루스하고 고르고사우루스를??",
    "rating": "1",
    "date": "14.04.30"
  },
  {
    "review_id": "8677908",
    "movie_id": "100930",
    "author": "dhs1****",
    "review": "3D로 자막으로 안보면 의미없을듯 .... 연예인 더빙한것치고 최근 완성도있는 더빙은 본적이없음",
    "rating": "5",
    "date": "14.04.27"
  },
  {
    "review_id": "8677877",
    "movie_id": "100930",
    "author": "rlfe****",
    "review": "1점 테러 알바 계정들 땜시 10점 만점.",
    "rating": "10",
    "date": "14.04.27"
  },
  {
    "review_id": "8676381",
    "movie_id": "100930",
    "author": "tret****",
    "review": "너무 공부하는 느낌이였어요....^^",
    "rating": "7",
    "date": "14.04.27"
  },
  {
    "review_id": "8675963",
    "movie_id": "100930",
    "author": "gall****",
    "review": "2000년작 다이노소오에 비해 나은건  발전된 그래픽 딱 하나!  나머진 모두 퇴보!  니들 사랑과 전쟁 시즌3 찍냐?  유치하고 지루하고 ..  점박이보다도 못할세~  참고로 자막판으로 봤으니 성우 더빙 타령은 하지말게~",
    "rating": "4",
    "date": "14.04.27"
  },
  {
    "review_id": "8672657",
    "movie_id": "100930",
    "author": "nbin****",
    "review": "예전 다이노소어란 애니메이션의 딱 절반수준",
    "rating": "3",
    "date": "14.04.25"
  },
  {
    "review_id": "8672183",
    "movie_id": "100930",
    "author": "zxc1****",
    "review": "그래픽으로 표현한 공룡은 괜찮다. 어린이들을 위해 유치한 개그와 진부한 스토리를 선보이는데, 어른이 보기엔 오글거리고 참고 보기 힘들다.",
    "rating": "4",
    "date": "14.04.25"
  },
  {
    "review_id": "8670172",
    "movie_id": "100930",
    "author": "egyp****",
    "review": "실시와 3D 그래픽의 나름 정교해보였던 영상...아이들과 함께 보면 괜찮을 것 같은...하지만 넘 단조로운 내용전개에...더빙하는 (외국) 목소리마저 좀 방정(?)맞고 정신없다...",
    "rating": "5",
    "date": "14.04.24"
  },
  {
    "review_id": "8668255",
    "movie_id": "100930",
    "author": "urin****",
    "review": "CG말고는 솔직히 너무 볼게 없네요.",
    "rating": "4",
    "date": "14.04.23"
  },
  {
    "review_id": "8666296",
    "movie_id": "100930",
    "author": "bles****",
    "review": "애들은 좋아할 만한 공룡 동화",
    "rating": "5",
    "date": "14.04.23"
  },
  {
    "review_id": "8655434",
    "movie_id": "100930",
    "author": "oyms****",
    "review": "공룡이라면 그냥 다좋다는 아덜때메 3번봤음...아들이준 10점~^^",
    "rating": "10",
    "date": "14.04.17"
  },
  {
    "review_id": "8648468",
    "movie_id": "100930",
    "author": "ys44****",
    "review": "정말 재미가 한가득한 영화!",
    "rating": "8",
    "date": "14.04.13"
  },
  {
    "review_id": "8629160",
    "movie_id": "100930",
    "author": "ahy7****",
    "review": "유아와 함께 보심이^^",
    "rating": "2",
    "date": "14.04.05"
  },
  {
    "review_id": "8617099",
    "movie_id": "100930",
    "author": "lgyf****",
    "review": "더빙 ㅜㅜ 최악이였네요~~~",
    "rating": "1",
    "date": "14.03.30"
  },
  {
    "review_id": "8580066",
    "movie_id": "100930",
    "author": "jina****",
    "review": "아이와 보기 좋아요~^^",
    "rating": "7",
    "date": "14.03.16"
  },
  {
    "review_id": "8561553",
    "movie_id": "100930",
    "author": "wnsr****",
    "review": "꿀잼!스토리도괜찮고아주좋네요☆★☆★☆★☆",
    "rating": "10",
    "date": "14.03.07"
  },
  {
    "review_id": "8549544",
    "movie_id": "100930",
    "author": "maho****",
    "review": "목소리도어색하고~암튼3d로봤는데 별로였어요..",
    "rating": "4",
    "date": "14.03.01"
  },
  {
    "review_id": "8544781",
    "movie_id": "100930",
    "author": "isor****",
    "review": "재미있게 보고왔어요. 아들이 좋아하네요.",
    "rating": "8",
    "date": "14.02.28"
  },
  {
    "review_id": "8541664",
    "movie_id": "100930",
    "author": "miss****",
    "review": "흥미있게는 보나 재미는..생각해봐야 할 것 같다",
    "rating": "5",
    "date": "14.02.27"
  },
  {
    "review_id": "8540249",
    "movie_id": "100930",
    "author": "love****",
    "review": "공룡을 좋아하는 아들이 좋아하네요",
    "rating": "8",
    "date": "14.02.26"
  },
  {
    "review_id": "8519475",
    "movie_id": "100930",
    "author": "luvj****",
    "review": "글쎄요... 전 별로네요...",
    "rating": "6",
    "date": "14.02.18"
  },
  {
    "review_id": "8516049",
    "movie_id": "100930",
    "author": "rmat****",
    "review": "아직안봤지만 전문성우좀 ㅠㅠ 연예인은 몰입감제로감정전달제로 답답하다. 다 전문직업이 있는데 왜인기로 한목보려하누 요즘 디즈니영화 다찾아보는데전문성우분들 더빙판 최고 ㅠㅠ",
    "rating": "5",
    "date": "14.02.17"
  },
  {
    "review_id": "8514085",
    "movie_id": "100930",
    "author": "whtj****",
    "review": "대사를 빼라...대사를 빼라....",
    "rating": "1",
    "date": "14.02.16"
  },
  {
    "review_id": "8510821",
    "movie_id": "100930",
    "author": "kmhe****",
    "review": "우리아들은 좋아하네요. 울딸래민 그냥저냥요. ㅎㅎ",
    "rating": "7",
    "date": "14.02.15"
  },
  {
    "review_id": "8509232",
    "movie_id": "100930",
    "author": "invu****",
    "review": "4세..  5세, 아이들과 보기에 좋아요~^^ 근데 중간중간 좀 지루한 면이  있다는~",
    "rating": "7",
    "date": "14.02.15"
  },
  {
    "review_id": "8497301",
    "movie_id": "100930",
    "author": "aki8****",
    "review": "아이가점무서워했어요 ㅎㅎ",
    "rating": "8",
    "date": "14.02.11"
  },
  {
    "review_id": "8494916",
    "movie_id": "100930",
    "author": "rlae****",
    "review": "어른이 보기엔 좀 지루한감이있더라구요",
    "rating": "7",
    "date": "14.02.10"
  },
  {
    "review_id": "8494300",
    "movie_id": "100930",
    "author": "kimh****",
    "review": "스토리는 쫌 뻔한 영화..",
    "rating": "8",
    "date": "14.02.10"
  },
  {
    "review_id": "8490961",
    "movie_id": "100930",
    "author": "hail****",
    "review": "이런말하고싶지안는데 더빙이게 뮙니까 김박한 순간 위기의순간에도 무슨 편하게 수다뜨는것도아니고 영화랑 목소리가 아주 따로놉니다ㅋㅋ한발느리게 말하질안나 더빙땜에 집중이 안됫어요  더빙업는게 휠씬 나을듯 감정전혀업고 보는내내 짱낫음 대사도 지맘대로임ㅋㅋㅋ",
    "rating": "6",
    "date": "14.02.09"
  },
  {
    "review_id": "8487527",
    "movie_id": "100930",
    "author": "rlaa****",
    "review": "우리 작은아들이 너무좋아했어요",
    "rating": "10",
    "date": "14.02.08"
  },
  {
    "review_id": "8485807",
    "movie_id": "100930",
    "author": "dyhy****",
    "review": "다이노소어 어드벤처가 아주 재미 있었고 파치가 좀 덜렁거리 지만 나중에 형을구하는 장면이 가장 멋있었다.",
    "rating": "8",
    "date": "14.02.07"
  },
  {
    "review_id": "8485441",
    "movie_id": "100930",
    "author": "gaze****",
    "review": "아들은 생각만큼 재미있지않았지만 3D라 좋았습니다.",
    "rating": "7",
    "date": "14.02.07"
  },
  {
    "review_id": "8482317",
    "movie_id": "100930",
    "author": "jc08****",
    "review": "정말정말 아주아주 멋져요",
    "rating": "10",
    "date": "14.02.06"
  },
  {
    "review_id": "8476764",
    "movie_id": "100930",
    "author": "jhj4****",
    "review": "그저그러한내용  지루했네요",
    "rating": "7",
    "date": "14.02.05"
  },
  {
    "review_id": "8475420",
    "movie_id": "100930",
    "author": "aimi****",
    "review": "강한 임팩트가 조금은 아쉬웠지만  그래도 아들이 조아라했답니다..",
    "rating": "7",
    "date": "14.02.04"
  },
  {
    "review_id": "8475413",
    "movie_id": "100930",
    "author": "mewi****",
    "review": "아이가 겁이많아 무서워 할 줄알았는데 넘 잼게 봐서 좋네요~스케일도 크구~^^다이노소어 보고 와서는 매일 공룡보여달라구 난리네요~",
    "rating": "7",
    "date": "14.02.04"
  },
  {
    "review_id": "8474949",
    "movie_id": "100930",
    "author": "inso****",
    "review": "아이둘은 재밌어 했네요.",
    "rating": "8",
    "date": "14.02.04"
  },
  {
    "review_id": "8474698",
    "movie_id": "100930",
    "author": "jty2****",
    "review": "제가 10대거든요..근데 참 재미없네요그래도 기린광수 덕에 3점 드립니다.",
    "rating": "3",
    "date": "14.02.04"
  },
  {
    "review_id": "8465002",
    "movie_id": "100930",
    "author": "with****",
    "review": "아이가 마니 좋아합니다",
    "rating": "1",
    "date": "14.02.02"
  },
  {
    "review_id": "8464783",
    "movie_id": "100930",
    "author": "keh7****",
    "review": "공룡이 나오는 영화를 보며 공룡에 관심이 많아 졌어요~^^",
    "rating": "9",
    "date": "14.02.02"
  },
  {
    "review_id": "8462741",
    "movie_id": "100930",
    "author": "wltj****",
    "review": "음...아들은 무척 좋아함",
    "rating": "5",
    "date": "14.02.01"
  },
  {
    "review_id": "8460905",
    "movie_id": "100930",
    "author": "ping****",
    "review": "파찌목소리 별로 약간지루한듯 아이들은 티라노가 짱인듯",
    "rating": "5",
    "date": "14.02.01"
  },
  {
    "review_id": "8460010",
    "movie_id": "100930",
    "author": "rohs****",
    "review": "내용은좀부실했지만 아이는 재미있었어요",
    "rating": "7",
    "date": "14.02.01"
  },
  {
    "review_id": "8459583",
    "movie_id": "100930",
    "author": "skya****",
    "review": "재미있어요~~아이들이 좋아하네요",
    "rating": "8",
    "date": "14.02.01"
  },
  {
    "review_id": "8451843",
    "movie_id": "100930",
    "author": "kore****",
    "review": "굿굿굿 이야 이거정말 재미나네",
    "rating": "10",
    "date": "14.01.30"
  },
  {
    "review_id": "8449493",
    "movie_id": "100930",
    "author": "pdw1****",
    "review": "재미진짜없다점박이가훨씬났다",
    "rating": "1",
    "date": "14.01.30"
  },
  {
    "review_id": "8448524",
    "movie_id": "100930",
    "author": "ange****",
    "review": "5세아이보기에는좋아요. . 시간도적당하고. . 하지만어른은조금지루하네요~~~",
    "rating": "8",
    "date": "14.01.30"
  },
  {
    "review_id": "8443840",
    "movie_id": "100930",
    "author": "hjy2****",
    "review": "아들들이공룡좋아해서 봤는데 에구구ㅠ 아이들이 집중하기엔 쫌 ㅠ 지루한감도있구 ㅠ",
    "rating": "6",
    "date": "14.01.29"
  },
  {
    "review_id": "8442401",
    "movie_id": "100930",
    "author": "ehdt****",
    "review": "공룡 좋아하는 아들이 집중을안하고 지루해했다",
    "rating": "5",
    "date": "14.01.29"
  },
  {
    "review_id": "8441216",
    "movie_id": "100930",
    "author": "mama****",
    "review": "울딸과 잼잇게잘봣어요~",
    "rating": "8",
    "date": "14.01.29"
  },
  {
    "review_id": "8440188",
    "movie_id": "100930",
    "author": "yast****",
    "review": "공룡 좋아하는 애들덕에 잘 봤어요",
    "rating": "8",
    "date": "14.01.28"
  },
  {
    "review_id": "8438697",
    "movie_id": "100930",
    "author": "dlal****",
    "review": "스토리가 약간 진부하긴하지만 아이들과 재밌게봤습니다 3D라 실감나고 영상미가 좋았습니다",
    "rating": "8",
    "date": "14.01.28"
  },
  {
    "review_id": "8434868",
    "movie_id": "100930",
    "author": "2goz****",
    "review": "중간중간 해설자역의 새 성우 목소리가 너무 튀는 느낌이고 공룡이해를 돕기위한 정지화면으로 집중에 방해는 되었지만 공룡영화로서 아이들 흥미도 살리고 실감나게 잘만든듯",
    "rating": "9",
    "date": "14.01.27"
  },
  {
    "review_id": "8434471",
    "movie_id": "100930",
    "author": "qwes****",
    "review": "아이가 좋아하네요^^",
    "rating": "9",
    "date": "14.01.27"
  },
  {
    "review_id": "8425252",
    "movie_id": "100930",
    "author": "ssal****",
    "review": "재밌군요 참 재밌어요 여러분에게추천함니다",
    "rating": "10",
    "date": "14.01.25"
  },
  {
    "review_id": "8424397",
    "movie_id": "100930",
    "author": "nang****",
    "review": "완전 잼있었어요^^ 어린이가 보기에 너무 쉽게 다가가서 더 좋았어여~",
    "rating": "10",
    "date": "14.01.25"
  },
  {
    "review_id": "8423991",
    "movie_id": "100930",
    "author": "leep****",
    "review": "공룡홀릭 아들과봤는데 다양한공룡이나오질 않아 지겨워하네요 스토리도 지겹다구요 보다가나왔네요",
    "rating": "5",
    "date": "14.01.25"
  },
  {
    "review_id": "8423307",
    "movie_id": "100930",
    "author": "maub****",
    "review": "공룡을 좋아하는 아이들과보기에  정말 재미있는 영화였어요.",
    "rating": "10",
    "date": "14.01.25"
  },
  {
    "review_id": "8421432",
    "movie_id": "100930",
    "author": "vmfp****",
    "review": "저는어린아이라그런지 재미있고 액션이 가장인상깊었어요 슾픈장면도있었구여",
    "rating": "10",
    "date": "14.01.24"
  },
  {
    "review_id": "8419246",
    "movie_id": "100930",
    "author": "cong****",
    "review": "평이 안좋아서 걱정했는데  아이와 보기엔 괜찮았습니다.",
    "rating": "8",
    "date": "14.01.24"
  },
  {
    "review_id": "8406302",
    "movie_id": "100930",
    "author": "wlgn****",
    "review": "3D로 않나왔고 또 설명하는 말이 너무 많이 나와 서 좀재미가 없었습니다.그리고 울음소리 좀 제대로 해주세요말만 하지 울음소리는 하나도 않들립니다.그래도 중간에 그냥 울음소리가 나왔긴 하지.",
    "rating": "4",
    "date": "14.01.21"
  },
  {
    "review_id": "8404766",
    "movie_id": "100930",
    "author": "0gkf****",
    "review": "넘재밌었구요 .시즌2도나왔음좋겠어요.",
    "rating": "10",
    "date": "14.01.20"
  },
  {
    "review_id": "8394225",
    "movie_id": "100930",
    "author": "psj3****",
    "review": "우리애긴 이영화 재밌게봤다",
    "rating": "10",
    "date": "14.01.18"
  },
  {
    "review_id": "8385869",
    "movie_id": "100930",
    "author": "yj86****",
    "review": "뭐랄까..그냥 기대이하다.",
    "rating": "1",
    "date": "14.01.16"
  },
  {
    "review_id": "8380600",
    "movie_id": "100930",
    "author": "qmfe****",
    "review": "광수씨연기가좋습니다",
    "rating": "10",
    "date": "14.01.13"
  },
  {
    "review_id": "8375427",
    "movie_id": "100930",
    "author": "sejo****",
    "review": "성우들 구림. 전문성우들 많은데 아쉽네요.",
    "rating": "1",
    "date": "14.01.12"
  }
]