[
  {
    "review_id": "10276631",
    "movie_id": "100990",
    "author": "sang****",
    "review": "그럭저럭 시지효과본듯",
    "rating": "6",
    "date": "15.08.26"
  },
  {
    "review_id": "10269266",
    "movie_id": "100990",
    "author": "jiyu****",
    "review": "그토록 보고 싶었던 폭풍의 눈의 정상에서 미소짓던 피트의 최후가 가장 인상깊었다. 스토리보다도 CG에 충실한 영화.",
    "rating": "8",
    "date": "15.08.23"
  },
  {
    "review_id": "10266045",
    "movie_id": "100990",
    "author": "rola****",
    "review": "재난 자체는 스케일이 많이는 크지 않다. 그렇지만 아버지의 노력. 가족애와 형제애. 그리고 촬영기법. 이 삼박자가 영화를 좋은 영화로 이끌어간듯.",
    "rating": "8",
    "date": "15.08.23"
  },
  {
    "review_id": "10265614",
    "movie_id": "100990",
    "author": "joco****",
    "review": "현실성과 상투성의 소용돌이",
    "rating": "6",
    "date": "15.08.23"
  },
  {
    "review_id": "10259603",
    "movie_id": "100990",
    "author": "free****",
    "review": "음 킬링타임용으로 볼만합니다.",
    "rating": "8",
    "date": "15.08.21"
  },
  {
    "review_id": "10255333",
    "movie_id": "100990",
    "author": "sck2****",
    "review": "그리픽진짜 엄청 좋았다",
    "rating": "10",
    "date": "15.08.20"
  },
  {
    "review_id": "10251701",
    "movie_id": "100990",
    "author": "dokd****",
    "review": "인투더스톰 재밌게봤어요~ 굳굳~",
    "rating": "7",
    "date": "15.08.19"
  },
  {
    "review_id": "10250852",
    "movie_id": "100990",
    "author": "comc****",
    "review": "극장에서 보면 꿀잼 1010",
    "rating": "10",
    "date": "15.08.19"
  },
  {
    "review_id": "10250602",
    "movie_id": "100990",
    "author": "nada****",
    "review": "몰입감 있고 재밌었어요 우리나라에는 없어서 다행인 자연재해 같네요",
    "rating": "9",
    "date": "15.08.19"
  },
  {
    "review_id": "10240015",
    "movie_id": "100990",
    "author": "dlan****",
    "review": "이건 나도 모르겠다 머가 먼지",
    "rating": "1",
    "date": "15.08.16"
  },
  {
    "review_id": "10233969",
    "movie_id": "100990",
    "author": "jinj****",
    "review": "토네이도오는데 제발 카메라 들고 설치지좀마 발암 노답ㅡㅡ",
    "rating": "8",
    "date": "15.08.15"
  },
  {
    "review_id": "10232572",
    "movie_id": "100990",
    "author": "solz****",
    "review": "토네이도 영화에서 기대할 만한 장면들이 거의 들어있다. 재난영화의 클리셰를 참는다면 매우 재밌는 영화. 리얼리티가 살아있는 화면이 매력적이다. 재난영화의 맛을 아는 영화. 모형젖소가 날아가는 장면이나 토네이도 위에서 태양빛을 보여준 장면은 인상적.",
    "rating": "6",
    "date": "15.08.15"
  },
  {
    "review_id": "10227511",
    "movie_id": "100990",
    "author": "homa****",
    "review": "마지막 10분 빼면 그냥 엄청 긴 예고편 느낌",
    "rating": "6",
    "date": "15.08.14"
  },
  {
    "review_id": "10227180",
    "movie_id": "100990",
    "author": "ljh8****",
    "review": "잼썻음요  10자 꽝꽝2ㄷㄷ",
    "rating": "10",
    "date": "15.08.14"
  },
  {
    "review_id": "10223579",
    "movie_id": "100990",
    "author": "bban****",
    "review": "심장쫄깃, 흥미진진한 영화",
    "rating": "8",
    "date": "15.08.13"
  },
  {
    "review_id": "10218006",
    "movie_id": "100990",
    "author": "miro****",
    "review": "촬영 기법에 독창적이고 실험적인 부분이 있는데 전문가 평점이 낮은 이유를 모르겠다. 영화답지 않고 너무 사실적으로 담아서 그런가?",
    "rating": "10",
    "date": "15.08.11"
  },
  {
    "review_id": "10214548",
    "movie_id": "100990",
    "author": "ikis****",
    "review": "후반 20분 빼면 토네이도급 노잼~",
    "rating": "2",
    "date": "15.08.10"
  },
  {
    "review_id": "10210959",
    "movie_id": "100990",
    "author": "yang****",
    "review": "와 유투버 두명 갑부되겠네",
    "rating": "8",
    "date": "15.08.10"
  },
  {
    "review_id": "10199435",
    "movie_id": "100990",
    "author": "mmm5****",
    "review": "재미있게잘봤슴다~~~^^",
    "rating": "8",
    "date": "15.08.07"
  },
  {
    "review_id": "10196807",
    "movie_id": "100990",
    "author": "poto****",
    "review": "재미있게봤어요재미있게봤어요",
    "rating": "8",
    "date": "15.08.07"
  },
  {
    "review_id": "10194488",
    "movie_id": "100990",
    "author": "gkdl****",
    "review": "재난영화 좋아해서 찾아보고 있는데 이번 영화도 재미있네요조금 식상할수도 있지만 보는 내내 집중하고 봤습니다.",
    "rating": "10",
    "date": "15.08.06"
  },
  {
    "review_id": "10193971",
    "movie_id": "100990",
    "author": "yuji****",
    "review": "솔직히 기억이안남 ㅎㅎㅎㅎ 하지만10",
    "rating": "10",
    "date": "15.08.06"
  },
  {
    "review_id": "10183789",
    "movie_id": "100990",
    "author": "dbal****",
    "review": "우리엄마가좋아함하하",
    "rating": "9",
    "date": "15.08.04"
  },
  {
    "review_id": "10182734",
    "movie_id": "100990",
    "author": "dhwl****",
    "review": "이영화는 그냥 재밌는데 , 밑에보니 뭐 해운대랑 타워같이 쓸데없이 억지감동시키는 영화가 아니여서 좋았다고요? 해운대는 그렇다처.. 타워는왜끼는거죠? 저만해안되는건가.. 타워 스릴감도있고 끝에 감동도있는데 ; 님이 보면서억지로 눈물 짯겠죠 ㅠㅠ 타워짱",
    "rating": "10",
    "date": "15.08.04"
  },
  {
    "review_id": "10179652",
    "movie_id": "100990",
    "author": "npng****",
    "review": "완전 완전 완전 재미있습니다.",
    "rating": "10",
    "date": "15.08.03"
  },
  {
    "review_id": "10168639",
    "movie_id": "100990",
    "author": "eye1****",
    "review": "잼나요~~집중안댈때 밨는데두 집중해서 밨네용~^^",
    "rating": "8",
    "date": "15.08.01"
  },
  {
    "review_id": "10155692",
    "movie_id": "100990",
    "author": "sehe****",
    "review": "막내아들 영특하네요~잭나이프보다 막내 아들같은애 두는게 더 나을듯. 그리고 영상은 실제처럼 멋있긴한데.. 억지가 심한듯.몇톤짜리 비행기는 쉽게 날라가는데 붙잡고 있는 사람은 안날라가고.앞에는 왜이렇게 지루한가요. 기대 말고 보세요.",
    "rating": "6",
    "date": "15.07.29"
  },
  {
    "review_id": "10150036",
    "movie_id": "100990",
    "author": "dbdb****",
    "review": "재미나다10자제한만없음좋겠다",
    "rating": "10",
    "date": "15.07.27"
  },
  {
    "review_id": "10148145",
    "movie_id": "100990",
    "author": "soon****",
    "review": "너무 기대를 했나...그래도 토네이도 하나는 볼만하구려~",
    "rating": "5",
    "date": "15.07.26"
  },
  {
    "review_id": "10132409",
    "movie_id": "100990",
    "author": "hoon****",
    "review": "정말 재밌게 봤다. 요근래 본 영화중 최고인듯. 내용이 좀 억지스러운 면은 있지만 재난영화는 스토리로 보나.. cg로 보지ㅋ 너무 재밌었다.",
    "rating": "9",
    "date": "15.07.23"
  },
  {
    "review_id": "10131954",
    "movie_id": "100990",
    "author": "tpdb****",
    "review": "내용은 일반 재난영화와 비슷함. 하지만 뭔가 감독이 토네이도에 대해서 많이 공부한듯",
    "rating": "5",
    "date": "15.07.23"
  },
  {
    "review_id": "10115420",
    "movie_id": "100990",
    "author": "tree****",
    "review": "글쎄 돈 주고는 다신 안 보겠어",
    "rating": "1",
    "date": "15.07.18"
  },
  {
    "review_id": "10111535",
    "movie_id": "100990",
    "author": "gksq****",
    "review": "평이 좋길래 기대 하고 봤는데 개 실망.... 기대안하고 봤으면 그러려니 싶지만 기대하고 봐서 실망이 컸다. 그냥 심심풀이 시간때우기로 볼만 한 영화인듯;",
    "rating": "6",
    "date": "15.07.17"
  },
  {
    "review_id": "10096577",
    "movie_id": "100990",
    "author": "ljhl****",
    "review": "마지막 맨홀안에서의 20분이 진짜 압권.",
    "rating": "10",
    "date": "15.07.12"
  },
  {
    "review_id": "10094047",
    "movie_id": "100990",
    "author": "tull****",
    "review": "토네이도를 실감나게 볼수잇어서 좋앗다.",
    "rating": "7",
    "date": "15.07.11"
  },
  {
    "review_id": "10087521",
    "movie_id": "100990",
    "author": "rna2****",
    "review": "흥미진진 긴장진진 재미짐짐",
    "rating": "9",
    "date": "15.07.10"
  },
  {
    "review_id": "10081997",
    "movie_id": "100990",
    "author": "a122****",
    "review": "그냥 볼만했어요. ㅎㅎ",
    "rating": "7",
    "date": "15.07.09"
  },
  {
    "review_id": "10080691",
    "movie_id": "100990",
    "author": "nmi9****",
    "review": "보영누나 연기력 정말 쵝오...♥ 영화도 재밌었어요~!!",
    "rating": "10",
    "date": "15.07.08"
  },
  {
    "review_id": "10074946",
    "movie_id": "100990",
    "author": "ever****",
    "review": "이건  아니다.  식상한 소재에  내용 전개도  기존의 같은 장르것들과 별반. 아니 오히려 더 못미치는듯.",
    "rating": "4",
    "date": "15.07.06"
  },
  {
    "review_id": "10073352",
    "movie_id": "100990",
    "author": "rkdu****",
    "review": "스케일이 남다르고 아이들이랑 봐도 괜찮은 최고의 영화였어요",
    "rating": "10",
    "date": "15.07.05"
  },
  {
    "review_id": "10073194",
    "movie_id": "100990",
    "author": "ckdi****",
    "review": "잼써요 시방 10자 쓰기싫다고",
    "rating": "10",
    "date": "15.07.05"
  },
  {
    "review_id": "10070205",
    "movie_id": "100990",
    "author": "rode****",
    "review": "초반에 좀 지루했지만 후반으로 갈수록 몰입하게 되었다.",
    "rating": "8",
    "date": "15.07.05"
  },
  {
    "review_id": "10063217",
    "movie_id": "100990",
    "author": "seun****",
    "review": "토네이도는 실감났는데 스토리는 한숨나올 정도로 진부함",
    "rating": "8",
    "date": "15.07.03"
  },
  {
    "review_id": "10062283",
    "movie_id": "100990",
    "author": "pois****",
    "review": "좋았어요^^ 강추입니다",
    "rating": "10",
    "date": "15.07.02"
  },
  {
    "review_id": "10056526",
    "movie_id": "100990",
    "author": "ydyd****",
    "review": "정말 한순간도 화면에서 눈을 뗼 수가 없음",
    "rating": "10",
    "date": "15.06.30"
  },
  {
    "review_id": "10056136",
    "movie_id": "100990",
    "author": "ttkd****",
    "review": "재밌게 봤는데 태풍이 무섭네요..덜덜",
    "rating": "9",
    "date": "15.06.30"
  },
  {
    "review_id": "10051490",
    "movie_id": "100990",
    "author": "ming****",
    "review": "보는 내내 생존느낌 받아서 좋았음영화 자체가 좋아..재미도 있으면서 뭔가 감동도 있고이게 영화지 소재가 좋잔아 스토리도 좋구",
    "rating": "10",
    "date": "15.06.29"
  },
  {
    "review_id": "10042490",
    "movie_id": "100990",
    "author": "papq****",
    "review": "왜이리 평이 좋은거지? 바람불때만 볼만한 영화!",
    "rating": "5",
    "date": "15.06.27"
  },
  {
    "review_id": "10038287",
    "movie_id": "100990",
    "author": "ohej****",
    "review": "사진의 매력에 빠진 분들께 추천영화입니다",
    "rating": "10",
    "date": "15.06.26"
  },
  {
    "review_id": "10029349",
    "movie_id": "100990",
    "author": "choe****",
    "review": "갑자기 다가온 재난을 어떻게 극복할 것인가에 대한 교훈은 좋았습니다만 다큐식으로 전개가 되어지다보니 늘어지는 감은 어쩔 수 없더군요. 좀 더 긴장감이 필요하지 않았나 생각합니다.",
    "rating": "4",
    "date": "15.06.24"
  },
  {
    "review_id": "10023868",
    "movie_id": "100990",
    "author": "powe****",
    "review": "아버지의 희생이 감동적이었음~",
    "rating": "10",
    "date": "15.06.23"
  },
  {
    "review_id": "10009914",
    "movie_id": "100990",
    "author": "ksk5****",
    "review": "최고의 재난영화ㅋㅋㅋ",
    "rating": "10",
    "date": "15.06.18"
  },
  {
    "review_id": "10008407",
    "movie_id": "100990",
    "author": "ro_d****",
    "review": "재밌었다 감동도 있고ㅋ",
    "rating": "10",
    "date": "15.06.18"
  },
  {
    "review_id": "10003176",
    "movie_id": "100990",
    "author": "yumi****",
    "review": "지금껏 본 재난 영화 중 최고! 영화관에서 울고 긴장하며 봐서 담들렀었다. 네티즌~관람객 평도 좋은데 전문가 평이 왜 저리 낮은지...",
    "rating": "10",
    "date": "15.06.15"
  },
  {
    "review_id": "9999351",
    "movie_id": "100990",
    "author": "phjm****",
    "review": "Good message",
    "rating": "10",
    "date": "15.06.14"
  },
  {
    "review_id": "9992152",
    "movie_id": "100990",
    "author": "jhbo****",
    "review": "초반에너무지루했어요",
    "rating": "5",
    "date": "15.06.12"
  },
  {
    "review_id": "9991287",
    "movie_id": "100990",
    "author": "ekds****",
    "review": "재난 영화에 스토리가 왜 중요하냐고 하는데 연출력자체가 부족했다. 별로 기대하고 본건아니였지만 기대이하. 여기 평점은 알바천국인가? 굉장히 과대평가된 영화. 토네이도로 포장은 해놨지만 그안에 내용물은 먼지에 불과하다. 기억에 남는 대사는 토니 토해내",
    "rating": "3",
    "date": "15.06.11"
  },
  {
    "review_id": "9991205",
    "movie_id": "100990",
    "author": "kimj****",
    "review": "김장을 안할래야 안할수가없다",
    "rating": "10",
    "date": "15.06.11"
  },
  {
    "review_id": "9987920",
    "movie_id": "100990",
    "author": "rnjs****",
    "review": "이 영화 진짜 생각보다 재미있는 듯 굳 추천",
    "rating": "9",
    "date": "15.06.10"
  },
  {
    "review_id": "9986310",
    "movie_id": "100990",
    "author": "seoh****",
    "review": "재난영화는 이 정도는 돼야지. 라고 말할 수 있는 영화.",
    "rating": "8",
    "date": "15.06.09"
  },
  {
    "review_id": "9984035",
    "movie_id": "100990",
    "author": "kang****",
    "review": "재미있네요... 영상도 좋고 추천합니다",
    "rating": "9",
    "date": "15.06.08"
  },
  {
    "review_id": "9983518",
    "movie_id": "100990",
    "author": "cjfg****",
    "review": "재난 영화 좋아하는데, 일단 배경 스케일은 작아요. 작은데, 폭풍(토네이도)를 표현 하는 것 만큼은 엄청난 스케일임. 킬링 타임으로 좋네요.",
    "rating": "10",
    "date": "15.06.07"
  },
  {
    "review_id": "9982616",
    "movie_id": "100990",
    "author": "anne****",
    "review": "뭐지...평점이 왜이리높짘ㅋ.진짜 핵노잼이였는데..태풍옴 대피함 태풍감 끝4d로 봤는데도 노잼이였음 진심",
    "rating": "1",
    "date": "15.06.07"
  },
  {
    "review_id": "9981619",
    "movie_id": "100990",
    "author": "vxxv****",
    "review": "오늘보러갑니다 재밌겠네요",
    "rating": "10",
    "date": "15.06.07"
  },
  {
    "review_id": "9974870",
    "movie_id": "100990",
    "author": "qlwk****",
    "review": "굳 재난영화를 좋아하는데 킬링타임이였어쇼",
    "rating": "10",
    "date": "15.06.04"
  },
  {
    "review_id": "9974629",
    "movie_id": "100990",
    "author": "najh****",
    "review": "숨 막혔어요 영화 끝나고 겨우 숨셨넹",
    "rating": "10",
    "date": "15.06.04"
  },
  {
    "review_id": "9968476",
    "movie_id": "100990",
    "author": "vnf2****",
    "review": "글쎄요...기대감이 넘 컷나?  그럭저럭  재미는 있지만  다른 재난영화에 비해 그닥....",
    "rating": "8",
    "date": "15.06.01"
  },
  {
    "review_id": "9968441",
    "movie_id": "100990",
    "author": "dldl****",
    "review": "스토리가좋다고는못하겠지만,재난영화답게확실히재난은잘표현해줌.투모로우보다전체적인스케일은작지만토네이도만큼은더무시무시하고강력했음.뻔한전개와결말이지만시각적인부분은충분히만족스럽고긴장감있었다.특히불기둥회오리와마지막초거대토네이도가기억에남네.볼만했음.잭나이프하나장만할",
    "rating": "7",
    "date": "15.06.01"
  },
  {
    "review_id": "9963849",
    "movie_id": "100990",
    "author": "rest****",
    "review": "재밌네요..재난영화 좋아해요. 영화로 봤는데 또 봤네요..다음에도 재밌는 재난영화 보고싶네요..더 재미있는걸로 나오면 좋겠네요. 다른영화와 차이점을 못느끼긴 하겠던데 사실 이제 기억이 가물가물해요 본지 오래되어서 이거 언제까지 써야 등록이 되나요..아",
    "rating": "6",
    "date": "15.05.30"
  },
  {
    "review_id": "9963820",
    "movie_id": "100990",
    "author": "astr****",
    "review": "재미가 많이 있었어요 ^^ 가족끼리 보기에는 좋음",
    "rating": "8",
    "date": "15.05.30"
  },
  {
    "review_id": "9959319",
    "movie_id": "100990",
    "author": "wodn****",
    "review": "태풍의 눈에 들어갔을때를 잊을 수 없네요ㅠㅠ최고!!",
    "rating": "10",
    "date": "15.05.29"
  },
  {
    "review_id": "9954622",
    "movie_id": "100990",
    "author": "crys****",
    "review": "가족영화에 거대한 재난을 합친듯한 스타일",
    "rating": "7",
    "date": "15.05.27"
  },
  {
    "review_id": "9951444",
    "movie_id": "100990",
    "author": "alsd****",
    "review": "컴퓨터그래픽은 보는 것만으로 볼 가치가 있는 영화다",
    "rating": "7",
    "date": "15.05.26"
  },
  {
    "review_id": "9945780",
    "movie_id": "100990",
    "author": "vov9****",
    "review": "잼나우히히깔껄호롤류루",
    "rating": "10",
    "date": "15.05.24"
  },
  {
    "review_id": "9943813",
    "movie_id": "100990",
    "author": "anjf****",
    "review": "재밌음 가족이랑 봤는데",
    "rating": "8",
    "date": "15.05.24"
  },
  {
    "review_id": "9938026",
    "movie_id": "100990",
    "author": "djat****",
    "review": "짱이에요진ㅁ지스릴도넘치고ㅠㅠ",
    "rating": "10",
    "date": "15.05.22"
  },
  {
    "review_id": "9936246",
    "movie_id": "100990",
    "author": "hell****",
    "review": "이영화너무재밋게봤어요",
    "rating": "10",
    "date": "15.05.21"
  },
  {
    "review_id": "9935177",
    "movie_id": "100990",
    "author": "dlax****",
    "review": "B급 재난영화치고는 잘 만든 영화~!",
    "rating": "7",
    "date": "15.05.21"
  },
  {
    "review_id": "9935061",
    "movie_id": "100990",
    "author": "hoho****",
    "review": "최고의 영화 아직도 기억나네요",
    "rating": "9",
    "date": "15.05.21"
  },
  {
    "review_id": "9933409",
    "movie_id": "100990",
    "author": "fnls****",
    "review": "최고의 영화다 진짜 리얼 재난",
    "rating": "10",
    "date": "15.05.20"
  },
  {
    "review_id": "9926219",
    "movie_id": "100990",
    "author": "oojj****",
    "review": "재난 영화는 CG가 생명이다. 어느 정도 볼만 한 수준일뿐.재난 약한 토네이도여서 그럴 수도. 지진. 해일 관련 영화보다는 약하다.",
    "rating": "5",
    "date": "15.05.17"
  },
  {
    "review_id": "9921119",
    "movie_id": "100990",
    "author": "shwn****",
    "review": "평점이 너무높다 3점도아까움... 무슨 b급영화보는줄알앗다 어설픈연기력 cg.. 필름잘못튼게아닌가 계속생각했음.. 뭔평점이 이래높지? 현지에서도 졸작소리나오는데 참.. 한국인들수준은 알아줘야해",
    "rating": "1",
    "date": "15.05.16"
  },
  {
    "review_id": "9920868",
    "movie_id": "100990",
    "author": "hang****",
    "review": "기대이상 정말 재밌음 ㅎㅎ",
    "rating": "10",
    "date": "15.05.16"
  },
  {
    "review_id": "9919182",
    "movie_id": "100990",
    "author": "ilkl****",
    "review": "하...그냥 저냥 최고",
    "rating": "10",
    "date": "15.05.15"
  },
  {
    "review_id": "9911738",
    "movie_id": "100990",
    "author": "mins****",
    "review": "평점이 너무 높네. 그냥 시도'만' 참신하고 그다지 구도도 그렇고 좋지 않음. 그저 재난영화 클리셰만 잔뜩 채워서 끝난 느낌.",
    "rating": "1",
    "date": "15.05.11"
  },
  {
    "review_id": "9911654",
    "movie_id": "100990",
    "author": "lspf****",
    "review": "지구상의 허리케인 하나 조차도 이렇게나 무서운데.. 전 우주에는 수 많은 위험이 도사리겠지..ㅠㅠ",
    "rating": "7",
    "date": "15.05.11"
  },
  {
    "review_id": "9909067",
    "movie_id": "100990",
    "author": "wosh****",
    "review": "알바들 너무한다 진짜;;;;",
    "rating": "1",
    "date": "15.05.10"
  },
  {
    "review_id": "9906383",
    "movie_id": "100990",
    "author": "rudg****",
    "review": "아들이 완전 좋아해요. 너무 재밌습니다",
    "rating": "9",
    "date": "15.05.09"
  },
  {
    "review_id": "9906180",
    "movie_id": "100990",
    "author": "liki****",
    "review": "최고입니다나름 흥미진진",
    "rating": "9",
    "date": "15.05.09"
  },
  {
    "review_id": "9904783",
    "movie_id": "100990",
    "author": "tjsd****",
    "review": "피트의 시점에 주안을 뒀더라면?",
    "rating": "6",
    "date": "15.05.09"
  },
  {
    "review_id": "9904340",
    "movie_id": "100990",
    "author": "kwon****",
    "review": "좋아아아아타타타고고고",
    "rating": "4",
    "date": "15.05.08"
  },
  {
    "review_id": "9902350",
    "movie_id": "100990",
    "author": "grea****",
    "review": "재밌었습니다!! 좋은 영화네요",
    "rating": "9",
    "date": "15.05.07"
  },
  {
    "review_id": "9899655",
    "movie_id": "100990",
    "author": "olta****",
    "review": "soso , 10자 이상 적으라니 적을게 없다.",
    "rating": "6",
    "date": "15.05.06"
  },
  {
    "review_id": "9886303",
    "movie_id": "100990",
    "author": "nyk0****",
    "review": "전개가 어수선했지만 나름 재밌었음",
    "rating": "8",
    "date": "15.05.02"
  },
  {
    "review_id": "9878657",
    "movie_id": "100990",
    "author": "konu****",
    "review": "CG의 힘은 대단하군..존경한다 진짜",
    "rating": "10",
    "date": "15.04.29"
  },
  {
    "review_id": "9865550",
    "movie_id": "100990",
    "author": "ske4****",
    "review": "한순간도 눈을 뗄수 없는 저 소름끼치는 CG  역시 믿고보는 헐리웃 영화다!!",
    "rating": "10",
    "date": "15.04.25"
  },
  {
    "review_id": "9864764",
    "movie_id": "100990",
    "author": "sby1****",
    "review": "긴박감 넘치고 재밌어요",
    "rating": "9",
    "date": "15.04.25"
  },
  {
    "review_id": "9864196",
    "movie_id": "100990",
    "author": "1567****",
    "review": "재난 영화 진자좋아해서봣는데 재밋긴한데 뭔가 너무 짧아서 ㅠㅠ",
    "rating": "10",
    "date": "15.04.24"
  },
  {
    "review_id": "9863022",
    "movie_id": "100990",
    "author": "jidu****",
    "review": "영화 몰입도 최고!  재난 영화는 영화관에서 처음 봤는데 재밌었음",
    "rating": "8",
    "date": "15.04.24"
  },
  {
    "review_id": "9856753",
    "movie_id": "100990",
    "author": "0309****",
    "review": "베리굿이예요 ㅋ 꼭 보세여 ㅋ",
    "rating": "9",
    "date": "15.04.22"
  }
]