[
  {
    "review": "두고두고 잊지못할 명배우 험프리보가트 !",
    "date": "15.07.19",
    "rating": "10",
    "author": "teny****",
    "review_id": "10120714",
    "movie_id": "10106"
  },
  {
    "review": "이건 봐도 봐도 질리지 않는 영화죠",
    "date": "15.07.05",
    "rating": "10",
    "author": "ahap****",
    "review_id": "10074045",
    "movie_id": "10106"
  },
  {
    "review": "참 아름다운 영화. 이 영화가 개봉했던 시기에는 보기 드물게 스릴러가 있는 멜로 영화였을 듯.  As time goes by.",
    "date": "15.04.26",
    "rating": "8",
    "author": "cool****",
    "review_id": "9868660",
    "movie_id": "10106"
  },
  {
    "review": "가장 완벽하면서도 아름다운 이야기.... 대사, 노래. 스토리.. 예술의 결정체..",
    "date": "15.04.25",
    "rating": "10",
    "author": "gmpl****",
    "review_id": "9865955",
    "movie_id": "10106"
  },
  {
    "review": "이야이시대때이런걸작이",
    "date": "15.03.18",
    "rating": "10",
    "author": "xx41****",
    "review_id": "9790393",
    "movie_id": "10106"
  },
  {
    "review": "알수없는 상황과 알수없는 대사들. 이 영화는 로맨스이기 이전에 컬트이다.",
    "date": "15.02.27",
    "rating": "8",
    "author": "sjzm****",
    "review_id": "9744849",
    "movie_id": "10106"
  },
  {
    "review": "당신의 눈동자에 건배~!",
    "date": "15.01.25",
    "rating": "7",
    "author": "plan****",
    "review_id": "9633703",
    "movie_id": "10106"
  },
  {
    "review": "삼류 싸구려 멜로영화..이런류의 영화로 커튼클럽 개선문이 훨씬 잘만들어진 고급영화",
    "date": "14.10.08",
    "rating": "1",
    "author": "hygl****",
    "review_id": "9275929",
    "movie_id": "10106"
  },
  {
    "review": "흑백 고전영화는 지루할 것이라는 나의 선입관을 깬 영화. 재미와 감동을 동시에 주는 영화임.",
    "date": "14.09.03",
    "rating": "10",
    "author": "ferd****",
    "review_id": "9158941",
    "movie_id": "10106"
  },
  {
    "review": "내가 본 영화 역사상 최고의 결말. 이 말로 밖에 설명할 수 없다.",
    "date": "14.09.01",
    "rating": "10",
    "author": "sn2f****",
    "review_id": "9153875",
    "movie_id": "10106"
  },
  {
    "review": "중간에 좀 지루하지만 그래도 재미있다. 멋있는 영화.",
    "date": "14.08.22",
    "rating": "8",
    "author": "amet****",
    "review_id": "9122101",
    "movie_id": "10106"
  },
  {
    "review": "카사블랑카 평점이 이거밖에 안되다니!!  내가 본 영화 중 가장 완벽한 영화였다",
    "date": "14.08.20",
    "rating": "10",
    "author": "scre****",
    "review_id": "9114212",
    "movie_id": "10106"
  },
  {
    "review": "어릴때보면 이 영화가 이해안되는데 나중에 좀 커서 보면 이 영화속의 사랑이 얼마나 대단한 것인지 알게됨.. 진정한 기사도 험프리 보가트.",
    "date": "14.08.13",
    "rating": "10",
    "author": "wjrh****",
    "review_id": "9077065",
    "movie_id": "10106"
  },
  {
    "review": "이 영화는 정말 지금 21세기에 봐도 다시없는 명작이다..타이타닉보다 훨씬 더 감동을 주는 영화.",
    "date": "14.08.13",
    "rating": "10",
    "author": "rich****",
    "review_id": "9076965",
    "movie_id": "10106"
  },
  {
    "review": "뭐 하나 빠짐이 없는 영화. 캐스팅 스토리 연출 불후의 음악 보가트의 멋진 트렌치코트 . 심지어 제목도 '카사블랑카'  낭만과 애수의 그 이름",
    "date": "14.07.05",
    "rating": "10",
    "author": "dndb****",
    "review_id": "8887129",
    "movie_id": "10106"
  },
  {
    "review": "반세기도 더 전의 영화지만 세련미가 느껴진다. 요즘 영화들이 따라올 수 없는 고전의 멋을 간직한 영화.",
    "date": "14.05.25",
    "rating": "9",
    "author": "prok****",
    "review_id": "8765337",
    "movie_id": "10106"
  },
  {
    "review": "오래되고 오래되어 보이는 영화지만 좋은 스토리, 연기, 장면, 대사로 명화라 할 만 함",
    "date": "14.02.19",
    "rating": "9",
    "author": "cles****",
    "review_id": "8519922",
    "movie_id": "10106"
  },
  {
    "review": "42년에 나온 영화라는게 믿기지 않는다. 로맨스, 스릴러, 액션 등 헐리우드 흥행공식을 제대로 끼워 맞춘 걸작",
    "date": "14.02.03",
    "rating": "9",
    "author": "ykdi****",
    "review_id": "8469714",
    "movie_id": "10106"
  },
  {
    "review": "예나 지금이나 계집 하나를 두고 농락당하는 두 남자",
    "date": "13.12.07",
    "rating": "10",
    "author": "kimg****",
    "review_id": "8196500",
    "movie_id": "10106"
  },
  {
    "review": "The Classic. No need to say more.",
    "date": "13.12.07",
    "rating": "10",
    "author": "blee****",
    "review_id": "8195810",
    "movie_id": "10106"
  },
  {
    "review": "잉그리드 버그만 보는 재미로",
    "date": "13.11.16",
    "rating": "1",
    "author": "mara****",
    "review_id": "8144828",
    "movie_id": "10106"
  },
  {
    "review": "70년이 넘게 지난 이 영화는 지금봐도 지루하지 않으며 잉그리드버그만의 미모는 상상초월이다",
    "date": "13.11.02",
    "rating": "8",
    "author": "byul****",
    "review_id": "8110921",
    "movie_id": "10106"
  },
  {
    "review": "절대로,그 어떠한 경우에도,칼라로 바꾸지 말야야 할,제일 첫번째 순위 영화",
    "date": "13.10.13",
    "rating": "10",
    "author": "baks****",
    "review_id": "8056734",
    "movie_id": "10106"
  },
  {
    "review": "빗물의 편지. 대포소리같은 심장박동등.. 등등. 명장면과 명대사가 많은 대단한 영화. 보가트의 카리스마는 대부의 마론 브란도에 필적한 수준이며. 버그만양은 로마의 휴일의 오드리헵번,바람과함께사라지다의 비비안리처럼 존재자체만으로도 눈부시다.",
    "date": "13.09.08",
    "rating": "10",
    "author": "ajho****",
    "review_id": "7957555",
    "movie_id": "10106"
  },
  {
    "review": "릭의 남자다움과 런드의 애절한 눈빛을 보면서 빠져든 영화 40년대 영화치고 카메라무브먼트와 편집기법이 괜찮았던영화 사랑하는 여인을 떠나보내고 얻는 우정의 소중함",
    "date": "13.08.26",
    "rating": "9",
    "author": "ghdr****",
    "review_id": "7923262",
    "movie_id": "10106"
  },
  {
    "review": "멋진 대사들로 가득찬 영화. 이토록 모든 사람들이 사랑할만한 요소들만 고루 모아논 영화가 어디에 있을까.",
    "date": "13.07.30",
    "rating": "9",
    "author": "jys4****",
    "review_id": "7800884",
    "movie_id": "10106"
  },
  {
    "review": "영화 속 보가트와 버그만의 눈을 바라보게 된다면 이 영화를 사랑하지 않을 수가 없게 된다. 아무리 시대가 지나 영화 기술을 발달하고 변할지어도 이런 명배우들이 눈으로 담아낸 것들은 절대로 그 어떤 것으로도 대체할 수가 없다.  \"그대 눈동자에 건배를\"",
    "date": "13.05.29",
    "rating": "10",
    "author": "peav****",
    "review_id": "7561162",
    "movie_id": "10106"
  },
  {
    "review": "옛날 영화인데 상당히 재밌다",
    "date": "13.03.01",
    "rating": "10",
    "author": "arat****",
    "review_id": "7314184",
    "movie_id": "10106"
  },
  {
    "review": "험프리 처음엔 너무 찌질했는데 마지막은 멋졌음 매력적이었던 영화",
    "date": "13.02.21",
    "rating": "10",
    "author": "howa****",
    "review_id": "7285552",
    "movie_id": "10106"
  },
  {
    "review": "스토리가 간결한건 좋은데, 너무 뻔하네요. 보면서 신용문객잔 많이 생각나더군요..",
    "date": "13.02.06",
    "rating": "7",
    "author": "juns****",
    "review_id": "7229889",
    "movie_id": "10106"
  },
  {
    "review": "순애보, 여자가 무슨짓을 해도 다 받아들여주는데, 당신처럼 멋진 사람이 왜 그런 사랑을 해야할까요? 그부분을 뺀다면 70년이 지나도 잊지못할 로맨스인거 같다.",
    "date": "13.02.01",
    "rating": "10",
    "author": "bajj****",
    "review_id": "7207203",
    "movie_id": "10106"
  },
  {
    "review": "매력적인 영화",
    "date": "12.11.29",
    "rating": "10",
    "author": "bshw****",
    "review_id": "6936487",
    "movie_id": "10106"
  },
  {
    "review": "능력 되는 남자의 순정, 혹은 허세. 그 시대의 영화를 보는 재미, 혹은 의미.",
    "date": "12.11.25",
    "rating": "9",
    "author": "heod****",
    "review_id": "6926376",
    "movie_id": "10106"
  },
  {
    "review": "남자의 순정..As time goes by",
    "date": "12.11.18",
    "rating": "9",
    "author": "iwh2****",
    "review_id": "6903353",
    "movie_id": "10106"
  },
  {
    "review": "정말로 사랑하니까 보내주는게 남자의 사랑이다",
    "date": "12.11.01",
    "rating": "10",
    "author": "qudr****",
    "review_id": "6843059",
    "movie_id": "10106"
  },
  {
    "review": "정말 멋지다!! 험프리 보가트..그의 냉소적인 분위기와 고독 뒤에는  이루어질수없는 유부녀를  보낼수밖에 없는 마지막 결단.. 진정 남자이다",
    "date": "12.10.01",
    "rating": "10",
    "author": "cad0****",
    "review_id": "6748204",
    "movie_id": "10106"
  },
  {
    "review": "그 시절의 로맨스란, 시대적 터울을 감안하고 봐야할 작품이다.",
    "date": "12.08.24",
    "rating": "7",
    "author": "ll3l****",
    "review_id": "6641151",
    "movie_id": "10106"
  },
  {
    "review": "옛날영화치곤 세련된......",
    "date": "12.08.18",
    "rating": "7",
    "author": "loop****",
    "review_id": "6623033",
    "movie_id": "10106"
  },
  {
    "review": "일사와 릭의 엇갈리는사랑, 진짜 슬프고 애절하다.",
    "date": "12.04.28",
    "rating": "10",
    "author": "ah42****",
    "review_id": "6252503",
    "movie_id": "10106"
  },
  {
    "review": "진짜 처음볼땐 전혀몰랐는데 다시보니 감동이 몰려온다. 1번이라도 꼭 다시보길 강추!",
    "date": "12.04.16",
    "rating": "10",
    "author": "ghi8****",
    "review_id": "6226555",
    "movie_id": "10106"
  },
  {
    "review": "명작까진 잘 모르겠고 재미는있다.",
    "date": "12.04.12",
    "rating": "8",
    "author": "tjdb****",
    "review_id": "6212878",
    "movie_id": "10106"
  },
  {
    "review": "그냥 재미는 있다. 그리고 험프리 보가트.. 진짜 남자네 크으~~~",
    "date": "12.04.07",
    "rating": "8",
    "author": "kthe****",
    "review_id": "6198747",
    "movie_id": "10106"
  },
  {
    "review": "말이 필요할까?",
    "date": "12.03.16",
    "rating": "10",
    "author": "pks7****",
    "review_id": "6147784",
    "movie_id": "10106"
  },
  {
    "review": "명작은 역시 세월의 흐름을 따르지 않는구나.",
    "date": "12.02.29",
    "rating": "10",
    "author": "infi****",
    "review_id": "6112022",
    "movie_id": "10106"
  },
  {
    "review": "이런 영화군요.",
    "date": "12.01.08",
    "rating": "10",
    "author": "star****",
    "review_id": "5971251",
    "movie_id": "10106"
  },
  {
    "review": "얼마나 재밋으면 심슨네가족 단골패러디영화가 되지?",
    "date": "11.12.31",
    "rating": "10",
    "author": "kv45****",
    "review_id": "5950477",
    "movie_id": "10106"
  },
  {
    "review": "허세간지작렬",
    "date": "11.12.12",
    "rating": "5",
    "author": "bbq2****",
    "review_id": "5902756",
    "movie_id": "10106"
  },
  {
    "review": "2차세계대전 중에 나온 영화인걸 감안하면 웰메이드다",
    "date": "11.11.15",
    "rating": "8",
    "author": "figh****",
    "review_id": "5851180",
    "movie_id": "10106"
  },
  {
    "review": "역시 명화였습니다.",
    "date": "11.11.13",
    "rating": "10",
    "author": "wair****",
    "review_id": "5846400",
    "movie_id": "10106"
  },
  {
    "review": "재밌고 좋은영화.",
    "date": "11.08.09",
    "rating": "10",
    "author": "star****",
    "review_id": "5627264",
    "movie_id": "10106"
  },
  {
    "review": "음 재밌진 않았습니다. 결말은 궁금했지만.",
    "date": "11.08.01",
    "rating": "6",
    "author": "dmag****",
    "review_id": "5590555",
    "movie_id": "10106"
  },
  {
    "review": "좀 비현실적인 것 같지만 전체적인 영화 분위기가 꽤 맘에 들었다",
    "date": "11.07.11",
    "rating": "8",
    "author": "jhzm****",
    "review_id": "5534968",
    "movie_id": "10106"
  },
  {
    "review": "남주인공의 매력~그리고 로맨스~영화의 전체적분위기 럭셔리함~",
    "date": "11.05.18",
    "rating": "10",
    "author": "ypal****",
    "review_id": "5434545",
    "movie_id": "10106"
  },
  {
    "review": "죽기전에 봐라",
    "date": "11.04.30",
    "rating": "10",
    "author": "megr****",
    "review_id": "5398517",
    "movie_id": "10106"
  },
  {
    "review": "당신의 눈동자에 건배를...마음이 아프다",
    "date": "11.03.23",
    "rating": "10",
    "author": "nwhg****",
    "review_id": "5331341",
    "movie_id": "10106"
  },
  {
    "review": "ㅁ",
    "date": "11.02.26",
    "rating": "10",
    "author": "ssmm****",
    "review_id": "5277532",
    "movie_id": "10106"
  },
  {
    "review": "영화음악 만으로도 만점을 받을만한 영화",
    "date": "11.02.09",
    "rating": "10",
    "author": "grif****",
    "review_id": "5231741",
    "movie_id": "10106"
  },
  {
    "review": "기대를 너무 했나.. 나중에 여유가 되면 다시 보고 싶다.",
    "date": "10.12.22",
    "rating": "8",
    "author": "come****",
    "review_id": "5073438",
    "movie_id": "10106"
  },
  {
    "review": "릭성격이 꼭 내친구를 보는듯... 카사블랑카속엔 재미와 감동과 사랑이있다!! 반전도?",
    "date": "10.11.17",
    "rating": "8",
    "author": "hjj5****",
    "review_id": "4967817",
    "movie_id": "10106"
  },
  {
    "review": "가슴아린 사랑. 험프리보거트가 아니였다면 이런 고뇌와 고독함을 표현할수 있었을까!",
    "date": "10.11.05",
    "rating": "10",
    "author": "pwyu****",
    "review_id": "4939574",
    "movie_id": "10106"
  },
  {
    "review": "남자의 향기가 느껴지는 영화",
    "date": "10.11.01",
    "rating": "10",
    "author": "lee_****",
    "review_id": "4932727",
    "movie_id": "10106"
  },
  {
    "review": "이루어지지 않은 사랑이자만 아름답다...그리고 짤막한 우정의 마지막 한 조각",
    "date": "10.10.05",
    "rating": "8",
    "author": "son1****",
    "review_id": "4886349",
    "movie_id": "10106"
  },
  {
    "review": "잉그리드 버그만의 얼굴 빼곤 볼 거 없다. 지루한 고전 필름.",
    "date": "10.10.03",
    "rating": "1",
    "author": "sykm****",
    "review_id": "4882505",
    "movie_id": "10106"
  },
  {
    "review": "고전 영화를 굉장히 좋아하는데...이 영화는 너무 지루했다......--19女",
    "date": "10.08.26",
    "rating": "4",
    "author": "psy9****",
    "review_id": "4794133",
    "movie_id": "10106"
  },
  {
    "review": "사랑은 버리는 법도 알아야 하기에 아프다..",
    "date": "10.07.25",
    "rating": "10",
    "author": "il_d****",
    "review_id": "4671810",
    "movie_id": "10106"
  },
  {
    "review": "잼있네",
    "date": "10.07.05",
    "rating": "10",
    "author": "hoby****",
    "review_id": "4612893",
    "movie_id": "10106"
  },
  {
    "review": "이 시대에 만들어졌다는 것, 신기할 따름",
    "date": "10.07.04",
    "rating": "10",
    "author": "tlaw****",
    "review_id": "4611016",
    "movie_id": "10106"
  },
  {
    "review": "세월이 흘러도 지워지지 않는 한 남자의 사랑. 진짜 남자 릭.",
    "date": "10.06.29",
    "rating": "9",
    "author": "coco****",
    "review_id": "4598405",
    "movie_id": "10106"
  },
  {
    "review": "아빠방에 보물창고 안에 있다는 아빠표 세계 10대 영화",
    "date": "10.06.26",
    "rating": "10",
    "author": "jsga****",
    "review_id": "4593303",
    "movie_id": "10106"
  },
  {
    "review": "험프리 보가트하면 딱 생각나는 첫번째 작품",
    "date": "10.06.23",
    "rating": "10",
    "author": "sant****",
    "review_id": "4586876",
    "movie_id": "10106"
  },
  {
    "review": "지루하고 진부하지만 각본, 연기, 음악은 명불허전.",
    "date": "10.06.05",
    "rating": "6",
    "author": "claz****",
    "review_id": "4546919",
    "movie_id": "10106"
  },
  {
    "review": "세월이 흘러도 역시 명작은 명작이라는 생각이 든다. 명불허전",
    "date": "10.05.15",
    "rating": "10",
    "author": "tony****",
    "review_id": "4499608",
    "movie_id": "10106"
  },
  {
    "review": "명성만큼 대작은 아니라고 생각한다",
    "date": "10.05.14",
    "rating": "8",
    "author": "bear****",
    "review_id": "4499112",
    "movie_id": "10106"
  },
  {
    "review": "카사블랑카의 험프리 보가트는 남자중의 남자 멋지다...",
    "date": "10.04.19",
    "rating": "10",
    "author": "aldu****",
    "review_id": "4443855",
    "movie_id": "10106"
  },
  {
    "review": "70년전 영화를 이렇게 몰입해서 볼수있다는게 놀라울뿐이다..",
    "date": "10.04.05",
    "rating": "8",
    "author": "sinb****",
    "review_id": "4412692",
    "movie_id": "10106"
  },
  {
    "review": "멋지다,마지막이 인상적이다..",
    "date": "10.03.23",
    "rating": "9",
    "author": "yuye****",
    "review_id": "4381536",
    "movie_id": "10106"
  },
  {
    "review": "옛날영화 치곤 볼만함....",
    "date": "10.02.22",
    "rating": "7",
    "author": "jin1****",
    "review_id": "4308082",
    "movie_id": "10106"
  },
  {
    "review": "중후반까지 좋았으나 마지막에 힘을 잃은 느낌.",
    "date": "10.02.16",
    "rating": "8",
    "author": "dent****",
    "review_id": "4287821",
    "movie_id": "10106"
  },
  {
    "review": "험브리보가트는 시에라마드레의 황금도 추천... 하나는 남성적, 하나는 최고악인",
    "date": "10.01.29",
    "rating": "10",
    "author": "evil****",
    "review_id": "4220223",
    "movie_id": "10106"
  },
  {
    "review": "간지난다 진짜.",
    "date": "10.01.27",
    "rating": "10",
    "author": "dela****",
    "review_id": "4213402",
    "movie_id": "10106"
  },
  {
    "review": "공감할 수는 없지만 애잔한 로맨스 이야기가 전쟁하고 어울러져서 좋다.",
    "date": "09.12.26",
    "rating": "9",
    "author": "thin****",
    "review_id": "4086035",
    "movie_id": "10106"
  },
  {
    "review": "영화마지막씬은 최고.beautiful 프렌드쉽..비리경찰과 전직사설정보요원의",
    "date": "09.12.25",
    "rating": "10",
    "author": "dma9****",
    "review_id": "4080668",
    "movie_id": "10106"
  },
  {
    "review": "시나리오,연기,연출 다 끝내줌. 특히 시나리오 작법의 교과서인듯.",
    "date": "09.12.11",
    "rating": "9",
    "author": "mist****",
    "review_id": "4034278",
    "movie_id": "10106"
  },
  {
    "review": "주인공같은남자가있을까나.. 모든걸포기하다니.. 단한사람을위해서",
    "date": "09.10.19",
    "rating": "10",
    "author": "skeh****",
    "review_id": "3904365",
    "movie_id": "10106"
  },
  {
    "review": "헐 난 하나도안지루하던데-_- 캐명작 ㄷㄷㄷ 재미없을지알고 미루다가 이제서야봤네",
    "date": "09.09.12",
    "rating": "10",
    "author": "fram****",
    "review_id": "3826662",
    "movie_id": "10106"
  },
  {
    "review": "영화 정말 좋았다...특히 보가트씨의 연기는 압권..정말 괜찮은 영화",
    "date": "09.09.07",
    "rating": "8",
    "author": "thra****",
    "review_id": "3816490",
    "movie_id": "10106"
  },
  {
    "review": "상영시간내내 주인공의 심리변화의 묘사가 물흐르듯하다 쵝오!!!",
    "date": "09.07.16",
    "rating": "10",
    "author": "mank****",
    "review_id": "3638216",
    "movie_id": "10106"
  },
  {
    "review": "고전의 매력.지루함 뒤의 잔잔한 감동이랄까..?",
    "date": "09.06.28",
    "rating": "10",
    "author": "lsge****",
    "review_id": "3597488",
    "movie_id": "10106"
  },
  {
    "review": "아름다운 영화. 잉그리드 버그만에 반하다.",
    "date": "09.05.05",
    "rating": "10",
    "author": "zoli****",
    "review_id": "3470626",
    "movie_id": "10106"
  },
  {
    "review": "분위기는 좋은데 지루하긴 지루하더군요..",
    "date": "09.04.20",
    "rating": "1",
    "author": "rhkr****",
    "review_id": "3430470",
    "movie_id": "10106"
  },
  {
    "review": "내용도 없고 지루하기만하네..",
    "date": "09.04.05",
    "rating": "1",
    "author": "lay7****",
    "review_id": "3405649",
    "movie_id": "10106"
  },
  {
    "review": "The two walk off together into the night. 아, 소중하고 또 소중하다♡",
    "date": "09.04.04",
    "rating": "10",
    "author": "paba****",
    "review_id": "3403897",
    "movie_id": "10106"
  },
  {
    "review": "초반부 너무나 지루.. 그나마 후반부엔 좀났네 아휴.. 그래도 명작까지는 아니다.",
    "date": "09.04.02",
    "rating": "2",
    "author": "rhkr****",
    "review_id": "3399977",
    "movie_id": "10106"
  },
  {
    "review": "험프리보가트가 무척이나 멋지게도 그려진 시나리오다 제일 힘들고도 아름다웠던 선택",
    "date": "09.03.28",
    "rating": "10",
    "author": "ggon****",
    "review_id": "3391157",
    "movie_id": "10106"
  },
  {
    "review": "포기할줄 아는 사랑인가... 멋지다...",
    "date": "09.03.21",
    "rating": "10",
    "author": "zard****",
    "review_id": "3379592",
    "movie_id": "10106"
  },
  {
    "review": "파리의 추억만을 간직한 채 그녀를 떠나보낸 멋진 남자의 사랑",
    "date": "09.02.18",
    "rating": "8",
    "author": "inte****",
    "review_id": "3313858",
    "movie_id": "10106"
  },
  {
    "review": "멋진영화....",
    "date": "09.02.03",
    "rating": "10",
    "author": "soji****",
    "review_id": "3276137",
    "movie_id": "10106"
  },
  {
    "review": "가슴아프군..",
    "date": "09.01.21",
    "rating": "9",
    "author": "risk****",
    "review_id": "3237616",
    "movie_id": "10106"
  },
  {
    "review": "초반은 지루했으나 끝은 대단했다",
    "date": "09.01.19",
    "rating": "10",
    "author": "lee9****",
    "review_id": "3232833",
    "movie_id": "10106"
  },
  {
    "review": "멌있군... ㅋ",
    "date": "09.01.19",
    "rating": "10",
    "author": "2pup****",
    "review_id": "3232823",
    "movie_id": "10106"
  }
]