[
  {
    "review": "어떤 이념도 완벽한건없다",
    "date": "15.08.10",
    "rating": "9",
    "author": "sunr****",
    "review_id": "10211364",
    "movie_id": "10103"
  },
  {
    "review": "지금은 절대 만들수없는 대작",
    "date": "15.07.11",
    "rating": "10",
    "author": "diek****",
    "review_id": "10090845",
    "movie_id": "10103"
  },
  {
    "review": "진짜 좋은 영화 안지루하게 봄",
    "date": "15.07.11",
    "rating": "10",
    "author": "9810****",
    "review_id": "10090478",
    "movie_id": "10103"
  },
  {
    "review": "10점만점에 10점.  이런 영화 못보고 죽으면 억울할거에요.",
    "date": "15.06.15",
    "rating": "10",
    "author": "gott****",
    "review_id": "10001607",
    "movie_id": "10103"
  },
  {
    "review": "러시아 혁명과 전쟁 중에 펼쳐지는 지바고의 사랑이야기이며,유약한 지식인에 비쳐진 혁명의 잔혹함과 위선을 잘 보여준다. 인간말종인 코마로프스키가 공산당 간부로 변신하고, 이상주의자이며 광적인 혁명가 파샤가 맞는 비극적 결말등. 주제가가 무척 아름다운영화",
    "date": "15.03.18",
    "rating": "10",
    "author": "sjal****",
    "review_id": "9791414",
    "movie_id": "10103"
  },
  {
    "review": "다섯글자요아 더써야되나",
    "date": "15.03.17",
    "rating": "10",
    "author": "gats****",
    "review_id": "9790331",
    "movie_id": "10103"
  },
  {
    "review": "어린시절에 명화극장에서 몰랐는데  나이가 든 지금은 모든 장면과 조연의 대사도 놓치고 싶지않았다 많은 감동도 주었고 많은 생각도 하게한 최고의 작품이다   명작중에  넘보원sona**** 2015.03.17 13:47 삭제",
    "date": "15.03.17",
    "rating": "10",
    "author": "sona****",
    "review_id": "9789474",
    "movie_id": "10103"
  },
  {
    "review": "이건 무조건 9점대영화다",
    "date": "15.03.16",
    "rating": "10",
    "author": "came****",
    "review_id": "9786804",
    "movie_id": "10103"
  },
  {
    "review": "시베리아의 눈 덮힌 광활한 벌판과 라라의 테마가 인상적인 영화입니다.",
    "date": "15.02.25",
    "rating": "10",
    "author": "ysk9****",
    "review_id": "9738217",
    "movie_id": "10103"
  },
  {
    "review": "아름다운 풍경과 음악이 어우러져 있는 러브 스토리",
    "date": "15.02.16",
    "rating": "10",
    "author": "jmp0****",
    "review_id": "9702763",
    "movie_id": "10103"
  },
  {
    "review": "참~ 착한 지바고 마눌님...;;;",
    "date": "15.01.08",
    "rating": "8",
    "author": "popy****",
    "review_id": "9573161",
    "movie_id": "10103"
  },
  {
    "review": "나라면 주인공들이 겪은 혼란을 어떻게 감당했을까?볼때마다 와닿는 느낌이  심오한  명작 중의 명작이다!",
    "date": "15.01.03",
    "rating": "10",
    "author": "yuns****",
    "review_id": "9555062",
    "movie_id": "10103"
  },
  {
    "review": "세계 영화사에 길이 남을 명작이 아닐 수 없다. 공산주의가 얼마나 인간성을 파멸시키는지를 리얼하게 잘 묘사하였으며, 그러한 절망적인 상황과 차가운 동토의 땅에에서도 순수하게 사랑하는 모습에 오래도록 여운이 남는다",
    "date": "15.01.02",
    "rating": "10",
    "author": "topd****",
    "review_id": "9551781",
    "movie_id": "10103"
  },
  {
    "review": "시인의 편지가  얼어붙은 시대를 녹였다",
    "date": "15.01.02",
    "rating": "10",
    "author": "osow****",
    "review_id": "9549390",
    "movie_id": "10103"
  },
  {
    "review": "닥터 지바고 원작 소설을 읽은 후, 이 영화를 보면 참으로 '원작을 살리지 못했다.'라는 생각이 들 수밖에 없다. 하지만 이 또한 의의가 있는 것이 원작에서의 변화가 '왜 일어났는가?'라는 것을 역사적 맥락을 통해 알아본다면 그것도 하나의",
    "date": "15.01.01",
    "rating": "3",
    "author": "odob****",
    "review_id": "9546480",
    "movie_id": "10103"
  },
  {
    "review": "볼만은 했지만 그렇게 막 대단하는 것은 좀...이해하기 어려운 부분들이 있었음. 어이 없이 그것을 원작을 모른다는 이유로 영화를 그렇게 밖에 못본다는 소리를 듣고 싶진 않음, 개인 취향의 문제라고 생각함",
    "date": "15.01.01",
    "rating": "6",
    "author": "park****",
    "review_id": "9546455",
    "movie_id": "10103"
  },
  {
    "review": "아름답고 순수한 마음이 정화되는 스토리",
    "date": "15.01.01",
    "rating": "10",
    "author": "kbc1****",
    "review_id": "9546398",
    "movie_id": "10103"
  },
  {
    "review": "옛날영화라 좀  ... 음..",
    "date": "15.01.01",
    "rating": "5",
    "author": "judo****",
    "review_id": "9546225",
    "movie_id": "10103"
  },
  {
    "review": "앞부분 볼세비키 혁명부분 컷트된것 30분정도 도 나오나요?이번 것은 삭제부분 없겠지요?보신분 알려주세요",
    "date": "14.12.25",
    "rating": "10",
    "author": "free****",
    "review_id": "9514387",
    "movie_id": "10103"
  },
  {
    "review": "지금도 이렇게 만들수 있나?",
    "date": "14.12.22",
    "rating": "10",
    "author": "3115****",
    "review_id": "9502050",
    "movie_id": "10103"
  },
  {
    "review": "소련을 배경으로 한 영화중 최고작.라라의 테마..",
    "date": "14.12.13",
    "rating": "10",
    "author": "pont****",
    "review_id": "9469229",
    "movie_id": "10103"
  },
  {
    "review": "젊은시절 극장에서4번이나봤습니다지금도그때의감동이몰려옵니다다시상영관에서볼수있으면좋겠네요",
    "date": "14.11.30",
    "rating": "10",
    "author": "cho0****",
    "review_id": "9434167",
    "movie_id": "10103"
  },
  {
    "review": "라라의 남자보는 눈은 기준이 없다 그치만 시대적 상황을 생각해보면 소련이란 나라도 고통의 연속인듯... 다음주에 러시아 여행을 앞두고 찾아서 처음으로 처음부터 끝까지 다 보았는데 전체적으로 슬프고 딱하다.",
    "date": "14.05.19",
    "rating": "8",
    "author": "ging****",
    "review_id": "8746499",
    "movie_id": "10103"
  },
  {
    "review": "아프고 슬펐습니다. ㅠㅠ 명작이라고 생각합니다. 이 영화를 보고 아무것도 느끼지 못했다면 그건 영화의 잘못이 아니라 보는 사람의 잘못이라고 말해주고 싶습니다.",
    "date": "14.04.07",
    "rating": "10",
    "author": "nero****",
    "review_id": "8634823",
    "movie_id": "10103"
  },
  {
    "review": "세 번째 보았는데 볼 때 마다 새로운 관점에서 새로운 감동을 느낀다.",
    "date": "14.04.02",
    "rating": "10",
    "author": "samu****",
    "review_id": "8622885",
    "movie_id": "10103"
  },
  {
    "review": "누가 이 영화에 10점을 주지않은가? 러시아 혁명의 전후 시대를 남여주인공의 사랑과 이별 그리고 시대적 아픔을 노래한 한 편의 대서사시다.",
    "date": "14.03.25",
    "rating": "10",
    "author": "heal****",
    "review_id": "8604982",
    "movie_id": "10103"
  },
  {
    "review": "시간이 지나가도 최고의 영화",
    "date": "14.03.20",
    "rating": "10",
    "author": "cj1m****",
    "review_id": "8589058",
    "movie_id": "10103"
  },
  {
    "review": "러시아의 시대적 상황을 잘 묘사한 영화이지만 둘의 사랑은 좀 개연성이 없어보임 또한 형이 이야기를 풀어나가는 액자식 구성인거같은데 굳이 그럴필요 없을것 같은데...",
    "date": "14.01.15",
    "rating": "7",
    "author": "rhfl****",
    "review_id": "8384116",
    "movie_id": "10103"
  },
  {
    "review": "사실적이고 시원시원한 영상미가 러시아벌판의 추위를 실감하게한다. 마누라랑 시베리아열차타놈 이란 속담까지 있으니.. 사회주의라도 개방적인 국민성이기에 이런 스토리가 나오는듯하다",
    "date": "14.01.07",
    "rating": "8",
    "author": "asun****",
    "review_id": "8359501",
    "movie_id": "10103"
  },
  {
    "review": "배경은 정말이쁜데 내용이 그다지...왜감동받는지모르겠다 그냥 불륜을 미화시킨거잖아....",
    "date": "14.01.06",
    "rating": "4",
    "author": "33an****",
    "review_id": "8356770",
    "movie_id": "10103"
  },
  {
    "review": "러시아 혁명전후의 비합리적인 세상속에서 꾿꾿하게 살아가는 지바고가 마음에 들음",
    "date": "13.12.31",
    "rating": "8",
    "author": "seco****",
    "review_id": "8330329",
    "movie_id": "10103"
  },
  {
    "review": "넓디넓은 러시아 땅을 배경으로 풀어나가는 장엄한 러브스토리. 역사적인 배경지식을 알고 보면 더 재미를 느낄 수 있다.",
    "date": "13.12.29",
    "rating": "10",
    "author": "leeb****",
    "review_id": "8320980",
    "movie_id": "10103"
  },
  {
    "review": "영화가 상영되는 내내 오마샤리프의 눈빛과 설원, 음악만으로도 슬퍼진다!",
    "date": "13.12.29",
    "rating": "10",
    "author": "haen****",
    "review_id": "8318242",
    "movie_id": "10103"
  },
  {
    "review": "볼때마다 새로운 느낌.. 10대 땐 영화 음악에만 매료되었고.. 20대엔 지바고의 슬픔에만... 30대엔 라라가 눈에 들어 오더니... 40대엔 타라와 이복 동생이 이야기의 중심으로 자리접는 구나.... 정말 대작인 듯...",
    "date": "13.12.23",
    "rating": "10",
    "author": "hhot****",
    "review_id": "8281287",
    "movie_id": "10103"
  },
  {
    "review": "시시한 불륜 이야기?? 장난해? 러시아 문학에서 불륜은 불가분의 관계라구!!!! 이 이야기는 단순 불륜이야기가 아니라 러시아의 혼란기 속의 한 사람의 인생을 다룬 이야기라규!!!",
    "date": "13.12.20",
    "rating": "10",
    "author": "ruin****",
    "review_id": "8257034",
    "movie_id": "10103"
  },
  {
    "review": "?으바보들이많네러시아혁명에대해알고봣더라면재밈게봣을텐데 ..러시아혁명에대해쉽거풀어놧는데이해를못하는.... 제대로보기나햇나? 더럽거ㅏ잼없네하면서 별점1점줄영화가아닌데이건 난 음악풍경내용배우들연기 다괜찮게봣다 명작 닥터 지바고",
    "date": "13.12.06",
    "rating": "9",
    "author": "popp****",
    "review_id": "8195246",
    "movie_id": "10103"
  },
  {
    "review": "러시아역사에 대해 알고 봤기에, 더욱 몰입하여 볼수 있었다.스토리의 전개,그안에 내포하고 있는 의미,음악 더 나에겐 무언가 생각하게 해주는 훌륭한 명작이었다",
    "date": "13.12.03",
    "rating": "10",
    "author": "sea5****",
    "review_id": "8186588",
    "movie_id": "10103"
  },
  {
    "review": "러시아 혁명 이후 비인간적인 사회의 분위기와 얼어붙은 대지위에서 사랑을 노래한 시인의 이야기! 멋지지 않은가?",
    "date": "13.11.15",
    "rating": "9",
    "author": "pool****",
    "review_id": "8141367",
    "movie_id": "10103"
  },
  {
    "review": "이름높은 명작에 얼떨결에 덩달아 10점은 주겠지만, 일단은 너무 재미가 없고 지루하다. 눈구경 얼음구경만 실컨했다. 라라의 미모와 라라의테마음악만 진정한 10점이다.",
    "date": "13.10.27",
    "rating": "10",
    "author": "cjw2****",
    "review_id": "8095235",
    "movie_id": "10103"
  },
  {
    "review": "긴거 빼면  내용이 가슴아프구나...",
    "date": "13.08.04",
    "rating": "9",
    "author": "pass****",
    "review_id": "7836621",
    "movie_id": "10103"
  },
  {
    "review": "흑백 아니라 일단 놀라고 세 시간 지루하지 않았음. 시대적 긴장감 속에서 지고지순한 사랑과 설정된 상황으로 사랑이 된 외도를 하는 닥터지바고. 조금 답답할 수 있는 남자를 위한 환상.",
    "date": "13.06.12",
    "rating": "9",
    "author": "want****",
    "review_id": "7630812",
    "movie_id": "10103"
  },
  {
    "review": "대작 명작 걸작 수작",
    "date": "13.04.01",
    "rating": "10",
    "author": "p770****",
    "review_id": "7428616",
    "movie_id": "10103"
  },
  {
    "review": "슬픈영화",
    "date": "13.03.26",
    "rating": "9",
    "author": "mess****",
    "review_id": "7413618",
    "movie_id": "10103"
  },
  {
    "review": "쓸데 없이 너무 길다... 근데 상황 상황은 너무 설명 없이 불친절한 암시만... 너무 복잡한 인물 관계...이게 진정 명작일까???  데이빗 린 감독은 정말 내 스타일이 아니가봐...",
    "date": "13.03.26",
    "rating": "7",
    "author": "ykdi****",
    "review_id": "7412434",
    "movie_id": "10103"
  },
  {
    "review": "음악과 눈 덮힌 러시아..",
    "date": "13.03.07",
    "rating": "10",
    "author": "jazz****",
    "review_id": "7329813",
    "movie_id": "10103"
  },
  {
    "review": "개인주의과 전체주의 의 대비. 진보 와 보수 의 아이러니. 공산주의혁명 에 의한 개인의 갈등 그려내고 있기에, 부의재분배 이념에 대해 다시 한번 더 생각해보게 해준 영화",
    "date": "13.01.16",
    "rating": "8",
    "author": "pent****",
    "review_id": "7120302",
    "movie_id": "10103"
  },
  {
    "review": "세상의 아픔, 고독한 인간... 그리고 가족... 사랑",
    "date": "12.12.13",
    "rating": "10",
    "author": "sdhg****",
    "review_id": "6996496",
    "movie_id": "10103"
  },
  {
    "review": "내 인생 다섯손가락 안에 드는 걸작.",
    "date": "12.09.13",
    "rating": "10",
    "author": "milk****",
    "review_id": "6691290",
    "movie_id": "10103"
  },
  {
    "review": "러시아의 암흑기에 태동된 인간애와 사랑, 하지만 엄연한 불륜.복잡하다",
    "date": "12.05.22",
    "rating": "8",
    "author": "ador****",
    "review_id": "6321139",
    "movie_id": "10103"
  },
  {
    "review": "혁명, 전화 속 남녀간 얽힌 사랑의 미묘한 감정에 묘하게 빨려드는 영화였네요.",
    "date": "12.03.31",
    "rating": "9",
    "author": "kjh8****",
    "review_id": "6183036",
    "movie_id": "10103"
  },
  {
    "review": "웅장한 스케일에 아름다운 음악과 풍경이긴 하지만 영화자체는 그닥..러시아혁명도 어렵고.",
    "date": "12.03.31",
    "rating": "7",
    "author": "jhzm****",
    "review_id": "6181009",
    "movie_id": "10103"
  },
  {
    "review": "데이빗 린 영화는 상만 많이 받지 재미도 매력도 없어 감정이입이 힘들다.",
    "date": "12.02.15",
    "rating": "6",
    "author": "bbq2****",
    "review_id": "6076255",
    "movie_id": "10103"
  },
  {
    "review": "OK",
    "date": "12.02.11",
    "rating": "10",
    "author": "swea****",
    "review_id": "6068631",
    "movie_id": "10103"
  },
  {
    "review": "사랑이란 흑백논리로 이야기보다 인간의 가변성의 관점에서 생각 해볼 수 있지않은까",
    "date": "12.02.01",
    "rating": "9",
    "author": "rose****",
    "review_id": "6042052",
    "movie_id": "10103"
  },
  {
    "review": "뮤지컬보려고 미리 본영화.. 러시아혁명을 쉽게 풀어낸듯",
    "date": "12.01.31",
    "rating": "7",
    "author": "hjs8****",
    "review_id": "6038358",
    "movie_id": "10103"
  },
  {
    "review": "소설은 있고 '시'가 없다",
    "date": "11.12.28",
    "rating": "6",
    "author": "rd72****",
    "review_id": "5943513",
    "movie_id": "10103"
  },
  {
    "review": "스칼렛 오하라판 남자의 이야기.",
    "date": "11.12.15",
    "rating": "8",
    "author": "izzo****",
    "review_id": "5906500",
    "movie_id": "10103"
  },
  {
    "review": "재미없다. 3류 애정얘기..",
    "date": "11.12.11",
    "rating": "1",
    "author": "nike****",
    "review_id": "5900877",
    "movie_id": "10103"
  },
  {
    "review": "이것을 단순히 두여자사이에 한남자의 우유부단함쯤으로 봤다면 다시보길 권한다",
    "date": "11.08.27",
    "rating": "10",
    "author": "cndp****",
    "review_id": "5691427",
    "movie_id": "10103"
  },
  {
    "review": "러브오브시베리아 두 편다 너무 짠한 영화",
    "date": "11.08.06",
    "rating": "10",
    "author": "chee****",
    "review_id": "5607171",
    "movie_id": "10103"
  },
  {
    "review": "명작이라소문난영화라기대하고봤지만,기대보단못함.",
    "date": "11.08.05",
    "rating": "8",
    "author": "a109****",
    "review_id": "5606427",
    "movie_id": "10103"
  },
  {
    "review": "고전이었지만 생각한만큼 위대하진 않던걸...?",
    "date": "11.07.23",
    "rating": "7",
    "author": "reil****",
    "review_id": "5563645",
    "movie_id": "10103"
  },
  {
    "review": "전쟁나면부자들도거지가되는구나줄거리가끈기는것같네",
    "date": "11.06.06",
    "rating": "1",
    "author": "zzzo****",
    "review_id": "5467223",
    "movie_id": "10103"
  },
  {
    "review": "볼만함",
    "date": "11.03.11",
    "rating": "10",
    "author": "mink****",
    "review_id": "5306981",
    "movie_id": "10103"
  },
  {
    "review": "가슴뜨거워지게 한 영화 삶의 절절함과 누군가를 사랑해야만 이겨나갈수 있음을보져줌",
    "date": "11.01.14",
    "rating": "10",
    "author": "kkol****",
    "review_id": "5155793",
    "movie_id": "10103"
  },
  {
    "review": "격동기의 러시아 속에서 흔들리는 유리의 운명과 로맨스",
    "date": "10.12.11",
    "rating": "10",
    "author": "0104****",
    "review_id": "5045360",
    "movie_id": "10103"
  },
  {
    "review": "난 그여자 . . 음 너무 까쟁이",
    "date": "10.11.29",
    "rating": "7",
    "author": "jmk6****",
    "review_id": "5007986",
    "movie_id": "10103"
  },
  {
    "review": "사람사는게 다 똑같지... 헤어지는 것 또한 운명. 음악이 참 아름답다.",
    "date": "10.11.23",
    "rating": "9",
    "author": "aldu****",
    "review_id": "4982154",
    "movie_id": "10103"
  },
  {
    "review": "영상이나 음악이 이쁘다 해도 미화시킨 불륜일뿐",
    "date": "10.10.24",
    "rating": "3",
    "author": "xhlt****",
    "review_id": "4919126",
    "movie_id": "10103"
  },
  {
    "review": "공감되지 않는 그들의 야만스럽고 미개한 사랑이야기",
    "date": "10.09.05",
    "rating": "1",
    "author": "lucy****",
    "review_id": "4818518",
    "movie_id": "10103"
  },
  {
    "review": "상당히 지루하지만 볼만함...",
    "date": "10.08.20",
    "rating": "8",
    "author": "jupi****",
    "review_id": "4767843",
    "movie_id": "10103"
  },
  {
    "review": "30년전에 본 영화인데 지금도 겨울에 눈이 내리면 생각나는 영화.",
    "date": "10.08.13",
    "rating": "10",
    "author": "shin****",
    "review_id": "4743639",
    "movie_id": "10103"
  },
  {
    "review": "불멸의 영화",
    "date": "10.07.18",
    "rating": "10",
    "author": "sepa****",
    "review_id": "4648468",
    "movie_id": "10103"
  },
  {
    "review": "뉴질랜드만 풍경이 아니라는 걸 보이는 영상미but소설을 읽지 않은사람은 지루할수도",
    "date": "10.07.04",
    "rating": "9",
    "author": "dlwl****",
    "review_id": "4611964",
    "movie_id": "10103"
  },
  {
    "review": "엄청난러닝타임이 전혀지루하지않고 너무재밌었다 고전명작 다섯손가락안에 들 작품",
    "date": "10.06.13",
    "rating": "10",
    "author": "psy9****",
    "review_id": "4563074",
    "movie_id": "10103"
  },
  {
    "review": "지루하다",
    "date": "10.03.30",
    "rating": "6",
    "author": "yuye****",
    "review_id": "4397739",
    "movie_id": "10103"
  },
  {
    "review": "약간 지루하지만 당시의 러시아의 분위기를 느낄수 있었다. 흠이라면 영어로 말하는것",
    "date": "10.03.20",
    "rating": "8",
    "author": "moda****",
    "review_id": "4370511",
    "movie_id": "10103"
  },
  {
    "review": "산다는것 그리고 사랑한다는 것. 결국 인생에 관한 이야기",
    "date": "09.12.12",
    "rating": "10",
    "author": "plzb****",
    "review_id": "4037967",
    "movie_id": "10103"
  },
  {
    "review": "옛날 영화같지않은 영상미...내용또한 풍부하다. 그 당시 러시아를 잘 나타낸 영화!",
    "date": "09.12.11",
    "rating": "9",
    "author": "shok****",
    "review_id": "4035762",
    "movie_id": "10103"
  },
  {
    "review": "파샤는 자살이 아니라 조직에서 배신당하여 총살당함.",
    "date": "09.11.28",
    "rating": "7",
    "author": "jjyn****",
    "review_id": "3999324",
    "movie_id": "10103"
  },
  {
    "review": "이 작품 내 인생의 최고의 영화! 결말이 환상적이던데..",
    "date": "09.10.01",
    "rating": "10",
    "author": "moir****",
    "review_id": "3863369",
    "movie_id": "10103"
  },
  {
    "review": "그냥 옛날영화",
    "date": "09.08.02",
    "rating": "10",
    "author": "ksyz****",
    "review_id": "3696006",
    "movie_id": "10103"
  },
  {
    "review": "인생의 거의 모든것을 담아냈다.....",
    "date": "09.07.19",
    "rating": "9",
    "author": "iss2****",
    "review_id": "3645859",
    "movie_id": "10103"
  },
  {
    "review": "인간의 모순, 거기서 나타나는 사랑, 러시아 여성의 지고지순한 모습까지 표현한영화",
    "date": "09.07.08",
    "rating": "10",
    "author": "ukyi****",
    "review_id": "3617554",
    "movie_id": "10103"
  },
  {
    "review": "수작",
    "date": "09.06.12",
    "rating": "10",
    "author": "amaz****",
    "review_id": "3560251",
    "movie_id": "10103"
  },
  {
    "review": "하찮은 영상미로 더러운 불륜을 미화시킨 쓰레기 영화",
    "date": "09.01.31",
    "rating": "1",
    "author": "pola****",
    "review_id": "3266430",
    "movie_id": "10103"
  },
  {
    "review": "너무도 아름다운 대작.가히 정점의 스케일과 완성도를 보여준다.",
    "date": "08.10.19",
    "rating": "10",
    "author": "baks****",
    "review_id": "3007717",
    "movie_id": "10103"
  },
  {
    "review": "사랑으로 쓰여진 스탈린시대.. 무섭고 아름답다. 그러나 너무도 가슴아픈..",
    "date": "08.09.14",
    "rating": "10",
    "author": "sdh1****",
    "review_id": "2944505",
    "movie_id": "10103"
  },
  {
    "review": "불륜의 사랑이 아름답기만 하지는 않지만 시대와 배경의 비장미가 압도적이다.",
    "date": "08.09.13",
    "rating": "9",
    "author": "kusa****",
    "review_id": "2940720",
    "movie_id": "10103"
  },
  {
    "review": "중간에 졸려 집중하여 보진 못했지만 슬픈 인연임엔 틀림없네요.",
    "date": "08.09.10",
    "rating": "8",
    "author": "like****",
    "review_id": "2933382",
    "movie_id": "10103"
  },
  {
    "review": "불륜미화용영화-_- 그들의 애정놀음이 너무나도 우습다.",
    "date": "08.08.19",
    "rating": "1",
    "author": "stra****",
    "review_id": "2887554",
    "movie_id": "10103"
  },
  {
    "review": "정말 대서사시구나... 아름답기 그지없는 영화",
    "date": "08.07.19",
    "rating": "10",
    "author": "robo****",
    "review_id": "2782258",
    "movie_id": "10103"
  },
  {
    "review": "쓰레기 더럽게 재미없다.",
    "date": "08.07.18",
    "rating": "2",
    "author": "enia****",
    "review_id": "2774743",
    "movie_id": "10103"
  },
  {
    "review": "보고또보고..라라의테마 듣기만해도 가슴벅차..",
    "date": "08.06.06",
    "rating": "10",
    "author": "haha****",
    "review_id": "2683789",
    "movie_id": "10103"
  },
  {
    "review": "정말 뭐랄까, 굉장한 깊이와 영화적 완성도를 지녔다 명불허전!",
    "date": "08.05.26",
    "rating": "10",
    "author": "donj****",
    "review_id": "2664841",
    "movie_id": "10103"
  },
  {
    "review": "대작,",
    "date": "08.05.21",
    "rating": "10",
    "author": "hosu****",
    "review_id": "2654118",
    "movie_id": "10103"
  },
  {
    "review": "간만에 아주 괜찮은 영화를 보았다^-^",
    "date": "08.05.16",
    "rating": "10",
    "author": "natu****",
    "review_id": "2645002",
    "movie_id": "10103"
  },
  {
    "review": "원작과 비교하며 보는 재미, 아름다운 배경",
    "date": "08.05.14",
    "rating": "10",
    "author": "smil****",
    "review_id": "2639904",
    "movie_id": "10103"
  },
  {
    "review": "글쎄, 이 영화의 사랑도 전쟁도 모든것이 가슴으로 와닿지가 않는다.",
    "date": "08.04.25",
    "rating": "4",
    "author": "laps****",
    "review_id": "2597591",
    "movie_id": "10103"
  },
  {
    "review": "오늘 두번째 봤지만...역시 좋다..",
    "date": "08.04.09",
    "rating": "10",
    "author": "band****",
    "review_id": "2569650",
    "movie_id": "10103"
  }
]