[
  {
    "review_id": "10240395",
    "movie_id": "101096",
    "author": "lcd0****",
    "review": "신보라, 정태호 지금봐도 빡침",
    "rating": "1",
    "date": "15.08.16"
  },
  {
    "review_id": "10153645",
    "movie_id": "101096",
    "author": "wjsu****",
    "review": "더빙이 심각하다고 본다오",
    "rating": "1",
    "date": "15.07.28"
  },
  {
    "review_id": "10001936",
    "movie_id": "101096",
    "author": "wlfn****",
    "review": "대대대실망 성우는 성우에게 개그는 개그맨에게!!",
    "rating": "1",
    "date": "15.06.15"
  },
  {
    "review_id": "10000074",
    "movie_id": "101096",
    "author": "shj0****",
    "review": "이유없이 1점ㄷㄷㄷㄷ",
    "rating": "1",
    "date": "15.06.14"
  },
  {
    "review_id": "9993521",
    "movie_id": "101096",
    "author": "ksms****",
    "review": "프리버즈든 이거든 1점도 아깝다 X발 성우를 뭘로 보는거야....",
    "rating": "1",
    "date": "15.06.12"
  },
  {
    "review_id": "9939641",
    "movie_id": "101096",
    "author": "irur****",
    "review": "지금까지 개그맨하면 아무생각안들었는데 이거보면 핵극혐을 느낄 수있음 제발 이쪽업계사람들 교훈얻어서 개그맨쓰지 말고  전문성우들 써주길....관객을 얼마나 바보방구로 알았으면...",
    "rating": "1",
    "date": "15.05.22"
  },
  {
    "review_id": "9931320",
    "movie_id": "101096",
    "author": "ahz1****",
    "review": "이런 연예인 더빙작품은 청각장애인집단 애니플러스가 좋아합니다. 차라리 더빙법제화해서 자막 동시방영(그것 때문에 성우분들의 일자리를 잃게 만듬)이나 그리고 연예인더빙을 금지시켰으면 좋겠다고 생각됩니다.",
    "rating": "1",
    "date": "15.05.19"
  },
  {
    "review_id": "9902923",
    "movie_id": "101096",
    "author": "pooa****",
    "review": "별 1개가 아깝다. 제발 개그만 하세요.",
    "rating": "1",
    "date": "15.05.08"
  },
  {
    "review_id": "9861607",
    "movie_id": "101096",
    "author": "sms3****",
    "review": "이게 뭐야.. 쾌걸조로리 진짜 내가 어릴때부터 봤던거였는데 목소리 개걸걸해미친;; 극혐이다 그 인간들은 다된밥에재뿌려놓고 돈만받아가면장땡이지? 어휴 노답들이다 진짜",
    "rating": "1",
    "date": "15.04.24"
  },
  {
    "review_id": "9848552",
    "movie_id": "101096",
    "author": "alst****",
    "review": "무슨 마약하셨길래 이런생각을 했어요?",
    "rating": "1",
    "date": "15.04.16"
  },
  {
    "review_id": "9846967",
    "movie_id": "101096",
    "author": "kosk****",
    "review": "이런건 모 야매룽다!!!",
    "rating": "1",
    "date": "15.04.15"
  },
  {
    "review_id": "9822407",
    "movie_id": "101096",
    "author": "naru****",
    "review": "무슨생각으로...?",
    "rating": "1",
    "date": "15.04.02"
  },
  {
    "review_id": "9735398",
    "movie_id": "101096",
    "author": "wlsd****",
    "review": "에엨따~ 이게무슨 더빙이야!!",
    "rating": "1",
    "date": "15.02.24"
  },
  {
    "review_id": "9728536",
    "movie_id": "101096",
    "author": "try1****",
    "review": "ㅂㅂ 이런건 정말 너무하다.",
    "rating": "1",
    "date": "15.02.22"
  },
  {
    "review_id": "9691756",
    "movie_id": "101096",
    "author": "dlwn****",
    "review": "정말 추천 합니다 이건대작입니다 겨울왕국? 잣까라그래!이건  어린이나어른도 봐도되고 심지어 어르신들도 봐도됩니다그 이유는  제가 이 영화를 할아버지께 보여드렸더니할머니와지금까지도 뜨거운밤을 보내고 계십니다그리고  제가 봤을떄는  전교1등했습니다",
    "rating": "10",
    "date": "15.02.13"
  },
  {
    "review_id": "9683008",
    "movie_id": "101096",
    "author": "144x****",
    "review": "연예인 더빙 극혐!!!!",
    "rating": "1",
    "date": "15.02.09"
  },
  {
    "review_id": "9682111",
    "movie_id": "101096",
    "author": "gi98****",
    "review": "성우때문에 망함요..",
    "rating": "1",
    "date": "15.02.09"
  },
  {
    "review_id": "9677740",
    "movie_id": "101096",
    "author": "hise****",
    "review": "알바들아 평정 10점주지마라존나 불쌍해보인다ㅋ",
    "rating": "1",
    "date": "15.02.08"
  },
  {
    "review_id": "9650224",
    "movie_id": "101096",
    "author": "kwon****",
    "review": "심심해서봤는데 충격 그 자체다 더빙을 이렇게할수도있구나 하고 신기하기도하다. 근데 연예인더빙사라지는건 개인적으로 반대다. 꿀벌대소동인가?유재석씨더빙을 재밌게본기억이있어서 그런가보다",
    "rating": "1",
    "date": "15.01.30"
  },
  {
    "review_id": "9647470",
    "movie_id": "101096",
    "author": "9706****",
    "review": "개그맨더빙보단 전문성우의 더빙이 그립다. 개그맨이면 개그나 해라 와 더빙질이고",
    "rating": "1",
    "date": "15.01.29"
  },
  {
    "review_id": "9646205",
    "movie_id": "101096",
    "author": "numb****",
    "review": "이 영화는 망했다. 스토리도 엉망이지만 가장 큰 문제점은 더빙을 제대로 못한 것 같다.",
    "rating": "1",
    "date": "15.01.28"
  },
  {
    "review_id": "9641451",
    "movie_id": "101096",
    "author": "cjst****",
    "review": "조로리랑 아리우스 입만 뻥긋대고...목소리는 붕뜨고...케릭터랑 목소리 매칭이 전혀안되잖아...-_-",
    "rating": "1",
    "date": "15.01.27"
  },
  {
    "review_id": "9636077",
    "movie_id": "101096",
    "author": "whal****",
    "review": "0점 없나요? 신보라 박영진 니네 덕에 개콘은 안본지 오래됬다 우리나라개그맨의 정의가 뭐냐하면 풍자라는 껍데기를 씌운 비하를 개그소재로 쓴다는것이다ㅇㅋ?",
    "rating": "1",
    "date": "15.01.25"
  },
  {
    "review_id": "9590296",
    "movie_id": "101096",
    "author": "micc****",
    "review": "이거왜봐요 ㅋ열글자다",
    "rating": "1",
    "date": "15.01.13"
  },
  {
    "review_id": "9565585",
    "movie_id": "101096",
    "author": "sker****",
    "review": "예고편 봤었는데 내가 해도 이거보단 잘할듯",
    "rating": "1",
    "date": "15.01.05"
  },
  {
    "review_id": "9502199",
    "movie_id": "101096",
    "author": "hamj****",
    "review": "염치없는 피디넘이랑 개그맨 때문에 원래 가지고 있던 주인공자리 빼앗긴 김정은 성우님은 뭐가 되냐? 성우지망생으로서 앞으로 성우계에 이런 일만 계속 있을거라는 게 분통나고 두렵다...",
    "rating": "1",
    "date": "14.12.22"
  },
  {
    "review_id": "9464634",
    "movie_id": "101096",
    "author": "hans****",
    "review": "개그맨은 개콘에서 개그만 하셈.. 영화나 연기나 노래할생각할 시간에 개그짜겠음ㅡㅡㅋ",
    "rating": "1",
    "date": "14.12.11"
  },
  {
    "review_id": "9446626",
    "movie_id": "101096",
    "author": "last****",
    "review": "애니메이션 찾다가 들어왔는데.... 와.... 정태호는 어색함으로 따지면 50%지만 신보라는 100%네요. 와... 진짜 말이 안 나올 정도네요.",
    "rating": "1",
    "date": "14.12.04"
  },
  {
    "review_id": "9436950",
    "movie_id": "101096",
    "author": "gksc****",
    "review": "'용감한 녀석들'?? ㄴㄴ지들이 하면 로맨스 남이하면 불륜이라는 '졸렬한 녀석들'",
    "rating": "1",
    "date": "14.11.30"
  },
  {
    "review_id": "9412525",
    "movie_id": "101096",
    "author": "104a****",
    "review": "애니 더빙은 성우가 하라고 있는 거다",
    "rating": "1",
    "date": "14.11.22"
  },
  {
    "review_id": "9403501",
    "movie_id": "101096",
    "author": "joso****",
    "review": "왜 마이너스는 없는걸까 하다못해 다음처럼 0점이라도 만들어주세요ㅋㅋㅋㅋ",
    "rating": "1",
    "date": "14.11.20"
  },
  {
    "review_id": "9377319",
    "movie_id": "101096",
    "author": "cuna****",
    "review": "개극혐;;뭔생각으로 이런더빙을 한건지 모르겠음",
    "rating": "1",
    "date": "14.11.13"
  },
  {
    "review_id": "9333275",
    "movie_id": "101096",
    "author": "cvzx****",
    "review": "별 1점 주는것도 아깝다...",
    "rating": "1",
    "date": "14.11.01"
  },
  {
    "review_id": "9324914",
    "movie_id": "101096",
    "author": "suns****",
    "review": "OO 내가 살다살다 1점이 96%인 영화는 처음 보네 1점이 아깝군",
    "rating": "1",
    "date": "14.10.28"
  },
  {
    "review_id": "9299616",
    "movie_id": "101096",
    "author": "hea9****",
    "review": "연예인 더빙따위를 하는 사람들 돈을 이따위로 벌고 싶나? 연예인 더빙이나 하다니 정말 한심하다.",
    "rating": "1",
    "date": "14.10.18"
  },
  {
    "review_id": "9283598",
    "movie_id": "101096",
    "author": "teal****",
    "review": "성우계를 살리고 이딴 개그맨들은 없애버려라 ㅅㅂ",
    "rating": "1",
    "date": "14.10.11"
  },
  {
    "review_id": "9263555",
    "movie_id": "101096",
    "author": "wodn****",
    "review": "아니 어찌 이리어색하오",
    "rating": "1",
    "date": "14.10.04"
  },
  {
    "review_id": "9224499",
    "movie_id": "101096",
    "author": "susa****",
    "review": "연예인더빙 작작하라고ㅡㅡ아 욕나온다 진심..",
    "rating": "1",
    "date": "14.09.18"
  },
  {
    "review_id": "9222053",
    "movie_id": "101096",
    "author": "luca****",
    "review": "아직 0.27점 남았다..",
    "rating": "1",
    "date": "14.09.18"
  },
  {
    "review_id": "9145646",
    "movie_id": "101096",
    "author": "skdl****",
    "review": "더빙이 애1새끼 장난인 줄 아나... 언제까지 아마추어로 사업할래?",
    "rating": "1",
    "date": "14.08.30"
  },
  {
    "review_id": "9145046",
    "movie_id": "101096",
    "author": "onco****",
    "review": ".... 그냥 할말이없다",
    "rating": "1",
    "date": "14.08.30"
  },
  {
    "review_id": "9140677",
    "movie_id": "101096",
    "author": "tpdu****",
    "review": "클레멘타인을 뛰어넘는 엄청난 수작입니다 꼭 보십쇼 더빙으로 보십쇼 제 친구는 다리가 없는 장애인이였지만 더빙판으로 보고 다리가 자라났습니다",
    "rating": "10",
    "date": "14.08.28"
  },
  {
    "review_id": "9114295",
    "movie_id": "101096",
    "author": "dola****",
    "review": "와  0점 줄 수 있으면 주고 싶을 정도이다....더빙 꺼져라",
    "rating": "1",
    "date": "14.08.20"
  },
  {
    "review_id": "9075090",
    "movie_id": "101096",
    "author": "vngk****",
    "review": "더빙이 명화을 망쳐놨어",
    "rating": "1",
    "date": "14.08.13"
  },
  {
    "review_id": "9067241",
    "movie_id": "101096",
    "author": "kbm7****",
    "review": "예고편만 몇번을 봐도 이건 진짜....노답. 제발 전문성우 씁시다",
    "rating": "1",
    "date": "14.08.11"
  },
  {
    "review_id": "9045670",
    "movie_id": "101096",
    "author": "sure****",
    "review": "약은 약사에게 더빙은 성우에게!! 연예인 더빙은 이 세상에서 없어져야 한다",
    "rating": "1",
    "date": "14.08.07"
  },
  {
    "review_id": "8915991",
    "movie_id": "101096",
    "author": "tjwl****",
    "review": "연에인더빙 사실 쓰레기다",
    "rating": "1",
    "date": "14.07.14"
  },
  {
    "review_id": "8874089",
    "movie_id": "101096",
    "author": "thdw****",
    "review": "잘도 이런 미치광이 더빙을!!!",
    "rating": "1",
    "date": "14.07.01"
  },
  {
    "review_id": "8819571",
    "movie_id": "101096",
    "author": "yesu****",
    "review": "캐릭터목소리가 자동적으로 1점주게 만드네.미쳤냐 왜 개그맨쓰냐 제발성우써라 귀여운 캐릭터가 아저씨아줌마목소리 내서 깜놀",
    "rating": "1",
    "date": "14.06.10"
  },
  {
    "review_id": "8815700",
    "movie_id": "101096",
    "author": "dos0****",
    "review": "후....내 조로리 어디갔나요",
    "rating": "1",
    "date": "14.06.09"
  },
  {
    "review_id": "8814292",
    "movie_id": "101096",
    "author": "zaz5****",
    "review": "와 1점... 대단하다",
    "rating": "1",
    "date": "14.06.08"
  },
  {
    "review_id": "8794454",
    "movie_id": "101096",
    "author": "sky9****",
    "review": "낄때 안낄때 구분해라 혐그맨들아",
    "rating": "1",
    "date": "14.06.04"
  },
  {
    "review_id": "8781318",
    "movie_id": "101096",
    "author": "youn****",
    "review": "진심 연예인 성우 좀 쓰지마라;;  저게 뭐냐 저게;;;",
    "rating": "1",
    "date": "14.05.31"
  },
  {
    "review_id": "8764975",
    "movie_id": "101096",
    "author": "lij1****",
    "review": "kbs도 성우극회가 있을텐데 그걸 kbs 개그맨이 까네??",
    "rating": "1",
    "date": "14.05.25"
  },
  {
    "review_id": "8743662",
    "movie_id": "101096",
    "author": "wsh1****",
    "review": "너무하네 진짜 직업을뺏네",
    "rating": "1",
    "date": "14.05.18"
  },
  {
    "review_id": "8739357",
    "movie_id": "101096",
    "author": "hera****",
    "review": "연애인더빙은 전문 성우들이 혼내줬으면 좋겠네요",
    "rating": "4",
    "date": "14.05.17"
  },
  {
    "review_id": "8729241",
    "movie_id": "101096",
    "author": "qowl****",
    "review": "돈내고본사람은 환불좀",
    "rating": "1",
    "date": "14.05.14"
  },
  {
    "review_id": "8728832",
    "movie_id": "101096",
    "author": "tnch****",
    "review": "ㅋㅋㅋ평점만봐도 내용을알겟다",
    "rating": "1",
    "date": "14.05.13"
  },
  {
    "review_id": "8728791",
    "movie_id": "101096",
    "author": "wnsq****",
    "review": "아 그 좋은 성우들 다버리고 왜 연예인들이함?",
    "rating": "1",
    "date": "14.05.13"
  },
  {
    "review_id": "8728692",
    "movie_id": "101096",
    "author": "qltj****",
    "review": "어휴 졷나 재미없네 진짜 물론 안봣음",
    "rating": "1",
    "date": "14.05.13"
  },
  {
    "review_id": "8728420",
    "movie_id": "101096",
    "author": "kuru****",
    "review": "이거보느니 스타벅스 가서 5000원헌납도 나쁘진 않을듯",
    "rating": "1",
    "date": "14.05.13"
  },
  {
    "review_id": "8728054",
    "movie_id": "101096",
    "author": "qlrc****",
    "review": "아직 0.27점 남았다.",
    "rating": "1",
    "date": "14.05.13"
  },
  {
    "review_id": "8722813",
    "movie_id": "101096",
    "author": "deff****",
    "review": "더빙도 문제지만 정말 내용도 왜 이런거지 보는내내 한숨만 나오긴 오랜만이다",
    "rating": "1",
    "date": "14.05.11"
  },
  {
    "review_id": "8720339",
    "movie_id": "101096",
    "author": "wkdu****",
    "review": "신보라가더빙하는거같은데...참...못봐주겟...보는내가어색어색;;;",
    "rating": "1",
    "date": "14.05.10"
  },
  {
    "review_id": "8716366",
    "movie_id": "101096",
    "author": "cc56****",
    "review": "0점 을 줄수 없다는게 참 슬플뿐.",
    "rating": "1",
    "date": "14.05.08"
  },
  {
    "review_id": "8704321",
    "movie_id": "101096",
    "author": "pigg****",
    "review": "더빙도 잘 되었고 개인적으로는 겨울왕국보다 대작입니다.",
    "rating": "10",
    "date": "14.05.05"
  },
  {
    "review_id": "8695948",
    "movie_id": "101096",
    "author": "gkdn****",
    "review": "진짜 리얼로 이렇게 앞뒤가 맞지않은분은 처음보내요 {^오^}",
    "rating": "1",
    "date": "14.05.03"
  },
  {
    "review_id": "8690711",
    "movie_id": "101096",
    "author": "smuz****",
    "review": "예고편만 들어봐도 주연들보다 돼지 한마리가 훨씬 자연스럽네;;;;",
    "rating": "1",
    "date": "14.05.01"
  },
  {
    "review_id": "8682006",
    "movie_id": "101096",
    "author": "zptn****",
    "review": "성우잘못쓴경우레전드.avi",
    "rating": "1",
    "date": "14.04.29"
  },
  {
    "review_id": "8673504",
    "movie_id": "101096",
    "author": "pone****",
    "review": "0점을 줄수 없다는 것이 아쉬울 뿐이다.",
    "rating": "1",
    "date": "14.04.26"
  },
  {
    "review_id": "8666192",
    "movie_id": "101096",
    "author": "aiwj****",
    "review": "얘네들이 못나가는 애들도 아니고 잘 나가는 애들인데... 돈줄 걱정은 없을텐데 그럼 성우들 밥줄 뺏지 말고 자기꺼나 열심히 하자",
    "rating": "1",
    "date": "14.04.22"
  },
  {
    "review_id": "8662766",
    "movie_id": "101096",
    "author": "tjtj****",
    "review": "성우 있는데 연예인을 성우로 하지말자",
    "rating": "1",
    "date": "14.04.20"
  },
  {
    "review_id": "8662291",
    "movie_id": "101096",
    "author": "byex****",
    "review": "Sheep Threggy",
    "rating": "1",
    "date": "14.04.20"
  },
  {
    "review_id": "8652759",
    "movie_id": "101096",
    "author": "jjjj****",
    "review": "내가 중딩이라 돈이없어서 영화보러갈돈이없거든, 근데 이건 옛추억생각해서 꼭보자고 생각했어, 근데더빙이 개그맨이더라, 신보라 정태호목소리에 진짜 몰입이 전혀안됀다고생각했거든, 그냥 다운받아서봤어3분 보고 지웠다.",
    "rating": "1",
    "date": "14.04.15"
  },
  {
    "review_id": "8646054",
    "movie_id": "101096",
    "author": "gus1****",
    "review": "영화,영상 배우는 고등학생입니다.. 하도 평점이 낮아서 한번 봤습니다..영화가 장난인가요,,?  이건.. 참..",
    "rating": "1",
    "date": "14.04.12"
  },
  {
    "review_id": "8640303",
    "movie_id": "101096",
    "author": "seen****",
    "review": "본래 쓰던 성우는 어디다 두고 별 시덥잖은 것들을 데려와서 애꾿은 애니를 망치는지 이해할 수 없다. 이것도 더빙이라고 한거? 본래 있던 성우 내놔. 내가 더빙해도 이것보단 낫겠다. 적어도 캐릭터 분석은 하고 할테니까. 1점이 아까움.",
    "rating": "1",
    "date": "14.04.10"
  },
  {
    "review_id": "8639713",
    "movie_id": "101096",
    "author": "tbvj****",
    "review": "싸구려는 싫은데.... 치워!  ㅡ사이퍼즈ㅡ",
    "rating": "1",
    "date": "14.04.10"
  },
  {
    "review_id": "8638322",
    "movie_id": "101096",
    "author": "yaho****",
    "review": "낮길래 그냥 줘 봤어요ㅇㅋ",
    "rating": "1",
    "date": "14.04.09"
  },
  {
    "review_id": "8635778",
    "movie_id": "101096",
    "author": "sos0****",
    "review": "옛날생각나서 다운받았는대 2분보고 바로 지움 \"입과 말이 따로놀아서\"그런가??",
    "rating": "1",
    "date": "14.04.08"
  },
  {
    "review_id": "8622226",
    "movie_id": "101096",
    "author": "blue****",
    "review": "진짜 전문성우 씁시다;;",
    "rating": "1",
    "date": "14.04.01"
  },
  {
    "review_id": "8621639",
    "movie_id": "101096",
    "author": "yhy9****",
    "review": "ㅎ하ㅏㅎ하하하하ㅏ하ㅏ하 ㅆㄹㄱ",
    "rating": "1",
    "date": "14.04.01"
  },
  {
    "review_id": "8607047",
    "movie_id": "101096",
    "author": "tbvj****",
    "review": "더빙 캐안습.. 다음부터 절대 성우를 무시하지 마라",
    "rating": "1",
    "date": "14.03.26"
  },
  {
    "review_id": "8605065",
    "movie_id": "101096",
    "author": "sere****",
    "review": "여기가 멀쩡한 애니 발로 캐스팅하고 좃망한 곳인가요",
    "rating": "1",
    "date": "14.03.25"
  },
  {
    "review_id": "8592736",
    "movie_id": "101096",
    "author": "tolk****",
    "review": "정서리 명야기 피됴해!!",
    "rating": "1",
    "date": "14.03.21"
  },
  {
    "review_id": "8588295",
    "movie_id": "101096",
    "author": "ssw5****",
    "review": "더빙땜시 망함.더빙하는사람들 반성해라 겨울왕국 이따구로됬으면 망했다.더빙에 영화 흥행 걸려있다 더빙 쓰레기로 하지마라",
    "rating": "1",
    "date": "14.03.19"
  },
  {
    "review_id": "8585684",
    "movie_id": "101096",
    "author": "yhpd****",
    "review": "더빙사절 마이너스 주고싶다",
    "rating": "1",
    "date": "14.03.18"
  },
  {
    "review_id": "8573393",
    "movie_id": "101096",
    "author": "alsd****",
    "review": "진심으로 답이없다 입이랑 소리가 따로따로 노네",
    "rating": "1",
    "date": "14.03.13"
  },
  {
    "review_id": "8572333",
    "movie_id": "101096",
    "author": "zgmf****",
    "review": "잘도 이런 미치광이 캐스팅을!",
    "rating": "1",
    "date": "14.03.13"
  },
  {
    "review_id": "8569298",
    "movie_id": "101096",
    "author": "sam9****",
    "review": "별1개의 가치도 없다 pd는 왜 개그맨을 캐스팅 했을까?",
    "rating": "1",
    "date": "14.03.12"
  },
  {
    "review_id": "8566579",
    "movie_id": "101096",
    "author": "i971****",
    "review": "김정은 성우님은 진짜 이것만 생각해도 원통할듯..",
    "rating": "1",
    "date": "14.03.10"
  },
  {
    "review_id": "8565453",
    "movie_id": "101096",
    "author": "as69****",
    "review": "아정밓형욷랒루달너쥬핮",
    "rating": "1",
    "date": "14.03.09"
  },
  {
    "review_id": "8558940",
    "movie_id": "101096",
    "author": "qewi****",
    "review": "노진구시험지를본엄마의느낌",
    "rating": "1",
    "date": "14.03.06"
  },
  {
    "review_id": "8555370",
    "movie_id": "101096",
    "author": "lsa0****",
    "review": "목소리도 이상한데 쾌걸조로리때매 주는거임",
    "rating": "10",
    "date": "14.03.04"
  },
  {
    "review_id": "8544543",
    "movie_id": "101096",
    "author": "cnyk****",
    "review": "피도 눈물도 없는 용서못할 영화",
    "rating": "1",
    "date": "14.02.28"
  },
  {
    "review_id": "8537991",
    "movie_id": "101096",
    "author": "gksr****",
    "review": "답없네 동심도 깨지고 이런걸 더빙이라고 한건지참 원래성우분들로 다시 하면좋겟다",
    "rating": "1",
    "date": "14.02.26"
  },
  {
    "review_id": "8535688",
    "movie_id": "101096",
    "author": "yjle****",
    "review": "좋아 내가 큰맘먹고 아주 통쾌하게 준다 1점 너무 많이줬나?",
    "rating": "1",
    "date": "14.02.25"
  },
  {
    "review_id": "8529452",
    "movie_id": "101096",
    "author": "tmsg****",
    "review": "다시 더빙하시면 10점 드릴께요. 물론 악역이 주인공역이 되면 말이죠",
    "rating": "1",
    "date": "14.02.22"
  },
  {
    "review_id": "8529132",
    "movie_id": "101096",
    "author": "am26****",
    "review": "더빙이 니네들 장난질이냐? 아 화나네",
    "rating": "1",
    "date": "14.02.22"
  },
  {
    "review_id": "8525012",
    "movie_id": "101096",
    "author": "syeo****",
    "review": "무슨 마약하시길래 이딴 캐스팅을 했어요?",
    "rating": "1",
    "date": "14.02.21"
  },
  {
    "review_id": "8523913",
    "movie_id": "101096",
    "author": "zxzz****",
    "review": "진짜 이거는 우와 답이 없다고 밖에 말을 우와 진심으로 이야 그냥 답이없네요",
    "rating": "1",
    "date": "14.02.20"
  }
]