[
  {
    "review_id": "7328838",
    "movie_id": "101101",
    "author": "xorm****",
    "review": "잊을수 없는 명대사들이 즐비하드라",
    "rating": "1",
    "date": "13.03.07"
  },
  {
    "review_id": "7175865",
    "movie_id": "101101",
    "author": "sg45****",
    "review": "이건 공포의아마존거기서김병만쿵가개미",
    "rating": "10",
    "date": "13.01.26"
  },
  {
    "review_id": "7134889",
    "movie_id": "101101",
    "author": "doll****",
    "review": "이번 아마존 행은 너무 무섭네요. 일반인이라면 하루 견디기도 힘들 것 같은데, 20일 가까이를 견디느라 엄청 힘들었을 것 같아요. 그래도 무사히 다녀오셔서 다행이네요. 언제나 응원합니다. 화이팅!!!!!!!!!!",
    "rating": "10",
    "date": "13.01.20"
  },
  {
    "review_id": "7104645",
    "movie_id": "101101",
    "author": "1267****",
    "review": "이쁨,볼륨감이 있음, 키가큼,",
    "rating": "10",
    "date": "13.01.12"
  }
]