[
  {
    "review": "몇번을 봐도 질리지 않는 마법같은 영화",
    "date": "15.08.08",
    "rating": "10",
    "author": "byun****",
    "review_id": "10202681",
    "movie_id": "10115"
  },
  {
    "review": "제가 지금 고2지만 중3때 이 영화를 볼때 3명의 미녀들이 각자 개성이 있었고 성룡도 비밀기지에서 싸우는 액션씬이 재미 있었습니다 ㅋㅋㅋㅋ",
    "date": "15.08.02",
    "rating": "10",
    "author": "sdh5****",
    "review_id": "10177571",
    "movie_id": "10115"
  },
  {
    "review": "마지막 격투씬에서 안 웃은 사람 있으면 나와바라~특히 슈퍼맨~ 하는 부분 ㅋㅋ 재개봉엔 다 이유가 있는법이다 ㅋㅋ 꼭 봐라 어린이들 전부다^^  진짜 최고의 성룡영화다.정말육성으로터지면서웃을수있는영화 최고다!!^^",
    "date": "15.07.08",
    "rating": "10",
    "author": "yjh2****",
    "review_id": "10080882",
    "movie_id": "10115"
  },
  {
    "review": "ㅋㅋㅋ미친거아냐?진짜 성룡ㅋㅋㅋ개웃곀ㅋㅋ 아 이거 보고 안웃으면 진짜 사람이 아니다ㅋㅋㅋ 진짜 성룡표 완벽한 코믹액션임ㅋㅋㅋㅋ",
    "date": "15.06.19",
    "rating": "10",
    "author": "cowl****",
    "review_id": "10012714",
    "movie_id": "10115"
  },
  {
    "review": "홍콩판 인디아나 존스 90년도 영화라는게 믿기지 않을 정도로 완성도가 높음",
    "date": "15.06.17",
    "rating": "9",
    "author": "10c4****",
    "review_id": "10007131",
    "movie_id": "10115"
  },
  {
    "review": "또 재개봉할줄이야  대박이네  아 이걸 봐야 하나 말아야 하나 너무많이 봐서 ㅎㅎ",
    "date": "15.06.12",
    "rating": "10",
    "author": "apxk****",
    "review_id": "9994432",
    "movie_id": "10115"
  },
  {
    "review": "홍콩판 인디애나존스~ 에바코보 스페인 미스코리아 출신 그때는 성룡영화 많이 기다렸는데 ㅋㅋ",
    "date": "15.06.11",
    "rating": "9",
    "author": "joeu****",
    "review_id": "9989781",
    "movie_id": "10115"
  },
  {
    "review": "잼잇어요  지금  개봉해도 OOO않을정도로",
    "date": "15.06.11",
    "rating": "10",
    "author": "slal****",
    "review_id": "9989629",
    "movie_id": "10115"
  },
  {
    "review": "독일여자가 좀 빠가라서 재미가 많았던 작품인데 근데 비응계획인데 왜 비룡계획이라고 되어있지?네이버 알바가 한자를 못 읽나 본데....",
    "date": "15.06.09",
    "rating": "10",
    "author": "rbag****",
    "review_id": "9985742",
    "movie_id": "10115"
  },
  {
    "review": "1편보다 더 재밌는 2편!!",
    "date": "15.05.17",
    "rating": "10",
    "author": "mcjj****",
    "review_id": "9927203",
    "movie_id": "10115"
  },
  {
    "review": "성룡여자중 단연최고. 일본 여자 완전 이쁨",
    "date": "15.04.03",
    "rating": "10",
    "author": "irh7****",
    "review_id": "9823619",
    "movie_id": "10115"
  },
  {
    "review": "쾌찬차와 더불어 성룡 최고의 액션신을 보여주는 영화라 생각함",
    "date": "15.01.18",
    "rating": "10",
    "author": "hehe****",
    "review_id": "9609116",
    "movie_id": "10115"
  },
  {
    "review": "역시 성룡 소재도 스토리도 재미있고 유쾌했다.",
    "date": "14.12.28",
    "rating": "9",
    "author": "adiv****",
    "review_id": "9528929",
    "movie_id": "10115"
  },
  {
    "review": "너무많이봤어ㅠㅜ 기억을 지우고 다시보고싶은 영화",
    "date": "14.11.11",
    "rating": "10",
    "author": "rksk****",
    "review_id": "9370344",
    "movie_id": "10115"
  },
  {
    "review": "1편에는 살짝 못 미치지만  그래도 명작!",
    "date": "14.10.12",
    "rating": "10",
    "author": "fghy****",
    "review_id": "9287308",
    "movie_id": "10115"
  },
  {
    "review": "1탄에 비해 오락적 요소가 더욱 가미됨",
    "date": "14.07.02",
    "rating": "8",
    "author": "thra****",
    "review_id": "8876299",
    "movie_id": "10115"
  },
  {
    "review": "지금봐도 대단한 성룡영화.",
    "date": "14.06.19",
    "rating": "10",
    "author": "ckru****",
    "review_id": "8839974",
    "movie_id": "10115"
  },
  {
    "review": "영화보느라 시간가는줄 모르겠어요",
    "date": "14.06.15",
    "rating": "10",
    "author": "bran****",
    "review_id": "8832454",
    "movie_id": "10115"
  },
  {
    "review": "코믹면에선 프로젝트A시리즈와 사제출마와 함께 최고고 인디아나존스보다 더 대단하고 훌륭하다~  성룡, 당신은 최고입니다~!!!",
    "date": "14.06.06",
    "rating": "10",
    "author": "whia****",
    "review_id": "8803837",
    "movie_id": "10115"
  },
  {
    "review": "성룡영화중 최고의영화",
    "date": "14.05.30",
    "rating": "10",
    "author": "josd****",
    "review_id": "8776846",
    "movie_id": "10115"
  },
  {
    "review": "꿀잼 매우재밌다...",
    "date": "14.02.15",
    "rating": "10",
    "author": "king****",
    "review_id": "8510071",
    "movie_id": "10115"
  },
  {
    "review": "성룡 액션표 액션 최고ㅋ",
    "date": "13.12.11",
    "rating": "10",
    "author": "knub****",
    "review_id": "8205273",
    "movie_id": "10115"
  },
  {
    "review": "이만한 코믹 액션 영화가 있을까?",
    "date": "13.10.09",
    "rating": "9",
    "author": "mone****",
    "review_id": "8047207",
    "movie_id": "10115"
  },
  {
    "review": "놓칠수 없는 영화죠 굿!",
    "date": "13.07.14",
    "rating": "10",
    "author": "shai****",
    "review_id": "7742062",
    "movie_id": "10115"
  },
  {
    "review": "성룡 영화 중 가장 재미있게 본 작품!",
    "date": "13.06.14",
    "rating": "10",
    "author": "maxf****",
    "review_id": "7639522",
    "movie_id": "10115"
  },
  {
    "review": "최고!",
    "date": "13.04.24",
    "rating": "10",
    "author": "fyah****",
    "review_id": "7478980",
    "movie_id": "10115"
  },
  {
    "review": "무슨말이 필요할까요 제 생애 최고의 영화입니다.",
    "date": "13.03.22",
    "rating": "10",
    "author": "skch****",
    "review_id": "7397401",
    "movie_id": "10115"
  },
  {
    "review": "성룡 최고의 영화!!!!",
    "date": "13.03.19",
    "rating": "10",
    "author": "grea****",
    "review_id": "7365779",
    "movie_id": "10115"
  },
  {
    "review": "중딩때 이거 보고 중간쯤에 여자 가운벗기는 장면보고 딸친게 엊그제같은데 이게 벌써 23년전영화라니.. 와.. 내가 봤을때도 옛날영화긴했었지만.. 암튼 와.. 티비에서 볼땐 누나랑 \"저거 안에 속옷 입었어..\" 했었는데 나중에 비디오로 보니깐 다벗었더랔",
    "date": "13.03.19",
    "rating": "10",
    "author": "remi****",
    "review_id": "7365755",
    "movie_id": "10115"
  },
  {
    "review": "따라다니던 여성 셋이 죄다 미인에 각자 매력이 달라서 더 즐거웠던 작품. ㅋㅋ",
    "date": "13.03.19",
    "rating": "10",
    "author": "kyje****",
    "review_id": "7363798",
    "movie_id": "10115"
  },
  {
    "review": "최고다진짜 ㅋㅋㅋㅋㅋㅋㅋㅋㅋ성룡액션답게 액션도쩔고 진짜 웃김 ㅋㅋㅋ성룡식 액션영환줄알앗는데 은근  섹드립이많아서 웃기기도 진짜 대박ㅋㅋㅋㅋㅋㅋㅋ",
    "date": "13.03.16",
    "rating": "10",
    "author": "hkp1****",
    "review_id": "7351335",
    "movie_id": "10115"
  },
  {
    "review": "1은 좀 지루했는데 2는 쏠쏠한 재미가 있네 ㅋㅋ",
    "date": "13.03.15",
    "rating": "10",
    "author": "mftr****",
    "review_id": "7348168",
    "movie_id": "10115"
  },
  {
    "review": "최고의 성룡영화 ㅋㅋㅋ성룡짱",
    "date": "13.03.07",
    "rating": "10",
    "author": "jack****",
    "review_id": "7329209",
    "movie_id": "10115"
  },
  {
    "review": "레전드",
    "date": "13.03.06",
    "rating": "10",
    "author": "sanh****",
    "review_id": "7327514",
    "movie_id": "10115"
  },
  {
    "review": "1보다 오히려 2가 더 갑이제 ㅋㅋ",
    "date": "13.03.04",
    "rating": "10",
    "author": "ssaa****",
    "review_id": "7324973",
    "movie_id": "10115"
  },
  {
    "review": "그 누구도 성룡을 대신 할 수 없다!",
    "date": "13.03.04",
    "rating": "10",
    "author": "clim****",
    "review_id": "7323786",
    "movie_id": "10115"
  },
  {
    "review": "대형선풍기에서 슈퍼맨 결투는 아직도 잊혀지지 않는다 ㅋㅋㅋㅋㅋㅋㅋ잘 만든속편 영화 중 하나",
    "date": "13.03.04",
    "rating": "10",
    "author": "zho9****",
    "review_id": "7323187",
    "movie_id": "10115"
  },
  {
    "review": "재밌음.",
    "date": "13.03.01",
    "rating": "10",
    "author": "ches****",
    "review_id": "7315052",
    "movie_id": "10115"
  },
  {
    "review": "꼬맹이시절 나의 일부분이였던 영화!!",
    "date": "13.03.01",
    "rating": "10",
    "author": "newk****",
    "review_id": "7314047",
    "movie_id": "10115"
  },
  {
    "review": "완전 재밌다.수퍼맨!하면서 날아가는것도 재밌다",
    "date": "13.03.01",
    "rating": "10",
    "author": "buti****",
    "review_id": "7313176",
    "movie_id": "10115"
  },
  {
    "review": "전작보다 나은 후편성룡 액션의 정점이다",
    "date": "13.03.01",
    "rating": "9",
    "author": "krgi****",
    "review_id": "7312872",
    "movie_id": "10115"
  },
  {
    "review": "거대 풍선 속 조빙하는 성룡의 이미지는 시간이 흘러도 여전히 아련하다",
    "date": "13.02.27",
    "rating": "9",
    "author": "kos4****",
    "review_id": "7306672",
    "movie_id": "10115"
  },
  {
    "review": "성룡을 알려준 영화",
    "date": "13.02.18",
    "rating": "10",
    "author": "wwww****",
    "review_id": "7278945",
    "movie_id": "10115"
  },
  {
    "review": "시리즈중 가장 최고~",
    "date": "13.01.09",
    "rating": "10",
    "author": "k2l2****",
    "review_id": "7094134",
    "movie_id": "10115"
  },
  {
    "review": "1보다 더 재밌음~~",
    "date": "12.12.26",
    "rating": "10",
    "author": "ongn****",
    "review_id": "7049471",
    "movie_id": "10115"
  },
  {
    "review": "fantastic~!",
    "date": "12.11.29",
    "rating": "10",
    "author": "chla****",
    "review_id": "6935538",
    "movie_id": "10115"
  },
  {
    "review": "진짜 목숨을 걸고 연기를 하는거 같다. 언제 봐도 대단한 성룡...",
    "date": "12.11.11",
    "rating": "10",
    "author": "leew****",
    "review_id": "6878354",
    "movie_id": "10115"
  },
  {
    "review": "자동차로 마샬아츠를 하는 경지. 황당할 정도로 멋지다.",
    "date": "12.10.20",
    "rating": "7",
    "author": "cube****",
    "review_id": "6815219",
    "movie_id": "10115"
  },
  {
    "review": "진짜 완벽한 성룡표 영화. 완벽하다.",
    "date": "12.08.25",
    "rating": "10",
    "author": "4529****",
    "review_id": "6643167",
    "movie_id": "10115"
  },
  {
    "review": "말이 필요없음. 명절마다 보고 또 봐도 재밌었음. 성룡의 진수.",
    "date": "12.06.07",
    "rating": "10",
    "author": "foxa****",
    "review_id": "6373482",
    "movie_id": "10115"
  },
  {
    "review": "너무봐서 스토리.대화내용까지외운... 앞으로 나올 용형호제3!! 기대 대박!!!",
    "date": "12.05.21",
    "rating": "10",
    "author": "tlsw****",
    "review_id": "6317618",
    "movie_id": "10115"
  },
  {
    "review": "1보다 2가 더 좋은거 같네..더 웃김..ㅋㅋ",
    "date": "12.04.28",
    "rating": "8",
    "author": "do11****",
    "review_id": "6251421",
    "movie_id": "10115"
  },
  {
    "review": "성룡영화중 최고가 아닐까?",
    "date": "12.04.24",
    "rating": "10",
    "author": "jtbl****",
    "review_id": "6243870",
    "movie_id": "10115"
  },
  {
    "review": "넘 웃어서 배꼽빠짐 http://ilovebeijing.co.kr 에 풀버전 올렸어요",
    "date": "12.04.19",
    "rating": "10",
    "author": "wx05****",
    "review_id": "6231926",
    "movie_id": "10115"
  },
  {
    "review": "수십번을 봐도 재밌는 영화",
    "date": "12.04.12",
    "rating": "10",
    "author": "hihi****",
    "review_id": "6211689",
    "movie_id": "10115"
  },
  {
    "review": "그만의 액션이 숨쉰다..",
    "date": "12.01.20",
    "rating": "10",
    "author": "hana****",
    "review_id": "6003921",
    "movie_id": "10115"
  },
  {
    "review": "말이 필요없는 90년데 최고의 홍콩영화",
    "date": "11.12.29",
    "rating": "10",
    "author": "auro****",
    "review_id": "5944749",
    "movie_id": "10115"
  },
  {
    "review": "아기자기하고 코믹한 성룡식 인디아나존스ㅎ",
    "date": "11.12.23",
    "rating": "8",
    "author": "este****",
    "review_id": "5925624",
    "movie_id": "10115"
  },
  {
    "review": "20년도 더 된 영화지만 깔끔하고 좋다. 에바 코보 참 매력적이다!",
    "date": "11.08.18",
    "rating": "8",
    "author": "iove****",
    "review_id": "5664808",
    "movie_id": "10115"
  },
  {
    "review": "진짜 인디아나 존스는 이래야 된다는 것을 성룡이 해리슨 포드에게 가르쳐주는 듯함",
    "date": "11.08.06",
    "rating": "10",
    "author": "soni****",
    "review_id": "5608554",
    "movie_id": "10115"
  },
  {
    "review": "사막가기전 추격신과 돌진하는 자동차를 종이한장차이로 피하는 성룡의 모습이 멋지다",
    "date": "11.08.03",
    "rating": "8",
    "author": "cruf****",
    "review_id": "5595908",
    "movie_id": "10115"
  },
  {
    "review": "성룡의 코믹액션이 잘드러난 대표적인 영화, 정말 배꼽잡는다",
    "date": "11.06.12",
    "rating": "10",
    "author": "rnrd****",
    "review_id": "5478610",
    "movie_id": "10115"
  },
  {
    "review": "코믹과 액션이 잘 버무려진 알찬 영화~",
    "date": "11.05.14",
    "rating": "10",
    "author": "julr****",
    "review_id": "5426502",
    "movie_id": "10115"
  },
  {
    "review": "태어나서 이 영화를 본게 자랑스럽다",
    "date": "11.05.07",
    "rating": "10",
    "author": "ycjw****",
    "review_id": "5412425",
    "movie_id": "10115"
  },
  {
    "review": "완전굿~!",
    "date": "11.04.22",
    "rating": "10",
    "author": "yang****",
    "review_id": "5387312",
    "movie_id": "10115"
  },
  {
    "review": "밑에 원표 홍금보는 여기 안나옴 .... 재미와 액션 최강",
    "date": "11.04.04",
    "rating": "10",
    "author": "drag****",
    "review_id": "5352885",
    "movie_id": "10115"
  },
  {
    "review": "좀처럼 잊혀지지가 않는 성룡의 걸작품",
    "date": "11.03.10",
    "rating": "10",
    "author": "hsfa****",
    "review_id": "5302662",
    "movie_id": "10115"
  },
  {
    "review": "전편으로부터 완전 활골탈태한 성룡형 액션 어드벤처 영화",
    "date": "11.01.15",
    "rating": "10",
    "author": "laks****",
    "review_id": "5160041",
    "movie_id": "10115"
  },
  {
    "review": "어렸을때 가장 잼있게 본 영화.. 그립다...ㅎ",
    "date": "10.11.02",
    "rating": "10",
    "author": "tamt****",
    "review_id": "4934398",
    "movie_id": "10115"
  },
  {
    "review": "정말 재미있다 ㅋㅋㅋㅋㅋㅋㅋㅋㅋ",
    "date": "10.09.11",
    "rating": "10",
    "author": "psa2****",
    "review_id": "4829538",
    "movie_id": "10115"
  },
  {
    "review": "진짜 장난아님.. 성룡영화 거의 다 봤는데 정말 다섯손가락 안에 꼽히는 작품.",
    "date": "10.07.20",
    "rating": "10",
    "author": "lso1****",
    "review_id": "4655640",
    "movie_id": "10115"
  },
  {
    "review": "마지막에 허전한감이잇엇지만 그래도 재밋다",
    "date": "10.07.12",
    "rating": "10",
    "author": "powi****",
    "review_id": "4631943",
    "movie_id": "10115"
  },
  {
    "review": "ㅋㅋㅋㅋㅋㅋㅋㅋㅋㅋㅋㅋㅋㅋㅋㅋㅋㅋㅋㅋㅋㅋㅋㅋㅋㅋㅋ잊을수없는영화다 정말 ㅋ",
    "date": "10.06.17",
    "rating": "10",
    "author": "memo****",
    "review_id": "4570510",
    "movie_id": "10115"
  },
  {
    "review": "야마카시의 원조 성룡~",
    "date": "10.06.11",
    "rating": "10",
    "author": "iphe****",
    "review_id": "4557776",
    "movie_id": "10115"
  },
  {
    "review": "놀라운 스턴트와 탁월한 유머감각! 성룡영화의 최고봉.",
    "date": "10.04.16",
    "rating": "10",
    "author": "reco****",
    "review_id": "4435373",
    "movie_id": "10115"
  },
  {
    "review": "이것이 바로 성룡영화다!!!",
    "date": "10.03.17",
    "rating": "10",
    "author": "rosn****",
    "review_id": "4363305",
    "movie_id": "10115"
  },
  {
    "review": "최고의 액션을 인디아나 존스에 붙인것 같다 ㅋ 그외에도 최고최고",
    "date": "10.03.14",
    "rating": "10",
    "author": "wk00****",
    "review_id": "4355542",
    "movie_id": "10115"
  },
  {
    "review": "레전드",
    "date": "10.03.04",
    "rating": "10",
    "author": "myho****",
    "review_id": "4333671",
    "movie_id": "10115"
  },
  {
    "review": "성룡의 보는사람을 아찔하게만드는 리얼액션은 정말..",
    "date": "10.02.25",
    "rating": "10",
    "author": "sshh****",
    "review_id": "4316792",
    "movie_id": "10115"
  },
  {
    "review": "와 이거 개쩜",
    "date": "10.02.08",
    "rating": "10",
    "author": "asd6****",
    "review_id": "4258935",
    "movie_id": "10115"
  },
  {
    "review": "성룡영화중 최고. 1 편보다 훨씬 재밌다.",
    "date": "10.01.30",
    "rating": "10",
    "author": "psyc****",
    "review_id": "4223593",
    "movie_id": "10115"
  },
  {
    "review": "너무 높다",
    "date": "10.01.18",
    "rating": "1",
    "author": "shuo****",
    "review_id": "4181911",
    "movie_id": "10115"
  },
  {
    "review": "완전재밌어요 !! ㅋㅋ",
    "date": "10.01.15",
    "rating": "10",
    "author": "pres****",
    "review_id": "4174143",
    "movie_id": "10115"
  },
  {
    "review": "성룡영화중 최악 .. 차라리 러시아워가 훨씬 나음",
    "date": "10.01.13",
    "rating": "1",
    "author": "m_ui****",
    "review_id": "4165027",
    "movie_id": "10115"
  },
  {
    "review": "성룡 홍금보 원표가 아까움 솔까",
    "date": "10.01.13",
    "rating": "1",
    "author": "keyb****",
    "review_id": "4165025",
    "movie_id": "10115"
  },
  {
    "review": "성룡영화의 걸작중 걸작",
    "date": "10.01.06",
    "rating": "10",
    "author": "tomk****",
    "review_id": "4139546",
    "movie_id": "10115"
  },
  {
    "review": "성룡 최고의 걸작 중 하나.인디아나 존스 부럽지 않은 재키의 활약!",
    "date": "10.01.05",
    "rating": "10",
    "author": "hjy6****",
    "review_id": "4136856",
    "movie_id": "10115"
  },
  {
    "review": "그의 영화중 BEST5에 들어갈 영화",
    "date": "09.11.05",
    "rating": "10",
    "author": "lang****",
    "review_id": "3938707",
    "movie_id": "10115"
  },
  {
    "review": "완젼웃겨 ㅠㅠ ㅋㅋㅋㅋㅋㅋㅋㅋㅋㅋㅋㅋㅋㅋㅋㅋㅋㅋㅋㅋㅋㅋㅋㅋㅋ",
    "date": "09.10.26",
    "rating": "10",
    "author": "allr****",
    "review_id": "3917746",
    "movie_id": "10115"
  },
  {
    "review": "성룡 그 이름만으로 대박. 개인적으로 용형호제1,2는 성룡영화중 best of best",
    "date": "09.10.07",
    "rating": "10",
    "author": "kwan****",
    "review_id": "3878011",
    "movie_id": "10115"
  },
  {
    "review": "용형호제 1,2 는 성룡영화 최대의 걸작이었지, 그는 여전히 전설이다",
    "date": "09.10.02",
    "rating": "10",
    "author": "truo****",
    "review_id": "3866069",
    "movie_id": "10115"
  },
  {
    "review": "3명의 재키걸이라는 발상이 최고! 사막에서의 씬은 정말 시원하게 웃었다.",
    "date": "09.10.01",
    "rating": "10",
    "author": "ard2****",
    "review_id": "3864082",
    "movie_id": "10115"
  },
  {
    "review": "황금 구경 신나게 잘했다. 스토리와 액션 모두 탄탄하다.",
    "date": "09.09.19",
    "rating": "10",
    "author": "skss****",
    "review_id": "3839254",
    "movie_id": "10115"
  },
  {
    "review": "성룡의 대표작 중 하나. 기막힌 소재와 흥미있는 장면, 그리고 미녀들...ㄷㄷㄷ",
    "date": "09.09.09",
    "rating": "10",
    "author": "deka****",
    "review_id": "3820561",
    "movie_id": "10115"
  },
  {
    "review": "어릴때 부터 많이 봐왔지만 아직까지 재밋다.",
    "date": "09.09.03",
    "rating": "10",
    "author": "wnpq****",
    "review_id": "3809069",
    "movie_id": "10115"
  },
  {
    "review": "이거진짜재밌음ㅋㅋㅋㅋㅋㅋㅋㅋㅋㅋㅋㅋㅋㅋㅋㅋㅋㅋ",
    "date": "09.08.31",
    "rating": "10",
    "author": "newc****",
    "review_id": "3800723",
    "movie_id": "10115"
  },
  {
    "review": "홍콩판 인디아나존스!",
    "date": "09.08.06",
    "rating": "10",
    "author": "mcqu****",
    "review_id": "3715729",
    "movie_id": "10115"
  },
  {
    "review": "성룡영화는 전부 명작 ㅠㅠ",
    "date": "09.08.01",
    "rating": "10",
    "author": "kink****",
    "review_id": "3691200",
    "movie_id": "10115"
  },
  {
    "review": "그냥뭐대박이지",
    "date": "09.08.01",
    "rating": "10",
    "author": "see3****",
    "review_id": "3691184",
    "movie_id": "10115"
  },
  {
    "review": "성룡의 레전드영화중 한편",
    "date": "09.06.30",
    "rating": "10",
    "author": "seab****",
    "review_id": "3601851",
    "movie_id": "10115"
  }
]