[
  {
    "review": "전작을 생각하지않고보면 상당히 괜찮은 영화이다.",
    "date": "15.08.14",
    "rating": "10",
    "author": "clou****",
    "review_id": "10226394",
    "movie_id": "10112"
  },
  {
    "review": "나도 좋은 평가 못 하겠음. 서극이 제작한 영화는 성공, 감독한 영화는 망한다는 소리가 한번 다시 입증됐던 영화.",
    "date": "15.08.09",
    "rating": "4",
    "author": "bing****",
    "review_id": "10209462",
    "movie_id": "10112"
  },
  {
    "review": "영웅본색의 조연인 마크를 주인공으로한 프리퀼. 영화자체는 봐도그만, 안봐도 그만.",
    "date": "15.08.04",
    "rating": "4",
    "author": "oris****",
    "review_id": "10184544",
    "movie_id": "10112"
  },
  {
    "review": "오우삼의 1,2보다 부족하다.",
    "date": "15.07.20",
    "rating": "7",
    "author": "taeh****",
    "review_id": "10122494",
    "movie_id": "10112"
  },
  {
    "review": "영웅본색이란 이름을 망친작품",
    "date": "15.06.21",
    "rating": "4",
    "author": "adiv****",
    "review_id": "10017773",
    "movie_id": "10112"
  },
  {
    "review": "영웅본색3가 아닌 다름 제목으로 나왔더라면  평점이 이따구가 되지는 않았을텐데...하지만 나도 제목에 낚였으므로  7점준다",
    "date": "15.05.21",
    "rating": "7",
    "author": "hats****",
    "review_id": "9936815",
    "movie_id": "10112"
  },
  {
    "review": "독립적으로 만들었어도 좋은 영화",
    "date": "15.05.17",
    "rating": "8",
    "author": "krit****",
    "review_id": "9925071",
    "movie_id": "10112"
  },
  {
    "review": "아주어린 나이에 극장에서 보았습니다  내용은 사실 뚜렷하게 기억은 나지 않습니다. 하지만 마지막 후반부 헬기에 겨우탄 주윤발과 일행 그리고 죽어가는 매염방을 쳐다보며 슬퍼하는 주윤발이 기억에 아직도 남네요. 그리고 흘러나오는 석양지가도",
    "date": "15.04.11",
    "rating": "8",
    "author": "drea****",
    "review_id": "9839058",
    "movie_id": "10112"
  },
  {
    "review": "윤발에 형님 영화는 눈으로 보는게 아니라 마음으로 보는것이다!!",
    "date": "15.04.07",
    "rating": "10",
    "author": "ske4****",
    "review_id": "9832863",
    "movie_id": "10112"
  },
  {
    "review": "그냥 외전이라고 말하고 나오지, 왜 영웅본색이란 이름을 달고나와서...",
    "date": "15.03.15",
    "rating": "1",
    "author": "whdi****",
    "review_id": "9785759",
    "movie_id": "10112"
  },
  {
    "review": "나왔는줄도 몰랐네...",
    "date": "15.03.06",
    "rating": "1",
    "author": "tkfl****",
    "review_id": "9760841",
    "movie_id": "10112"
  },
  {
    "review": "이건 아니지.. 3는 ㅠㅠ",
    "date": "15.02.02",
    "rating": "5",
    "author": "tour****",
    "review_id": "9661099",
    "movie_id": "10112"
  },
  {
    "review": "1,2 기대하고 봤다간 큰 실망... 차라리 제목을딴걸루 하지",
    "date": "15.01.01",
    "rating": "1",
    "author": "gori****",
    "review_id": "9548059",
    "movie_id": "10112"
  },
  {
    "review": "영웅본색 1,2 처럼 화끈하고 남자의 의리를 자극하는 내용은 없지만 내용자체도 훌륭하고 특히 마지막의 헬기장면은 잊지 못할꺼 같다. 제목때문에 전작과 색안경 끼지 말자",
    "date": "14.09.17",
    "rating": "8",
    "author": "do11****",
    "review_id": "9221474",
    "movie_id": "10112"
  },
  {
    "review": "오우삼의 총격전에 비해 서극은 작품성과 완성도에 치중하는 감독이란 걸 보여준 영화, 영웅본색 시리즈가 아닌 독립된 제목이었다면 높은 평점을 받았을 것이다",
    "date": "14.05.23",
    "rating": "9",
    "author": "trut****",
    "review_id": "8755974",
    "movie_id": "10112"
  },
  {
    "review": "매누님 덕에 10점준다.",
    "date": "14.04.12",
    "rating": "10",
    "author": "shep****",
    "review_id": "8644887",
    "movie_id": "10112"
  },
  {
    "review": "영웅본색 망작. 볼 마음조차생기지않을정도로..영웅본색은 딱 2까지만 만들었어야하는건데",
    "date": "14.02.02",
    "rating": "1",
    "author": "bbo0****",
    "review_id": "8465085",
    "movie_id": "10112"
  },
  {
    "review": "영화자체는 꽤나수작이었다 왜5점대..",
    "date": "14.01.20",
    "rating": "10",
    "author": "supe****",
    "review_id": "8402750",
    "movie_id": "10112"
  },
  {
    "review": "차라리 제몫을 바꾸지 이건 뭐...",
    "date": "14.01.13",
    "rating": "4",
    "author": "xx41****",
    "review_id": "8379592",
    "movie_id": "10112"
  },
  {
    "review": "왜 영웅본색인지 왜 주윤발인지",
    "date": "13.07.13",
    "rating": "3",
    "author": "c18s****",
    "review_id": "7733844",
    "movie_id": "10112"
  },
  {
    "review": "왜 그곳에 있어야 하는가에 대한 몰이해.",
    "date": "13.07.12",
    "rating": "5",
    "author": "rygh****",
    "review_id": "7729383",
    "movie_id": "10112"
  },
  {
    "review": "전작과 많이 다르지만 충분히 이 영화만에 매력이 있다.",
    "date": "13.06.02",
    "rating": "8",
    "author": "kimg****",
    "review_id": "7573555",
    "movie_id": "10112"
  },
  {
    "review": "심히 저평가 되는 영화인듯 가장 큰 이유는 제목 때문일까",
    "date": "13.06.02",
    "rating": "7",
    "author": "thec****",
    "review_id": "7570898",
    "movie_id": "10112"
  },
  {
    "review": "ㅠㅠ",
    "date": "13.04.07",
    "rating": "10",
    "author": "okba****",
    "review_id": "7440284",
    "movie_id": "10112"
  },
  {
    "review": "매염방 때문에, 석양지가 때문에 10점",
    "date": "13.03.04",
    "rating": "10",
    "author": "doro****",
    "review_id": "7324160",
    "movie_id": "10112"
  },
  {
    "review": "매염방 때문에 8점",
    "date": "13.03.01",
    "rating": "8",
    "author": "ksbc****",
    "review_id": "7313687",
    "movie_id": "10112"
  },
  {
    "review": "영웅본색3 이란 이름을 왜 달았는지 모르겠다.. 주윤발의 오토바이 타고 땅크 부수는 씬은 멋졌고 매염방은 안이뻣다",
    "date": "13.02.23",
    "rating": "3",
    "author": "danz****",
    "review_id": "7292642",
    "movie_id": "10112"
  },
  {
    "review": "글쎄... 서극감독의 의도를 아직까지 이해하지 못하겠다... 1,2편의 흐름을 어떻게 이렇게 싹둑...ㅠㅜ",
    "date": "12.12.06",
    "rating": "7",
    "author": "spar****",
    "review_id": "6977713",
    "movie_id": "10112"
  },
  {
    "review": "프리퀄로 이정도면 괜찮은거지 ..-_-;;",
    "date": "12.10.17",
    "rating": "8",
    "author": "ibli****",
    "review_id": "6808565",
    "movie_id": "10112"
  },
  {
    "review": "1,2는 다 봤지만 3는 한동안 보지 않았다. 앞선 작품들과 별반다를게 없는 복제수준일 것이라는 선입견 때문에.. 그런데 왠걸?! 시리즈중 가장 나았다. 판에박힌 복수극이지만 사랑과 로망을 잘 섞어놓은 전작과는 또다른 느낌 영웅본색3 !",
    "date": "12.07.30",
    "rating": "8",
    "author": "high****",
    "review_id": "6556756",
    "movie_id": "10112"
  },
  {
    "review": "박찬욱감독님이 열광적으로 좋아한3번째영화에다 잘도1점을 주고다니는군.제정신챙겨",
    "date": "12.05.04",
    "rating": "10",
    "author": "baks****",
    "review_id": "6269248",
    "movie_id": "10112"
  },
  {
    "review": "생각이 없으니 영화가 지루하겠지 진짜 공감 역사적배경을 조금이라고 알고 보세요.",
    "date": "12.04.07",
    "rating": "10",
    "author": "gyeo****",
    "review_id": "6199475",
    "movie_id": "10112"
  },
  {
    "review": "생각이없으니 이영화가 자루하겟지",
    "date": "12.03.20",
    "rating": "10",
    "author": "pmp2****",
    "review_id": "6156259",
    "movie_id": "10112"
  },
  {
    "review": "이영화의 깊이를 모르면서 함부로 이영화를 모독하지마라..",
    "date": "12.01.29",
    "rating": "10",
    "author": "dakh****",
    "review_id": "6033922",
    "movie_id": "10112"
  },
  {
    "review": "전편과는 별개로 봐야될 영화... 그래도 괜찮은편..",
    "date": "11.10.27",
    "rating": "9",
    "author": "vikt****",
    "review_id": "5812267",
    "movie_id": "10112"
  },
  {
    "review": "적룡과 장국영과 오우삼이 해야했었다. 서극은 영화망치려고 제작한듯",
    "date": "11.08.22",
    "rating": "5",
    "author": "ykm4****",
    "review_id": "5679957",
    "movie_id": "10112"
  },
  {
    "review": "서선생. 뭐하시는가?",
    "date": "11.07.15",
    "rating": "1",
    "author": "pria****",
    "review_id": "5545012",
    "movie_id": "10112"
  },
  {
    "review": "전편들의 명성을 이어가긴 좀...",
    "date": "11.05.07",
    "rating": "6",
    "author": "mais****",
    "review_id": "5411743",
    "movie_id": "10112"
  },
  {
    "review": "영웅본색1,2편보다는 이야기 전개가 지루하게 느껴졌음.",
    "date": "11.05.06",
    "rating": "8",
    "author": "dawn****",
    "review_id": "5410638",
    "movie_id": "10112"
  },
  {
    "review": "전편들과 다른 스타일이어서 그렇지 이렇게 욕먹을 영화가 아니다. 상당한 수작",
    "date": "11.04.20",
    "rating": "9",
    "author": "haha****",
    "review_id": "5383805",
    "movie_id": "10112"
  },
  {
    "review": "나와서도 안됐고 봐서도 안됐다",
    "date": "11.03.01",
    "rating": "4",
    "author": "ichi****",
    "review_id": "5287235",
    "movie_id": "10112"
  },
  {
    "review": "영웅본색은1,2편만이다.... 3편은 제목만차용한완전별개!!!!",
    "date": "11.02.04",
    "rating": "1",
    "author": "seal****",
    "review_id": "5212492",
    "movie_id": "10112"
  },
  {
    "review": "오우삼은 첩혈가두로 서극은 영웅본색3로..같은소재로 서로 다투었던 영화",
    "date": "11.01.18",
    "rating": "6",
    "author": "thra****",
    "review_id": "5167020",
    "movie_id": "10112"
  },
  {
    "review": "오우삼과 싸우고 서극이 분풀이용으로 영화 망치고자 만든 쓰레기. 차라리 첩혈가두를",
    "date": "10.09.17",
    "rating": "1",
    "author": "deer****",
    "review_id": "4841188",
    "movie_id": "10112"
  },
  {
    "review": "밑에 분 말데로 1,2편만 꼭보시길...정말 최악",
    "date": "10.09.14",
    "rating": "1",
    "author": "kk22****",
    "review_id": "4835553",
    "movie_id": "10112"
  },
  {
    "review": "영웅본색은 1,2편만 봐라. 형 말 믿어라.",
    "date": "10.09.10",
    "rating": "4",
    "author": "hots****",
    "review_id": "4826500",
    "movie_id": "10112"
  },
  {
    "review": "영웅본색의 프리퀄작품!! 영웅본색1편 나오기전에 먼저나왔어야했을 작품",
    "date": "10.09.03",
    "rating": "10",
    "author": "perm****",
    "review_id": "4814002",
    "movie_id": "10112"
  },
  {
    "review": "재밌는데 웬지 싫다. 허나 5 점대는 넘했다.",
    "date": "10.02.26",
    "rating": "10",
    "author": "psyc****",
    "review_id": "4318366",
    "movie_id": "10112"
  },
  {
    "review": "영웅본색은 주윤발 혼자 나온영화가 아니다!!!",
    "date": "10.02.16",
    "rating": "5",
    "author": "ckru****",
    "review_id": "4288479",
    "movie_id": "10112"
  },
  {
    "review": "3편은 윤발행님의 옛날 이야기.........^^안봤으면 후회했을뻔.....",
    "date": "09.08.29",
    "rating": "10",
    "author": "jagu****",
    "review_id": "3795151",
    "movie_id": "10112"
  },
  {
    "review": "씁쓸한데",
    "date": "09.08.21",
    "rating": "5",
    "author": "love****",
    "review_id": "3772052",
    "movie_id": "10112"
  },
  {
    "review": "영웅본색1,2의 힘을 빌고싶었던 전혀다른영화.제목을 바꿨다면 평점이 훨씬올라갔을듯",
    "date": "09.08.11",
    "rating": "8",
    "author": "deka****",
    "review_id": "3736982",
    "movie_id": "10112"
  },
  {
    "review": "영웅본색을 보고 감동을받은사람이라면 작품에 욕을 못한다",
    "date": "09.07.11",
    "rating": "10",
    "author": "bomo****",
    "review_id": "3623501",
    "movie_id": "10112"
  },
  {
    "review": "그저그렇다. 단지 스토리가좀....연걔성은 없는듯",
    "date": "09.07.05",
    "rating": "8",
    "author": "minh****",
    "review_id": "3612112",
    "movie_id": "10112"
  },
  {
    "review": "1편은 명작.. 2편은 머 그저그런.. 3편은 뭥미.. 막장인가..ㅡ.ㅡ;;",
    "date": "09.06.03",
    "rating": "4",
    "author": "tleh****",
    "review_id": "3541605",
    "movie_id": "10112"
  },
  {
    "review": "진짜 5점 그이상 그이하도 아님..   매염방이 상당히 매력적임 ㅋㅋ",
    "date": "09.04.26",
    "rating": "5",
    "author": "os38****",
    "review_id": "3443442",
    "movie_id": "10112"
  },
  {
    "review": "재미는 있다. 매염방이 주인공인듯한 느낌??",
    "date": "09.04.18",
    "rating": "10",
    "author": "fkdl****",
    "review_id": "3427355",
    "movie_id": "10112"
  },
  {
    "review": "1,2의 강한인상은 느끼지못한, 개인적으로 나오지 말았어야 했다",
    "date": "09.04.04",
    "rating": "6",
    "author": "unre****",
    "review_id": "3403416",
    "movie_id": "10112"
  },
  {
    "review": "쾌 재밌었는데? 액션은 1,2편 보다 더 스타일리쉬하다",
    "date": "09.04.01",
    "rating": "8",
    "author": "iss2****",
    "review_id": "3399564",
    "movie_id": "10112"
  },
  {
    "review": "최근 다시 봄. 아무래도 홍콩이 아닌 비엣남이고 칙칙해서 저평가되는 듯.",
    "date": "09.02.28",
    "rating": "6",
    "author": "comb****",
    "review_id": "3337910",
    "movie_id": "10112"
  },
  {
    "review": "솔직히 1점짜리 영화는아니다 단지 주윤발보다 매염방의 포스가 강렬했을뿐",
    "date": "09.01.31",
    "rating": "9",
    "author": "dmlw****",
    "review_id": "3267014",
    "movie_id": "10112"
  },
  {
    "review": "즈질이야~^^",
    "date": "09.01.04",
    "rating": "1",
    "author": "arth****",
    "review_id": "3185454",
    "movie_id": "10112"
  },
  {
    "review": "1,2편과의 차이는 포스터에서부터 확연. '3'이란 명칭은 연속성이 있어야 가능한 것~",
    "date": "08.12.24",
    "rating": "3",
    "author": "acin****",
    "review_id": "3144331",
    "movie_id": "10112"
  },
  {
    "review": "에이...2편에서끝냈어야함...이건 영웅본색시리즈에서 빼야함..",
    "date": "08.12.19",
    "rating": "3",
    "author": "tjdw****",
    "review_id": "3129302",
    "movie_id": "10112"
  },
  {
    "review": "나와서는 않됬을 영화...",
    "date": "08.12.04",
    "rating": "10",
    "author": "hero****",
    "review_id": "3090380",
    "movie_id": "10112"
  },
  {
    "review": "이건 영웅본색의 명성에 흙을 뿌리는....",
    "date": "08.10.05",
    "rating": "1",
    "author": "hoon****",
    "review_id": "2984410",
    "movie_id": "10112"
  },
  {
    "review": "석양지가액션이아닌드라마로봐야재밋다작품성인정기존의느와르완틀린장르의영화",
    "date": "08.09.08",
    "rating": "9",
    "author": "dldu****",
    "review_id": "2930006",
    "movie_id": "10112"
  },
  {
    "review": "1,2편에 비해 너무나 팥없는 호빵 같지만 나름의 감동은 있다",
    "date": "08.07.12",
    "rating": "6",
    "author": "yjo4****",
    "review_id": "2758404",
    "movie_id": "10112"
  },
  {
    "review": "앙꼬 없는 붕어빵 ...ㅠㅠ",
    "date": "08.07.11",
    "rating": "10",
    "author": "ashi****",
    "review_id": "2753504",
    "movie_id": "10112"
  },
  {
    "review": "완결이라 하기엔 너무 부족하나 서극과 주윤발의 만남도 나쁘지는 않다",
    "date": "08.07.08",
    "rating": "5",
    "author": "si2p****",
    "review_id": "2748515",
    "movie_id": "10112"
  },
  {
    "review": "수고하셨습니다.",
    "date": "08.04.20",
    "rating": "6",
    "author": "arse****",
    "review_id": "2589848",
    "movie_id": "10112"
  },
  {
    "review": "작품에선 몰라도 영화 배경음악과 주제가는 기억에 남는 작품이었다!!",
    "date": "08.04.11",
    "rating": "7",
    "author": "izen****",
    "review_id": "2574235",
    "movie_id": "10112"
  },
  {
    "review": "적룡없는 영웅본색은 영웅본색이 아니다.",
    "date": "08.01.30",
    "rating": "4",
    "author": "cwnd****",
    "review_id": "2387742",
    "movie_id": "10112"
  },
  {
    "review": "매염방의 노래 '석양지가'가 '영웅'의 마음을 촉촉하게 적셔준다",
    "date": "08.01.21",
    "rating": "8",
    "author": "goma****",
    "review_id": "2355223",
    "movie_id": "10112"
  },
  {
    "review": "그래도 볼만했다.",
    "date": "08.01.21",
    "rating": "7",
    "author": "evil****",
    "review_id": "2353558",
    "movie_id": "10112"
  },
  {
    "review": "2편에서 끝냈어야 했어... 2편에서...",
    "date": "08.01.08",
    "rating": "3",
    "author": "uds0****",
    "review_id": "2307101",
    "movie_id": "10112"
  },
  {
    "review": "이사람들아 영웅본색은 2편이 제대로 간지다.. 허접하기는..",
    "date": "07.11.20",
    "rating": "7",
    "author": "kih9****",
    "review_id": "2168490",
    "movie_id": "10112"
  },
  {
    "review": "와.. 전나 쓰래기 내 돈이 아까워요 ㅡㅜ",
    "date": "07.10.26",
    "rating": "1",
    "author": "jaew****",
    "review_id": "2113442",
    "movie_id": "10112"
  },
  {
    "review": "아쉽다... ^^",
    "date": "07.08.22",
    "rating": "6",
    "author": "jwjw****",
    "review_id": "1969044",
    "movie_id": "10112"
  },
  {
    "review": "참내;; 뭐하자는거?",
    "date": "07.07.23",
    "rating": "1",
    "author": "saji****",
    "review_id": "1803589",
    "movie_id": "10112"
  },
  {
    "review": "더이상 나오지 말았어야됐다..",
    "date": "07.07.18",
    "rating": "3",
    "author": "lsh1****",
    "review_id": "1788078",
    "movie_id": "10112"
  },
  {
    "review": "허접한 발로 만든영화. 그러나 매염방의 포쓰는 최고다.",
    "date": "07.07.06",
    "rating": "3",
    "author": "ruka****",
    "review_id": "1750958",
    "movie_id": "10112"
  },
  {
    "review": "짝퉁본색!",
    "date": "07.07.03",
    "rating": "2",
    "author": "dhkq****",
    "review_id": "1742751",
    "movie_id": "10112"
  },
  {
    "review": "'홍콩 느와르'가 아니었다.. ㅜㅜ",
    "date": "07.05.12",
    "rating": "6",
    "author": "bepl****",
    "review_id": "1634064",
    "movie_id": "10112"
  },
  {
    "review": "전편들과는 전혀 다른 스토리로 가는 것 자체는 괜찮았으나, 마무리가 너무나 아쉽다.",
    "date": "07.04.10",
    "rating": "6",
    "author": "eart****",
    "review_id": "1581346",
    "movie_id": "10112"
  },
  {
    "review": "영웅본색이라는 타이틀을 떼어놓고 보면 최소한 영웅본색 2보다는 낫다.",
    "date": "07.03.14",
    "rating": "7",
    "author": "team****",
    "review_id": "1533183",
    "movie_id": "10112"
  },
  {
    "review": "그래도 볼만 했다.",
    "date": "07.03.06",
    "rating": "7",
    "author": "salm****",
    "review_id": "1521190",
    "movie_id": "10112"
  },
  {
    "review": "쌍 기관총 하고 탱크는 빼라...차라리 머신건을 써라.거치식 이라던지.",
    "date": "07.03.01",
    "rating": "5",
    "author": "db22****",
    "review_id": "1511652",
    "movie_id": "10112"
  },
  {
    "review": "3편은 극장에서 어찌나 실망했던지..",
    "date": "07.01.15",
    "rating": "5",
    "author": "gall****",
    "review_id": "1387886",
    "movie_id": "10112"
  },
  {
    "review": "2편까지는 봐줄만했었다",
    "date": "07.01.05",
    "rating": "1",
    "author": "nala****",
    "review_id": "1358806",
    "movie_id": "10112"
  },
  {
    "review": "아예 람보처럼 하던가.. 오우삼이 떠난 영웅본색은 혹독하다.",
    "date": "06.12.26",
    "rating": "5",
    "author": "elf2****",
    "review_id": "1329061",
    "movie_id": "10112"
  },
  {
    "review": "새로운영화다. 시리즈가 아니다. 실망..",
    "date": "06.12.21",
    "rating": "5",
    "author": "yell****",
    "review_id": "1309469",
    "movie_id": "10112"
  },
  {
    "review": "시리즈의 연장선상에 놓고 보지말것!",
    "date": "06.11.10",
    "rating": "7",
    "author": "noob****",
    "review_id": "1225672",
    "movie_id": "10112"
  },
  {
    "review": "명성에 비해 조금 쳐지는",
    "date": "06.11.01",
    "rating": "8",
    "author": "luvs****",
    "review_id": "1209780",
    "movie_id": "10112"
  },
  {
    "review": "왜 이렇게 평점이 낮지? 영화 제대로들 보고 얘기하는건가?",
    "date": "06.10.25",
    "rating": "10",
    "author": "tomb****",
    "review_id": "1198762",
    "movie_id": "10112"
  },
  {
    "review": "시리즈의 본색이 빠져버린 3탄 떨어진 윤발이의 간지",
    "date": "06.10.22",
    "rating": "3",
    "author": "okjo****",
    "review_id": "1194037",
    "movie_id": "10112"
  },
  {
    "review": "마지막 베트남 탈출씬은 홍콩인들의 불안감을 잘 드러내고있다.",
    "date": "06.09.10",
    "rating": "9",
    "author": "jdjf****",
    "review_id": "1114998",
    "movie_id": "10112"
  },
  {
    "review": "이건 영웅본색이 아니야!!  비장미가 없어..",
    "date": "06.09.06",
    "rating": "2",
    "author": "ko11****",
    "review_id": "1106812",
    "movie_id": "10112"
  },
  {
    "review": "매염방의 노래만은 마음에 든다",
    "date": "06.09.05",
    "rating": "6",
    "author": "lemo****",
    "review_id": "1104339",
    "movie_id": "10112"
  },
  {
    "review": "영웅본색 속편으로만 평가하지 마시길~ 개별적으로 만족",
    "date": "06.08.25",
    "rating": "7",
    "author": "gomi****",
    "review_id": "1075504",
    "movie_id": "10112"
  }
]