[
  {
    "review": "악어를 주제로 한 공포영화 중 최고의 영화.. 그 뒤에 나온 작품들이 따라가지 못하는 매력이 있다.",
    "date": "15.07.22",
    "rating": "10",
    "author": "kimd****",
    "review_id": "10127902",
    "movie_id": "10119"
  },
  {
    "review": "변기통 악어..추억이다",
    "date": "14.11.30",
    "rating": "9",
    "author": "1bon****",
    "review_id": "9434451",
    "movie_id": "10119"
  },
  {
    "review": "어렸을적 주말의명화나 토요명화에서 이런 고전공포영화 많이 해줘서, 이불속에서 덜덜 떨면서 정말 잼나게 봤었는데..그때가 그립다.",
    "date": "14.11.20",
    "rating": "10",
    "author": "kjk9****",
    "review_id": "9401960",
    "movie_id": "10119"
  },
  {
    "review": "리메이크 되었으면 하는 크리처물 1순위",
    "date": "14.10.20",
    "rating": "4",
    "author": "goms****",
    "review_id": "9304260",
    "movie_id": "10119"
  },
  {
    "review": "악어 나오는 거 좋아 하는데 나름 재미 있었다. ㅎ",
    "date": "14.08.06",
    "rating": "10",
    "author": "pc59****",
    "review_id": "9040344",
    "movie_id": "10119"
  },
  {
    "review": "정말 소름끼쳤던 영화 다시 보고 싶다!",
    "date": "14.06.16",
    "rating": "10",
    "author": "ske4****",
    "review_id": "8834933",
    "movie_id": "10119"
  },
  {
    "review": "역대 크리쳐물 중 한 작품. 현실적 공포감으로만 치면 죠스 이상이다.",
    "date": "14.03.14",
    "rating": "9",
    "author": "mank****",
    "review_id": "8575578",
    "movie_id": "10119"
  },
  {
    "review": "악어영화하면 떠오르는 영화다....악어가 사람을 공격한다는 스토리의 결정판..그러나 영화자체의 재미는 추억수준정도에 머무르고있다",
    "date": "13.11.17",
    "rating": "7",
    "author": "kara****",
    "review_id": "8148345",
    "movie_id": "10119"
  },
  {
    "review": "어릴때 꽤 재밌게 봤던 영화!변기통에 버려지는 작은 새끼 악어결국 괴물이 되어 사람들을 죽이지만애초에 변기통에 버려진 악어정말 재밌게 봤던 영화 입니다~",
    "date": "13.07.30",
    "rating": "9",
    "author": "wing****",
    "review_id": "7799985",
    "movie_id": "10119"
  },
  {
    "review": "어려서 이 영화 본 아이들은 다들 화장실 배수구만 쳐다봤다. 꽤나 흥미로운 괴수 영화. 덧붙여 영화 괴물의 모티브가 이 영화가 아닐였을까란 생각을 해본다.",
    "date": "13.03.06",
    "rating": "8",
    "author": "shki****",
    "review_id": "7326833",
    "movie_id": "10119"
  },
  {
    "review": "수영장에서 아이OO장면때문에 1점 깍음",
    "date": "13.02.26",
    "rating": "9",
    "author": "dmsa****",
    "review_id": "7304549",
    "movie_id": "10119"
  },
  {
    "review": "헐...나 이거 어릴때 본게 이거구나..하수구 빠져서 나무막대기들고 이틀동안 하수구에 ..소리지르면 악어올까봐..ㅋㅋㅋ우리나라엔 악어가없는데",
    "date": "13.02.02",
    "rating": "10",
    "author": "xdle****",
    "review_id": "7216035",
    "movie_id": "10119"
  },
  {
    "review": "지금은 어떨지 몰라도나어릴적에 이거보고 한달동안악어꿈 꿨다능ㅠ.ㅠ",
    "date": "12.10.05",
    "rating": "10",
    "author": "0001****",
    "review_id": "6764015",
    "movie_id": "10119"
  },
  {
    "review": "공포영화고수들한테는1점 공포영화초보들에게은6점 억지공포",
    "date": "12.05.03",
    "rating": "1",
    "author": "sang****",
    "review_id": "6267921",
    "movie_id": "10119"
  },
  {
    "review": "30년 넘은 영화지만 잼나요!!",
    "date": "12.01.31",
    "rating": "10",
    "author": "toto****",
    "review_id": "6036796",
    "movie_id": "10119"
  },
  {
    "review": "엘리게이터",
    "date": "11.08.05",
    "rating": "6",
    "author": "kos4****",
    "review_id": "5606220",
    "movie_id": "10119"
  },
  {
    "review": "사람들을 약간 억지로 악어에게 먹히게하는 감이 없지않다",
    "date": "11.05.22",
    "rating": "8",
    "author": "fate****",
    "review_id": "5442593",
    "movie_id": "10119"
  },
  {
    "review": "왠만한 괴수영화로 크게 손색이 없는 80년대영화",
    "date": "11.04.27",
    "rating": "6",
    "author": "si2p****",
    "review_id": "5394596",
    "movie_id": "10119"
  },
  {
    "review": "평론가들이 죠스랑 같이 Top.10 크리쳐물로 항상 꼽는데 죠스 이야기가 자꾸나오네.",
    "date": "11.03.13",
    "rating": "10",
    "author": "ray3****",
    "review_id": "5311656",
    "movie_id": "10119"
  },
  {
    "review": "배리 굿.",
    "date": "11.01.14",
    "rating": "10",
    "author": "cesm****",
    "review_id": "5157193",
    "movie_id": "10119"
  },
  {
    "review": "good",
    "date": "10.09.20",
    "rating": "8",
    "author": "bgol****",
    "review_id": "4852170",
    "movie_id": "10119"
  },
  {
    "review": "영화판의 제2의죠스가 되고싶은 2류오락영화.졸작이라기엔 너무 재밌고 박진감넘친다.",
    "date": "10.02.26",
    "rating": "7",
    "author": "baks****",
    "review_id": "4318806",
    "movie_id": "10119"
  },
  {
    "review": "흠 ...",
    "date": "09.12.30",
    "rating": "10",
    "author": "nice****",
    "review_id": "4106364",
    "movie_id": "10119"
  },
  {
    "review": "상당히 준수하다!! 이 영화가 거의 30여년 전에 만들어졌다는 것을 감안하자!!",
    "date": "09.10.05",
    "rating": "8",
    "author": "17he****",
    "review_id": "3876086",
    "movie_id": "10119"
  },
  {
    "review": "훌륭한 괴수 영화...어렸을때 주말의명화에서 봤었다 얼마전 DVD로 다시봐도 잼있음",
    "date": "09.09.01",
    "rating": "8",
    "author": "thra****",
    "review_id": "3804515",
    "movie_id": "10119"
  },
  {
    "review": "어렸을때 하수구를 보게만든 영화.",
    "date": "09.08.11",
    "rating": "10",
    "author": "jkh0****",
    "review_id": "3735115",
    "movie_id": "10119"
  },
  {
    "review": "과연 악어영화의 최고봉,",
    "date": "09.07.22",
    "rating": "10",
    "author": "newj****",
    "review_id": "3656052",
    "movie_id": "10119"
  },
  {
    "review": "지금이야 우습겠지만 그 당시 괴수영화로는 가히 최고봉 수준이었을 듯",
    "date": "09.07.15",
    "rating": "8",
    "author": "rout****",
    "review_id": "3635199",
    "movie_id": "10119"
  },
  {
    "review": "1980년대..... 저때 당시엔 최고였지.....",
    "date": "09.07.09",
    "rating": "8",
    "author": "dnst****",
    "review_id": "3619923",
    "movie_id": "10119"
  },
  {
    "review": "도시에 나타난 커다란 악어를 보는 즐거움",
    "date": "08.12.08",
    "rating": "7",
    "author": "seun****",
    "review_id": "3099754",
    "movie_id": "10119"
  },
  {
    "review": "100미터앞에악어기다려주다가죽어주는센스.스타쉽트루퍼스3랑동급영화거기내평점있다",
    "date": "08.11.21",
    "rating": "1",
    "author": "yun_****",
    "review_id": "3063251",
    "movie_id": "10119"
  },
  {
    "review": "괴물류 영화의 모범. 스토리도 탄탄하고 화면도 유치하지 않음.",
    "date": "08.11.11",
    "rating": "8",
    "author": "bepl****",
    "review_id": "3044483",
    "movie_id": "10119"
  },
  {
    "review": "죠스와 같은 스릴과 압박감을 느끼고 싶다면 강츄 !!",
    "date": "08.11.10",
    "rating": "7",
    "author": "evil****",
    "review_id": "3044292",
    "movie_id": "10119"
  },
  {
    "review": "악어 소재의 크리처물 큰 기대하지 않고 보면 시간 때우기로는 딱이다",
    "date": "08.10.22",
    "rating": "6",
    "author": "deff****",
    "review_id": "3014006",
    "movie_id": "10119"
  },
  {
    "review": "적어도 악어가 나오는 영화중엔 아직도 최고의 반열에 있는 작품",
    "date": "08.10.13",
    "rating": "8",
    "author": "gall****",
    "review_id": "2998642",
    "movie_id": "10119"
  },
  {
    "review": "보도블럭을 뚫어 오르며 지상에 그 모습을 드러낼때는 크리쳐 영화사중 길이남을 장면",
    "date": "08.08.04",
    "rating": "10",
    "author": "life****",
    "review_id": "2834708",
    "movie_id": "10119"
  },
  {
    "review": "1980년대 꺼였다니.. 볼만하네요..;;;",
    "date": "08.07.27",
    "rating": "9",
    "author": "shee****",
    "review_id": "2807592",
    "movie_id": "10119"
  },
  {
    "review": "지금보면 다소 부실한 악어에 실소를 머금지만 80년도 영화치곤 굿!",
    "date": "08.07.10",
    "rating": "8",
    "author": "wlgm****",
    "review_id": "2753018",
    "movie_id": "10119"
  },
  {
    "review": "아무데서나 죠스를 기대해선 안되겠군요",
    "date": "08.04.26",
    "rating": "6",
    "author": "mind****",
    "review_id": "2599342",
    "movie_id": "10119"
  },
  {
    "review": "악어영화중 최고.. 28년지난 지금에도.. 긴장감만큼은..죠스이상..",
    "date": "08.04.01",
    "rating": "10",
    "author": "tjtm****",
    "review_id": "2553620",
    "movie_id": "10119"
  },
  {
    "review": "악어영화의 본좌! 다른 짝퉁들과 비교하지마라",
    "date": "08.02.18",
    "rating": "9",
    "author": "stra****",
    "review_id": "2459991",
    "movie_id": "10119"
  },
  {
    "review": "어렸을 때 봤을 땐 죠스와 맞먹는 포스를 느꼇다 하지만 지금은 역시 죠스",
    "date": "07.12.07",
    "rating": "8",
    "author": "radi****",
    "review_id": "2212560",
    "movie_id": "10119"
  },
  {
    "review": "뜨뜻미지근하고, 헛도는 느낌도 가치 있는 크리쳐 무비니 괜찮아.",
    "date": "07.12.04",
    "rating": "5",
    "author": "paci****",
    "review_id": "2205701",
    "movie_id": "10119"
  },
  {
    "review": "새로운 괴수 출현... 이번엔 악어다",
    "date": "07.08.11",
    "rating": "8",
    "author": "typo****",
    "review_id": "1919233",
    "movie_id": "10119"
  },
  {
    "review": "재미도 없네;;",
    "date": "07.08.05",
    "rating": "1",
    "author": "kqja****",
    "review_id": "1878477",
    "movie_id": "10119"
  },
  {
    "review": "악어 영화의 최고봉",
    "date": "07.07.26",
    "rating": "10",
    "author": "xxss****",
    "review_id": "1810515",
    "movie_id": "10119"
  },
  {
    "review": "굿~!!",
    "date": "07.07.09",
    "rating": "10",
    "author": "iriv****",
    "review_id": "1759243",
    "movie_id": "10119"
  },
  {
    "review": "오~ 이 재미있는 악어~ 충분한 킬링타임용~ 그 이상의 영화~",
    "date": "07.06.05",
    "rating": "9",
    "author": "vict****",
    "review_id": "1682363",
    "movie_id": "10119"
  },
  {
    "review": "옛날영화인거 감안해도 별로..플래시드가 훨 나은듯..",
    "date": "07.04.12",
    "rating": "3",
    "author": "lwy1****",
    "review_id": "1584071",
    "movie_id": "10119"
  },
  {
    "review": "재밌었다",
    "date": "07.03.21",
    "rating": "9",
    "author": "pung****",
    "review_id": "1546707",
    "movie_id": "10119"
  },
  {
    "review": "이 영화 이후 악어영화들은 전부 아류작일뿐",
    "date": "07.02.01",
    "rating": "7",
    "author": "ppp0****",
    "review_id": "1432234",
    "movie_id": "10119"
  },
  {
    "review": "하수구에서 괴물로 성장하는 설정에 웃다가 끝난 영화",
    "date": "07.01.12",
    "rating": "1",
    "author": "nala****",
    "review_id": "1378323",
    "movie_id": "10119"
  },
  {
    "review": "재밌었는데",
    "date": "07.01.07",
    "rating": "8",
    "author": "arse****",
    "review_id": "1363507",
    "movie_id": "10119"
  },
  {
    "review": "처음 봤을 때의 충격은 정말 굉장",
    "date": "07.01.02",
    "rating": "8",
    "author": "zito****",
    "review_id": "1350439",
    "movie_id": "10119"
  },
  {
    "review": "B급 영화 치고는 괜찮은 괴수영화 ^^",
    "date": "06.12.31",
    "rating": "10",
    "author": "lch5****",
    "review_id": "1343862",
    "movie_id": "10119"
  },
  {
    "review": "악어가 무서워,,",
    "date": "06.12.12",
    "rating": "10",
    "author": "ts54****",
    "review_id": "1287693",
    "movie_id": "10119"
  },
  {
    "review": "80년대 영화이다... 그 당시에는 정말 재밌었을 듯 하다...",
    "date": "06.11.18",
    "rating": "5",
    "author": "rlwj****",
    "review_id": "1238993",
    "movie_id": "10119"
  },
  {
    "review": "악어가 자동차를 꼬리로 7번치니까 박살이 난다",
    "date": "06.11.06",
    "rating": "8",
    "author": "simm****",
    "review_id": "1218883",
    "movie_id": "10119"
  },
  {
    "review": "볼만하고 괜찮다",
    "date": "06.11.04",
    "rating": "8",
    "author": "luvs****",
    "review_id": "1214259",
    "movie_id": "10119"
  },
  {
    "review": "good",
    "date": "06.08.14",
    "rating": "10",
    "author": "yck9****",
    "review_id": "1029560",
    "movie_id": "10119"
  },
  {
    "review": "옛날영화치고 그정도면 정말 훌륭한 것이다.!!",
    "date": "06.07.30",
    "rating": "10",
    "author": "yjki****",
    "review_id": "945564",
    "movie_id": "10119"
  },
  {
    "review": "할리우드에는 악어가, 한국에는 물고기가?!!!!",
    "date": "06.07.30",
    "rating": "10",
    "author": "aaaa****",
    "review_id": "945552",
    "movie_id": "10119"
  },
  {
    "review": "할리우드식 괴물입니다.ㅋㅋ",
    "date": "06.07.28",
    "rating": "10",
    "author": "yjki****",
    "review_id": "931339",
    "movie_id": "10119"
  },
  {
    "review": "어릴때 봤을땐 진짜 진짜 무서웠는데 ㅋㅋㅋ",
    "date": "06.07.16",
    "rating": "8",
    "author": "medu****",
    "review_id": "898088",
    "movie_id": "10119"
  },
  {
    "review": "어릴때봤는데 최고다",
    "date": "06.07.07",
    "rating": "10",
    "author": "chan****",
    "review_id": "875508",
    "movie_id": "10119"
  },
  {
    "review": "B급 영화이기에 더욱 더 B급 영화 특유의 재미를 느낄수 있는..",
    "date": "06.07.07",
    "rating": "6",
    "author": "movi****",
    "review_id": "874834",
    "movie_id": "10119"
  },
  {
    "review": "어렸을때 최고로 잼나게 봤던",
    "date": "06.07.07",
    "rating": "10",
    "author": "sorb****",
    "review_id": "874574",
    "movie_id": "10119"
  },
  {
    "review": "80년대 오락물이 이정도면 수작이겠지",
    "date": "06.06.17",
    "rating": "8",
    "author": "cube****",
    "review_id": "847781",
    "movie_id": "10119"
  },
  {
    "review": "토요명화로 봤었던 명화!",
    "date": "06.06.17",
    "rating": "10",
    "author": "asas****",
    "review_id": "847488",
    "movie_id": "10119"
  },
  {
    "review": "이렇게 재밌는 걸",
    "date": "06.06.04",
    "rating": "10",
    "author": "ajtw****",
    "review_id": "831208",
    "movie_id": "10119"
  },
  {
    "review": "정말 재미있었다.. 지금 봐도 손색 없는 작품",
    "date": "06.05.21",
    "rating": "10",
    "author": "gkse****",
    "review_id": "810376",
    "movie_id": "10119"
  },
  {
    "review": "유의할 점은 분명히 과거의 영화라는 점.",
    "date": "06.04.12",
    "rating": "8",
    "author": "jcr3****",
    "review_id": "758411",
    "movie_id": "10119"
  },
  {
    "review": "어렸을때무섭게본기억이",
    "date": "06.02.27",
    "rating": "10",
    "author": "lsj3****",
    "review_id": "695113",
    "movie_id": "10119"
  },
  {
    "review": "옛날영화라 어색한면도 있지만 재밌네요",
    "date": "05.12.30",
    "rating": "8",
    "author": "wjst****",
    "review_id": "541176",
    "movie_id": "10119"
  },
  {
    "review": "3등급 공포스릴러",
    "date": "05.12.26",
    "rating": "5",
    "author": "kws7****",
    "review_id": "530562",
    "movie_id": "10119"
  },
  {
    "review": "진짜진짜 재밌음. 강추",
    "date": "05.06.20",
    "rating": "10",
    "author": "kevi****",
    "review_id": "303225",
    "movie_id": "10119"
  },
  {
    "review": "어릴때 정말 숨죽이면서봣다 어찌나 재밌던지",
    "date": "05.06.14",
    "rating": "10",
    "author": "alft****",
    "review_id": "299685",
    "movie_id": "10119"
  },
  {
    "review": "어렸을때의 추억속의 최고의공포영화",
    "date": "04.11.15",
    "rating": "9",
    "author": "alie****",
    "review_id": "146541",
    "movie_id": "10119"
  },
  {
    "review": "최강의 파충류 스릴러! 결말은 어떨까?",
    "date": "04.11.11",
    "rating": "10",
    "author": "macl****",
    "review_id": "144083",
    "movie_id": "10119"
  },
  {
    "review": "포악하긴하지만멋있다",
    "date": "04.10.06",
    "rating": "10",
    "author": "m_mc****",
    "review_id": "121098",
    "movie_id": "10119"
  },
  {
    "review": "이거 예전에 티비로 보지 않았나???ㅋㅋㅋ 재밌다",
    "date": "04.08.28",
    "rating": "10",
    "author": "deux****",
    "review_id": "98556",
    "movie_id": "10119"
  }
]