[
  {
    "review": "소피 마르소는 라붐 시리즈에 감사해야..",
    "date": "15.04.04",
    "rating": "6",
    "author": "pont****",
    "review_id": "9825456",
    "movie_id": "10118"
  },
  {
    "review": "과거의 남성들은 뭔가 매력이 있는것 같다. 라붐2의 남자 주인공 알제리출신이라던데. 눈빛이 강렬하고 매력적이다. 특히 눈빛이 매력적이었다. 라붐1이 프랑스,서유럽적남성 이미지였다면 라붐2는 뭔가 중동의 보석같은 눈빛....강렬한 이미지. ^^",
    "date": "15.01.21",
    "rating": "10",
    "author": "catd****",
    "review_id": "9617699",
    "movie_id": "10118"
  },
  {
    "review": "《라붐2》의 남우주연 피에르 코소가 알렉산더 스털링만큼 매력있었는데 나만 그런가? 클로드 피노토가  《라붐》,  《유콜 잇 러브》에도 소피 마르소를 기용해 일약 세계적인 배우 반열에 올려 놓았다. 소피 마르소는 클로드 피노토에게 영원히 감사해야 한다.",
    "date": "14.10.07",
    "rating": "10",
    "author": "parc****",
    "review_id": "9271262",
    "movie_id": "10118"
  },
  {
    "review": "라붐1편에 이어.. 당시 프랑스 가족들이 가졌을 법한 공통적인 고민들.. 엄마역.. 씨네마천국의 토토의 첫사랑.. 오버랩되면서.. 마냥 즐겁다~!",
    "date": "14.07.14",
    "rating": "10",
    "author": "spar****",
    "review_id": "8914867",
    "movie_id": "10118"
  },
  {
    "review": "cook da books의 ost와도 어울리고 무엇보다 소피마르소가 정말 이쁘다",
    "date": "14.07.05",
    "rating": "10",
    "author": "q_xs****",
    "review_id": "8887266",
    "movie_id": "10118"
  },
  {
    "review": "라붐1보고 재밌어서 2도봣는데 풋풋한 소녀의 사랑이 잘 그려진거같다ㅎㅎ",
    "date": "14.06.20",
    "rating": "10",
    "author": "eimi****",
    "review_id": "8842009",
    "movie_id": "10118"
  },
  {
    "review": "라붐1,라붐2 둘다좋지만 여기서 좀아쉬운건 알렉산드로 스털링이다 라붐1에선 조연으로 라붐2에선 단역으로 이두작품에서 짧게나마 인상이강했는데 라붐을끝으로 영화계에서사라져 아쉽다 잘생긴 배우여서 기대했는데 영화계은퇴를한건아닐텐데 지금잘살고있길바랍니다",
    "date": "14.01.20",
    "rating": "10",
    "author": "rkqn****",
    "review_id": "8404409",
    "movie_id": "10118"
  },
  {
    "review": "전편보다 더 다듬어진 구성",
    "date": "13.11.04",
    "rating": "6",
    "author": "ndw1****",
    "review_id": "8114152",
    "movie_id": "10118"
  },
  {
    "review": "1편은 청소년의 질풍노도 시기를 잘 표현하면서 연출도 스토리도 좋았다. 2편은 소피마르소가 좋았다.",
    "date": "13.09.28",
    "rating": "10",
    "author": "vic4****",
    "review_id": "8021129",
    "movie_id": "10118"
  },
  {
    "review": "좀 유치해도 재미있었음! 소피때문에 2편까지 봄ㅎㅎ 결국 사랑이야기 같은데.. 자식간 부모간 사랑? 가족같은 이야기도 있고..",
    "date": "13.07.13",
    "rating": "8",
    "author": "skft****",
    "review_id": "7737098",
    "movie_id": "10118"
  },
  {
    "review": "향수, 격세지감, 그리고 단물 빠진 풍선껌.",
    "date": "13.06.07",
    "rating": "5",
    "author": "rygh****",
    "review_id": "7606852",
    "movie_id": "10118"
  },
  {
    "review": "벗지만 않을뿐 엠마뉴엘의 극 전개와 비슷하네. 청소년용 엠마뉴엘인 듯. 소피의 친구가 사바테로 인신매매범 두드리는 장면 등등 깨알같은 재미속에 라스트 씬의 휘날레가 너무 드라마틱하다. ^^",
    "date": "13.04.22",
    "rating": "10",
    "author": "dudo****",
    "review_id": "7474301",
    "movie_id": "10118"
  },
  {
    "review": "1편도 마찬가지고 스토리가 탄탄하다는건 도대체 어디서 느껴야하는 건진 모르겠지만 소피마르소때문에 10점ㅋㅋㅋ",
    "date": "13.02.15",
    "rating": "10",
    "author": "rlac****",
    "review_id": "7266039",
    "movie_id": "10118"
  },
  {
    "review": "아따 빵빵하네~",
    "date": "13.01.29",
    "rating": "7",
    "author": "dbzh****",
    "review_id": "7193378",
    "movie_id": "10118"
  },
  {
    "review": "1편 안보면 재미없을영화...ㅋㅋ소피가 나와서 7점 나머지 꽁트 2점 끝",
    "date": "13.01.14",
    "rating": "9",
    "author": "capg****",
    "review_id": "7114942",
    "movie_id": "10118"
  },
  {
    "review": "1편에 이어 정말 재미있게 잘봤어요~^^",
    "date": "12.04.15",
    "rating": "10",
    "author": "roff****",
    "review_id": "6221869",
    "movie_id": "10118"
  },
  {
    "review": "소피마르소...사랑합니다.",
    "date": "12.03.01",
    "rating": "10",
    "author": "00po****",
    "review_id": "6113475",
    "movie_id": "10118"
  },
  {
    "review": "1편 못지않은 탄탄한구성 그리고 성숙해진 소피마르소!!!ost도 짱!!!",
    "date": "12.02.24",
    "rating": "10",
    "author": "wjde****",
    "review_id": "6101045",
    "movie_id": "10118"
  },
  {
    "review": "구성은 2편이 더 좋았지만 저는 1편이 더 애잔했어요^^",
    "date": "12.02.20",
    "rating": "8",
    "author": "akan****",
    "review_id": "6091161",
    "movie_id": "10118"
  },
  {
    "review": "즐겁게 보았고 .. 느낌을 손에 쥔 듯이 남아있습니다",
    "date": "11.12.02",
    "rating": "10",
    "author": "dbsd****",
    "review_id": "5882927",
    "movie_id": "10118"
  },
  {
    "review": "1탄이나 2탄이나 비슷했다",
    "date": "11.11.24",
    "rating": "6",
    "author": "cruf****",
    "review_id": "5868903",
    "movie_id": "10118"
  },
  {
    "review": "소피마르소는 뭐라말이필요없네요~ ㅠㅠ",
    "date": "11.10.31",
    "rating": "10",
    "author": "pshz****",
    "review_id": "5821148",
    "movie_id": "10118"
  },
  {
    "review": "소피 마르소 정말 아름다워요~",
    "date": "11.10.30",
    "rating": "10",
    "author": "vibg****",
    "review_id": "5818990",
    "movie_id": "10118"
  },
  {
    "review": "청순한 소피를 볼수 있어 더좋은 영화",
    "date": "11.10.23",
    "rating": "9",
    "author": "park****",
    "review_id": "5805572",
    "movie_id": "10118"
  },
  {
    "review": "사랑은 움직이는거야. 라붐3가 안나온게 아쉬울뿐이다.나의 영원한 연인 소피~~",
    "date": "11.09.30",
    "rating": "7",
    "author": "barb****",
    "review_id": "5762814",
    "movie_id": "10118"
  },
  {
    "review": "1편보다 오히려 좋았던 유일한 영화 자체가 아닐까 싶습니다. 유쾌함 그 자체.",
    "date": "11.08.14",
    "rating": "10",
    "author": "cha1****",
    "review_id": "5649612",
    "movie_id": "10118"
  },
  {
    "review": "영화-소피마르소=0",
    "date": "11.08.03",
    "rating": "6",
    "author": "jhzm****",
    "review_id": "5593584",
    "movie_id": "10118"
  },
  {
    "review": "이거 2편있던건 알았지만 요것도 소피 마르소 나온건 몰랐네",
    "date": "11.06.28",
    "rating": "7",
    "author": "foun****",
    "review_id": "5504091",
    "movie_id": "10118"
  },
  {
    "review": "소피 마르소를 위한 영화",
    "date": "11.06.25",
    "rating": "6",
    "author": "no13****",
    "review_id": "5499602",
    "movie_id": "10118"
  },
  {
    "review": "순수한 청춘 영화^^ ㅎㅎ 근데 전 개인적으로는 1편이 더 좋았네요^^;;",
    "date": "11.05.30",
    "rating": "7",
    "author": "akj0****",
    "review_id": "5455611",
    "movie_id": "10118"
  },
  {
    "review": "그냥 보는자체로 이쁨",
    "date": "11.05.25",
    "rating": "10",
    "author": "chee****",
    "review_id": "5448008",
    "movie_id": "10118"
  },
  {
    "review": "GOD!!!! 정말 재밌엇다 ㅠㅠ",
    "date": "11.01.11",
    "rating": "10",
    "author": "peti****",
    "review_id": "5150292",
    "movie_id": "10118"
  },
  {
    "review": "80년대영화인데도 지루하지않은, 순수한 청춘영화 ㅋㅋ 특히 소피마르소가 넘 예쁘다",
    "date": "10.11.24",
    "rating": "10",
    "author": "rlaw****",
    "review_id": "4985447",
    "movie_id": "10118"
  },
  {
    "review": "청춘을 잔잔하게 울리는 성장영화...",
    "date": "10.11.02",
    "rating": "7",
    "author": "madr****",
    "review_id": "4934271",
    "movie_id": "10118"
  },
  {
    "review": "한층 더 성숙해진 그녀의 이야기! 풋풋함에 흠뻑 젖어들어 시간가는줄 모르고 봤다",
    "date": "10.09.30",
    "rating": "10",
    "author": "qkds****",
    "review_id": "4876683",
    "movie_id": "10118"
  },
  {
    "review": "은근히 매력있는 영화.",
    "date": "10.04.19",
    "rating": "8",
    "author": "redi****",
    "review_id": "4443585",
    "movie_id": "10118"
  },
  {
    "review": "한층 성숙미를 더한 그녀의 매력은 업그레이드되었지만, 스토리는 오히려 퇴보~",
    "date": "10.04.03",
    "rating": "6",
    "author": "mygr****",
    "review_id": "4405860",
    "movie_id": "10118"
  },
  {
    "review": "개인적으로 2편이 더 괜찮은듯, 사랑에 대한 열정과 이기심..",
    "date": "10.02.20",
    "rating": "9",
    "author": "hj78****",
    "review_id": "4304112",
    "movie_id": "10118"
  },
  {
    "review": "여자는남자들에게사랑을받길원하고여자는여우다여자의무기가랭이벌리기",
    "date": "09.06.25",
    "rating": "2",
    "author": "zzzo****",
    "review_id": "3588710",
    "movie_id": "10118"
  },
  {
    "review": "소피의 성장이 알음답다+_+ 순수와 섹시의 혼연일체+_+",
    "date": "09.05.05",
    "rating": "8",
    "author": "sams****",
    "review_id": "3471371",
    "movie_id": "10118"
  },
  {
    "review": "항상 흥행영화의 속편은 실망되지만 이영화는 아닌듯 더 재밌다~",
    "date": "09.02.22",
    "rating": "10",
    "author": "2hee****",
    "review_id": "3324099",
    "movie_id": "10118"
  },
  {
    "review": "마르소를 스타로 만들었지... 이것 역시 볼만한 건 마르소 밖에",
    "date": "08.10.23",
    "rating": "6",
    "author": "kimg****",
    "review_id": "3015142",
    "movie_id": "10118"
  },
  {
    "review": "1편보다 못 하지만 소피마르소 너무 예쁨.......><",
    "date": "08.10.23",
    "rating": "8",
    "author": "awer****",
    "review_id": "3014363",
    "movie_id": "10118"
  },
  {
    "review": "재미있어요",
    "date": "08.07.25",
    "rating": "7",
    "author": "enia****",
    "review_id": "2801220",
    "movie_id": "10118"
  },
  {
    "review": "최고다",
    "date": "08.04.20",
    "rating": "10",
    "author": "fish****",
    "review_id": "2590886",
    "movie_id": "10118"
  },
  {
    "review": "2편은.. 성장영화라기보다 로맨스였던 것 같다.. 그래도.. 1편만큼은 했다.",
    "date": "08.03.26",
    "rating": "9",
    "author": "pola****",
    "review_id": "2542789",
    "movie_id": "10118"
  },
  {
    "review": "1편보단 살짝 못한듯 그치만 여전히 잼있었다",
    "date": "08.03.07",
    "rating": "8",
    "author": "kjhh****",
    "review_id": "2507574",
    "movie_id": "10118"
  },
  {
    "review": "1편과 똑같은내용을 껍데기만 바꿔서 만든것같다. 소피마르소만 기억에남는다.",
    "date": "08.02.12",
    "rating": "6",
    "author": "zzaz****",
    "review_id": "2439725",
    "movie_id": "10118"
  },
  {
    "review": "소피마르소는 여전히 이뻤다. 근데 뭔가 부족하다.",
    "date": "07.12.26",
    "rating": "5",
    "author": "crue****",
    "review_id": "2270348",
    "movie_id": "10118"
  },
  {
    "review": "good",
    "date": "07.12.11",
    "rating": "3",
    "author": "cles****",
    "review_id": "2223255",
    "movie_id": "10118"
  },
  {
    "review": "볼만",
    "date": "07.11.13",
    "rating": "4",
    "author": "ysuh****",
    "review_id": "2149487",
    "movie_id": "10118"
  },
  {
    "review": "Good~!~",
    "date": "07.09.23",
    "rating": "10",
    "author": "byza****",
    "review_id": "2041020",
    "movie_id": "10118"
  },
  {
    "review": "무한 감동이다 .. 너무 이쁘다",
    "date": "07.09.02",
    "rating": "10",
    "author": "qudw****",
    "review_id": "1997322",
    "movie_id": "10118"
  },
  {
    "review": "라붐 첫편의 아쉬움을 2편으로 달랬다.",
    "date": "07.08.21",
    "rating": "10",
    "author": "unde****",
    "review_id": "1966563",
    "movie_id": "10118"
  },
  {
    "review": "소피마르소 너무 이쁘게 나왔음 최고의 영화 !",
    "date": "07.08.14",
    "rating": "10",
    "author": "onej****",
    "review_id": "1938089",
    "movie_id": "10118"
  },
  {
    "review": "소피 소피 소피 소피 !!!!!",
    "date": "07.08.10",
    "rating": "10",
    "author": "spqj****",
    "review_id": "1914621",
    "movie_id": "10118"
  },
  {
    "review": "소피마르소를 보는것만으로도 10점",
    "date": "07.06.03",
    "rating": "10",
    "author": "beli****",
    "review_id": "1678826",
    "movie_id": "10118"
  },
  {
    "review": "그때 그시절은 점수를 매길수가 없다...",
    "date": "07.05.07",
    "rating": "10",
    "author": "kimy****",
    "review_id": "1625689",
    "movie_id": "10118"
  },
  {
    "review": "소피의 커가는 모습..그리고 또한 음악성.. 아름다운 영화죠.",
    "date": "07.02.26",
    "rating": "10",
    "author": "jkdh****",
    "review_id": "1502811",
    "movie_id": "10118"
  },
  {
    "review": "역시최고다",
    "date": "07.02.11",
    "rating": "10",
    "author": "woos****",
    "review_id": "1461653",
    "movie_id": "10118"
  },
  {
    "review": "전편과 비교해도 손색이 없다 음악도 여전히 좋고",
    "date": "06.12.29",
    "rating": "10",
    "author": "nala****",
    "review_id": "1340231",
    "movie_id": "10118"
  },
  {
    "review": "금새 부쩍 성숙해진 소피.. 코쟁이들의 발육이란.. ㅡ.ㅡ;;",
    "date": "06.12.26",
    "rating": "10",
    "author": "elf2****",
    "review_id": "1329100",
    "movie_id": "10118"
  },
  {
    "review": "어린시절봣던추억의영화또보구싶내",
    "date": "06.12.12",
    "rating": "10",
    "author": "zd31****",
    "review_id": "1286408",
    "movie_id": "10118"
  },
  {
    "review": "유럽의 학교생활을 보고 놀랐던 소피마르소가 좋아졌던영화",
    "date": "06.11.21",
    "rating": "10",
    "author": "mila****",
    "review_id": "1244188",
    "movie_id": "10118"
  },
  {
    "review": "라붐1에 이어서 재밌게 봤습니다. 소피마르소 너무 예뻐...",
    "date": "06.09.25",
    "rating": "10",
    "author": "whor****",
    "review_id": "1142815",
    "movie_id": "10118"
  },
  {
    "review": "너무 감동적이고 소피마르소 언제봐도 아름다움",
    "date": "06.08.20",
    "rating": "10",
    "author": "jkl1****",
    "review_id": "1061874",
    "movie_id": "10118"
  },
  {
    "review": "잼나는 영화~",
    "date": "06.06.10",
    "rating": "10",
    "author": "tank****",
    "review_id": "839298",
    "movie_id": "10118"
  },
  {
    "review": "소피마르소가 성숙한만큼 성숙하지 못한 '라붐2'",
    "date": "06.06.01",
    "rating": "4",
    "author": "jals****",
    "review_id": "826404",
    "movie_id": "10118"
  },
  {
    "review": "소피마르소의 최고 작품",
    "date": "06.05.29",
    "rating": "10",
    "author": "yags****",
    "review_id": "822372",
    "movie_id": "10118"
  },
  {
    "review": "소피 마르소 사랑합니다.",
    "date": "06.04.23",
    "rating": "9",
    "author": "scal****",
    "review_id": "772028",
    "movie_id": "10118"
  },
  {
    "review": "1보단 별로 였지만 소피 가 너무 이쁘다.",
    "date": "06.03.27",
    "rating": "8",
    "author": "care****",
    "review_id": "736371",
    "movie_id": "10118"
  },
  {
    "review": "조금 평이함",
    "date": "06.01.11",
    "rating": "8",
    "author": "alis****",
    "review_id": "578555",
    "movie_id": "10118"
  },
  {
    "review": "소피마르소 너무이뻐요..♡ 완전 . . . . !!!",
    "date": "05.10.09",
    "rating": "10",
    "author": "cute****",
    "review_id": "437733",
    "movie_id": "10118"
  },
  {
    "review": "아름다운 소피마르소를 알게되어서 기쁘다",
    "date": "05.06.22",
    "rating": "7",
    "author": "krhn****",
    "review_id": "304159",
    "movie_id": "10118"
  },
  {
    "review": "소피마르소~",
    "date": "05.01.09",
    "rating": "10",
    "author": "yuml****",
    "review_id": "181289",
    "movie_id": "10118"
  },
  {
    "review": "추억의 영화",
    "date": "05.01.05",
    "rating": "6",
    "author": "chki****",
    "review_id": "177948",
    "movie_id": "10118"
  },
  {
    "review": "ㅋㅋㅋ",
    "date": "04.10.13",
    "rating": "10",
    "author": "arie****",
    "review_id": "125159",
    "movie_id": "10118"
  },
  {
    "review": "15년이 흘렀으나 내 가슴한곳에 아직도 생생히 남아있는 아름다운 음악과",
    "date": "04.09.29",
    "rating": "10",
    "author": "marb****",
    "review_id": "117051",
    "movie_id": "10118"
  },
  {
    "review": "재밌었따... 소피의 소녀적 모습도 이쁘다~",
    "date": "04.07.25",
    "rating": "10",
    "author": "penn****",
    "review_id": "76699",
    "movie_id": "10118"
  },
  {
    "review": "소피를 사랑하게된 영화 ㅠㅠ/",
    "date": "04.06.27",
    "rating": "10",
    "author": "chri****",
    "review_id": "61549",
    "movie_id": "10118"
  },
  {
    "review": "라붐1 보다도 더 세련된 내용과 소피 마르소의 모습..",
    "date": "04.03.22",
    "rating": "10",
    "author": "moss****",
    "review_id": "30714",
    "movie_id": "10118"
  },
  {
    "review": "좋아~^^",
    "date": "04.03.14",
    "rating": "10",
    "author": "abkk****",
    "review_id": "28924",
    "movie_id": "10118"
  }
]