[
  {
    "review_id": "9277361",
    "movie_id": "101250",
    "author": "ske4****",
    "review": "개그맨들 나오고부터 3는 재미없어졌다!!!",
    "rating": "1",
    "date": "14.10.09"
  },
  {
    "review_id": "8772126",
    "movie_id": "101250",
    "author": "sjm3****",
    "review": "재밌어요 진짜(  사랑해요",
    "rating": "9",
    "date": "14.05.28"
  },
  {
    "review_id": "7938227",
    "movie_id": "101250",
    "author": "osh4****",
    "review": "재이있어",
    "rating": "10",
    "date": "13.08.31"
  }
]