[
  {
    "review_id": "9320813",
    "movie_id": "101258",
    "author": "hana****",
    "review": "2기 부터 작화분이 망친 애니메이션",
    "rating": "5",
    "date": "14.10.26"
  },
  {
    "review_id": "7441238",
    "movie_id": "101258",
    "author": "1231****",
    "review": "아아.. 너무재밌잖아.. 일상물중에 정말 케이온과 유루유리, 아즈망가 대왕, 딸기 마시마로와 동급으로 재밌는 듯. 5기도 나와라",
    "rating": "10",
    "date": "13.04.07"
  }
]