[
  {
    "review_id": "10070785",
    "movie_id": "101238",
    "author": "taha****",
    "review": "세계관의 설명이 다소 부족하여 처음보는 사람들은 설명없이는 이해하기 힘든 부분들이 없진않지만 그래도 흥미로운 스토리와 그림체가 맘에 들어요 2기도 기대해요.",
    "rating": "10",
    "date": "15.07.05"
  },
  {
    "review_id": "9836580",
    "movie_id": "101238",
    "author": "baks****",
    "review": "쩌네요~내가 원한 바로 그것을 보여 줌...",
    "rating": "10",
    "date": "15.04.09"
  },
  {
    "review_id": "7899817",
    "movie_id": "101238",
    "author": "akd4****",
    "review": "HOT 초이스 무비 N 티비에서 k를 보여줬고 저는 그걸 봤어요 비록 13화밖에 없고 마지막은 슬프지만 재밌고 추천해 드릴 수 있는 애니 입니다 보시면 후회하지 않아요 그리고  2014년도에 2기 아님 극장판이 나온다고 하네요 빨리 속편을 보고 싶어요",
    "rating": "10",
    "date": "13.08.18"
  },
  {
    "review_id": "7039110",
    "movie_id": "101238",
    "author": "barm****",
    "review": "정말 고퀄의 애니이구요!  거듭되는 반전! 정말 볼 수록 재미있네요!",
    "rating": "10",
    "date": "12.12.24"
  }
]