[
  {
    "review": "소시민적 가족주의가 찬양받는 시대에 한 번쯤 봐야 될 영화.",
    "date": "15.05.02",
    "rating": "10",
    "author": "pont****",
    "review_id": "9885211",
    "movie_id": "10138"
  },
  {
    "review": "아주 오래 전 봤는데 그 먹먹한 감동이 생각 나 검색해봤다 마지막 장면이 잊혀지질 않는다",
    "date": "15.03.31",
    "rating": "10",
    "author": "grac****",
    "review_id": "9819034",
    "movie_id": "10138"
  },
  {
    "review": "먹고 사는 게 힘들어도 힘내",
    "date": "15.02.18",
    "rating": "10",
    "author": "iuba****",
    "review_id": "9708117",
    "movie_id": "10138"
  },
  {
    "review": "펠레의 삶은 과연 광명을 찾을 수 있을까?",
    "date": "14.08.07",
    "rating": "9",
    "author": "hyuk****",
    "review_id": "9045315",
    "movie_id": "10138"
  },
  {
    "review": "이민자들의 고된 생활을 묘사하면서, 현실에 안주하려는 아버지와 더 넓은 세상에 나아가 도전하려는 소년의 가치관의 차이를 보여주는 성장영화의 명작.. 2014년 8월 부산에서 상영하고있네요. 부산 사시는분들은 놓치지 마시길.. 대형스크린으로 꼭 보세요!",
    "date": "14.08.02",
    "rating": "10",
    "author": "pola****",
    "review_id": "9005645",
    "movie_id": "10138"
  },
  {
    "review": "가슴이 시리다 못해 아파오는 영화..",
    "date": "14.07.26",
    "rating": "10",
    "author": "niv9****",
    "review_id": "8962685",
    "movie_id": "10138"
  },
  {
    "review": "나의 고민과 갈등, 비루함이 얼마나 철업고 배부른 것인지... 펠레를 통해서 깨닫다... 2014 월드컵은 브라질..",
    "date": "14.06.01",
    "rating": "8",
    "author": "sayo****",
    "review_id": "8785120",
    "movie_id": "10138"
  },
  {
    "review": "25전에  봤으나 그 감동은 지금껏  오롯이  남아있는  명작중의  명작!",
    "date": "14.03.31",
    "rating": "10",
    "author": "bull****",
    "review_id": "8620620",
    "movie_id": "10138"
  },
  {
    "review": "우울하고 지루하다 희망이 보이지 않는 하층민의 삶",
    "date": "14.01.22",
    "rating": "6",
    "author": "ykdi****",
    "review_id": "8412506",
    "movie_id": "10138"
  },
  {
    "review": "펠레에게 행복이 따르기를",
    "date": "13.08.12",
    "rating": "7",
    "author": "wjdg****",
    "review_id": "7871372",
    "movie_id": "10138"
  },
  {
    "review": "TV에서 방영해 주는 것을 봤었음. 문득 생각나서 검색해 들어옴. 잊지 못할 명작.",
    "date": "13.05.05",
    "rating": "10",
    "author": "gwan****",
    "review_id": "7508773",
    "movie_id": "10138"
  },
  {
    "review": "말이 필요없는 명작이고, 걸작이고, 대작입니다. 인간들의 내면과 군상들을 이보다 적나라하게 묘사할 수는 없다고 보네요.",
    "date": "13.04.28",
    "rating": "10",
    "author": "olib****",
    "review_id": "7490607",
    "movie_id": "10138"
  },
  {
    "review": "어웋....우울해.. ㅠㅠ",
    "date": "13.02.12",
    "rating": "7",
    "author": "pass****",
    "review_id": "7256214",
    "movie_id": "10138"
  },
  {
    "review": "북게르만족 스웨덴과 덴마크의 이야기라서 영화내내 하나도 안 놓치려고 몰입하고  집중하며 보게 됬어요. 우월한 북유럽의 두 나라에도 오랜 민족 감정이 있다는 것을 알게 되었고요.",
    "date": "13.01.25",
    "rating": "10",
    "author": "godo****",
    "review_id": "7173920",
    "movie_id": "10138"
  },
  {
    "review": "내용은 좋으나 끝이 아쉬움",
    "date": "13.01.16",
    "rating": "9",
    "author": "zmfh****",
    "review_id": "7121694",
    "movie_id": "10138"
  },
  {
    "review": "어린펠레 어른이 되어서 세상을 정복하여라.",
    "date": "12.10.29",
    "rating": "8",
    "author": "imbe****",
    "review_id": "6835155",
    "movie_id": "10138"
  },
  {
    "review": "영화결론은 희망적이기보단 절망적이다. 이걸보고 정복자가 될 사람은 없다.",
    "date": "12.02.24",
    "rating": "4",
    "author": "inae****",
    "review_id": "6101910",
    "movie_id": "10138"
  },
  {
    "review": "세상은 너의 것이다! 펠레!",
    "date": "12.02.03",
    "rating": "10",
    "author": "skte****",
    "review_id": "6047109",
    "movie_id": "10138"
  },
  {
    "review": "펠레는 세상을 정복했을까? 잡초같은 인생을 경험 했기에 했을것이다!",
    "date": "12.01.16",
    "rating": "9",
    "author": "dene****",
    "review_id": "5989046",
    "movie_id": "10138"
  },
  {
    "review": "칸영화재 황금종려상 수상한 영화임. 재미 없다는 사람은 머리가 뽕꼴, 뇌가 없는 놈.",
    "date": "11.03.17",
    "rating": "10",
    "author": "sang****",
    "review_id": "5317590",
    "movie_id": "10138"
  },
  {
    "review": "이 영화 아직도 안봤어요??",
    "date": "11.01.28",
    "rating": "10",
    "author": "ykm3****",
    "review_id": "5189542",
    "movie_id": "10138"
  },
  {
    "review": "도망자는 정복자가 될 수 있을까",
    "date": "10.12.16",
    "rating": "6",
    "author": "bbq2****",
    "review_id": "5057014",
    "movie_id": "10138"
  },
  {
    "review": "명작이라 불러도 손색이 없는 영화임!@",
    "date": "10.05.19",
    "rating": "10",
    "author": "holy****",
    "review_id": "4510515",
    "movie_id": "10138"
  },
  {
    "review": "펠레야 꼭 세상을 정복했길 바래!",
    "date": "10.03.26",
    "rating": "10",
    "author": "0win****",
    "review_id": "4387400",
    "movie_id": "10138"
  },
  {
    "review": "명작으로 불리기에는 무리가 있는 영화임.",
    "date": "10.01.12",
    "rating": "5",
    "author": "jjyn****",
    "review_id": "4162432",
    "movie_id": "10138"
  },
  {
    "review": "인생을 향해 나아가는 펠레, 성장영화의 대표작이라 생각한다.",
    "date": "09.12.01",
    "rating": "10",
    "author": "film****",
    "review_id": "4007398",
    "movie_id": "10138"
  },
  {
    "review": "아버지는 자연처럼 거대한 존재가 아니다",
    "date": "09.09.03",
    "rating": "8",
    "author": "tjsd****",
    "review_id": "3809127",
    "movie_id": "10138"
  },
  {
    "review": "영상미가 죽음이다. 대단 대단. 똑똑한 펠레는 어떻게 됐을까.",
    "date": "09.06.22",
    "rating": "9",
    "author": "5292****",
    "review_id": "3582975",
    "movie_id": "10138"
  },
  {
    "review": "재미 없고, 지루함 . 메시지는 알겠지만.. 메시지가 영화의 전부여선 안된다 생각함 .",
    "date": "09.06.19",
    "rating": "3",
    "author": "nadd****",
    "review_id": "3575610",
    "movie_id": "10138"
  },
  {
    "review": "인생을 바라보는 참으로 슬픈 성찰",
    "date": "09.05.09",
    "rating": "10",
    "author": "dovi****",
    "review_id": "3481245",
    "movie_id": "10138"
  },
  {
    "review": "기억에 오래 남는영화.",
    "date": "09.03.31",
    "rating": "10",
    "author": "yoon****",
    "review_id": "3398451",
    "movie_id": "10138"
  },
  {
    "review": "축구선수 펠레가 출현한다",
    "date": "09.02.27",
    "rating": "1",
    "author": "46to****",
    "review_id": "3336296",
    "movie_id": "10138"
  },
  {
    "review": "막스 폰 시도우의 연기와 스테판 닐슨의 음악이 주는 감동이 있는 영화",
    "date": "08.12.08",
    "rating": "10",
    "author": "walk****",
    "review_id": "3100927",
    "movie_id": "10138"
  },
  {
    "review": "마지막 장면과 흘러나오던 그 음악이 잊혀지지 않네요. 가슴뭉클..",
    "date": "08.10.07",
    "rating": "10",
    "author": "muld****",
    "review_id": "2988418",
    "movie_id": "10138"
  },
  {
    "review": "뛰어나다..",
    "date": "08.08.18",
    "rating": "10",
    "author": "anfw****",
    "review_id": "2884391",
    "movie_id": "10138"
  },
  {
    "review": "미지의세계를 향해 땅거미가 내리는 지평선을 달려가는 펠레의 모습.  감동적입니다.",
    "date": "08.07.26",
    "rating": "10",
    "author": "kth6****",
    "review_id": "2803319",
    "movie_id": "10138"
  },
  {
    "review": "마지막 펠레의 모습..  펠레야ㅠㅠ   이런영화 브라보",
    "date": "08.07.05",
    "rating": "10",
    "author": "suan****",
    "review_id": "2741581",
    "movie_id": "10138"
  },
  {
    "review": "이런게 바로 간지영화.... 최고다....",
    "date": "08.06.11",
    "rating": "10",
    "author": "buka****",
    "review_id": "2692535",
    "movie_id": "10138"
  },
  {
    "review": "펠레에게서 희망을 보았다..",
    "date": "08.05.27",
    "rating": "10",
    "author": "allf****",
    "review_id": "2666340",
    "movie_id": "10138"
  },
  {
    "review": "최선최고",
    "date": "07.12.05",
    "rating": "10",
    "author": "koib****",
    "review_id": "2207893",
    "movie_id": "10138"
  },
  {
    "review": "내 인생 최고의 영화",
    "date": "07.11.25",
    "rating": "10",
    "author": "zzon****",
    "review_id": "2183600",
    "movie_id": "10138"
  },
  {
    "review": "거장의 최고의 영화",
    "date": "07.11.17",
    "rating": "10",
    "author": "llen****",
    "review_id": "2159777",
    "movie_id": "10138"
  },
  {
    "review": "감히 최고의 영화  !!",
    "date": "07.11.15",
    "rating": "10",
    "author": "kmp3****",
    "review_id": "2154337",
    "movie_id": "10138"
  },
  {
    "review": "북유럽영화는 인간에 대해 보다 진지하게 관찰해본다.가고싶다...",
    "date": "07.08.20",
    "rating": "8",
    "author": "ador****",
    "review_id": "1961264",
    "movie_id": "10138"
  },
  {
    "review": "개같은 내인생과 라이벌...",
    "date": "07.08.11",
    "rating": "10",
    "author": "hyup****",
    "review_id": "1921192",
    "movie_id": "10138"
  },
  {
    "review": "마지막 장면에서 정말 가슴이 뭉클 했다...",
    "date": "07.08.05",
    "rating": "10",
    "author": "kimg****",
    "review_id": "1884637",
    "movie_id": "10138"
  },
  {
    "review": "정말 감명깊게 보았던 몇안되는 영화",
    "date": "07.07.07",
    "rating": "10",
    "author": "cjw2****",
    "review_id": "1754967",
    "movie_id": "10138"
  },
  {
    "review": "이후 대단한 성장영화",
    "date": "07.07.02",
    "rating": "9",
    "author": "seiz****",
    "review_id": "1739893",
    "movie_id": "10138"
  },
  {
    "review": "삶은 언제나 도전의 연속... 열린 결말의 정수를 보여주는 영화.",
    "date": "07.04.20",
    "rating": "10",
    "author": "dark****",
    "review_id": "1597632",
    "movie_id": "10138"
  },
  {
    "review": "이 영화에 별점 하나 주는 사람들과 같이 살고있다는게 끔찍하다",
    "date": "07.01.30",
    "rating": "10",
    "author": "heod****",
    "review_id": "1425938",
    "movie_id": "10138"
  },
  {
    "review": "난 펠레가 언제 축구를 하는지 궁금해서 봤다는 거.....",
    "date": "06.09.24",
    "rating": "3",
    "author": "namg****",
    "review_id": "1141358",
    "movie_id": "10138"
  },
  {
    "review": "영화 끝, 그 후의 이야기가 궁금하다..",
    "date": "06.08.27",
    "rating": "10",
    "author": "hhh2****",
    "review_id": "1083492",
    "movie_id": "10138"
  },
  {
    "review": "힘들고 고된 노동자들의 삶.. 결말이 왜이리 슬프기만한지..",
    "date": "06.03.01",
    "rating": "10",
    "author": "iixo****",
    "review_id": "699787",
    "movie_id": "10138"
  },
  {
    "review": "이런류의 영화 좋다. 여튼 좋은 영화.",
    "date": "06.02.26",
    "rating": "9",
    "author": "lmr4****",
    "review_id": "692224",
    "movie_id": "10138"
  },
  {
    "review": "good!!!",
    "date": "06.02.18",
    "rating": "9",
    "author": "yeji****",
    "review_id": "677521",
    "movie_id": "10138"
  },
  {
    "review": "나도 일요일 아침에 일어나 침대에서  커피 한잔을 마시고싶다.",
    "date": "06.02.05",
    "rating": "10",
    "author": "syca****",
    "review_id": "648067",
    "movie_id": "10138"
  },
  {
    "review": "조연들의 인간다운 연기가 돋보였던 영화 ^^;",
    "date": "06.02.04",
    "rating": "10",
    "author": "daer****",
    "review_id": "647570",
    "movie_id": "10138"
  },
  {
    "review": "광범위 한 내용..좀 황당한 결말",
    "date": "06.02.04",
    "rating": "7",
    "author": "vlsg****",
    "review_id": "647326",
    "movie_id": "10138"
  },
  {
    "review": "지루해요...간만에 시간내서 봤더니..억울..ㅡㅡ",
    "date": "06.02.04",
    "rating": "1",
    "author": "jeeh****",
    "review_id": "647325",
    "movie_id": "10138"
  },
  {
    "review": "무엇인가 암시해주는 영화",
    "date": "06.02.04",
    "rating": "10",
    "author": "dkdl****",
    "review_id": "647105",
    "movie_id": "10138"
  },
  {
    "review": "별로,,,",
    "date": "06.02.04",
    "rating": "1",
    "author": "chun****",
    "review_id": "647101",
    "movie_id": "10138"
  },
  {
    "review": "지루함..",
    "date": "06.02.04",
    "rating": "1",
    "author": "ljc7****",
    "review_id": "647100",
    "movie_id": "10138"
  },
  {
    "review": "하나의 미술작품을 보는 듯한 아름다운 영상미의 감동적 영화",
    "date": "06.02.04",
    "rating": "10",
    "author": "u1tu****",
    "review_id": "646822",
    "movie_id": "10138"
  },
  {
    "review": "더 큰 세상을 향해가는엔딩.",
    "date": "06.02.04",
    "rating": "10",
    "author": "dude****",
    "review_id": "646790",
    "movie_id": "10138"
  },
  {
    "review": "오랜만에 만나본 감동적인 수작",
    "date": "06.02.04",
    "rating": "10",
    "author": "bbbb****",
    "review_id": "646741",
    "movie_id": "10138"
  },
  {
    "review": "옛날영화는 좋아하지않지만 본순간 끝날때까지 눈을 띠지못했다.",
    "date": "06.02.04",
    "rating": "10",
    "author": "uejs****",
    "review_id": "646605",
    "movie_id": "10138"
  },
  {
    "review": "지극히 사실적이어서 지극히 춥고, 슬프고, 인간적이다.",
    "date": "06.02.04",
    "rating": "10",
    "author": "roll****",
    "review_id": "646414",
    "movie_id": "10138"
  },
  {
    "review": "최악 지루",
    "date": "06.02.04",
    "rating": "1",
    "author": "ambi****",
    "review_id": "646290",
    "movie_id": "10138"
  },
  {
    "review": "정말 최고의 영화/감독의 연출력이 놀라울 뿐.",
    "date": "06.02.04",
    "rating": "10",
    "author": "rolr****",
    "review_id": "646173",
    "movie_id": "10138"
  },
  {
    "review": "암울하고 춥고 비극적이지만 그속의 아름다움이",
    "date": "06.02.04",
    "rating": "10",
    "author": "miam****",
    "review_id": "646149",
    "movie_id": "10138"
  },
  {
    "review": "세상살이 힘들다는게 세삼 느껴진다....ㅜㅜ",
    "date": "06.02.04",
    "rating": "10",
    "author": "easy****",
    "review_id": "646135",
    "movie_id": "10138"
  },
  {
    "review": "진지한 영화이긴한데 전체적으로 좀 우울함..몇 장면은 충격적..",
    "date": "06.02.04",
    "rating": "8",
    "author": "leey****",
    "review_id": "646128",
    "movie_id": "10138"
  },
  {
    "review": "최고다",
    "date": "06.02.03",
    "rating": "10",
    "author": "dhwl****",
    "review_id": "645465",
    "movie_id": "10138"
  },
  {
    "review": "난 시리즈 인줄 알았다. 결말이 안나오면 불안한 이유는 뭘까?",
    "date": "06.02.03",
    "rating": "6",
    "author": "nuss****",
    "review_id": "645340",
    "movie_id": "10138"
  },
  {
    "review": "평점 10을 줄 수 있는 영화는 극히 드물다",
    "date": "06.02.03",
    "rating": "10",
    "author": "eest****",
    "review_id": "644547",
    "movie_id": "10138"
  },
  {
    "review": "실제의 삶 보다도 더 리얼한...",
    "date": "06.01.23",
    "rating": "10",
    "author": "argo****",
    "review_id": "615607",
    "movie_id": "10138"
  },
  {
    "review": "40자이상 쓸수없다니 빌어먹을!!!",
    "date": "06.01.02",
    "rating": "10",
    "author": "inau****",
    "review_id": "553495",
    "movie_id": "10138"
  },
  {
    "review": "삶이란거 자체에 경멸이 느껴진다",
    "date": "05.12.11",
    "rating": "7",
    "author": "okjo****",
    "review_id": "501108",
    "movie_id": "10138"
  },
  {
    "review": "마지막 장면에서 눈물을 흘렸다. 최고의 영화다.",
    "date": "05.12.08",
    "rating": "10",
    "author": "ahns****",
    "review_id": "497813",
    "movie_id": "10138"
  },
  {
    "review": "영원히 기억에 남을 아름다운 풍경화입니다",
    "date": "05.11.10",
    "rating": "10",
    "author": "kwla****",
    "review_id": "470074",
    "movie_id": "10138"
  },
  {
    "review": "오래전에 비디오로 봤는데 ... 좋은 영화. 왕추천. 눈물  찍~.",
    "date": "05.09.14",
    "rating": "10",
    "author": "baba****",
    "review_id": "405179",
    "movie_id": "10138"
  },
  {
    "review": "내인생 베스트5 안에 드는 영화..",
    "date": "05.08.09",
    "rating": "10",
    "author": "c5j2****",
    "review_id": "358929",
    "movie_id": "10138"
  },
  {
    "review": "아주 오래 전에 봤지만 지금도 기억에 남는 영화...",
    "date": "05.07.27",
    "rating": "10",
    "author": "opur****",
    "review_id": "336416",
    "movie_id": "10138"
  },
  {
    "review": "내가 본 영화중 최고의 엔딩과 엔딩곡. 가슴이 떨린다.",
    "date": "05.07.09",
    "rating": "10",
    "author": "peak****",
    "review_id": "316335",
    "movie_id": "10138"
  },
  {
    "review": "아주 좋은 영화랍니다 꼭 보세요..음악도 기억에 남네요",
    "date": "05.06.07",
    "rating": "10",
    "author": "jtj0****",
    "review_id": "295449",
    "movie_id": "10138"
  },
  {
    "review": "아름다운 화면, 비장한 음악, 순수한 영혼, 힘겨운 삶의 여정",
    "date": "05.04.11",
    "rating": "7",
    "author": "iden****",
    "review_id": "258069",
    "movie_id": "10138"
  },
  {
    "review": "펠레, 편안한 안주를 버리고 더 넓은 세상으로.",
    "date": "05.03.05",
    "rating": "8",
    "author": "hadl****",
    "review_id": "235343",
    "movie_id": "10138"
  },
  {
    "review": "펠레. 세상을 정복하라. 내 마음을 빼앗았을때 처럼...",
    "date": "05.02.05",
    "rating": "10",
    "author": "pung****",
    "review_id": "208004",
    "movie_id": "10138"
  },
  {
    "review": "정복자펠레.. 변함없는 나의 Best of Best",
    "date": "04.12.31",
    "rating": "10",
    "author": "dsus****",
    "review_id": "173884",
    "movie_id": "10138"
  },
  {
    "review": "보세요.  대단한 영화입니다.",
    "date": "04.12.27",
    "rating": "10",
    "author": "kiao****",
    "review_id": "171192",
    "movie_id": "10138"
  },
  {
    "review": "인간의 여러모습이 담긴...",
    "date": "04.05.29",
    "rating": "8",
    "author": "misu****",
    "review_id": "47141",
    "movie_id": "10138"
  },
  {
    "review": "감동! 감동! 너무 좋네요..",
    "date": "04.05.29",
    "rating": "10",
    "author": "kano****",
    "review_id": "47121",
    "movie_id": "10138"
  }
]