[
  {
    "review_id": "7821259",
    "movie_id": "101442",
    "author": "sh15****",
    "review": "하쿠아 짱짱",
    "rating": "10",
    "date": "13.08.02"
  },
  {
    "review_id": "7740663",
    "movie_id": "101442",
    "author": "shsh****",
    "review": "명작인게 분명하다",
    "rating": "9",
    "date": "13.07.14"
  },
  {
    "review_id": "7740557",
    "movie_id": "101442",
    "author": "iiii****",
    "review": "엘시 ♥♥♥",
    "rating": "10",
    "date": "13.07.14"
  }
]