[
  {
    "review": "와 미키루크...어릴때보면 별감흥 없을수도 있을것같은데 나이30살에 보니 정말 섹시하구나ㅋㅎㄷㄷ눈호강 했네요",
    "date": "15.07.20",
    "rating": "8",
    "author": "hthu****",
    "review_id": "10122414",
    "movie_id": "10146"
  },
  {
    "review": "내 생에 처음봤던 19금 영화...",
    "date": "15.05.25",
    "rating": "8",
    "author": "nirv****",
    "review_id": "9947925",
    "movie_id": "10146"
  },
  {
    "review": "그들의 육체적 관계는 시간이 흐를수록 진화의 강도가 높아져 결국은 서로에게 상처로 남아 더이상 치유할 수 없게  되버렸다.",
    "date": "15.05.25",
    "rating": "8",
    "author": "anti****",
    "review_id": "9946704",
    "movie_id": "10146"
  },
  {
    "review": "이런게 바로 에로판타지.. 요즘 무분별하게 쏟아져나오는 에로물과는 차원이 다르다.",
    "date": "15.03.20",
    "rating": "9",
    "author": "star****",
    "review_id": "9795709",
    "movie_id": "10146"
  },
  {
    "review": "에로영화의 대명사 같은 영화...킴 베이싱어, 미키 루크의 대표작. 누구나 일탈을 꿈꾼다.",
    "date": "15.03.06",
    "rating": "7",
    "author": "free****",
    "review_id": "9760686",
    "movie_id": "10146"
  },
  {
    "review": "사랑없는 매혹은 지속될 수 없었다",
    "date": "15.01.08",
    "rating": "8",
    "author": "sksd****",
    "review_id": "9573574",
    "movie_id": "10146"
  },
  {
    "review": "80년대 중후반에 이 영화 정말 끝판왕이었음...미키루크와 킴베이싱어가 가장 아름다웠던 시절...가장 아름답게 촬영된 섹스 판타지",
    "date": "15.01.04",
    "rating": "10",
    "author": "lees****",
    "review_id": "9561517",
    "movie_id": "10146"
  },
  {
    "review": "배우들도 매력적이고 내용도 결말도 매력적이다",
    "date": "14.12.23",
    "rating": "10",
    "author": "likc****",
    "review_id": "9504358",
    "movie_id": "10146"
  },
  {
    "review": "미키 루크가 너무나 섹시했던 영화.",
    "date": "14.11.26",
    "rating": "9",
    "author": "ahor****",
    "review_id": "9424508",
    "movie_id": "10146"
  },
  {
    "review": "미키 루크는 왜 이렇게..",
    "date": "14.11.09",
    "rating": "5",
    "author": "alem****",
    "review_id": "9359877",
    "movie_id": "10146"
  },
  {
    "review": "킴 베이싱어의 매력이 살아있는 영화",
    "date": "14.10.31",
    "rating": "9",
    "author": "clef****",
    "review_id": "9330335",
    "movie_id": "10146"
  },
  {
    "review": "이영화 이후로 미키가 몰락의 길을 걸었다는게 안타깝다. 이보다 섹시한 남녀주인공은 없을듯. 존테일러의 노래가 인상적~",
    "date": "14.09.22",
    "rating": "7",
    "author": "whia****",
    "review_id": "9235431",
    "movie_id": "10146"
  },
  {
    "review": "더이상 말이 필요없는 최고의 에로시즘의 명작",
    "date": "14.09.11",
    "rating": "10",
    "author": "0176****",
    "review_id": "9204776",
    "movie_id": "10146"
  },
  {
    "review": "에드리안 라인 감독의 감각은 정말 대단하다!",
    "date": "14.07.22",
    "rating": "7",
    "author": "clou****",
    "review_id": "8939270",
    "movie_id": "10146"
  },
  {
    "review": "이런 스타일의 영화는 처음이네요. 감미로운 영상,...",
    "date": "14.06.19",
    "rating": "9",
    "author": "nice****",
    "review_id": "8841586",
    "movie_id": "10146"
  },
  {
    "review": "다른 건 몰라도 분위기 하나는 역대 최고",
    "date": "14.05.05",
    "rating": "9",
    "author": "aeri****",
    "review_id": "8705245",
    "movie_id": "10146"
  },
  {
    "review": "섹시함하면 딱 떠오르는 대명사같은영화답다",
    "date": "14.03.04",
    "rating": "7",
    "author": "jjcv****",
    "review_id": "8555941",
    "movie_id": "10146"
  },
  {
    "review": "예전에 봤던 느낌이 나지 않는다. 그저 그렇다",
    "date": "13.11.27",
    "rating": "7",
    "author": "lyna****",
    "review_id": "8172152",
    "movie_id": "10146"
  },
  {
    "review": "킴 베이싱어는 예뻤지만 영화는 그야말로 개판",
    "date": "13.11.25",
    "rating": "1",
    "author": "mara****",
    "review_id": "8167662",
    "movie_id": "10146"
  },
  {
    "review": "어릴때 봤으면 충격적이라고 신나게 볼텐데, 임팩트가없다ㅠㅠ미키루크 리즈시절 비주얼은 인정 !!",
    "date": "13.10.01",
    "rating": "7",
    "author": "pass****",
    "review_id": "8025899",
    "movie_id": "10146"
  },
  {
    "review": "그야말로 진짜 감각의제국이구먼..",
    "date": "13.10.01",
    "rating": "5",
    "author": "yols****",
    "review_id": "8025173",
    "movie_id": "10146"
  },
  {
    "review": "존은 불쌍하게도 육체적인 사랑이상의 사랑을 할 수 없는 남자였어 엘리자베스가 떠날때 존이 널 안을 때 다른 여자들과다른 감정을 느꼈다는데 그건 분명 육체적인 사랑이상의 감정이었을텐데 그걸 깨닫지 못하고 육체만 탐닉하니 엘리자베스가 떠날 수 밖에",
    "date": "13.09.18",
    "rating": "6",
    "author": "page****",
    "review_id": "7991196",
    "movie_id": "10146"
  },
  {
    "review": "오래전 그때 보고 푹 빠져 버렸던 영화 cf감독 출신 연출자 덕에 영화속 많은 장면들이 당시 티비 cf에 참 많이도 카피됐었지",
    "date": "13.09.03",
    "rating": "8",
    "author": "hwak****",
    "review_id": "7944835",
    "movie_id": "10146"
  },
  {
    "review": "미키루크 미소는 백만불, 하지만 내용은 산으로가고 개연성없고, 노출도 그닥... 파격도 그닥... 흠 여자 웃음소리 때문에 집중도도 떨어졌음...",
    "date": "13.07.21",
    "rating": "4",
    "author": "mglo****",
    "review_id": "7771176",
    "movie_id": "10146"
  },
  {
    "review": "남자는 여자를 만족시켜 줘야 한다........그래서 여자에게 동성애까지 해주지만...진짜 여자의 속마음은 무었이었을까........",
    "date": "13.07.08",
    "rating": "7",
    "author": "span****",
    "review_id": "7718045",
    "movie_id": "10146"
  },
  {
    "review": "지금봐도충격적이긴함. 음악이 좀 별로인듯",
    "date": "13.07.04",
    "rating": "6",
    "author": "judy****",
    "review_id": "7701992",
    "movie_id": "10146"
  },
  {
    "review": "선정성의 끝판왕.",
    "date": "13.05.25",
    "rating": "7",
    "author": "dlwo****",
    "review_id": "7553232",
    "movie_id": "10146"
  },
  {
    "review": "정말 도입부는 좋았는데.. 매력적인 도입부와, 멋진 영상미.. 중간에 힘이 부족했고, 뒤로 갈 수록 부자연 스러워 진다.",
    "date": "13.05.20",
    "rating": "7",
    "author": "binn****",
    "review_id": "7545137",
    "movie_id": "10146"
  },
  {
    "review": "미키루크의 미모..",
    "date": "13.05.02",
    "rating": "6",
    "author": "tn99****",
    "review_id": "7500038",
    "movie_id": "10146"
  },
  {
    "review": "나쁘지만 거절 못하는 매력이 이런거지...",
    "date": "13.02.11",
    "rating": "7",
    "author": "kimg****",
    "review_id": "7252418",
    "movie_id": "10146"
  },
  {
    "review": "단순히 야하기만 한 영화가 아니다",
    "date": "13.01.05",
    "rating": "8",
    "author": "figh****",
    "review_id": "7083414",
    "movie_id": "10146"
  },
  {
    "review": "섹시한 영화...",
    "date": "13.01.04",
    "rating": "9",
    "author": "robe****",
    "review_id": "7080474",
    "movie_id": "10146"
  },
  {
    "review": "알쏭달쏭한 그들의 마음.",
    "date": "12.11.25",
    "rating": "6",
    "author": "cube****",
    "review_id": "6924414",
    "movie_id": "10146"
  },
  {
    "review": "당시 미키루크는 넘 멋졌다.. 인정하긴 싫지만...^^",
    "date": "12.11.04",
    "rating": "10",
    "author": "spar****",
    "review_id": "6856270",
    "movie_id": "10146"
  },
  {
    "review": "민경아.. 나중에 해보고 싶다고,,,,?",
    "date": "12.10.28",
    "rating": "4",
    "author": "firs****",
    "review_id": "6832374",
    "movie_id": "10146"
  },
  {
    "review": "에로영화라고 치부해 버리긴 뭔가 있다아 미키루크..ㅜㅜ",
    "date": "12.10.19",
    "rating": "10",
    "author": "supe****",
    "review_id": "6812245",
    "movie_id": "10146"
  },
  {
    "review": "두 주인공들의 마음을 직접 체험하는 듯한 느낌.",
    "date": "12.10.15",
    "rating": "10",
    "author": "kiqi****",
    "review_id": "6804882",
    "movie_id": "10146"
  },
  {
    "review": "86년 작품! 지금봐도 전혀 촌스럽지 않는 두 주연배우영상미는 최고!",
    "date": "12.09.21",
    "rating": "9",
    "author": "toad****",
    "review_id": "6717644",
    "movie_id": "10146"
  },
  {
    "review": "고등학교 때 못보고 지금에야 보았는데, 영상미와 사운드트랙은 지금의 영화들이 절대 못 따라올 것. 허나 내용은 별 다른 게 없어 아쉬움",
    "date": "12.09.10",
    "rating": "6",
    "author": "alex****",
    "review_id": "6685500",
    "movie_id": "10146"
  },
  {
    "review": "넘쳐나는영상과매력적인베드신",
    "date": "12.08.23",
    "rating": "8",
    "author": "dnf7****",
    "review_id": "6638358",
    "movie_id": "10146"
  },
  {
    "review": "당시 '선수'들의 교과서.. 특히 여자한테 시계 선물하면서 읊조린 대사는 여럿이 흉내내던 단골 수법..",
    "date": "12.07.25",
    "rating": "8",
    "author": "kiwo****",
    "review_id": "6527294",
    "movie_id": "10146"
  },
  {
    "review": "여주인공 좀 남자같이 생겼다...;; 두사람의 심리를 알수없는게 이 영화의 매력",
    "date": "12.06.27",
    "rating": "8",
    "author": "twis****",
    "review_id": "6420464",
    "movie_id": "10146"
  },
  {
    "review": "마성의 매력남 미키루크..에로영화라 하기에는 너무 작품성이 뛰어나지않나-",
    "date": "12.06.10",
    "rating": "9",
    "author": "read****",
    "review_id": "6382513",
    "movie_id": "10146"
  },
  {
    "review": "영상미는 훌륭한데 내용이 부실 안타깝다",
    "date": "12.05.02",
    "rating": "6",
    "author": "dwte****",
    "review_id": "6266261",
    "movie_id": "10146"
  },
  {
    "review": "선수다",
    "date": "12.04.27",
    "rating": "6",
    "author": "drd1****",
    "review_id": "6250442",
    "movie_id": "10146"
  },
  {
    "review": "최고.......명작",
    "date": "12.03.04",
    "rating": "10",
    "author": "minj****",
    "review_id": "6123410",
    "movie_id": "10146"
  },
  {
    "review": "내가 중학교때 너무나도 유명했던 영화",
    "date": "12.02.24",
    "rating": "7",
    "author": "marc****",
    "review_id": "6102038",
    "movie_id": "10146"
  },
  {
    "review": "영화를 볼 때, 잠시 이성을 OFF해 두면 더 좋은 감상을 할 수 있다",
    "date": "12.02.20",
    "rating": "7",
    "author": "mygr****",
    "review_id": "6090500",
    "movie_id": "10146"
  },
  {
    "review": "내가80년대 꼬맹이 일때 성에 호기심을 가지고 보게된 최초의 에로영화",
    "date": "11.11.04",
    "rating": "9",
    "author": "gmwf****",
    "review_id": "5827672",
    "movie_id": "10146"
  },
  {
    "review": "버터같은 과거의 미키 루크보다, 마초같은 현재의 미키 루크가 더 나은듯.",
    "date": "11.08.13",
    "rating": "7",
    "author": "bsm9****",
    "review_id": "5644597",
    "movie_id": "10146"
  },
  {
    "review": "난 솔직히 별로였다..",
    "date": "11.07.24",
    "rating": "5",
    "author": "my30****",
    "review_id": "5567103",
    "movie_id": "10146"
  },
  {
    "review": "아...오글거려 아이언맨 악당 아저씨 ㅋㅋ",
    "date": "11.06.01",
    "rating": "4",
    "author": "xuan****",
    "review_id": "5459399",
    "movie_id": "10146"
  },
  {
    "review": "버터남 미키루크의 변태 싸이코 연기 ㅋㅋ 근데 난 지금의 미키루크가 더 좋다",
    "date": "11.04.28",
    "rating": "10",
    "author": "whij****",
    "review_id": "5395331",
    "movie_id": "10146"
  },
  {
    "review": "미친사랑의 끝자락에 남은건 쓸쓸한 여운의 공허함만이",
    "date": "11.04.21",
    "rating": "3",
    "author": "goms****",
    "review_id": "5385580",
    "movie_id": "10146"
  },
  {
    "review": "에로장르의 새로운 전환점이된 길이남을 걸작.",
    "date": "11.02.05",
    "rating": "10",
    "author": "mini****",
    "review_id": "5218147",
    "movie_id": "10146"
  },
  {
    "review": "영상미만으로는 최고점수를 줘도 아깝지 않다. 과장되지 않은 영화.",
    "date": "10.12.28",
    "rating": "9",
    "author": "xovn****",
    "review_id": "5094565",
    "movie_id": "10146"
  },
  {
    "review": "당시 극장에서 봤음,,,매력적인 킴베신저에게 홀딱 빠졌던 기억이 ~~~~~~~",
    "date": "10.12.07",
    "rating": "8",
    "author": "fnsk****",
    "review_id": "5035080",
    "movie_id": "10146"
  },
  {
    "review": "이게뭐야 더러워 ㅡㅡ남자 진짜 변태",
    "date": "10.11.03",
    "rating": "1",
    "author": "wksg****",
    "review_id": "4936798",
    "movie_id": "10146"
  },
  {
    "review": "에로틱영화의 기념비적 작품",
    "date": "10.10.13",
    "rating": "9",
    "author": "foun****",
    "review_id": "4901082",
    "movie_id": "10146"
  },
  {
    "review": "미키 루크와 킴 베신저의 숨 막히는 매력. 구성도 수준급이었던 성애 영화의 결정판",
    "date": "10.09.24",
    "rating": "8",
    "author": "gall****",
    "review_id": "4864202",
    "movie_id": "10146"
  },
  {
    "review": "내 생에 최고의 에로티카. 80년대 영화지만 전혀 촌스럽지 않다...",
    "date": "10.09.20",
    "rating": "10",
    "author": "viva****",
    "review_id": "4851119",
    "movie_id": "10146"
  },
  {
    "review": "애로영화의 거장 ~",
    "date": "10.09.02",
    "rating": "10",
    "author": "ggug****",
    "review_id": "4811498",
    "movie_id": "10146"
  },
  {
    "review": "더이상 야한영화가 아니다 최고의 섹시영화!",
    "date": "10.07.23",
    "rating": "7",
    "author": "si2p****",
    "review_id": "4663649",
    "movie_id": "10146"
  },
  {
    "review": "능글맞은 믹키루크 놀아나는 팀베신져",
    "date": "10.07.01",
    "rating": "4",
    "author": "ssuk****",
    "review_id": "4603903",
    "movie_id": "10146"
  },
  {
    "review": "하악하악 미키루크",
    "date": "10.05.24",
    "rating": "10",
    "author": "4x7c****",
    "review_id": "4521292",
    "movie_id": "10146"
  },
  {
    "review": "미키루크에 푹 빠지게 만들었던 영화.",
    "date": "10.05.18",
    "rating": "10",
    "author": "kse0****",
    "review_id": "4508524",
    "movie_id": "10146"
  },
  {
    "review": "걸작이다. 에로라는 장르가 이렇게 로맨틱하고 아름다울 수 있을까",
    "date": "10.04.28",
    "rating": "10",
    "author": "tpem****",
    "review_id": "4460892",
    "movie_id": "10146"
  },
  {
    "review": "'당시에'가 중요한 작품을 '당시에' 보지 못 했을 때 느낄 수 없는것",
    "date": "10.03.20",
    "rating": "6",
    "author": "expr****",
    "review_id": "4370096",
    "movie_id": "10146"
  },
  {
    "review": "진심...내생의 최고의 영화...",
    "date": "10.03.12",
    "rating": "10",
    "author": "joyj****",
    "review_id": "4351690",
    "movie_id": "10146"
  },
  {
    "review": "졸릴때마다 나타나는 미키루크의 잘생긴 얼굴. 인과관계가 살아있어 성의가 느껴진다.",
    "date": "10.02.07",
    "rating": "8",
    "author": "5292****",
    "review_id": "4256276",
    "movie_id": "10146"
  },
  {
    "review": "80년대 최고의 섹시가이 미키루크 하나만으로도 볼만한 가치가 있는 영화",
    "date": "10.02.03",
    "rating": "10",
    "author": "gogo****",
    "review_id": "4242326",
    "movie_id": "10146"
  },
  {
    "review": "충격적이지만 천박하지 않은 에로티시즘. 세련된 영상미. 가슴이 먹먹해지는 영화",
    "date": "09.09.24",
    "rating": "10",
    "author": "swee****",
    "review_id": "3848254",
    "movie_id": "10146"
  },
  {
    "review": "지금이라도 보게 되서 정말 다행이다...",
    "date": "09.08.11",
    "rating": "10",
    "author": "zzen****",
    "review_id": "3735565",
    "movie_id": "10146"
  },
  {
    "review": "훈남미키루크,멋진몸매 킴베이싱어,기억에 남는 계단에서의 그것,그리고 결말의 여운",
    "date": "09.07.20",
    "rating": "6",
    "author": "hell****",
    "review_id": "3652516",
    "movie_id": "10146"
  },
  {
    "review": "다시는 없을 세기의 미남, 눈부신 생명체 \"미키 루크\"",
    "date": "09.06.21",
    "rating": "7",
    "author": "kort****",
    "review_id": "3580577",
    "movie_id": "10146"
  },
  {
    "review": "절제된 노출로 최대의 영상미를 그려낸 명품 에로물. 그 당시에는 파격적이었겠음.",
    "date": "09.06.07",
    "rating": "7",
    "author": "deka****",
    "review_id": "3549056",
    "movie_id": "10146"
  },
  {
    "review": "템포가 느리는 건 좋다만 리듬감은 갖추고 있어야지.. 흐름도 자연스럽지 않고..",
    "date": "09.06.02",
    "rating": "3",
    "author": "hepy****",
    "review_id": "3540327",
    "movie_id": "10146"
  },
  {
    "review": "이 당시 센세이셔널한 반응은 화면빨에 국한된 것이 아니었다 바로 베신저 그녀..",
    "date": "09.03.28",
    "rating": "7",
    "author": "deff****",
    "review_id": "3392142",
    "movie_id": "10146"
  },
  {
    "review": "아나,,입소문듣고봤다가 완전낭패봐서 리뷰남기러들어왔는데 2를봤다는..",
    "date": "09.03.10",
    "rating": "10",
    "author": "impi****",
    "review_id": "3358071",
    "movie_id": "10146"
  },
  {
    "review": "에로티시즘 영화의 바이블이자 교과서",
    "date": "09.02.25",
    "rating": "10",
    "author": "ccmm****",
    "review_id": "3332335",
    "movie_id": "10146"
  },
  {
    "review": "배우 음악 영상 , 뛰어나다.",
    "date": "09.02.13",
    "rating": "10",
    "author": "zndi****",
    "review_id": "3300265",
    "movie_id": "10146"
  },
  {
    "review": "지금 봐도 진짜 걸작이라는 생각이 든다. 그리고 마지막은 진한 여운을 남기게 한다.",
    "date": "08.11.20",
    "rating": "10",
    "author": "skrt****",
    "review_id": "3061740",
    "movie_id": "10146"
  },
  {
    "review": "요즘 에로영화보다 낫다. 너무 섹시하고 감각적인영화",
    "date": "08.10.07",
    "rating": "10",
    "author": "mcfl****",
    "review_id": "2987217",
    "movie_id": "10146"
  },
  {
    "review": "진짜 농담안하고 어른되면 미키루크처럼 되고 싶었다.",
    "date": "08.09.08",
    "rating": "10",
    "author": "hini****",
    "review_id": "2929794",
    "movie_id": "10146"
  },
  {
    "review": "그 당시 정말 굉장한 영화였음. 성에 대한 환타지와 충격이란..",
    "date": "08.09.07",
    "rating": "10",
    "author": "ecla****",
    "review_id": "2928546",
    "movie_id": "10146"
  },
  {
    "review": "별로...",
    "date": "08.07.12",
    "rating": "6",
    "author": "moff****",
    "review_id": "2757960",
    "movie_id": "10146"
  },
  {
    "review": "감각적이고 에로틱한 영화",
    "date": "08.06.29",
    "rating": "8",
    "author": "leh0****",
    "review_id": "2729297",
    "movie_id": "10146"
  },
  {
    "review": "킴베이싱어가 눈썹이 별로없어-_-.....에로시티즘의절정이라 내심기대했는데 별로...",
    "date": "08.05.10",
    "rating": "5",
    "author": "rsmh****",
    "review_id": "2628495",
    "movie_id": "10146"
  },
  {
    "review": "삭제판으로 봐서 그런지.. 그닥 끌리지도, 강하지도 않았다.",
    "date": "08.05.09",
    "rating": "5",
    "author": "pola****",
    "review_id": "2626426",
    "movie_id": "10146"
  },
  {
    "review": "보다가 정신을 차려보니 영웅본색의 주윤발처럼 쌍코피가 흐르더라는 전설이...ㅋㅋ",
    "date": "08.02.09",
    "rating": "9",
    "author": "baks****",
    "review_id": "2425732",
    "movie_id": "10146"
  },
  {
    "review": "마지막 킴베신저의 절망스런 눈물.....그 의미를 알기에 슬픈 영화",
    "date": "08.01.03",
    "rating": "9",
    "author": "kore****",
    "review_id": "2293354",
    "movie_id": "10146"
  },
  {
    "review": "당신이꿈꾸는모든것",
    "date": "07.11.23",
    "rating": "10",
    "author": "mana****",
    "review_id": "2175326",
    "movie_id": "10146"
  },
  {
    "review": "단순한 에로티시즘으로 보기엔 너무나 많은 것이 담겨 있다.",
    "date": "07.11.20",
    "rating": "10",
    "author": "hipo****",
    "review_id": "2168135",
    "movie_id": "10146"
  },
  {
    "review": "훌륭한 섹스 판타지",
    "date": "07.11.19",
    "rating": "10",
    "author": "ecli****",
    "review_id": "2165452",
    "movie_id": "10146"
  },
  {
    "review": "여자의 환타지와 현실의 괴리",
    "date": "07.09.26",
    "rating": "8",
    "author": "supe****",
    "review_id": "2052221",
    "movie_id": "10146"
  },
  {
    "review": "에로티시즘의 절정!! 뛰어난 연출력과 탄탄한 구성력.",
    "date": "07.08.24",
    "rating": "10",
    "author": "viva****",
    "review_id": "1975405",
    "movie_id": "10146"
  },
  {
    "review": "에로영화의 명작... 내 머릿속에 각인된 장면이 너무 많다..",
    "date": "07.08.11",
    "rating": "10",
    "author": "typo****",
    "review_id": "1919166",
    "movie_id": "10146"
  },
  {
    "review": "배우,시나리오,영상 모두 섹시한 작품..",
    "date": "07.07.14",
    "rating": "8",
    "author": "hide****",
    "review_id": "1776083",
    "movie_id": "10146"
  },
  {
    "review": "너의 모든 것을 다 안다는 듯한 미키루크의 편안하고 은은한 미소.사악하다",
    "date": "07.06.03",
    "rating": "9",
    "author": "bepl****",
    "review_id": "1679242",
    "movie_id": "10146"
  },
  {
    "review": "미키루크와 킴베신저... 감각적인 에로틱영화의 진수",
    "date": "07.05.26",
    "rating": "10",
    "author": "damu****",
    "review_id": "1664468",
    "movie_id": "10146"
  }
]