[
  {
    "review": "강약조절에 성공한 세련된 드라마! 청승과 궁상의 뻔한 신파극이 될 위험이  다분히 많이 깔려있음에도 불구하고 뻔한데 뻔하지 않게 포석을 매우 영리하게 깔았다! 과연 제임스 L. 브룩스~",
    "date": "14.11.07",
    "rating": "10",
    "author": "nasu****",
    "review_id": "9351651",
    "movie_id": "10143"
  },
  {
    "review": "사랑하고 싸우고 용서하고 함께 즐거워하고 슬퍼하다 생을 마감하는 그것이 인생이다. 잔잔하지만 깊은 여운을 던지는 영화. 내 인생 최고 영화 리스트에 지금 막 등록 ㅎㅎ",
    "date": "14.05.12",
    "rating": "10",
    "author": "noir****",
    "review_id": "8725052",
    "movie_id": "10143"
  },
  {
    "review": "불륜은 논외하고 아름답지만 결국 안타깝고 슬픈이야기..",
    "date": "14.05.04",
    "rating": "7",
    "author": "ehwj****",
    "review_id": "8702796",
    "movie_id": "10143"
  },
  {
    "review": "데보라 윙거의 허스키 한 목소리 .",
    "date": "14.04.26",
    "rating": "9",
    "author": "mool****",
    "review_id": "8674354",
    "movie_id": "10143"
  },
  {
    "review": "불륜이 너무나도 당연한 이야기가 되버린 세상. 근데 여자들은 항상 왜 바람둥이가 좋아서 안달인걸까. 그것도 처음엔 싫어하는척하다가 곧 넘어가게 되는 뻔하디 뻔한 레퍼토리.",
    "date": "14.03.23",
    "rating": "1",
    "author": "mara****",
    "review_id": "8598592",
    "movie_id": "10143"
  },
  {
    "review": "누구에게라도  너무나 흡사한 우리네 인생이야기...",
    "date": "14.01.18",
    "rating": "10",
    "author": "suni****",
    "review_id": "8395919",
    "movie_id": "10143"
  },
  {
    "review": "이게재밋음? 나는노잼인데",
    "date": "14.01.03",
    "rating": "1",
    "author": "tjrl****",
    "review_id": "8344706",
    "movie_id": "10143"
  },
  {
    "review": "모녀, 남녀 등 관계와 사랑의 방법을 일깨워줌. 그런데 불륜이 너무나 당연하고 일상적임.",
    "date": "13.10.05",
    "rating": "6",
    "author": "cles****",
    "review_id": "8037902",
    "movie_id": "10143"
  },
  {
    "review": "친구같은 모녀, 내가아는것보다 더 선굵은 여자의 삶",
    "date": "13.08.20",
    "rating": "7",
    "author": "jjcv****",
    "review_id": "7907138",
    "movie_id": "10143"
  },
  {
    "review": "잔잔한 영화. 그러나 멋진.",
    "date": "13.04.14",
    "rating": "10",
    "author": "lsh5****",
    "review_id": "7459128",
    "movie_id": "10143"
  },
  {
    "review": "[아카데미]1984년56회 작품,여우주연,남우조연,감독,각색 5개부문수상작.여우주연은셜리맥클라인(웨렌비티누나로아카데미수상)과데브라윙거가같이올랐었다.한여성의일대기로엄마와딸그리고주변인들.필자가본영화중5위안에듬.바다속에숨은진주를이제서야찾은느낌이었음.적극추천",
    "date": "13.03.19",
    "rating": "10",
    "author": "new7****",
    "review_id": "7363491",
    "movie_id": "10143"
  },
  {
    "review": "데보라 윙거의 허스키 하면서 약간 목이 잠긴 듯한 목소리 너무 매력적입니다.현실적인 미국 시대의 자화상",
    "date": "12.12.19",
    "rating": "9",
    "author": "youn****",
    "review_id": "7016957",
    "movie_id": "10143"
  },
  {
    "review": "시대를 아우르는 여자의 감정선이 돋보이는 걸작",
    "date": "12.08.18",
    "rating": "10",
    "author": "egoh****",
    "review_id": "6620487",
    "movie_id": "10143"
  },
  {
    "review": "real32.....\"비트스누프\"..로 가보삼....고고씽...",
    "date": "12.07.09",
    "rating": "10",
    "author": "vedd****",
    "review_id": "6463202",
    "movie_id": "10143"
  },
  {
    "review": "2 어디서 못구하나",
    "date": "12.01.25",
    "rating": "8",
    "author": "real****",
    "review_id": "6019746",
    "movie_id": "10143"
  },
  {
    "review": "'84년 아카데미 여우주연상은 데브라 윙거에게 주었어야 마땅하다. 10번도 더 본..",
    "date": "12.01.10",
    "rating": "10",
    "author": "bree****",
    "review_id": "5975732",
    "movie_id": "10143"
  },
  {
    "review": "그어떤 영화보다 엄마를 생각하게 만드는영화",
    "date": "12.01.03",
    "rating": "7",
    "author": "hjj5****",
    "review_id": "5957721",
    "movie_id": "10143"
  },
  {
    "review": "모녀끼리 보면 더욱 좋을 영화",
    "date": "12.01.01",
    "rating": "9",
    "author": "figh****",
    "review_id": "5952364",
    "movie_id": "10143"
  },
  {
    "review": "니들이 잭을 알어,,,,^^",
    "date": "11.09.02",
    "rating": "10",
    "author": "ahn1****",
    "review_id": "5704145",
    "movie_id": "10143"
  },
  {
    "review": "해피엔딩을 얼마나 원했는데 ㅠㅠ",
    "date": "11.07.28",
    "rating": "9",
    "author": "psy9****",
    "review_id": "5575685",
    "movie_id": "10143"
  },
  {
    "review": "가족, 사랑이라는 주제를 물흐르듯 풀어낸 고전같은 작품",
    "date": "11.05.22",
    "rating": "10",
    "author": "twot****",
    "review_id": "5444097",
    "movie_id": "10143"
  },
  {
    "review": "So so.",
    "date": "11.02.05",
    "rating": "6",
    "author": "nost****",
    "review_id": "5220066",
    "movie_id": "10143"
  },
  {
    "review": "화려한 배역,감동의영화",
    "date": "11.01.16",
    "rating": "9",
    "author": "mais****",
    "review_id": "5160928",
    "movie_id": "10143"
  },
  {
    "review": "놀라운 셜리 맥클레인의 연기.",
    "date": "10.08.01",
    "rating": "10",
    "author": "cher****",
    "review_id": "4693031",
    "movie_id": "10143"
  },
  {
    "review": "사람냄새나는 영화다",
    "date": "10.04.10",
    "rating": "9",
    "author": "yuye****",
    "review_id": "4423606",
    "movie_id": "10143"
  },
  {
    "review": "잔잔한 감동",
    "date": "10.03.30",
    "rating": "8",
    "author": "lllm****",
    "review_id": "4398035",
    "movie_id": "10143"
  },
  {
    "review": "25년이 지난 영화인데 공감이 되는 영화",
    "date": "10.03.16",
    "rating": "8",
    "author": "redi****",
    "review_id": "4361076",
    "movie_id": "10143"
  },
  {
    "review": "엄청난 연기들이 이 영화를 여전히 따뜻하게 해준다",
    "date": "10.01.17",
    "rating": "9",
    "author": "bbq2****",
    "review_id": "4181447",
    "movie_id": "10143"
  },
  {
    "review": "모녀지간에 꼭 봐야할 영화 셸리와 데브라의 모녀연기가 일품이다",
    "date": "09.12.15",
    "rating": "9",
    "author": "si2p****",
    "review_id": "4046188",
    "movie_id": "10143"
  },
  {
    "review": "사람은 서로 관계를 통해 상처를 치유하며 살아간다....명작이다.",
    "date": "09.11.11",
    "rating": "10",
    "author": "pari****",
    "review_id": "3952108",
    "movie_id": "10143"
  },
  {
    "review": "사랑의 에너지가 뭉쳐져 있는 영화로 느껴진다..강렬하다.",
    "date": "09.10.19",
    "rating": "10",
    "author": "jocy****",
    "review_id": "3903729",
    "movie_id": "10143"
  },
  {
    "review": "빛나는 휴먼 스토리... 솔직해서 재미있다.",
    "date": "09.09.22",
    "rating": "10",
    "author": "jkw1****",
    "review_id": "3844079",
    "movie_id": "10143"
  },
  {
    "review": "되는일이 없을때, 혼자 울고싶을때 보세요..",
    "date": "09.09.18",
    "rating": "10",
    "author": "knot****",
    "review_id": "3837152",
    "movie_id": "10143"
  },
  {
    "review": "잔잔한 드라마지만. 파괴력은 잔잔하지 않다. 헐리웃이 만들어낸 최고의 드라마~",
    "date": "09.09.05",
    "rating": "10",
    "author": "ajho****",
    "review_id": "3813569",
    "movie_id": "10143"
  },
  {
    "review": "가슴 한 편이 뜨거워 지는 영화 . .",
    "date": "09.05.31",
    "rating": "10",
    "author": "ehdw****",
    "review_id": "3534354",
    "movie_id": "10143"
  },
  {
    "review": "첫장면이 잊혀지지 않는다.",
    "date": "09.04.16",
    "rating": "7",
    "author": "movi****",
    "review_id": "3423737",
    "movie_id": "10143"
  },
  {
    "review": "그래도 삶은 계속된다",
    "date": "09.03.11",
    "rating": "8",
    "author": "inte****",
    "review_id": "3360322",
    "movie_id": "10143"
  },
  {
    "review": "오로라가 내딸을 살려내라고 병원서 울부짖는 장면 너무 슬펐어. ㅠ",
    "date": "09.02.19",
    "rating": "10",
    "author": "pete****",
    "review_id": "3316679",
    "movie_id": "10143"
  },
  {
    "review": "이 두 모녀의 관계는 말로 표현할 수 없다",
    "date": "09.01.03",
    "rating": "10",
    "author": "jmp0****",
    "review_id": "3180991",
    "movie_id": "10143"
  },
  {
    "review": "잔잔한 감동을 주는 영화..엄마의 사랑과 딸의 모습은 감동을 주기에 충분했다.",
    "date": "08.09.27",
    "rating": "10",
    "author": "skrt****",
    "review_id": "2971837",
    "movie_id": "10143"
  },
  {
    "review": "마지막 장면보고, 흘러내리는 눈물을 참을 수가 없었다.",
    "date": "08.07.14",
    "rating": "10",
    "author": "pola****",
    "review_id": "2762486",
    "movie_id": "10143"
  },
  {
    "review": "몇번을 봤는데도 볼때마다 눈물이 난다",
    "date": "08.07.09",
    "rating": "10",
    "author": "jpra****",
    "review_id": "2750572",
    "movie_id": "10143"
  },
  {
    "review": "엄마와 딸, 그 아름다운관계를 영상으로 보여준, 너무 따뜻하고 감동적인 영화",
    "date": "08.06.15",
    "rating": "10",
    "author": "cool****",
    "review_id": "2699689",
    "movie_id": "10143"
  },
  {
    "review": "연기 하나만으로 이미 충분한  ...",
    "date": "08.03.10",
    "rating": "7",
    "author": "erhe****",
    "review_id": "2513090",
    "movie_id": "10143"
  },
  {
    "review": "연기, 드라마, 메세지, 위트, 무엇하나 놓치지 않는 최고의 걸작",
    "date": "08.02.20",
    "rating": "10",
    "author": "donj****",
    "review_id": "2466953",
    "movie_id": "10143"
  },
  {
    "review": "평생 본 영화중 최고",
    "date": "08.02.14",
    "rating": "10",
    "author": "rosa****",
    "review_id": "2443107",
    "movie_id": "10143"
  },
  {
    "review": "많이 슬픈... 데보라 윙거의 억척같은 연기가 참 인상깊었어요",
    "date": "07.11.09",
    "rating": "10",
    "author": "juyo****",
    "review_id": "2140803",
    "movie_id": "10143"
  },
  {
    "review": "왜 아카데미 작품상 ,여우주연 받은건지 보면 이해간다..최고다",
    "date": "07.11.08",
    "rating": "10",
    "author": "dj16****",
    "review_id": "2139542",
    "movie_id": "10143"
  },
  {
    "review": "조용한 재미가 있군여..조금 지루하지만요",
    "date": "07.09.05",
    "rating": "7",
    "author": "drd1****",
    "review_id": "2002327",
    "movie_id": "10143"
  },
  {
    "review": "유머와 비극의 적절한 버무림, 미국식 신파영화의 교과서",
    "date": "07.04.28",
    "rating": "8",
    "author": "oklo****",
    "review_id": "1609708",
    "movie_id": "10143"
  },
  {
    "review": "뻔하고 지루할 것 같다고 생각했다. 그러나 결국 나도 울어버렸다.",
    "date": "07.04.22",
    "rating": "9",
    "author": "holl****",
    "review_id": "1600556",
    "movie_id": "10143"
  },
  {
    "review": "영화중간엔 울지않았다. 크레딧이 올라갈때 제목의 의미때문에 울었다.",
    "date": "07.04.16",
    "rating": "10",
    "author": "yags****",
    "review_id": "1592162",
    "movie_id": "10143"
  },
  {
    "review": "요즘은 왜 이런영화가없을까...",
    "date": "06.12.18",
    "rating": "9",
    "author": "bebe****",
    "review_id": "1302003",
    "movie_id": "10143"
  },
  {
    "review": "기대보단 약간 미흡",
    "date": "06.12.15",
    "rating": "8",
    "author": "outf****",
    "review_id": "1294150",
    "movie_id": "10143"
  },
  {
    "review": "갈등은 사랑속에서 그저 사랑싸움일뿐인걸",
    "date": "06.11.19",
    "rating": "10",
    "author": "cool****",
    "review_id": "1241209",
    "movie_id": "10143"
  },
  {
    "review": "중학생 때 이 영화보고 펑펑 울었다. 뭘 안다구",
    "date": "06.10.04",
    "rating": "10",
    "author": "leaf****",
    "review_id": "1159945",
    "movie_id": "10143"
  },
  {
    "review": "best movie",
    "date": "06.08.19",
    "rating": "10",
    "author": "show****",
    "review_id": "1056856",
    "movie_id": "10143"
  },
  {
    "review": "정말 최고의 드라마! 딸과 엄마의 교감....눈물이 난다...",
    "date": "05.12.26",
    "rating": "10",
    "author": "jhsw****",
    "review_id": "530361",
    "movie_id": "10143"
  },
  {
    "review": "가족의 사랑에 관한 답은 서로의 이해라 생각한다.",
    "date": "05.05.31",
    "rating": "8",
    "author": "tjsd****",
    "review_id": "291102",
    "movie_id": "10143"
  },
  {
    "review": "20년 전에 이런 영화가 있었다. 즐겁고 재밌고 감동도...",
    "date": "05.02.09",
    "rating": "9",
    "author": "para****",
    "review_id": "213594",
    "movie_id": "10143"
  },
  {
    "review": "좋은 영화이긴 하나 너무나 뜬금없는 상황전개.",
    "date": "04.11.23",
    "rating": "6",
    "author": "pure****",
    "review_id": "150870",
    "movie_id": "10143"
  },
  {
    "review": "주연 조연을 가리지않는 환상적인 연기..",
    "date": "04.10.27",
    "rating": "8",
    "author": "thin****",
    "review_id": "133728",
    "movie_id": "10143"
  },
  {
    "review": "불치의 병이 하루빨리 극복되는 날이 오길...",
    "date": "04.10.19",
    "rating": "10",
    "author": "pby1****",
    "review_id": "128508",
    "movie_id": "10143"
  },
  {
    "review": "아주 오래전 이영화를 보면서 엄마와 딸에 대해 여자에 대해 생각하게 했던",
    "date": "04.10.04",
    "rating": "10",
    "author": "yang****",
    "review_id": "120368",
    "movie_id": "10143"
  },
  {
    "review": "잠을 자다가도 벌떡 일어나서 술을 한잔 하게 하는 영화",
    "date": "04.06.20",
    "rating": "10",
    "author": "acem****",
    "review_id": "57013",
    "movie_id": "10143"
  },
  {
    "review": "굳이 주자면 8.5점....;;",
    "date": "04.06.10",
    "rating": "8",
    "author": "spri****",
    "review_id": "52103",
    "movie_id": "10143"
  },
  {
    "review": "썩 괜찮은 영화",
    "date": "04.05.25",
    "rating": "9",
    "author": "llen****",
    "review_id": "45813",
    "movie_id": "10143"
  },
  {
    "review": "1,2부 모두 감명 깊게 봤습니다.최고의 영화중에 꼽힌다고 생각합니다.",
    "date": "04.03.20",
    "rating": "10",
    "author": "fofo****",
    "review_id": "30233",
    "movie_id": "10143"
  }
]