[
  {
    "review_id": "8529820",
    "movie_id": "101471",
    "author": "thdw****",
    "review": "목소리가 별로면 연기라도 잘하든가... 겨울왕국 어린아이더빙도 별로라는데,이거는 히로시마 핵급이다",
    "rating": "1",
    "date": "14.02.23"
  },
  {
    "review_id": "8420245",
    "movie_id": "101471",
    "author": "seun****",
    "review": "성우님들과 우리나라 만화의 위상을 떨어뜨렸다.",
    "rating": "1",
    "date": "14.01.24"
  },
  {
    "review_id": "8168220",
    "movie_id": "101471",
    "author": "dkm0****",
    "review": "완전 재밋어요~^^꼭 보세요~><",
    "rating": "10",
    "date": "13.11.25"
  }
]