[
  {
    "review_id": "9385775",
    "movie_id": "101473",
    "author": "soc0****",
    "review": "또봇 꼭보세요 진짜 재밌어요!!!",
    "rating": "10",
    "date": "14.11.15"
  },
  {
    "review_id": "8529805",
    "movie_id": "101473",
    "author": "thdw****",
    "review": "트랜스포머 짝퉁에다가 더빙은 하프라이프급... 미국에 보내지마라 마이클베이감독이 고소한다",
    "rating": "1",
    "date": "14.02.22"
  },
  {
    "review_id": "8114961",
    "movie_id": "101473",
    "author": "seun****",
    "review": "왜  어린이들은  또봇에  열광을  할까? 또봇이 완구홍보용에다가 짝퉁  트랜스포머라는  사실은  알고  있을까? 그리고 얼마나  스토리  소재가  없으면 1화당  5분 분량 밖에 돼지 않을까?",
    "rating": "1",
    "date": "13.11.04"
  }
]