[
  {
    "review_id": "9278408",
    "movie_id": "101441",
    "author": "cheo****",
    "review": "선거라는 소재가 신선했다. 거기에다 현실비판까지 다뤘다는게 괜찮은듯",
    "rating": "10",
    "date": "14.10.09"
  },
  {
    "review_id": "9183010",
    "movie_id": "101441",
    "author": "blio****",
    "review": "처음 제목보고 그냥 평범한 하렘물이겟구나 했는데 처음부터 차근차근 보면 이게 무슨. 이때까지 안본게 후회다. 덕후로써 요즘 애니들은 매우 안타깝지만 이것은 보기드문 명작 연애 시리어스물. 소재가 선거인것도 참 신선하고 긴장감 넘쳤다.",
    "rating": "10",
    "date": "14.09.08"
  },
  {
    "review_id": "9151534",
    "movie_id": "101441",
    "author": "kk10****",
    "review": "솔직히 현실반영하고 우리나라 정치판같은 애니",
    "rating": "10",
    "date": "14.08.31"
  },
  {
    "review_id": "8556618",
    "movie_id": "101441",
    "author": "qwg5****",
    "review": "개념없게 한개주는 애는 미래가밝아보이네요,",
    "rating": "10",
    "date": "14.03.05"
  },
  {
    "review_id": "7642482",
    "movie_id": "101441",
    "author": "adwx****",
    "review": "쓰레기 영화 1점드림",
    "rating": "1",
    "date": "13.06.15"
  },
  {
    "review_id": "7158611",
    "movie_id": "101441",
    "author": "whtk****",
    "review": "그림체도 좋고 내용도 좋앗지만 너무짧은분량에 원작의 내용을 짤라넣은게 아쉽네요",
    "rating": "10",
    "date": "13.01.23"
  }
]