[
  {
    "review_id": "9644236",
    "movie_id": "101498",
    "author": "h2o0****",
    "review": "그림체도 좋고 노래들도 좋았지만 스토리에 감탄했다. 이해하는데 어려움이 있었지만 어떻게 이런 상상력이 나올 수 있는지 기가 막히네.",
    "rating": "10",
    "date": "15.01.28"
  },
  {
    "review_id": "9602125",
    "movie_id": "101498",
    "author": "jung****",
    "review": "아니 등장인물들이 이상한행동 할수도있지 걔들이 전부 니생각처럼 되면 그게더 재미없지;;상식을 벗어나는 행동을해서 재밌는거야",
    "rating": "10",
    "date": "15.01.16"
  },
  {
    "review_id": "9478388",
    "movie_id": "101498",
    "author": "lsh3****",
    "review": "솔직히 이것만큼 작화 좋고 색 예쁘고 노래 좋으누애니 못봤다",
    "rating": "10",
    "date": "14.12.16"
  },
  {
    "review_id": "9474207",
    "movie_id": "101498",
    "author": "ucx8****",
    "review": "솔직히 진행도중 뜬금없어서 작화 노래는 인정한다 스토리가 개 뜬금포에다가 막장이라서 그렇지",
    "rating": "6",
    "date": "14.12.14"
  },
  {
    "review_id": "9391724",
    "movie_id": "101498",
    "author": "syae****",
    "review": "영상미 좋음. 사운드 좋음. 스토리 쓰레기. (설정, 개연성, 복선 - 전체 다 쓰레기) 가끔 이 애니보고 세기의 명작이니 뭐니 하는 사람들이 있는데, 기본적으로 영화든 애니든 보면서 '왜?' 라는 개연성에 의문을 품을 수 있는 사람은 이 애니를 보고",
    "rating": "2",
    "date": "14.11.16"
  },
  {
    "review_id": "9366288",
    "movie_id": "101498",
    "author": "gods****",
    "review": "아 후유증...쓸쓸해지네...",
    "rating": "9",
    "date": "14.11.10"
  },
  {
    "review_id": "9331733",
    "movie_id": "101498",
    "author": "wjdt****",
    "review": "Very Good~~~~",
    "rating": "10",
    "date": "14.10.31"
  },
  {
    "review_id": "9323736",
    "movie_id": "101498",
    "author": "dnfl****",
    "review": "무슨말이필요하겟는가 명작중 명작",
    "rating": "10",
    "date": "14.10.28"
  },
  {
    "review_id": "9320182",
    "movie_id": "101498",
    "author": "omg9****",
    "review": "진짜 재미있는 만화임 다시 또보고싶음",
    "rating": "10",
    "date": "14.10.26"
  },
  {
    "review_id": "9283028",
    "movie_id": "101498",
    "author": "gksd****",
    "review": "이거 재대로 보려면 어느정도 성경지식있어야하는데... 어느정도 알고 보면 진짜명작인데ㅜㅜㅡ 근데 모르고보면 그냥 보기엔어려운 부분이 있을지도...  근데 진심내가 본애니중엔 최고임 음악성은 진짜타 애니 다 비교자체가 안됨",
    "rating": "10",
    "date": "14.10.11"
  },
  {
    "review_id": "9278436",
    "movie_id": "101498",
    "author": "chrz****",
    "review": "하레가 죽은게 안타깝긴했지만 그래도 꿀잼 재탕중",
    "rating": "10",
    "date": "14.10.09"
  },
  {
    "review_id": "9212462",
    "movie_id": "101498",
    "author": "dizz****",
    "review": "브금이 좋다고 재미있다는거 속지마세요, 아는분에게 물어봤는데 초반은 괜찮았지만 후반에 Deep빡쳤다고 합니다. 별명은 브금크라운",
    "rating": "4",
    "date": "14.09.14"
  },
  {
    "review_id": "9123245",
    "movie_id": "101498",
    "author": "sik4****",
    "review": "몇몇 내용 이해가 좀 어렵지만 심금을 울리는 OST , 화려한 액션 연출 , 흥미로운 소재 덕분에 굉장히 잘봤던 애니. 절원의 템페스트처럼 '햄릿 , 템페스트' 같은 애니상에서 쓰이는 배경지식을 길티크라운 내용전개에서 알려줬다면 완벽한 애니였을텐데 ㅜ",
    "rating": "9",
    "date": "14.08.23"
  },
  {
    "review_id": "8979889",
    "movie_id": "101498",
    "author": "suho****",
    "review": "길티 크라운 명작입니다 마지막 장면에서 이노리가 슈대신 희생할때가 마음이 찡 했습니다.",
    "rating": "10",
    "date": "14.07.30"
  },
  {
    "review_id": "8866970",
    "movie_id": "101498",
    "author": "dbst****",
    "review": "정말 많은 애니를 뵛지만 역대 최고 !!!이노리와 슈만큼 내게 와닿는 인물은 없음",
    "rating": "10",
    "date": "14.06.29"
  },
  {
    "review_id": "8844983",
    "movie_id": "101498",
    "author": "rudw****",
    "review": "정말 재밌게 봤어욤 ㅋㅋ 극장판은 ... 안나오겟지만 기대!!",
    "rating": "10",
    "date": "14.06.21"
  },
  {
    "review_id": "8839347",
    "movie_id": "101498",
    "author": "wlsa****",
    "review": "ㅠㅠㅠ 정말정말 감돈 ㅠㅠㅠ 이애니 꼭또나왓으면 좋겟급니다 ㅠㅠㅠ",
    "rating": "10",
    "date": "14.06.18"
  },
  {
    "review_id": "8817260",
    "movie_id": "101498",
    "author": "jkh6****",
    "review": "멘붕이 좀 오는 작품이지만 그래도 재미있게 보았습니다.",
    "rating": "10",
    "date": "14.06.09"
  },
  {
    "review_id": "8783973",
    "movie_id": "101498",
    "author": "judi****",
    "review": "supercell, EGOIST 때문에 보게 된 애니...ryo 사랑해요// 아무튼.. 주인공이 흑화(?)하는데 멋있음",
    "rating": "10",
    "date": "14.06.01"
  },
  {
    "review_id": "8477552",
    "movie_id": "101498",
    "author": "wjdd****",
    "review": "내인생 최고의 애니라 할수있다",
    "rating": "10",
    "date": "14.02.05"
  },
  {
    "review_id": "8357286",
    "movie_id": "101498",
    "author": "dlwn****",
    "review": "애니 본것중 SF 판타지중 가장 잼있습니다. 엔딩에서 차라리 둘 다 죽었으면 해피 엔딩이었을텐데... ㅜㅜ",
    "rating": "10",
    "date": "14.01.07"
  },
  {
    "review_id": "8200494",
    "movie_id": "101498",
    "author": "rkth****",
    "review": "마지막이 아쉬워요 ㅜ히로인 과 남주 상태 ㅜㅜ",
    "rating": "9",
    "date": "13.12.08"
  },
  {
    "review_id": "8043717",
    "movie_id": "101498",
    "author": "sdm1****",
    "review": "2쿨은 좀 아쉽지만 명작",
    "rating": "10",
    "date": "13.10.07"
  },
  {
    "review_id": "7944638",
    "movie_id": "101498",
    "author": "tial****",
    "review": "이노리♥ 유즈리하 이노리♥",
    "rating": "10",
    "date": "13.09.03"
  },
  {
    "review_id": "7880911",
    "movie_id": "101498",
    "author": "df28****",
    "review": "재밌다",
    "rating": "10",
    "date": "13.08.14"
  },
  {
    "review_id": "7784477",
    "movie_id": "101498",
    "author": "dudr****",
    "review": "이건 10점 줘야한다",
    "rating": "10",
    "date": "13.07.25"
  },
  {
    "review_id": "7538976",
    "movie_id": "101498",
    "author": "yyuu****",
    "review": "0점없냐 ;;",
    "rating": "1",
    "date": "13.05.18"
  },
  {
    "review_id": "7470308",
    "movie_id": "101498",
    "author": "viol****",
    "review": "2쿨이좀어렵고 멘붕이기는하다만 전체적으로는재밌는 수작",
    "rating": "10",
    "date": "13.04.20"
  },
  {
    "review_id": "7341123",
    "movie_id": "101498",
    "author": "baks****",
    "review": "장의사멤버들 하나하나 나오는,시즌1은 정말 ,최고였음.시즌2는 대변.안봐도 인생 사는데 지장 하나도 없으니,시즌2는 왠만하면,절대 보지 말것.아니면,빠르게 보든가~일본애니 한평생 매니아 본좌말 안들으면,절대 후회함.이것도 극장판 나와야 하는데,음~~~",
    "rating": "10",
    "date": "13.03.11"
  },
  {
    "review_id": "7257239",
    "movie_id": "101498",
    "author": "rlac****",
    "review": "와....ㅠㅠ이거 완전 끝까지 다 보고 감동받았어요..ㅠㅠ",
    "rating": "10",
    "date": "13.02.12"
  },
  {
    "review_id": "7117722",
    "movie_id": "101498",
    "author": "whtk****",
    "review": "정말 재밋음 몰입도 쩔어요",
    "rating": "10",
    "date": "13.01.15"
  }
]