[
  {
    "review_id": "10161233",
    "movie_id": "101468",
    "author": "godi****",
    "review": "놀랍다....이런걸 만든다는것이",
    "rating": "1",
    "date": "15.07.30"
  },
  {
    "review_id": "9274804",
    "movie_id": "101468",
    "author": "kuna****",
    "review": "일반인 성우, 발연기, 간접광고만 없었어도 4~5점 줬다.",
    "rating": "1",
    "date": "14.10.08"
  },
  {
    "review_id": "8484921",
    "movie_id": "101468",
    "author": "jaef****",
    "review": "로봇이 인간보다 더 인간같은 목소리를 낸다는 것에 기겁하는 만화",
    "rating": "2",
    "date": "14.02.07"
  },
  {
    "review_id": "8464993",
    "movie_id": "101468",
    "author": "thdw****",
    "review": "으어어ㅓ엉어ㅣㅡ아ㅣㅏ;이ㅡㅏㅇ",
    "rating": "1",
    "date": "14.02.02"
  },
  {
    "review_id": "7228600",
    "movie_id": "101468",
    "author": "kimd****",
    "review": "동생이 재밌다고 하네요",
    "rating": "9",
    "date": "13.02.05"
  },
  {
    "review_id": "7019240",
    "movie_id": "101468",
    "author": "chun****",
    "review": "굳",
    "rating": "10",
    "date": "12.12.19"
  }
]