[
  {
    "review_id": "10045952",
    "movie_id": "101491",
    "author": "gudr****",
    "review": "1쿨로 압축하려다보니 스토리상 생략때문에 몰입이 살짝 약해지긴 했지만 대작",
    "rating": "10",
    "date": "15.06.28"
  },
  {
    "review_id": "9997285",
    "movie_id": "101491",
    "author": "hjty****",
    "review": "내 인생 최고의 애니. 다만 -1쿨이 조금 아쉬울 뿐",
    "rating": "10",
    "date": "15.06.13"
  },
  {
    "review_id": "9587414",
    "movie_id": "101491",
    "author": "kckc****",
    "review": "정말 좋은데..마무리가...ㅠㅠㅠㅠ",
    "rating": "9",
    "date": "15.01.12"
  },
  {
    "review_id": "9126957",
    "movie_id": "101491",
    "author": "hana****",
    "review": "1기로 끝난다는 것이 너무 아쉽다",
    "rating": "8",
    "date": "14.08.24"
  },
  {
    "review_id": "8618149",
    "movie_id": "101491",
    "author": "sksm****",
    "review": "13화의 슬픔을 14화(ova)가 웃음으로 승화 시켰다",
    "rating": "10",
    "date": "14.03.30"
  },
  {
    "review_id": "8324643",
    "movie_id": "101491",
    "author": "tanc****",
    "review": "클라나드 이후의 대명작",
    "rating": "10",
    "date": "13.12.30"
  },
  {
    "review_id": "8275748",
    "movie_id": "101491",
    "author": "pusw****",
    "review": "4쿨짜리 애니를 1쿨로 압축시켜 매우 아쉬었다.그래도 유이가 성불할때 약간 찔끔한 기억이 난다.",
    "rating": "9",
    "date": "13.12.22"
  },
  {
    "review_id": "8073797",
    "movie_id": "101491",
    "author": "ford****",
    "review": "대작이죠애니를바고서 울었던건 이 애니가 처음",
    "rating": "10",
    "date": "13.10.20"
  },
  {
    "review_id": "8051015",
    "movie_id": "101491",
    "author": "dltj****",
    "review": "대작이지만 끝이아쉬웠던애니",
    "rating": "9",
    "date": "13.10.10"
  },
  {
    "review_id": "7912715",
    "movie_id": "101491",
    "author": "jihu****",
    "review": "대작",
    "rating": "10",
    "date": "13.08.22"
  },
  {
    "review_id": "7629640",
    "movie_id": "101491",
    "author": "wns9****",
    "review": "대작",
    "rating": "10",
    "date": "13.06.12"
  },
  {
    "review_id": "7588031",
    "movie_id": "101491",
    "author": "cscj****",
    "review": "56화분의 스토리를 14화로 압축해낸것도 대단",
    "rating": "10",
    "date": "13.06.06"
  },
  {
    "review_id": "7512149",
    "movie_id": "101491",
    "author": "jh40****",
    "review": "OST가 좋은것 이외에는 볼게 없는애니",
    "rating": "3",
    "date": "13.05.06"
  },
  {
    "review_id": "7440630",
    "movie_id": "101491",
    "author": "whs4****",
    "review": "대작",
    "rating": "10",
    "date": "13.04.07"
  },
  {
    "review_id": "7307128",
    "movie_id": "101491",
    "author": "zipp****",
    "review": "볼만 햇지만 뭔가 아쉬웟던 애니",
    "rating": "8",
    "date": "13.02.27"
  }
]