[
  {
    "review_id": "9415785",
    "movie_id": "101432",
    "author": "opyz****",
    "review": "샤를로트~~♥♥♥♥",
    "rating": "10",
    "date": "14.11.23"
  },
  {
    "review_id": "7266365",
    "movie_id": "101432",
    "author": "shan****",
    "review": "이 작품은 메카와 일상물 그리고 하렘물을 섞어 놓음으로써 내가 신선한 기분이 들었었다. 하지만 원작인 라이트 노벨이 6권에서 절판되면서 스토리가이어지지 않게되어 애니에서도 스토리의 전개가 되지 않은 것이 옥의 티라고도 할 수 있지만 정말로 좋은 애니다",
    "rating": "10",
    "date": "13.02.15"
  }
]