[
  {
    "review_id": "8529821",
    "movie_id": "101469",
    "author": "thdw****",
    "review": "전 이거 볼빠엔 차라리 트랜스포머4를 보겠어요",
    "rating": "1",
    "date": "14.02.23"
  },
  {
    "review_id": "8420249",
    "movie_id": "101469",
    "author": "seun****",
    "review": "사실 평점 주고 싶지 않지만 어쩔 수 없이 1점",
    "rating": "1",
    "date": "14.01.24"
  },
  {
    "review_id": "8330748",
    "movie_id": "101469",
    "author": "h100****",
    "review": "트랜스포머따라해서1점, 재밌어서 +3점",
    "rating": "4",
    "date": "13.12.31"
  }
]