[
  {
    "review_id": "9321042",
    "movie_id": "101489",
    "author": "hana****",
    "review": "코미디 애니메이션 명작",
    "rating": "10",
    "date": "14.10.27"
  },
  {
    "review_id": "9263766",
    "movie_id": "101489",
    "author": "jsj6****",
    "review": "나의 입덕작. 진짜 이거보면 웃음이멈추질않는다 ㅋㅋㅋㅋ",
    "rating": "10",
    "date": "14.10.04"
  },
  {
    "review_id": "8170167",
    "movie_id": "101489",
    "author": "thdw****",
    "review": "빵빵터진다!!!!ㅋㅋㅋ",
    "rating": "10",
    "date": "13.11.26"
  }
]