[
  {
    "review_id": "8474322",
    "movie_id": "101433",
    "author": "mdlg****",
    "review": "어느놈들이 GS GS거리지말고 작품성을 보란다. 난 작품 성을 정확히 봤다 근데 않꼴린다. 일본만화랑 비교해서 성 고어 우정 폭력 같다붙어도 최악이다.",
    "rating": "1",
    "date": "14.02.04"
  },
  {
    "review_id": "7796881",
    "movie_id": "101433",
    "author": "bajj****",
    "review": "국내 최고의 하렘물 전문가 임달영이 한국에서 작품을 냈다가 돈벌이가 안되자 일본에서 재출간해 일본작품으로 한국에 수입된 작품...역시 하렘이란 주제는 한국,일본 양국에서 통하는 남자들의 로망인듯 싶다. 근데 하도 자주하니 식상하긴하다.",
    "rating": "8",
    "date": "13.07.29"
  }
]