[
  {
    "review_id": "9211666",
    "movie_id": "101439",
    "author": "dizz****",
    "review": "육고기 때문에 암울한 요조라씨... (직접 보시면 알게 됩니다)",
    "rating": "7",
    "date": "14.09.13"
  },
  {
    "review_id": "8780511",
    "movie_id": "101439",
    "author": "iiii****",
    "review": "코다카와 작가 OOO 만 외치자",
    "rating": "1",
    "date": "14.05.31"
  },
  {
    "review_id": "8450177",
    "movie_id": "101439",
    "author": "kwon****",
    "review": "'나는 친구가 적다'면서 청춘러브코미디라니!!! 본격 친구는 적은데 여자친구는 많은 애니",
    "rating": "6",
    "date": "14.01.30"
  },
  {
    "review_id": "8431316",
    "movie_id": "101439",
    "author": "drea****",
    "review": "요조라 요조라요조라요조라요조라요조라요조라요조라는죽지않는다!",
    "rating": "10",
    "date": "14.01.26"
  },
  {
    "review_id": "7877846",
    "movie_id": "101439",
    "author": "sh15****",
    "review": "2기때 급하게 끈 느낌",
    "rating": "7",
    "date": "13.08.14"
  },
  {
    "review_id": "7221219",
    "movie_id": "101439",
    "author": "1123****",
    "review": "불법다운로드 근절",
    "rating": "10",
    "date": "13.02.03"
  },
  {
    "review_id": "6957648",
    "movie_id": "101439",
    "author": "7014****",
    "review": "아청법에 걸릴만한 하렘물이네. 보고싶당ㅋ",
    "rating": "10",
    "date": "12.12.02"
  }
]