[
  {
    "review": "표절만화 사채업홍보캐릭터  ㅋㅋㅋ",
    "date": "15.08.17",
    "rating": "1",
    "author": "rhwk****",
    "review_id": "10246742",
    "movie_id": "10153"
  },
  {
    "review": "별 반개도 아까운 쓰레기 표절만화",
    "date": "15.08.12",
    "rating": "1",
    "author": "snk0****",
    "review_id": "10220271",
    "movie_id": "10153"
  },
  {
    "review": "김청기씨 마징가 다지인 표절하고서 당당하네요 부끄럽지도 않나봐요.",
    "date": "15.07.28",
    "rating": "1",
    "author": "sty7****",
    "review_id": "10153157",
    "movie_id": "10153"
  },
  {
    "review": "끝까지 표절이 아니라고 주장하시는 김청기 할아버지님! 창피한 줄 아셔야죠!",
    "date": "15.07.27",
    "rating": "1",
    "author": "dela****",
    "review_id": "10150630",
    "movie_id": "10153"
  },
  {
    "review": "허이구. 이게 전세계를 놀라게 했어요 ?  그랬어요 ?. 이 작품 이후로 한국 만화는 일본 만화의 표절천국이 되었다",
    "date": "15.04.29",
    "rating": "1",
    "author": "kimd****",
    "review_id": "9877830",
    "movie_id": "10153"
  },
  {
    "review": "태권브이의 일본 로봇물 표절 수준을 조금이라도 안다면, 창피함을 넘어 분노가 일듯.... 무슨 정신으로 007년에 재개봉을 하는지 이해가 안됨.  표절을 해서 창조와 발전을 이룩했으면 모를까,  이후 시리즈를 보면 표절의 끝판왕을 보여주는 듯.",
    "date": "15.04.01",
    "rating": "1",
    "author": "yjki****",
    "review_id": "9819529",
    "movie_id": "10153"
  },
  {
    "review": "노래도 신나고 어린시절 추억을 생각나게 만드는",
    "date": "15.02.28",
    "rating": "7",
    "author": "adiv****",
    "review_id": "9745044",
    "movie_id": "10153"
  },
  {
    "review": "진작에 끝났어야 할 컨텐츠.",
    "date": "15.02.15",
    "rating": "1",
    "author": "gyps****",
    "review_id": "9699097",
    "movie_id": "10153"
  },
  {
    "review": "좋습니다  다만한가지 아쉬운점이 남는다면  아이들용으로 조립식 장난감도나왔쓰면하는바랍입니다",
    "date": "14.10.15",
    "rating": "10",
    "author": "dydd****",
    "review_id": "9293185",
    "movie_id": "10153"
  },
  {
    "review": "한국로봇애니의 암흑기 50년 가져다준작품",
    "date": "14.07.24",
    "rating": "1",
    "author": "mono****",
    "review_id": "8949184",
    "movie_id": "10153"
  },
  {
    "review": "마징가 짝퉁가지고 자꾸 대한민국 대표 로보트인척 하지마라",
    "date": "14.07.04",
    "rating": "1",
    "author": "fhqh****",
    "review_id": "8883672",
    "movie_id": "10153"
  },
  {
    "review": "미치겟닼ㅋㅋㅋㅋ아ㅓ나 ㅋㅋ",
    "date": "14.06.24",
    "rating": "1",
    "author": "qoal****",
    "review_id": "8851245",
    "movie_id": "10153"
  },
  {
    "review": "1976년개봉당시  어린이들은  요즘트랜스포머 영화는비교할수없는  에니메이션짱  김청기감독 화이팅,,지금영화는  cg세상우리나라가  그때는  영화산업에는  후진국인데  지금은경제대국10위에가는나라  그때만해도  이영화는  대단해요,,,,",
    "date": "14.06.23",
    "rating": "10",
    "author": "mosu****",
    "review_id": "8849196",
    "movie_id": "10153"
  },
  {
    "review": "또보고 싶다. 그때는 엄청 인기 폭발이었는데",
    "date": "14.06.09",
    "rating": "10",
    "author": "kong****",
    "review_id": "8817417",
    "movie_id": "10153"
  },
  {
    "review": "이게 표절이었다니..",
    "date": "14.05.09",
    "rating": "1",
    "author": "iiii****",
    "review_id": "8717626",
    "movie_id": "10153"
  },
  {
    "review": "국산이긱 하지만 표절이 있어 반점",
    "date": "14.04.08",
    "rating": "5",
    "author": "leo0****",
    "review_id": "8636649",
    "movie_id": "10153"
  },
  {
    "review": "할배들과 국뽕들이 좋아죽는 만화인데.. 솔까 객관적으로 보면 표절도 이런 표절이 없다! 국가망신이다! 이딴게 우리나라 대표 문화컨텐츠냐?",
    "date": "14.03.16",
    "rating": "1",
    "author": "dkdl****",
    "review_id": "8581273",
    "movie_id": "10153"
  },
  {
    "review": "내가 옛날에 진짜 재밌게 봤던 최고작^^",
    "date": "14.02.17",
    "rating": "10",
    "author": "ox77****",
    "review_id": "8517248",
    "movie_id": "10153"
  },
  {
    "review": "거의 40년을 우려먹는 사골 이제 뼈다귀만 남았냐?",
    "date": "14.01.25",
    "rating": "1",
    "author": "dugi****",
    "review_id": "8425374",
    "movie_id": "10153"
  },
  {
    "review": "스토리도 많이 부족하지만 재미는 있어서 5점 줄려 했는데 그래픽이 너무 유치해서 4점 줍니다.",
    "date": "14.01.07",
    "rating": "4",
    "author": "andr****",
    "review_id": "8357945",
    "movie_id": "10153"
  },
  {
    "review": "지난건  지난겁니다  까지들 마슈",
    "date": "13.12.06",
    "rating": "10",
    "author": "qk96****",
    "review_id": "8194712",
    "movie_id": "10153"
  },
  {
    "review": "시베리아벌판에서 귤이나까라!",
    "date": "13.10.28",
    "rating": "5",
    "author": "mhsu****",
    "review_id": "8097251",
    "movie_id": "10153"
  },
  {
    "review": "일본과 법정에 가야 정신을 차리나??",
    "date": "13.10.11",
    "rating": "1",
    "author": "shsh****",
    "review_id": "8051862",
    "movie_id": "10153"
  },
  {
    "review": "태권브이는 또다른 마징가제트!  독도에 그런 사악한 캐릭터를 세운다면 악당일본인들이 우습게 볼것이다^^ㅋㅋㅋㅋ",
    "date": "13.07.26",
    "rating": "10",
    "author": "ycbj****",
    "review_id": "7787707",
    "movie_id": "10153"
  },
  {
    "review": "0점을 줄수 없는게 안타깞군 표절로 코묻은돈 뜯어먹던 김청기 부끄러운줄 알라.",
    "date": "13.07.15",
    "rating": "1",
    "author": "jjan****",
    "review_id": "7744861",
    "movie_id": "10153"
  },
  {
    "review": "표절 논란이 있긴 해도 한국 애니메이션 역사에서 빼놓을수 없는 작품..표절로 따지면 일본 애니메이션도 다 미키마우스나 베티붑같은 미국 애니메이션 표절로 시작했어.",
    "date": "13.07.09",
    "rating": "9",
    "author": "i971****",
    "review_id": "7719918",
    "movie_id": "10153"
  },
  {
    "review": "아이러니한 복원, 성우더빙에서 오리지널맛이 떨어져버렸다, 복원되지 못한 부분은 과감히 삭제도 하고,ㅠ",
    "date": "13.07.08",
    "rating": "3",
    "author": "s1ok****",
    "review_id": "7718419",
    "movie_id": "10153"
  },
  {
    "review": "표절의 시작이자 끝. 영혼을 팔아넘기고 남의 디자인이나 배끼고...ㅉㅉ",
    "date": "13.07.02",
    "rating": "1",
    "author": "jaka****",
    "review_id": "7698153",
    "movie_id": "10153"
  },
  {
    "review": "어차피 추억은 추억일 뿐이지, 주인공 로봇은 물론 기타 악역들까지도 죄 표절 디자인 투성이인것을 포장해봐야 21세기의 지금와서는 부끄러운 과거일 뿐.김청기는 왜 오리지날 디자인으로 만들어보자는 아랫사람들 의견 무시하고 저 디자인을 고집했는지 모르겠다.",
    "date": "13.05.22",
    "rating": "3",
    "author": "leej****",
    "review_id": "7547940",
    "movie_id": "10153"
  },
  {
    "review": "정말 재미없더라",
    "date": "13.03.21",
    "rating": "1",
    "author": "taei****",
    "review_id": "7390064",
    "movie_id": "10153"
  },
  {
    "review": "이거 여러번 봤었어요.근데 왜 굳이 옛날수준의 관념과 화질로 만들었어야 했죠?태권v가 돌아온건 좋았지만 21세기 형식의 태권v도 나쁘지 않나요?",
    "date": "13.03.02",
    "rating": "8",
    "author": "xyz2****",
    "review_id": "7318281",
    "movie_id": "10153"
  },
  {
    "review": "한국 애니의 수준을  알려준 괴작...",
    "date": "13.02.06",
    "rating": "1",
    "author": "jws0****",
    "review_id": "7231143",
    "movie_id": "10153"
  },
  {
    "review": "재밌기는 재밌었음",
    "date": "13.01.23",
    "rating": "7",
    "author": "drag****",
    "review_id": "7160565",
    "movie_id": "10153"
  },
  {
    "review": "김청기 그는 표절계의 레전드다...ㄷㄷㄷ",
    "date": "13.01.18",
    "rating": "6",
    "author": "bajj****",
    "review_id": "7128338",
    "movie_id": "10153"
  },
  {
    "review": "표절이고 자시고 간에 맘에 안들면 보지를 말든가 OO들이",
    "date": "12.12.26",
    "rating": "10",
    "author": "slal****",
    "review_id": "7047839",
    "movie_id": "10153"
  },
  {
    "review": "TV세대와 컴퓨터세대 반반 겪은 연령으로써 실사판이 나온다는 이야기가 도는데 정말 말리고 싶고요. 나온다면 모델체인지 넣어달라고 말하고 싶네요.태권브이를 좋아하는 팬층에선 모델체인지가 달갑지 않게 생각들겠지만, 베낀거 좋아라하는거 보면 좀 한심함.",
    "date": "12.10.21",
    "rating": "2",
    "author": "blac****",
    "review_id": "6817073",
    "movie_id": "10153"
  },
  {
    "review": "그레이트 마징가  띄워주기용으로 제작한거",
    "date": "12.05.11",
    "rating": "1",
    "author": "jki5****",
    "review_id": "6288610",
    "movie_id": "10153"
  },
  {
    "review": "늘 뻔한 로보트만화 스토리지만.....",
    "date": "12.03.14",
    "rating": "6",
    "author": "kos4****",
    "review_id": "6142584",
    "movie_id": "10153"
  },
  {
    "review": "역겹다. 이게 작품이냐 ? 표절한것도 모자라서 추천을 해 ?",
    "date": "11.10.19",
    "rating": "1",
    "author": "kimd****",
    "review_id": "5797446",
    "movie_id": "10153"
  },
  {
    "review": "태권브이!!!!",
    "date": "11.09.19",
    "rating": "10",
    "author": "tlrm****",
    "review_id": "5741803",
    "movie_id": "10153"
  },
  {
    "review": "다들 어릴때 한번씩 봤으면서ㅋㅋㅋㅋ",
    "date": "11.08.19",
    "rating": "10",
    "author": "thdy****",
    "review_id": "5670131",
    "movie_id": "10153"
  },
  {
    "review": "명백히 표절이므로 0.5점을 주고갑니다. 0점이 없는 네이버에게 감독은 감사를.",
    "date": "11.08.06",
    "rating": "1",
    "author": "guru****",
    "review_id": "5612596",
    "movie_id": "10153"
  },
  {
    "review": "재미없다.....표절작 태권브이가 트랜스포머를 따라잡는다고? 유딩이네 ㅉㅉ",
    "date": "11.08.06",
    "rating": "1",
    "author": "tete****",
    "review_id": "5610405",
    "movie_id": "10153"
  },
  {
    "review": "웬 표절 ㅋㅋ 그냥저냥 재밌게 봤는데..",
    "date": "11.08.03",
    "rating": "10",
    "author": "9575****",
    "review_id": "5595993",
    "movie_id": "10153"
  },
  {
    "review": "태권v=마징가z  스페이스간담v=마크로스 혹성로봇썬더a=기동전사건담 우뢰매=토비카",
    "date": "11.08.02",
    "rating": "1",
    "author": "jull****",
    "review_id": "5590955",
    "movie_id": "10153"
  },
  {
    "review": "아 ㅋㅋ 진짜 쪽팔려죽겠다.그냥 나라를 위해서 좀 버로우좀 타라. 김청기",
    "date": "11.07.25",
    "rating": "1",
    "author": "ksj5****",
    "review_id": "5569786",
    "movie_id": "10153"
  },
  {
    "review": "표절",
    "date": "11.07.25",
    "rating": "1",
    "author": "rkak****",
    "review_id": "5568833",
    "movie_id": "10153"
  },
  {
    "review": "표절이지만 그래도 추억이다? 그래서 더 화가 나는지도 모르지.",
    "date": "11.07.25",
    "rating": "1",
    "author": "solh****",
    "review_id": "5568129",
    "movie_id": "10153"
  },
  {
    "review": "추억이 영화긴한데 극장에서보다가 수면전용 영화라고 말할번;;",
    "date": "11.07.24",
    "rating": "1",
    "author": "ysh8****",
    "review_id": "5567396",
    "movie_id": "10153"
  },
  {
    "review": "추억의 로봇",
    "date": "11.07.24",
    "rating": "10",
    "author": "gkek****",
    "review_id": "5567057",
    "movie_id": "10153"
  },
  {
    "review": "별게 다 표절이라고 지1랄들 하네",
    "date": "11.07.24",
    "rating": "10",
    "author": "ltk0****",
    "review_id": "5566970",
    "movie_id": "10153"
  },
  {
    "review": "30년이 지나도 그림체가 똑같냐..",
    "date": "11.07.24",
    "rating": "1",
    "author": "zxd1****",
    "review_id": "5566946",
    "movie_id": "10153"
  },
  {
    "review": "네이버도 미쳤지... 이런걸 매인에 걸어놓냐...",
    "date": "11.07.24",
    "rating": "1",
    "author": "bana****",
    "review_id": "5566852",
    "movie_id": "10153"
  },
  {
    "review": "ㅡ_-;어려웟던 만화계의 수치의 표절작...기념할일은 아닌듯",
    "date": "11.07.24",
    "rating": "1",
    "author": "zeph****",
    "review_id": "5566793",
    "movie_id": "10153"
  },
  {
    "review": "그냥 좋은기억으로만 놔두자.",
    "date": "11.07.24",
    "rating": "1",
    "author": "re_a****",
    "review_id": "5566678",
    "movie_id": "10153"
  },
  {
    "review": "기념할 돈으로 만화산업 육성하는데 쓰세요.",
    "date": "11.07.24",
    "rating": "1",
    "author": "doko****",
    "review_id": "5566670",
    "movie_id": "10153"
  },
  {
    "review": "당시 세대의 좋은 향수를 일으킬수 있는 추억으로만 남기세요 기념이라니..",
    "date": "11.07.24",
    "rating": "1",
    "author": "niki****",
    "review_id": "5566549",
    "movie_id": "10153"
  },
  {
    "review": "트랜스포머를 따라잡을 포스의 태권브이",
    "date": "11.07.24",
    "rating": "10",
    "author": "b_19****",
    "review_id": "5566479",
    "movie_id": "10153"
  },
  {
    "review": "심하네요. 네이버는 이런날을 기념이라니",
    "date": "11.07.24",
    "rating": "1",
    "author": "acin****",
    "review_id": "5566394",
    "movie_id": "10153"
  },
  {
    "review": "표절이고 뭐고 표절 따지는 사람들 이거 봤는지나 의문.",
    "date": "11.07.24",
    "rating": "10",
    "author": "leem****",
    "review_id": "5566163",
    "movie_id": "10153"
  },
  {
    "review": "만화영화에 기여한건 맞지만 사실 짝퉁인데, 이걸 올리는 네이버도 나라 망신이다.",
    "date": "11.07.24",
    "rating": "1",
    "author": "slip****",
    "review_id": "5566154",
    "movie_id": "10153"
  },
  {
    "review": "제발좀 현실에 존재하지도않는 짝통캐릭터를 우상화하지마라",
    "date": "11.07.24",
    "rating": "1",
    "author": "sunt****",
    "review_id": "5566144",
    "movie_id": "10153"
  },
  {
    "review": "표절을 기념하는 자체가 의문이다. 논리와 상식은 없어진건가",
    "date": "11.07.24",
    "rating": "1",
    "author": "lsk1****",
    "review_id": "5566098",
    "movie_id": "10153"
  },
  {
    "review": "안타깝지만 표절의 역사는 지워야지..",
    "date": "11.07.24",
    "rating": "1",
    "author": "toda****",
    "review_id": "5565975",
    "movie_id": "10153"
  },
  {
    "review": "0점 못주나... 이딴 표절작을 ㅡ ㅡ",
    "date": "11.07.24",
    "rating": "1",
    "author": "nalh****",
    "review_id": "5565949",
    "movie_id": "10153"
  },
  {
    "review": "내용은 모르지만 짱!",
    "date": "11.07.24",
    "rating": "10",
    "author": "alsl****",
    "review_id": "5565902",
    "movie_id": "10153"
  },
  {
    "review": "perfect",
    "date": "11.07.24",
    "rating": "10",
    "author": "hil0****",
    "review_id": "5565734",
    "movie_id": "10153"
  },
  {
    "review": "1점도 아깝다 부끄러운줄 알아야지",
    "date": "11.07.24",
    "rating": "1",
    "author": "slay****",
    "review_id": "5565731",
    "movie_id": "10153"
  },
  {
    "review": "한국애니션의 씁쓸한 자화상 한국애니는 과거도 미래도 없는다는것을 보여주는 대표작",
    "date": "11.07.24",
    "rating": "1",
    "author": "kara****",
    "review_id": "5565626",
    "movie_id": "10153"
  },
  {
    "review": "우려먹는건 사질 , 표절은좀,...",
    "date": "11.07.24",
    "rating": "7",
    "author": "dark****",
    "review_id": "5565585",
    "movie_id": "10153"
  },
  {
    "review": "너무 재밌다!",
    "date": "11.07.24",
    "rating": "10",
    "author": "jc4c****",
    "review_id": "5565558",
    "movie_id": "10153"
  },
  {
    "review": "로봇 형체로 표절을 주장한다면 장동건 닮은 사람은 장동건 표절입니까? 예?",
    "date": "11.07.24",
    "rating": "10",
    "author": "ungi****",
    "review_id": "5565550",
    "movie_id": "10153"
  },
  {
    "review": "짜증 나는 태권V 매카닉 디자인부터 표절이라는 것은 거의 확실한 것이다.",
    "date": "11.07.24",
    "rating": "1",
    "author": "dohy****",
    "review_id": "5565543",
    "movie_id": "10153"
  },
  {
    "review": "표절창작물을 기념하는 네이버,  나가이고 엿먹이냐지금?",
    "date": "11.07.24",
    "rating": "1",
    "author": "mans****",
    "review_id": "5565514",
    "movie_id": "10153"
  },
  {
    "review": "데즈카오사무 아톰은 미국어느만화에도 존재하지않는 독창적 케릭터다.근데 기념비?",
    "date": "11.07.24",
    "rating": "1",
    "author": "wjy8****",
    "review_id": "5565457",
    "movie_id": "10153"
  },
  {
    "review": "마징가는 마징가고 태권브이랑 구분 못하는 게 이상하죠.태권v만의 개성이 확실히 넘칩니다.",
    "date": "11.07.24",
    "rating": "10",
    "author": "gatu****",
    "review_id": "5565386",
    "movie_id": "10153"
  },
  {
    "review": "이거 3년전인가 잼잇게봣어요 근데 보통 부분에서 좀 지루함",
    "date": "11.07.24",
    "rating": "7",
    "author": "kkoo****",
    "review_id": "5564915",
    "movie_id": "10153"
  },
  {
    "review": "이런거 왜 기념하는지 모르겠다;;",
    "date": "11.07.24",
    "rating": "2",
    "author": "napc****",
    "review_id": "5564901",
    "movie_id": "10153"
  },
  {
    "review": "사실 마징가의 표절이 아니라 그레이트 마징가의 표절작.",
    "date": "11.07.22",
    "rating": "1",
    "author": "ljt9****",
    "review_id": "5561034",
    "movie_id": "10153"
  },
  {
    "review": "유치하긴 했지만 좋았습니다",
    "date": "11.06.30",
    "rating": "9",
    "author": "kpjj****",
    "review_id": "5511019",
    "movie_id": "10153"
  },
  {
    "review": "세계 최초 무술하는 로봇",
    "date": "11.05.11",
    "rating": "7",
    "author": "jinj****",
    "review_id": "5421187",
    "movie_id": "10153"
  },
  {
    "review": "좋아요",
    "date": "11.03.30",
    "rating": "8",
    "author": "dogh****",
    "review_id": "5344046",
    "movie_id": "10153"
  },
  {
    "review": "최고",
    "date": "11.03.30",
    "rating": "10",
    "author": "dann****",
    "review_id": "5343835",
    "movie_id": "10153"
  },
  {
    "review": "괞찬아요^^",
    "date": "11.03.23",
    "rating": "9",
    "author": "kksy****",
    "review_id": "5330929",
    "movie_id": "10153"
  },
  {
    "review": "눈감고 애국.",
    "date": "11.01.29",
    "rating": "1",
    "author": "pria****",
    "review_id": "5194792",
    "movie_id": "10153"
  },
  {
    "review": "옛날생각나넹... ㅠㅠ",
    "date": "11.01.26",
    "rating": "10",
    "author": "gmlt****",
    "review_id": "5185211",
    "movie_id": "10153"
  },
  {
    "review": "최고~~~~~~~~~~~~~~~~~~~~~~~~~",
    "date": "11.01.12",
    "rating": "10",
    "author": "nanu****",
    "review_id": "5152324",
    "movie_id": "10153"
  },
  {
    "review": "쏠라원투쓰리보단 훨씬 못하네요 ㅠㅠ",
    "date": "10.12.14",
    "rating": "3",
    "author": "pfei****",
    "review_id": "5054121",
    "movie_id": "10153"
  },
  {
    "review": "표절을 떠나 굳이 태권V를 한국메카 대표로 뽑아야되나? 너무보수적이야",
    "date": "10.11.28",
    "rating": "5",
    "author": "bosr****",
    "review_id": "5001941",
    "movie_id": "10153"
  },
  {
    "review": "왜 돌아왔니?",
    "date": "10.08.07",
    "rating": "3",
    "author": "bigd****",
    "review_id": "4719239",
    "movie_id": "10153"
  },
  {
    "review": "로보트 태권브이 만세! ^^",
    "date": "10.04.07",
    "rating": "10",
    "author": "bae9****",
    "review_id": "4417950",
    "movie_id": "10153"
  },
  {
    "review": "완전 짱",
    "date": "10.03.28",
    "rating": "10",
    "author": "esdx****",
    "review_id": "4393858",
    "movie_id": "10153"
  },
  {
    "review": "김청기 감독  메카닉물은  표절 정도가 아니라 복사 입니다.",
    "date": "10.03.22",
    "rating": "1",
    "author": "caim****",
    "review_id": "4376315",
    "movie_id": "10153"
  },
  {
    "review": "로보트 태권브이 라는 영화 너무 너무 재미있어요.^^",
    "date": "10.02.12",
    "rating": "10",
    "author": "mjs7****",
    "review_id": "4273770",
    "movie_id": "10153"
  },
  {
    "review": "참 썩어빠진 영화입니다. 태권브이는 짝퉁로봇이기 때문입니다.",
    "date": "10.01.29",
    "rating": "1",
    "author": "hjoe****",
    "review_id": "4221133",
    "movie_id": "10153"
  },
  {
    "review": "김청기 감독의 계륵 같은 존재 태권브이.. 이제는 한국애니의 역사가 되어버렸다",
    "date": "10.01.13",
    "rating": "8",
    "author": "mygr****",
    "review_id": "4164397",
    "movie_id": "10153"
  },
  {
    "review": "비추",
    "date": "09.12.14",
    "rating": "1",
    "author": "shjz****",
    "review_id": "4042341",
    "movie_id": "10153"
  },
  {
    "review": "명성은 익히 듣었지만 이번에 처음 봄. 조금 아쉬운 면도 있지만 스토리가 흥미있다.",
    "date": "09.11.09",
    "rating": "10",
    "author": "skss****",
    "review_id": "3948375",
    "movie_id": "10153"
  },
  {
    "review": "재미있음 very good",
    "date": "09.10.22",
    "rating": "10",
    "author": "3327****",
    "review_id": "3908628",
    "movie_id": "10153"
  },
  {
    "review": "글씨요.",
    "date": "09.10.15",
    "rating": "6",
    "author": "dlwo****",
    "review_id": "3894019",
    "movie_id": "10153"
  }
]