[
  {
    "review": "인도에서 독일까지.. 로저무어 아저씨의 007 최고작!",
    "date": "15.06.26",
    "rating": "8",
    "author": "pont****",
    "review_id": "10036687",
    "movie_id": "10169"
  },
  {
    "review": "젤 첨 본 007영화 이영화를 보고난뒤 007시리즈를 본드별로 거의 전부 섭렵했는데...얼마전 tv에서 해줬는데 다시 봐도 잼나드라...비주얼이 살짝 느끼하고 올드하시지만 로저옹도 매력 넘치시고~",
    "date": "15.05.26",
    "rating": "10",
    "author": "next****",
    "review_id": "9952531",
    "movie_id": "10169"
  },
  {
    "review": "007시리즈 중 존 글렌 최고의 작이자,로저 무어 최고의 작~",
    "date": "15.04.23",
    "rating": "10",
    "author": "thec****",
    "review_id": "9857970",
    "movie_id": "10169"
  },
  {
    "review": "정글탈출씬이인상있네욤",
    "date": "15.03.25",
    "rating": "10",
    "author": "dnjs****",
    "review_id": "9805778",
    "movie_id": "10169"
  },
  {
    "review": "역대 최악의 본드걸...",
    "date": "15.01.31",
    "rating": "1",
    "author": "wjrh****",
    "review_id": "9655255",
    "movie_id": "10169"
  },
  {
    "review": "중간에 타잔이 된 제임스 본드...",
    "date": "15.01.31",
    "rating": "1",
    "author": "ferd****",
    "review_id": "9655171",
    "movie_id": "10169"
  },
  {
    "review": "이건 만화다.뻥이 심하닷.",
    "date": "14.12.15",
    "rating": "2",
    "author": "sykm****",
    "review_id": "9476559",
    "movie_id": "10169"
  },
  {
    "review": "본드걸이 역대급으로 후짐",
    "date": "14.11.26",
    "rating": "6",
    "author": "ykdi****",
    "review_id": "9424656",
    "movie_id": "10169"
  },
  {
    "review": "역시 007 실망시키지 않는다.",
    "date": "14.10.06",
    "rating": "8",
    "author": "adiv****",
    "review_id": "9268605",
    "movie_id": "10169"
  },
  {
    "review": "007사랑해요♡♡^^",
    "date": "14.08.04",
    "rating": "10",
    "author": "jwgu****",
    "review_id": "9026492",
    "movie_id": "10169"
  },
  {
    "review": "가장 재미있게 본 007시리즈중 하나.^^이밖에도 같은해에 개봉했던 번외편 네버세이네버어게인,리빙데이라이트, 나를사랑한스파이, 문레이커, 여왕폐하대작전, 언리미티드, 카지노로얄, 스카이폴 등도 재미있었고 최고였음.^^",
    "date": "14.02.02",
    "rating": "10",
    "author": "kyun****",
    "review_id": "8467708",
    "movie_id": "10169"
  },
  {
    "review": "정말 소름끼치는 영화다!!!",
    "date": "14.01.24",
    "rating": "10",
    "author": "ske4****",
    "review_id": "8419880",
    "movie_id": "10169"
  },
  {
    "review": "007시리즈는 다 끝내주게 재미가 듬뿍넘치요 졸라 즐겁게 잘 봤제 최고라 ㅎ",
    "date": "14.01.19",
    "rating": "10",
    "author": "yyho****",
    "review_id": "8400030",
    "movie_id": "10169"
  },
  {
    "review": "괜찮은 만듬새의 영화.",
    "date": "13.10.11",
    "rating": "7",
    "author": "dlwo****",
    "review_id": "8054337",
    "movie_id": "10169"
  },
  {
    "review": "스키, 보트, 전투기 보다 요런 소소한 시장액션, 서커스액션, 기차액션이 좋더라",
    "date": "13.04.22",
    "rating": "6",
    "author": "hell****",
    "review_id": "7475366",
    "movie_id": "10169"
  },
  {
    "review": "추억의 영화! :) 그리고 지금도 들으면 약간 설레이는 추억의 주제가, All Time High  / (본드걸 모드 아담스는 별로지만)",
    "date": "13.03.31",
    "rating": "10",
    "author": "jayp****",
    "review_id": "7425913",
    "movie_id": "10169"
  },
  {
    "review": "악어로 위장..곰으로 위장..개웃김 ㅋㅋ 기찻길 달리는 자동차..기차위 대결씬 짜릿짜릿..하일라이트는 소형비행기 꼬리에 매달려서 악당 물리치는거 덜덜덜..광대변장도 웃기고..소소하게 볼거리 많음 ㅋㅋㅋ 007 인도특집 007 서커스편 ㅋㅋㅋ",
    "date": "13.02.14",
    "rating": "10",
    "author": "fuck****",
    "review_id": "7261334",
    "movie_id": "10169"
  },
  {
    "review": "보석알 부시면 어떡해! 아까워라! 올로브장군",
    "date": "13.02.11",
    "rating": "10",
    "author": "slug****",
    "review_id": "7250344",
    "movie_id": "10169"
  },
  {
    "review": "만화",
    "date": "12.06.05",
    "rating": "1",
    "author": "mool****",
    "review_id": "6365257",
    "movie_id": "10169"
  },
  {
    "review": "로저무어가 '아아아'하면서 타잔처럼 줄타는 장면이 백미인 명작",
    "date": "12.03.20",
    "rating": "10",
    "author": "tran****",
    "review_id": "6156113",
    "movie_id": "10169"
  },
  {
    "review": "007판 모험이란 이런것.",
    "date": "11.09.20",
    "rating": "7",
    "author": "reno****",
    "review_id": "5742961",
    "movie_id": "10169"
  },
  {
    "review": "30년전영화인데도 엄청난 볼거리와 블록버스트 맨몸열연",
    "date": "11.05.16",
    "rating": "9",
    "author": "nex7****",
    "review_id": "5432067",
    "movie_id": "10169"
  },
  {
    "review": "007은 로저무어가 좋다",
    "date": "11.04.10",
    "rating": "7",
    "author": "mais****",
    "review_id": "5366456",
    "movie_id": "10169"
  },
  {
    "review": "비행기 폭발후 본드/옥토퍼시 죽다니 슬프다. ㅠㅠ 입원중이니 쾌유하시기를~!",
    "date": "11.03.16",
    "rating": "10",
    "author": "chon****",
    "review_id": "5316617",
    "movie_id": "10169"
  },
  {
    "review": "이 쯤 오니 오그라드는 게 없다. 재밌었다 굿",
    "date": "11.02.18",
    "rating": "8",
    "author": "road****",
    "review_id": "5254555",
    "movie_id": "10169"
  },
  {
    "review": "글쿠나 ..",
    "date": "10.12.14",
    "rating": "10",
    "author": "nice****",
    "review_id": "5052249",
    "movie_id": "10169"
  },
  {
    "review": "007 흥행공식의 완성판.",
    "date": "10.08.17",
    "rating": "7",
    "author": "tori****",
    "review_id": "4757598",
    "movie_id": "10169"
  },
  {
    "review": "로저무어가 나온 작품중에서는 단연 최고가 아닐까 싶다.",
    "date": "10.03.06",
    "rating": "10",
    "author": "jjyn****",
    "review_id": "4338780",
    "movie_id": "10169"
  },
  {
    "review": "이제 이런 시대로 돌아가긴 힘들겠지?",
    "date": "10.03.06",
    "rating": "9",
    "author": "sada****",
    "review_id": "4337560",
    "movie_id": "10169"
  },
  {
    "review": "007작품들은 기본은 먹고 들어간다 갠적으로 로저무어가 나오는건 거의 재미가있었다",
    "date": "10.01.04",
    "rating": "8",
    "author": "thra****",
    "review_id": "4131075",
    "movie_id": "10169"
  },
  {
    "review": "로저무어 최고의흥행작,,나를사랑한스파이와 함께..너무나도재밌었다..",
    "date": "09.09.07",
    "rating": "10",
    "author": "cad0****",
    "review_id": "3816681",
    "movie_id": "10169"
  },
  {
    "review": "절제된 유머가 묻어난다.......",
    "date": "08.11.30",
    "rating": "8",
    "author": "issu****",
    "review_id": "3083067",
    "movie_id": "10169"
  },
  {
    "review": "스필버그가 아닌 존글렌으로 이런 걸출한 오락물을 뽑아내는게 본드 브랜드의 위력..",
    "date": "08.11.19",
    "rating": "8",
    "author": "moon****",
    "review_id": "3059442",
    "movie_id": "10169"
  },
  {
    "review": "007 여기서 부활했군* 스토리가 숀코네리만큼 그이상 탄탄한 로저무어시대 007",
    "date": "08.11.12",
    "rating": "9",
    "author": "dma9****",
    "review_id": "3046769",
    "movie_id": "10169"
  },
  {
    "review": "007 인도특집* 로저무어시대중에 최고작품일듯* 8편부터 좀 감이떨어지고있었는데..",
    "date": "08.11.12",
    "rating": "10",
    "author": "sr82****",
    "review_id": "3046744",
    "movie_id": "10169"
  },
  {
    "review": "로저 무어 작품중 뷰투어킬 담으로 재밌었음",
    "date": "08.10.14",
    "rating": "8",
    "author": "wtid****",
    "review_id": "2999387",
    "movie_id": "10169"
  },
  {
    "review": "마침내 로저도 해냈다 007의 매력을 제대로 선보였다",
    "date": "08.06.11",
    "rating": "7",
    "author": "si2p****",
    "review_id": "2692799",
    "movie_id": "10169"
  },
  {
    "review": "본드중의 둘째형님 로저무어 그중에서 제일 재밌는영화",
    "date": "08.02.12",
    "rating": "10",
    "author": "modl****",
    "review_id": "2438291",
    "movie_id": "10169"
  },
  {
    "review": "주말의 명화에서 지겹게 봤었지만. 007시리즈중에선 남는 작품 일듯 !",
    "date": "08.01.29",
    "rating": "7",
    "author": "evil****",
    "review_id": "2383167",
    "movie_id": "10169"
  },
  {
    "review": "비행기 스턴트 멋지다.",
    "date": "07.12.27",
    "rating": "8",
    "author": "clou****",
    "review_id": "2270569",
    "movie_id": "10169"
  },
  {
    "review": "good !",
    "date": "07.10.26",
    "rating": "7",
    "author": "cles****",
    "review_id": "2113080",
    "movie_id": "10169"
  },
  {
    "review": "007영화중 둘째가라면 서러운 걸작",
    "date": "07.09.15",
    "rating": "10",
    "author": "baks****",
    "review_id": "2021236",
    "movie_id": "10169"
  },
  {
    "review": "007시리즈중 최고의 작품",
    "date": "07.08.11",
    "rating": "10",
    "author": "jjae****",
    "review_id": "1919681",
    "movie_id": "10169"
  },
  {
    "review": "극장에서 본 최초의 007 스파이 영화의 정점이다",
    "date": "07.05.16",
    "rating": "9",
    "author": "deff****",
    "review_id": "1641084",
    "movie_id": "10169"
  },
  {
    "review": "아예 노골적으로 미녀들 개떼로 출연. 화려하고 스켈크고 아주 좋음.^^*",
    "date": "07.05.12",
    "rating": "10",
    "author": "bepl****",
    "review_id": "1634093",
    "movie_id": "10169"
  },
  {
    "review": "볼만",
    "date": "07.02.20",
    "rating": "7",
    "author": "ysuh****",
    "review_id": "1488286",
    "movie_id": "10169"
  },
  {
    "review": "007중에서도 꽤 수작",
    "date": "06.12.22",
    "rating": "10",
    "author": "diab****",
    "review_id": "1313557",
    "movie_id": "10169"
  },
  {
    "review": "최초로 끝까지 다보고 007이 재미있다고 알게해준 영화",
    "date": "06.08.23",
    "rating": "10",
    "author": "8901****",
    "review_id": "1070237",
    "movie_id": "10169"
  },
  {
    "review": "007영화의 명작시리즈",
    "date": "06.08.12",
    "rating": "7",
    "author": "iiov****",
    "review_id": "1010150",
    "movie_id": "10169"
  },
  {
    "review": "로저무어가 제일 본드 같다",
    "date": "06.08.01",
    "rating": "10",
    "author": "zeed****",
    "review_id": "952722",
    "movie_id": "10169"
  },
  {
    "review": "tv에서 재밌게봤음",
    "date": "06.08.01",
    "rating": "7",
    "author": "love****",
    "review_id": "952462",
    "movie_id": "10169"
  },
  {
    "review": "007은 로저무어인가....",
    "date": "06.07.24",
    "rating": "8",
    "author": "reki****",
    "review_id": "918365",
    "movie_id": "10169"
  },
  {
    "review": "로버트 램지와 옐레나의 복수다.",
    "date": "06.06.06",
    "rating": "10",
    "author": "3tri****",
    "review_id": "834339",
    "movie_id": "10169"
  },
  {
    "review": "로저무어 출연작중엔 제일 수작인듯",
    "date": "06.05.11",
    "rating": "9",
    "author": "0323****",
    "review_id": "796127",
    "movie_id": "10169"
  },
  {
    "review": "비행기에서 떨어지는 씬 빼고는 괜찮았던 영화.",
    "date": "06.04.21",
    "rating": "8",
    "author": "jl94****",
    "review_id": "769965",
    "movie_id": "10169"
  },
  {
    "review": "뻥이 쫌 심하다",
    "date": "06.04.06",
    "rating": "8",
    "author": "eigh****",
    "review_id": "750851",
    "movie_id": "10169"
  },
  {
    "review": "007시리즈",
    "date": "06.02.13",
    "rating": "9",
    "author": "0113****",
    "review_id": "667775",
    "movie_id": "10169"
  },
  {
    "review": "평이하다",
    "date": "05.12.25",
    "rating": "7",
    "author": "kws7****",
    "review_id": "527018",
    "movie_id": "10169"
  },
  {
    "review": "이것도 티비재탕 할때마다 보게된다..",
    "date": "05.12.07",
    "rating": "9",
    "author": "hero****",
    "review_id": "497026",
    "movie_id": "10169"
  },
  {
    "review": "그런대로",
    "date": "05.07.11",
    "rating": "7",
    "author": "penn****",
    "review_id": "318996",
    "movie_id": "10169"
  },
  {
    "review": "kmk0326이 덜떨어진 자식아..",
    "date": "05.07.04",
    "rating": "10",
    "author": "ansd****",
    "review_id": "312888",
    "movie_id": "10169"
  },
  {
    "review": "아름다운 바다에서의 007의 액션!",
    "date": "05.05.04",
    "rating": "8",
    "author": "jcr3****",
    "review_id": "270961",
    "movie_id": "10169"
  },
  {
    "review": "나이 들었어도 로저무어의 연기는 굿!",
    "date": "05.04.07",
    "rating": "10",
    "author": "dbsw****",
    "review_id": "255337",
    "movie_id": "10169"
  },
  {
    "review": "굿~",
    "date": "04.12.30",
    "rating": "9",
    "author": "nams****",
    "review_id": "173320",
    "movie_id": "10169"
  },
  {
    "review": "재밌는 영화!!!",
    "date": "04.11.28",
    "rating": "10",
    "author": "worl****",
    "review_id": "153720",
    "movie_id": "10169"
  },
  {
    "review": "내 어릴때 가족들과 이불속에 들어가서 이영화 해주던 시간이 제일 좋았다.",
    "date": "04.08.30",
    "rating": "10",
    "author": "adon****",
    "review_id": "100014",
    "movie_id": "10169"
  },
  {
    "review": "007중 최고재밌다===",
    "date": "04.05.10",
    "rating": "10",
    "author": "daum****",
    "review_id": "42308",
    "movie_id": "10169"
  },
  {
    "review": "옥토퍼시랑 네버세이 네버 어게인 모두가 007 13번째 시리즈라고???",
    "date": "04.05.02",
    "rating": "3",
    "author": "kmk0****",
    "review_id": "40474",
    "movie_id": "10169"
  }
]