[
  {
    "review_id": "10252720",
    "movie_id": "101664",
    "author": "whia****",
    "review": "설정은 참 좋다. 하지만 엔딩이 너무 허무하고 허무하니 모든게 허망하다",
    "rating": "6",
    "date": "15.08.20"
  },
  {
    "review_id": "10186274",
    "movie_id": "101664",
    "author": "melo****",
    "review": "타영화 알바들 테러 엄청 했었네. 하지만 줄거리를 안읽고 싸지른게 대부분 ㅋㅋㅋ 개연성이 부족해 보였지만 플롯과 연출은 훌륭.",
    "rating": "8",
    "date": "15.08.05"
  },
  {
    "review_id": "10178031",
    "movie_id": "101664",
    "author": "zxc1****",
    "review": "사회적, 법적 딜레마를 강렬하게 물을 수도 있고 아니면 흥미진진한 스릴러로 나갈 수도 있는 소재를 가졌지만, 영화는 그저 지지부진한 수준에 머물고 늘어지는 중반 이후는 그저 지루하다.",
    "rating": "5",
    "date": "15.08.02"
  },
  {
    "review_id": "10125204",
    "movie_id": "101664",
    "author": "kkk2****",
    "review": "처음엔 좋았으나 후반부로 갈수록 아쉬웠다. 하지만 일본 영화 중에 볼만했다.",
    "rating": "8",
    "date": "15.07.21"
  },
  {
    "review_id": "10125102",
    "movie_id": "101664",
    "author": "wlst****",
    "review": "일본엔 배우가 그렇게 없나 타츠욘지 먼지 얼굴도 못생겨 연기도 못해 ㅡㅡ 신기해서 계속 봄",
    "rating": "1",
    "date": "15.07.21"
  },
  {
    "review_id": "10082799",
    "movie_id": "101664",
    "author": "mete****",
    "review": "인권의 문제점이 잘 표현한 최고의작품",
    "rating": "10",
    "date": "15.07.09"
  },
  {
    "review_id": "10000817",
    "movie_id": "101664",
    "author": "gosa****",
    "review": "최고의ㅏ 영화현실감 있네요현실감 있네요",
    "rating": "10",
    "date": "15.06.14"
  },
  {
    "review_id": "9946886",
    "movie_id": "101664",
    "author": "yoya****",
    "review": "가족이랑 남친이랑 같이 봤는데, 양쪽으로 욕먹은 영화예요. 아오 출발 비디오 여행땜에... 아오",
    "rating": "1",
    "date": "15.05.25"
  },
  {
    "review_id": "9946846",
    "movie_id": "101664",
    "author": "vict****",
    "review": "마치 내 인생같은 영화. 망했다.",
    "rating": "1",
    "date": "15.05.25"
  },
  {
    "review_id": "9946836",
    "movie_id": "101664",
    "author": "pkhu****",
    "review": "32년 살면서 처음으로 영화평점이란걸 남겨봅니다.어째서 0점이라는평점은없는건가요. 다른평가를보면서 매우 공감을했고 평점을먼저보고 영화를봐야겠다는교훈을 두어시간넘는시간을통해 얻게됐습니다. 뭔가 영화에대해서는 평가를 남길 가치가 없다고 생각합니다.",
    "rating": "1",
    "date": "15.05.25"
  },
  {
    "review_id": "9944537",
    "movie_id": "101664",
    "author": "wkfm****",
    "review": "칸바시,시라이시가 불쌍했고아 OOO 보는 내내 암걸리는줄알았다...그래도 주인공의 투철한 직업정신은 볼만했다.",
    "rating": "1",
    "date": "15.05.24"
  },
  {
    "review_id": "9897448",
    "movie_id": "101664",
    "author": "penn****",
    "review": "살인범을 경호하는 것이 과연 옳은 것을까?",
    "rating": "7",
    "date": "15.05.05"
  },
  {
    "review_id": "9888837",
    "movie_id": "101664",
    "author": "nobl****",
    "review": "시간 낭비 절대절대 보지마세요",
    "rating": "1",
    "date": "15.05.03"
  },
  {
    "review_id": "9882640",
    "movie_id": "101664",
    "author": "foma****",
    "review": "보면서 계속 신념이란 단어만 머릿속에 멤돈다남주를 시험에 들게하고 딜레마에 빠지게 만든다누구도 하지 못한 용납 할 수도 없는 위신이 아니라 자신과의 약속! 가장 지키기 어려운 자신과의 약속! 최고다!",
    "rating": "10",
    "date": "15.05.01"
  },
  {
    "review_id": "9874859",
    "movie_id": "101664",
    "author": "heod****",
    "review": "홍콩(중국)영화와 일본영화에 특히 심한 요상한 영웅, 감상주의.. 범인만큼이나 주인공도 한대 때려주고 싶었다. 돈에 찌든, 명분에 찌든... 어떤 의미에선 일본판 좀비영화라 불러도 될 듯...",
    "rating": "8",
    "date": "15.04.28"
  },
  {
    "review_id": "9872639",
    "movie_id": "101664",
    "author": "jing****",
    "review": "하ㅡ이번에도 출발 비디오 여행에 낚였다.ㅜㅜ",
    "rating": "2",
    "date": "15.04.27"
  },
  {
    "review_id": "9872561",
    "movie_id": "101664",
    "author": "stro****",
    "review": "열불 터짐.. 여형사 죽을때 미치는 줄 ㅠㅠ  왜 안죽였을까요? 일때문이라면 그것은 쓸때없는 프라이드.. 종이 쪼가리 인간이다. 모든것이 에프엠 대로 되야 되냐? 사람이라는 존재가 일 안에 갇힌다는 것.. 생각할수 없는 사람이 되버린 거냐?",
    "rating": "2",
    "date": "15.04.27"
  },
  {
    "review_id": "9871699",
    "movie_id": "101664",
    "author": "ggam****",
    "review": "소재가 아깝다 이 흥미로운소재를 이렇게 재미없게 만들수 있다 인간의 본성과 본질을 파고들어 더 흥미있게 만들 수 있는 부분들을 많이 놓치고 옛날구닥다리 감성신파를 지지부진하게 마구 집어넣어 지루하기 그지 없는데 칸느 경쟁부분에는 어떻게 진출한겨?",
    "rating": "4",
    "date": "15.04.26"
  },
  {
    "review_id": "9870345",
    "movie_id": "101664",
    "author": "gt07****",
    "review": "어휴진짜 화가 나드라. 결말 궁금해서 봤다.",
    "rating": "1",
    "date": "15.04.26"
  },
  {
    "review_id": "9869884",
    "movie_id": "101664",
    "author": "gksw****",
    "review": "재미없을것같아서1점",
    "rating": "1",
    "date": "15.04.26"
  },
  {
    "review_id": "9869863",
    "movie_id": "101664",
    "author": "jksm****",
    "review": "되도안한 소재   날씨 더우니까 1점",
    "rating": "1",
    "date": "15.04.26"
  },
  {
    "review_id": "9869861",
    "movie_id": "101664",
    "author": "wjdg****",
    "review": "범죄자 인권에대해서 다시 한번 생각 해보게됨",
    "rating": "10",
    "date": "15.04.26"
  },
  {
    "review_id": "9869839",
    "movie_id": "101664",
    "author": "phoe****",
    "review": "평점 좀 올려줘야될거 같다",
    "rating": "10",
    "date": "15.04.26"
  },
  {
    "review_id": "9869835",
    "movie_id": "101664",
    "author": "nazo****",
    "review": "오늘은 일요일이니까 일점",
    "rating": "1",
    "date": "15.04.26"
  },
  {
    "review_id": "9869810",
    "movie_id": "101664",
    "author": "yjm7****",
    "review": "관람객이 한명인고 나머지뭐지 복돌이 인가",
    "rating": "10",
    "date": "15.04.26"
  },
  {
    "review_id": "9869805",
    "movie_id": "101664",
    "author": "dlrm****",
    "review": "일단 스토리자체도 마음에안들었고 게다가 쪽빠리영화 였기에 1점준다..",
    "rating": "1",
    "date": "15.04.26"
  },
  {
    "review_id": "9869803",
    "movie_id": "101664",
    "author": "cpch****",
    "review": "밑에글 인정한다 노잼  ...",
    "rating": "1",
    "date": "15.04.26"
  },
  {
    "review_id": "9869790",
    "movie_id": "101664",
    "author": "kdht****",
    "review": "볼만하드만 평점이 왜이리 낮아",
    "rating": "10",
    "date": "15.04.26"
  },
  {
    "review_id": "9869786",
    "movie_id": "101664",
    "author": "rede****",
    "review": "이딴영화가 1등먹는게 일본영화계의 현실임.",
    "rating": "1",
    "date": "15.04.26"
  },
  {
    "review_id": "9869783",
    "movie_id": "101664",
    "author": "phst****",
    "review": "괜찮은데??10자10자",
    "rating": "10",
    "date": "15.04.26"
  },
  {
    "review_id": "9869734",
    "movie_id": "101664",
    "author": "qhre****",
    "review": "재밌는데 일본영화라는 선입견때문에 별점이낮은거같다",
    "rating": "10",
    "date": "15.04.26"
  },
  {
    "review_id": "9838209",
    "movie_id": "101664",
    "author": "nanu****",
    "review": "왠지 일본은 돌+l 가 실제로 많을것같다나름 재미있었다",
    "rating": "5",
    "date": "15.04.10"
  },
  {
    "review_id": "9837569",
    "movie_id": "101664",
    "author": "last****",
    "review": "영화에 대해 여러 견해가 맞물린다, 개인적으로 B급 영화답게 거부감 없이 무난히 보았다. 7점.",
    "rating": "7",
    "date": "15.04.10"
  },
  {
    "review_id": "9823630",
    "movie_id": "101664",
    "author": "skyl****",
    "review": "수천년간 수없이 많은 사람들의 희생으로 구축해온 사법체계를 무너뜨릴 수는 없잖아?",
    "rating": "10",
    "date": "15.04.03"
  },
  {
    "review_id": "9794239",
    "movie_id": "101664",
    "author": "dipk****",
    "review": "스릴쩜 재밌음ㅋㅋㅋㅋ",
    "rating": "9",
    "date": "15.03.20"
  },
  {
    "review_id": "9793782",
    "movie_id": "101664",
    "author": "risk****",
    "review": "최악ㅡㅡ 시간만 버렸다",
    "rating": "1",
    "date": "15.03.19"
  },
  {
    "review_id": "9781193",
    "movie_id": "101664",
    "author": "vvee****",
    "review": "독특힐 소재를 잘살렸으면 하는 아쉬움.. 갑자기 이해안되게 흘러가는게 너무많음",
    "rating": "1",
    "date": "15.03.14"
  },
  {
    "review_id": "9741315",
    "movie_id": "101664",
    "author": "whow****",
    "review": "흥미로운 소잰데...인물들이 너무 단순하고 재미가 없네",
    "rating": "4",
    "date": "15.02.26"
  },
  {
    "review_id": "9611607",
    "movie_id": "101664",
    "author": "w2li****",
    "review": "평점은 낮지만 저는 꽤 괜찮게 보았습니다. 답답하긴 엄청 답답합니다 보면서..대사도 좀 별루고 ..그냥저냥",
    "rating": "7",
    "date": "15.01.19"
  },
  {
    "review_id": "9563880",
    "movie_id": "101664",
    "author": "red_****",
    "review": "내용 요약: 이래도 그놈을 지킬래? 이래도? 이래도? 이래도? 징한 것.",
    "rating": "5",
    "date": "15.01.05"
  },
  {
    "review_id": "9554131",
    "movie_id": "101664",
    "author": "aldl****",
    "review": "작작해라 진짜 똥같은 영화",
    "rating": "1",
    "date": "15.01.03"
  },
  {
    "review_id": "9528249",
    "movie_id": "101664",
    "author": "yana****",
    "review": "무난하다고 본다...",
    "rating": "7",
    "date": "14.12.28"
  },
  {
    "review_id": "9515303",
    "movie_id": "101664",
    "author": "yuke****",
    "review": "뒷심이 좀 부족하지만 재미는 있었다.",
    "rating": "7",
    "date": "14.12.25"
  },
  {
    "review_id": "9443917",
    "movie_id": "101664",
    "author": "thdq****",
    "review": "도덕적인것 보다는 양심적으로",
    "rating": "4",
    "date": "14.12.03"
  },
  {
    "review_id": "9353497",
    "movie_id": "101664",
    "author": "kims****",
    "review": "소재는 엄청좋은데 이런식으로 막장 스토리로 만들다니 대단하네 경찰이 범죄자 보호하는 이야기를 누가  좋아할줄 아나?",
    "rating": "2",
    "date": "14.11.08"
  },
  {
    "review_id": "9210134",
    "movie_id": "101664",
    "author": "10kj****",
    "review": "지극히 현실적인 영화!~~범인 한명만 초반에 죽였으면 만사형통인걸...그걸 알면서도...멍청한 남주..임무는 개뿔...국가에 소속되면..판단력없는 대부분의 인간들은 국가에 세뇌되어~~바보로  전략한다~~라는 영화",
    "rating": "6",
    "date": "14.09.13"
  },
  {
    "review_id": "9124760",
    "movie_id": "101664",
    "author": "wjaw****",
    "review": "보고나서 남는건 없지만  잼게봤다.. 후지와라의 연기는 언제나 ㄷㄷ",
    "rating": "9",
    "date": "14.08.23"
  },
  {
    "review_id": "9102468",
    "movie_id": "101664",
    "author": "haen****",
    "review": "긴장감과 서스펜스 그리고 오사마 타카오의 빛나는 연기력!",
    "rating": "10",
    "date": "14.08.17"
  },
  {
    "review_id": "9067221",
    "movie_id": "101664",
    "author": "kyun****",
    "review": "당신 영화는 이런거 기대하고 보는게 아니잖아.",
    "rating": "6",
    "date": "14.08.11"
  },
  {
    "review_id": "9005257",
    "movie_id": "101664",
    "author": "xx41****",
    "review": "소재는좋았지만그걸풀어가는과정이좀...",
    "rating": "6",
    "date": "14.08.02"
  },
  {
    "review_id": "8922701",
    "movie_id": "101664",
    "author": "guns****",
    "review": "아이고 의미없다. 일본영화의 몰락",
    "rating": "1",
    "date": "14.07.17"
  },
  {
    "review_id": "8911175",
    "movie_id": "101664",
    "author": "oojj****",
    "review": "소재가 새롭지만. 이야기 전개는 일본식..?? 왜 도대체 일본 영화는 재미 보다는 교훈을 강조하는지.",
    "rating": "5",
    "date": "14.07.13"
  },
  {
    "review_id": "8908542",
    "movie_id": "101664",
    "author": "jin1****",
    "review": "재밌게 잘 보았습니다.",
    "rating": "5",
    "date": "14.07.12"
  },
  {
    "review_id": "8820564",
    "movie_id": "101664",
    "author": "jjs1****",
    "review": "후반부가 조금 아쉬웠지만, 생각할거리도 많아지는 영화였습니다.",
    "rating": "9",
    "date": "14.06.11"
  },
  {
    "review_id": "8763372",
    "movie_id": "101664",
    "author": "uruu****",
    "review": "평점이 너무 낮길래 맞추기위해 10점 줌 7.5-8점은 된다고 생각함",
    "rating": "10",
    "date": "14.05.25"
  },
  {
    "review_id": "8723539",
    "movie_id": "101664",
    "author": "rors****",
    "review": "중2병환자들이 연기한 영화같다",
    "rating": "2",
    "date": "14.05.11"
  },
  {
    "review_id": "8712123",
    "movie_id": "101664",
    "author": "sos1****",
    "review": "아놔!! 이런 한심한 영활 보다니.. 닝길",
    "rating": "4",
    "date": "14.05.06"
  },
  {
    "review_id": "8663401",
    "movie_id": "101664",
    "author": "purp****",
    "review": "후반부로 갈수록 힘이 빠지는 영화..결국은 하류로 전락..",
    "rating": "3",
    "date": "14.04.21"
  },
  {
    "review_id": "8657160",
    "movie_id": "101664",
    "author": "dptm****",
    "review": "x 같은 영화 말도안되는 황당한 영화 진심 ㅆㄹ",
    "rating": "2",
    "date": "14.04.18"
  },
  {
    "review_id": "8627122",
    "movie_id": "101664",
    "author": "dive****",
    "review": "정말 이딴걸 영화라고 만든건지 일본은 영화를 만들지 않는게 좋겠다",
    "rating": "1",
    "date": "14.04.04"
  },
  {
    "review_id": "8616643",
    "movie_id": "101664",
    "author": "sing****",
    "review": "후지와라타츠야 때문에 봤네요 황당한내용",
    "rating": "7",
    "date": "14.03.29"
  },
  {
    "review_id": "8572146",
    "movie_id": "101664",
    "author": "silv****",
    "review": "범죄자의 인권 개나 줘버려.",
    "rating": "7",
    "date": "14.03.13"
  },
  {
    "review_id": "8527637",
    "movie_id": "101664",
    "author": "zmdn****",
    "review": "한 마디로 그냥 짜증난다",
    "rating": "6",
    "date": "14.02.22"
  },
  {
    "review_id": "8432686",
    "movie_id": "101664",
    "author": "mazk****",
    "review": "너무 심오해..사이코패스는 안변함을 확인시켜주는 영화.",
    "rating": "5",
    "date": "14.01.26"
  },
  {
    "review_id": "8412258",
    "movie_id": "101664",
    "author": "toak****",
    "review": "재밌게봤다. 후지와라 타츠야의 미친  연기가 정말 마음이 뻥 뚫리는 기분이었다. 오히려 죽이거나 했으면 삼류영화가 될 뻔했다.",
    "rating": "10",
    "date": "14.01.22"
  },
  {
    "review_id": "8361172",
    "movie_id": "101664",
    "author": "enge****",
    "review": "배우들이 아깝다.내 시간은 더 아깝다.",
    "rating": "2",
    "date": "14.01.08"
  },
  {
    "review_id": "8346996",
    "movie_id": "101664",
    "author": "anon****",
    "review": "소재가 흥미로워 기대하고 본 영화.초중반은 만족.후반은 정말 늘어지고 엉성한 연출들이 돋보였다.살인자의 인권,법,인간의본성,정의 뭐가 옳고 그른지를 관객에게 던진 영화인데 후반에는 전혀 공감을 얻지 못하지싶다.살인자의 인권은 필요한가는 영원한 숙제다.",
    "rating": "5",
    "date": "14.01.04"
  },
  {
    "review_id": "8346874",
    "movie_id": "101664",
    "author": "gega****",
    "review": "범인 데스노트에서 주인공 으로  나온사람이군. 겨우 한화로 100억여원가지고 시민들은물론 경찰들까지 미쳐날뛰나? 어쳐구니없는내용이네",
    "rating": "8",
    "date": "14.01.04"
  },
  {
    "review_id": "8341807",
    "movie_id": "101664",
    "author": "aper****",
    "review": "신선한 소재와 초중반 내용까지는 '아니, 일본영화가...' 라고 생각했었다.",
    "rating": "7",
    "date": "14.01.03"
  },
  {
    "review_id": "8219875",
    "movie_id": "101664",
    "author": "proa****",
    "review": "일본의 영화수준은 점점 퇴보 하는듯 ..",
    "rating": "1",
    "date": "13.12.17"
  },
  {
    "review_id": "8214903",
    "movie_id": "101664",
    "author": "gbsk****",
    "review": "이건 정말 꽝인거같다..",
    "rating": "2",
    "date": "13.12.14"
  },
  {
    "review_id": "8205431",
    "movie_id": "101664",
    "author": "wnsk****",
    "review": "완전 쓰레기 영화 보는 내내  왕짜증",
    "rating": "1",
    "date": "13.12.11"
  },
  {
    "review_id": "8199146",
    "movie_id": "101664",
    "author": "tabu****",
    "review": "영화 세븐찍을때, 브래드 피트 스튜디오에서 범인 안죽이고, 영웅만드는 스토리로 갈려고 했지. 그런데 브래드피트가 꼭 범인을 죽여야한다고 강력하게 주장해서 그렇게 대단한 엔딩이 완성될수 있었던 것이다. 맨날, 허세에, 교훈질에, 일본영화는 그래서 안된다",
    "rating": "1",
    "date": "13.12.08"
  },
  {
    "review_id": "8190136",
    "movie_id": "101664",
    "author": "2_dp****",
    "review": "캐릭터는 있는데 아쉽네요..",
    "rating": "6",
    "date": "13.12.04"
  },
  {
    "review_id": "8188515",
    "movie_id": "101664",
    "author": "h8s8****",
    "review": "볼만함 근데 빡침... 후반부는 진짜 사람들 말되로 재미없음 ㅜㅜ 5점 적당",
    "rating": "5",
    "date": "13.12.04"
  },
  {
    "review_id": "8182182",
    "movie_id": "101664",
    "author": "534k****",
    "review": "전체적으론 괜찮았지만 2%로 부족한 영화",
    "rating": "7",
    "date": "13.12.01"
  },
  {
    "review_id": "8166848",
    "movie_id": "101664",
    "author": "gato****",
    "review": "자본주의와 법치국가의 위선과 허세.",
    "rating": "6",
    "date": "13.11.25"
  },
  {
    "review_id": "8166417",
    "movie_id": "101664",
    "author": "dark****",
    "review": "진짜 중반까지는 괜찮았는데...뒤로갈수록 이게 뭔가...싶더니,결론은 답없는 사이코 패스나 지키는 법이 OO이란 소린가 뭔가??간만에 진정 쓰레기 같은 영화",
    "rating": "4",
    "date": "13.11.25"
  },
  {
    "review_id": "8145391",
    "movie_id": "101664",
    "author": "pajy****",
    "review": "무엇을 말하고 싶은 걸까.. 모르겠다...",
    "rating": "2",
    "date": "13.11.16"
  },
  {
    "review_id": "8142941",
    "movie_id": "101664",
    "author": "the0****",
    "review": "뒤로 갈 수록 막장드라마식 전개  , 일본영화의 한계",
    "rating": "3",
    "date": "13.11.16"
  },
  {
    "review_id": "8127028",
    "movie_id": "101664",
    "author": "gkst****",
    "review": "범인이 꼭 일본 우익 같아서 완전 공감가네요.",
    "rating": "10",
    "date": "13.11.09"
  },
  {
    "review_id": "8111087",
    "movie_id": "101664",
    "author": "tart****",
    "review": "내 일은 사람을 지키는 거니까 지킨다. 부터가 잘 못 된 원칙이 아닐까요? - 10분에 용의자가 죽고 끝나야 했던 영화!!!!-",
    "rating": "1",
    "date": "13.11.02"
  },
  {
    "review_id": "8110884",
    "movie_id": "101664",
    "author": "jang****",
    "review": "흥미로웠던 처음과 달리 어느순간 떨어지는 몰입감...",
    "rating": "6",
    "date": "13.11.02"
  },
  {
    "review_id": "8106105",
    "movie_id": "101664",
    "author": "lyt5****",
    "review": "피해자보다 가해자의 인권이 더 중시되는 작금의 현실을 꼬집는 영화~~인권이라는건 사람에게 적용되는게 아닙니까?",
    "rating": "8",
    "date": "13.11.01"
  },
  {
    "review_id": "8084993",
    "movie_id": "101664",
    "author": "idol****",
    "review": "후지와라 영화중 가장 졸작.... 초반은 소재가 좋았으나 갈수록산으로감.. 매세지도없고... 상을 왜탄거지?",
    "rating": "1",
    "date": "13.10.24"
  },
  {
    "review_id": "8084628",
    "movie_id": "101664",
    "author": "beau****",
    "review": "흥미로운 소재를 망치는 연출, 연기... 아깝다.. 소재가",
    "rating": "3",
    "date": "13.10.24"
  },
  {
    "review_id": "8083913",
    "movie_id": "101664",
    "author": "ohdo****",
    "review": "내용은 점점 산으로 가고 정의가 정의가 아닌걸 주장하는 한심한 일본영화",
    "rating": "4",
    "date": "13.10.24"
  },
  {
    "review_id": "8080209",
    "movie_id": "101664",
    "author": "logs****",
    "review": "기발한 소재... 지겹고 늘어지는 진행....",
    "rating": "6",
    "date": "13.10.22"
  },
  {
    "review_id": "8073641",
    "movie_id": "101664",
    "author": "ohat****",
    "review": "그냥 일본 영화다운 재미없는 영화 말도 안되는 시나리오에 교훈만 쳐던지는 좋은 작품인데 관객이 이해못한다 그러는데 ...이해 못할 께 뭐있나 사형제도 범죄자 인권 논란...일본 문화도 처음 봤을 00년 전후로나 재미있었지 이제  질린다 질려",
    "rating": "1",
    "date": "13.10.20"
  },
  {
    "review_id": "8073305",
    "movie_id": "101664",
    "author": "kino****",
    "review": "살아있는 부처를 보았다...",
    "rating": "7",
    "date": "13.10.20"
  },
  {
    "review_id": "8062567",
    "movie_id": "101664",
    "author": "band****",
    "review": "역시 세상에서 가장 무서운 것은 인간이고, 그 중에서도 돈에 환장한 인간이지.",
    "rating": "7",
    "date": "13.10.16"
  },
  {
    "review_id": "8059502",
    "movie_id": "101664",
    "author": "dbzh****",
    "review": "여경찰은 정말 한심해서리...",
    "rating": "7",
    "date": "13.10.14"
  },
  {
    "review_id": "8058020",
    "movie_id": "101664",
    "author": "blue****",
    "review": "돈 앞에서는 한없이 약해지는 인간.. 그리고.. 살인은 좋아하지만 살해당하기 싫어하는 범죄자.. 다소 지루하지만 이 둘을 잘 표현한 영화..",
    "rating": "8",
    "date": "13.10.13"
  },
  {
    "review_id": "8057041",
    "movie_id": "101664",
    "author": "west****",
    "review": "살인자에게도 인권이 존재할까",
    "rating": "8",
    "date": "13.10.13"
  },
  {
    "review_id": "8056237",
    "movie_id": "101664",
    "author": "lkyl****",
    "review": "초반에는 흥미진진하게 끌고가더니 갈수록 억지스럽고 일부로 관객들을 시험하려는게 너무 눈에 띈다 잘 이끌어갈수있는 충분한 소재에 영화인데 정말 아쉽다",
    "rating": "7",
    "date": "13.10.12"
  },
  {
    "review_id": "8052237",
    "movie_id": "101664",
    "author": "jjou****",
    "review": "초반부 영화의 상상력은 아~~이런일도 가능하겠구나 라는 생각을 들게하며 영화로 집중시키지만 중반정도 지나면서 슬슬 지루하단 느낌이든다...",
    "rating": "6",
    "date": "13.10.11"
  },
  {
    "review_id": "8050710",
    "movie_id": "101664",
    "author": "gran****",
    "review": "초반 별 9개로 시작해서 별 2개로 마무리ㅋㅋㅋ",
    "rating": "2",
    "date": "13.10.10"
  },
  {
    "review_id": "8049724",
    "movie_id": "101664",
    "author": "kimj****",
    "review": "일본영화치고는 볼만하다",
    "rating": "7",
    "date": "13.10.10"
  },
  {
    "review_id": "8048911",
    "movie_id": "101664",
    "author": "hw04****",
    "review": "헬기로 이송해라..멍청이들아..",
    "rating": "1",
    "date": "13.10.09"
  },
  {
    "review_id": "8046715",
    "movie_id": "101664",
    "author": "meme****",
    "review": "1점도 아깝다. 너무 한심해서 평점 매긴다.",
    "rating": "1",
    "date": "13.10.09"
  }
]