[
  {
    "review": "007 평창 특집. 스키 참 잘 탄다.",
    "date": "15.07.06",
    "rating": "8",
    "author": "pont****",
    "review_id": "10074497",
    "movie_id": "10167"
  },
  {
    "review": "82년 당시 국내흥행1위작ㅡ서울50만명 ㅡ전국 450만명 추정  ET와ㅡ엇비슷한 관객몰이ㅡ로저무어때ㅡ나를사랑스파이ㅡ문레이커ㅡ유어아이즈온리까지ㅡ3편연속 국내1위ㅡ007의ㅡ최전성기시절",
    "date": "15.05.04",
    "rating": "10",
    "author": "cad0****",
    "review_id": "9892309",
    "movie_id": "10167"
  },
  {
    "review": "보트에묶여서 탈출하는씬이제일인상이군",
    "date": "15.03.22",
    "rating": "10",
    "author": "dnjs****",
    "review_id": "9799029",
    "movie_id": "10167"
  },
  {
    "review": "역대급 본드걸 캐롤 부케와 역대급 주제가 ’For Your Eyes Only’",
    "date": "14.11.24",
    "rating": "7",
    "author": "ykdi****",
    "review_id": "9419655",
    "movie_id": "10167"
  },
  {
    "review": "메인 ost 부터 역대급인 시리즈. 로저무어의 전성기",
    "date": "14.08.17",
    "rating": "10",
    "author": "sh87****",
    "review_id": "9099978",
    "movie_id": "10167"
  },
  {
    "review": "언제봐도 질리지않아ㅎ",
    "date": "14.05.08",
    "rating": "10",
    "author": "dlqh****",
    "review_id": "8716256",
    "movie_id": "10167"
  },
  {
    "review": "믿고보는 007시리즈!!!",
    "date": "14.01.24",
    "rating": "10",
    "author": "ske4****",
    "review_id": "8419878",
    "movie_id": "10167"
  },
  {
    "review": "기대를 너무 많이 해서 그런지..007 다른 편들보다 별 재미가 있다는 느낌이 없음.",
    "date": "13.09.06",
    "rating": "5",
    "author": "aolm****",
    "review_id": "7952886",
    "movie_id": "10167"
  },
  {
    "review": "정말 재미있었다. 오프닝 타이틀 씬도 좋고, 노래도 좋다. 1점 깎인 이유는 오프닝 씬이 다른 시리즈에 비해 약간 밋밋해서;;",
    "date": "13.05.31",
    "rating": "9",
    "author": "lego****",
    "review_id": "7567315",
    "movie_id": "10167"
  },
  {
    "review": "헬기,자동차,동계,잠수함,암벽..나올만한 액션은 다 나오는데.. 아 좀 산만해.. 지금보니 유물같은 에이택.. 귀엽다ㅋ",
    "date": "13.03.25",
    "rating": "6",
    "author": "hell****",
    "review_id": "7411373",
    "movie_id": "10167"
  },
  {
    "review": "암벽등반씬은 최고! 오우 짜릿짜릿함..소형잠수정에서 에이택 가지러 올때도 007 죽는줄 알았음..헐 쓰릴대박..그외는 거의 동계올림픽 + 육해공 짬뽕임 ㅋ 오프닝에 블로펠드 아직 살아있음..스케이트걸 비비 귀여움 ㅋ 역대탑5에 들어갈만한 본드걸 멜리나",
    "date": "13.02.12",
    "rating": "10",
    "author": "fuck****",
    "review_id": "7257230",
    "movie_id": "10167"
  },
  {
    "review": "그냥 그런 시리즈인데.. 큰재미는 그닥.. 근데 본드걸이 존나이쁘네",
    "date": "13.02.05",
    "rating": "7",
    "author": "owne****",
    "review_id": "7228557",
    "movie_id": "10167"
  },
  {
    "review": "시리즈를 1편부터 23편까지 모두 본 1인으로써 평가할 때, 최고의 작품~!!",
    "date": "13.01.15",
    "rating": "10",
    "author": "ocar****",
    "review_id": "7118365",
    "movie_id": "10167"
  },
  {
    "review": "정말이지.. 캐롤 부케때문에 봤다는 밑의 네티즌과 동감.. 매우 동감....^^",
    "date": "12.09.20",
    "rating": "9",
    "author": "spar****",
    "review_id": "6714816",
    "movie_id": "10167"
  },
  {
    "review": "여배우가 이쁘군",
    "date": "12.06.05",
    "rating": "1",
    "author": "mool****",
    "review_id": "6365485",
    "movie_id": "10167"
  },
  {
    "review": "007시리즈중 최고중 하나 아름다운 본드걸과 볼만한 풍경...역시 007이다",
    "date": "12.05.06",
    "rating": "7",
    "author": "thra****",
    "review_id": "6277003",
    "movie_id": "10167"
  },
  {
    "review": "007시리즈 중 가장 아끼는 작품",
    "date": "11.09.20",
    "rating": "8",
    "author": "reno****",
    "review_id": "5742999",
    "movie_id": "10167"
  },
  {
    "review": "쉴새없이 몰아치는 액션에 눈이 즐겁다. 30년전 영화라 믿기 어려울 정도.",
    "date": "11.07.03",
    "rating": "10",
    "author": "wooj****",
    "review_id": "5520395",
    "movie_id": "10167"
  },
  {
    "review": "007시리즈중 마음에 드는 12탄",
    "date": "11.04.10",
    "rating": "9",
    "author": "mais****",
    "review_id": "5366462",
    "movie_id": "10167"
  },
  {
    "review": "글쎄...",
    "date": "11.02.12",
    "rating": "6",
    "author": "road****",
    "review_id": "5238733",
    "movie_id": "10167"
  },
  {
    "review": "Sheena Easton의 감미로운 주제가와 화려한 영상들. 아, 아름다운 시절의 기억들.",
    "date": "11.02.02",
    "rating": "6",
    "author": "pria****",
    "review_id": "5208341",
    "movie_id": "10167"
  },
  {
    "review": "그간의 지독한 가벼움과 결별.",
    "date": "10.08.16",
    "rating": "7",
    "author": "tori****",
    "review_id": "4753073",
    "movie_id": "10167"
  },
  {
    "review": "히로인 이쁘긴 이쁜데 연기 졸라 어색해..",
    "date": "10.06.01",
    "rating": "7",
    "author": "kckz****",
    "review_id": "4536482",
    "movie_id": "10167"
  },
  {
    "review": "포스터 쩐다 ㅎㄷㄷㄷㄷ",
    "date": "10.02.16",
    "rating": "10",
    "author": "evil****",
    "review_id": "4288668",
    "movie_id": "10167"
  },
  {
    "review": "음악 좋고. 본드걸 이쁜데. 안울린다.",
    "date": "09.04.28",
    "rating": "6",
    "author": "izzo****",
    "review_id": "3446528",
    "movie_id": "10167"
  },
  {
    "review": "개인적으로 007 시리즈 중에 최고로 꼽는 작품",
    "date": "09.01.06",
    "rating": "9",
    "author": "nwit****",
    "review_id": "3197522",
    "movie_id": "10167"
  },
  {
    "review": "간결하고 깔끔한 액션신,스토리 라인,주제가,기타등등.. 가장 세련된 본드무비..",
    "date": "08.11.18",
    "rating": "9",
    "author": "moon****",
    "review_id": "3058643",
    "movie_id": "10167"
  },
  {
    "review": "뭔가 광범위하면서 산만하지만 본드걸은 매력있다*",
    "date": "08.11.09",
    "rating": "7",
    "author": "dma9****",
    "review_id": "3042715",
    "movie_id": "10167"
  },
  {
    "review": "본드영화는 언제나 볼거리가 다양하면서 영화가 말하는게 명확하다*",
    "date": "08.11.09",
    "rating": "10",
    "author": "sr82****",
    "review_id": "3042660",
    "movie_id": "10167"
  },
  {
    "review": "재밌었지만 뭔가 싱거운 시리즈..",
    "date": "08.10.14",
    "rating": "7",
    "author": "wtid****",
    "review_id": "2999386",
    "movie_id": "10167"
  },
  {
    "review": "역시 로저무어의 본드영화는 항상 평작이다",
    "date": "08.06.11",
    "rating": "6",
    "author": "si2p****",
    "review_id": "2692761",
    "movie_id": "10167"
  },
  {
    "review": "여러모로 좋은 점이 많은 영화다",
    "date": "07.05.16",
    "rating": "9",
    "author": "deff****",
    "review_id": "1641082",
    "movie_id": "10167"
  },
  {
    "review": "007스러운 영화다..",
    "date": "07.01.06",
    "rating": "10",
    "author": "clou****",
    "review_id": "1362223",
    "movie_id": "10167"
  },
  {
    "review": "아.. 졸린 부분도 좀 있어서 8점;;",
    "date": "06.12.21",
    "rating": "8",
    "author": "diab****",
    "review_id": "1311351",
    "movie_id": "10167"
  },
  {
    "review": "첨 헬기 씬부터 ...흥미진진하고...재밌다.... 명작",
    "date": "06.09.15",
    "rating": "8",
    "author": "zzan****",
    "review_id": "1122522",
    "movie_id": "10167"
  },
  {
    "review": "낄낄. 007변태돼는군.",
    "date": "06.08.23",
    "rating": "10",
    "author": "asdf****",
    "review_id": "1070935",
    "movie_id": "10167"
  },
  {
    "review": "문레이커의 악평을 만회하고자 노력한 흔적이 보이는 대작!",
    "date": "06.08.23",
    "rating": "10",
    "author": "8901****",
    "review_id": "1070240",
    "movie_id": "10167"
  },
  {
    "review": "재밌기만 하네",
    "date": "06.08.16",
    "rating": "10",
    "author": "zeed****",
    "review_id": "1043617",
    "movie_id": "10167"
  },
  {
    "review": "로저무어007의 또다른수작",
    "date": "06.07.24",
    "rating": "9",
    "author": "reki****",
    "review_id": "918363",
    "movie_id": "10167"
  },
  {
    "review": "추격씬 빼면 시체. 졸려죽는줄알았네 과다평점평균낮추기위해1점",
    "date": "06.03.23",
    "rating": "1",
    "author": "iron****",
    "review_id": "729860",
    "movie_id": "10167"
  },
  {
    "review": "산을 타고 도망치는 자동차 탈출씬은 일품",
    "date": "06.02.18",
    "rating": "10",
    "author": "shh7****",
    "review_id": "677843",
    "movie_id": "10167"
  },
  {
    "review": "역대 007시리즈중 스토리,액션,스케일 면에서 모두 최고..",
    "date": "06.01.21",
    "rating": "10",
    "author": "cana****",
    "review_id": "606918",
    "movie_id": "10167"
  },
  {
    "review": "헬기추겻씬 강추",
    "date": "05.12.25",
    "rating": "10",
    "author": "kws7****",
    "review_id": "527017",
    "movie_id": "10167"
  },
  {
    "review": "11탄에서의 실망감을 떨쳐낼수있었던 12탄",
    "date": "05.12.07",
    "rating": "9",
    "author": "hero****",
    "review_id": "497023",
    "movie_id": "10167"
  },
  {
    "review": "당신의 눈만을 위하여..명작이다. 본래스타일로 복귀한 007!!",
    "date": "05.07.24",
    "rating": "10",
    "author": "ansd****",
    "review_id": "332420",
    "movie_id": "10167"
  },
  {
    "review": "당신의 눈만을 위하여!",
    "date": "05.05.04",
    "rating": "9",
    "author": "jcr3****",
    "review_id": "270965",
    "movie_id": "10167"
  },
  {
    "review": "로저 무어가 나온 것 중엔 젤 낫다..ㅎㅎ",
    "date": "05.03.25",
    "rating": "8",
    "author": "penn****",
    "review_id": "246628",
    "movie_id": "10167"
  },
  {
    "review": "김동~",
    "date": "05.02.17",
    "rating": "10",
    "author": "worl****",
    "review_id": "222655",
    "movie_id": "10167"
  },
  {
    "review": "포 유얼 아이스 온리~~~",
    "date": "04.12.30",
    "rating": "9",
    "author": "nams****",
    "review_id": "172795",
    "movie_id": "10167"
  },
  {
    "review": "내 어릴때 가족들과 이불속에 들어가서 이영화 해주던 시간이 제일 좋았다.",
    "date": "04.08.30",
    "rating": "10",
    "author": "adon****",
    "review_id": "100013",
    "movie_id": "10167"
  }
]