[
  {
    "review": "숀 코네리가 뱀녀를 해치울때 짜릿했다.",
    "date": "15.07.18",
    "rating": "7",
    "author": "pont****",
    "review_id": "10114436",
    "movie_id": "10168"
  },
  {
    "review": "코믹 본드와 베이싱어의 해저 대모험!",
    "date": "14.06.08",
    "rating": "6",
    "author": "expr****",
    "review_id": "8814221",
    "movie_id": "10168"
  },
  {
    "review": "TV에서 명절때마다 방송해서 재밌게 봤는데... 근데 왜 만들었지?",
    "date": "14.02.03",
    "rating": "8",
    "author": "stra****",
    "review_id": "8470403",
    "movie_id": "10168"
  },
  {
    "review": "로왓 애킨슨이 진짜 스파이로 나왔을 줄이야..예전에 그냥 지나치면서 봤던 네버 세이 네버 어게인을 얼마전에 다시 보면서 저게 누구야???? 했던 기억이",
    "date": "14.01.28",
    "rating": "8",
    "author": "asy0****",
    "review_id": "8439878",
    "movie_id": "10168"
  },
  {
    "review": "지루함속에 묻어나는 킴 베이싱어의 외모...ㅋㅋ 0074탄 선더볼을 리메이크 함",
    "date": "13.10.14",
    "rating": "5",
    "author": "thra****",
    "review_id": "8060019",
    "movie_id": "10168"
  },
  {
    "review": "8점은 되는 영화. ㅋ",
    "date": "13.09.14",
    "rating": "10",
    "author": "wanb****",
    "review_id": "7979844",
    "movie_id": "10168"
  },
  {
    "review": "오우와ㅋㅋㅋ",
    "date": "13.04.09",
    "rating": "10",
    "author": "kwg0****",
    "review_id": "7445476",
    "movie_id": "10168"
  },
  {
    "review": "어설프지만 유쾌했던 번외편. 킴베이싱어 젊을때 정말 이뻤구나..",
    "date": "13.04.06",
    "rating": "5",
    "author": "hell****",
    "review_id": "7438833",
    "movie_id": "10168"
  },
  {
    "review": "웃기지 마라.찍어줬다는게 어디냐?그것도 감지덕지.언제나 그리운 추억의명작극장이다",
    "date": "12.02.07",
    "rating": "10",
    "author": "baks****",
    "review_id": "6058796",
    "movie_id": "10168"
  },
  {
    "review": "초딩 때 킴베신저 넘 예뻐서 보고 또 봄. 그 눈물 목걸이가 그렇게 갖고 싶었었는데ㅎ",
    "date": "12.01.17",
    "rating": "10",
    "author": "bse5****",
    "review_id": "5993305",
    "movie_id": "10168"
  },
  {
    "review": "지금 말고 나중에 사서 볼꺼에요!!!!",
    "date": "11.12.27",
    "rating": "7",
    "author": "zee6****",
    "review_id": "5940938",
    "movie_id": "10168"
  },
  {
    "review": "어빈 케쉬너의 욕심. 숀 코너리의 갈팡질팡",
    "date": "11.09.20",
    "rating": "5",
    "author": "reno****",
    "review_id": "5743040",
    "movie_id": "10168"
  },
  {
    "review": "007의번외편...조금은 처지는 편",
    "date": "11.04.11",
    "rating": "7",
    "author": "mais****",
    "review_id": "5366785",
    "movie_id": "10168"
  },
  {
    "review": "나이스 ..",
    "date": "11.02.13",
    "rating": "10",
    "author": "nice****",
    "review_id": "5241464",
    "movie_id": "10168"
  },
  {
    "review": "어설프게 날로 먹으려다 콱 체해 버린 사생아.",
    "date": "11.02.05",
    "rating": "2",
    "author": "pria****",
    "review_id": "5218869",
    "movie_id": "10168"
  },
  {
    "review": "007시리즈는 못해도 기본은 한다 ~~~~~~~",
    "date": "10.09.16",
    "rating": "6",
    "author": "fnsk****",
    "review_id": "4838491",
    "movie_id": "10168"
  },
  {
    "review": "배다른 형제에게 우아함을 가르치다.",
    "date": "10.08.18",
    "rating": "7",
    "author": "tori****",
    "review_id": "4760997",
    "movie_id": "10168"
  },
  {
    "review": "미스터 빈이 나와요 ㅋㅋㅋ",
    "date": "08.12.27",
    "rating": "8",
    "author": "wshi****",
    "review_id": "3158800",
    "movie_id": "10168"
  },
  {
    "review": "너무 늙었다....",
    "date": "08.05.18",
    "rating": "7",
    "author": "issu****",
    "review_id": "2648811",
    "movie_id": "10168"
  },
  {
    "review": "good",
    "date": "07.10.26",
    "rating": "3",
    "author": "cles****",
    "review_id": "2113079",
    "movie_id": "10168"
  },
  {
    "review": "헐리웃 오락영화에서 여자의 역할에 대해 잘 보여주는 영화",
    "date": "07.08.12",
    "rating": "7",
    "author": "seun****",
    "review_id": "1929255",
    "movie_id": "10168"
  },
  {
    "review": "이미 숀코너리가 주연했던 007 4탄 썬더볼 판권밖에 살수없었던 제작진",
    "date": "07.07.06",
    "rating": "7",
    "author": "okyk****",
    "review_id": "1750259",
    "movie_id": "10168"
  },
  {
    "review": "동시에 개봉된 옥토퍼시보다 훨씬 낫다!제국의 역습 감독과 역시 숀코네리!",
    "date": "07.05.17",
    "rating": "9",
    "author": "sykm****",
    "review_id": "1642713",
    "movie_id": "10168"
  },
  {
    "review": "13탄아님007번외작품. 모든 설정은 같고 숀코네리가 나오므로 good",
    "date": "07.05.15",
    "rating": "7",
    "author": "deff****",
    "review_id": "1639950",
    "movie_id": "10168"
  },
  {
    "review": "그저그래 별로 나쁜 점도 없었다",
    "date": "07.04.03",
    "rating": "5",
    "author": "fred****",
    "review_id": "1570906",
    "movie_id": "10168"
  },
  {
    "review": "그럭저럭 볼만",
    "date": "07.02.20",
    "rating": "4",
    "author": "ysuh****",
    "review_id": "1488188",
    "movie_id": "10168"
  },
  {
    "review": "숀 코네리도 본드가 그리웠나보다...짝퉁에 출연하고..;;",
    "date": "07.01.17",
    "rating": "6",
    "author": "hide****",
    "review_id": "1392664",
    "movie_id": "10168"
  },
  {
    "review": "그럭저럭으로 봤다..",
    "date": "06.11.15",
    "rating": "6",
    "author": "wwwx****",
    "review_id": "1233219",
    "movie_id": "10168"
  },
  {
    "review": "갈수록 흥미진진~~",
    "date": "06.10.19",
    "rating": "10",
    "author": "joji****",
    "review_id": "1188799",
    "movie_id": "10168"
  },
  {
    "review": "잔잔한 테마가 좋았던 007외전~",
    "date": "06.08.23",
    "rating": "8",
    "author": "8901****",
    "review_id": "1070260",
    "movie_id": "10168"
  },
  {
    "review": "옥토퍼시와 다른 나름의 재미...",
    "date": "06.06.20",
    "rating": "10",
    "author": "jski****",
    "review_id": "851141",
    "movie_id": "10168"
  },
  {
    "review": "여성이 장난감이냐?",
    "date": "06.05.29",
    "rating": "1",
    "author": "zeed****",
    "review_id": "821341",
    "movie_id": "10168"
  },
  {
    "review": "실망이구먼..",
    "date": "06.03.04",
    "rating": "5",
    "author": "shh7****",
    "review_id": "704448",
    "movie_id": "10168"
  },
  {
    "review": "킴베신져였구나. 다시 구해서 봐야겠다.",
    "date": "05.12.24",
    "rating": "6",
    "author": "blue****",
    "review_id": "525966",
    "movie_id": "10168"
  },
  {
    "review": "약간 색다른 007",
    "date": "05.12.24",
    "rating": "7",
    "author": "kws7****",
    "review_id": "524600",
    "movie_id": "10168"
  },
  {
    "review": "007 주제 음악이 안 흐르니 참 어색하다",
    "date": "05.08.24",
    "rating": "6",
    "author": "nams****",
    "review_id": "382470",
    "movie_id": "10168"
  },
  {
    "review": "뻔한 상술이 드러나는 졸작",
    "date": "05.07.09",
    "rating": "5",
    "author": "rood****",
    "review_id": "316520",
    "movie_id": "10168"
  },
  {
    "review": "과연 이영화를 007시리즈라 할수있을까 시리즈중 최악중 하나",
    "date": "05.05.25",
    "rating": "3",
    "author": "si2p****",
    "review_id": "285947",
    "movie_id": "10168"
  },
  {
    "review": "많이 부족해 음.....",
    "date": "05.05.04",
    "rating": "4",
    "author": "jcr3****",
    "review_id": "270962",
    "movie_id": "10168"
  },
  {
    "review": "내 어릴때 가족들과 이불속에 들어가서 이영화 해주던 시간이 제일 좋았다.",
    "date": "04.08.30",
    "rating": "10",
    "author": "adon****",
    "review_id": "100015",
    "movie_id": "10168"
  }
]