[
  {
    "review": "우주로 나간 007.. 이건 제임스 본드가 아니야!",
    "date": "15.08.01",
    "rating": "5",
    "author": "pont****",
    "review_id": "10169006",
    "movie_id": "10166"
  },
  {
    "review": "케이블카 전투씬대박 죠스의사랑ㅋㅋㅋ",
    "date": "15.03.22",
    "rating": "10",
    "author": "dnjs****",
    "review_id": "9799026",
    "movie_id": "10166"
  },
  {
    "review": "007 시리즈 중 작품성도 최고 오락성도 최고!",
    "date": "15.02.04",
    "rating": "10",
    "author": "pfei****",
    "review_id": "9667172",
    "movie_id": "10166"
  },
  {
    "review": "만화같다는 비판이 있지만  지금봐도 여전히 재미있음.",
    "date": "15.01.27",
    "rating": "10",
    "author": "aolm****",
    "review_id": "9642193",
    "movie_id": "10166"
  },
  {
    "review": "이게 79년도의 만들어졌다는 것만으로 굉장한 영화임.그때 기술력으로 봤을때 희대의 걸작임.",
    "date": "14.10.03",
    "rating": "10",
    "author": "adiv****",
    "review_id": "9258466",
    "movie_id": "10166"
  },
  {
    "review": "동어반복도 정도껏이지 주구장창 똑같은 스토리에 똑같은플롯 지겹지도 않나?",
    "date": "14.04.03",
    "rating": "6",
    "author": "ykdi****",
    "review_id": "8626581",
    "movie_id": "10166"
  },
  {
    "review": "제임스본드 시리즈들이 평점 7점대를 달리는데 너무 한거 아니야?",
    "date": "14.01.21",
    "rating": "10",
    "author": "ske4****",
    "review_id": "8406257",
    "movie_id": "10166"
  },
  {
    "review": "볼만한 액션씬과 매력적인 본드걸 등장..",
    "date": "13.09.06",
    "rating": "10",
    "author": "aolm****",
    "review_id": "7952881",
    "movie_id": "10166"
  },
  {
    "review": "개인적으로 제임스 본드 시리즈 중에 가장 재미있다는 느낌.",
    "date": "13.09.05",
    "rating": "9",
    "author": "rich****",
    "review_id": "7950739",
    "movie_id": "10166"
  },
  {
    "review": "죠스 완전 개웃김 ㅋㅋ 79년도 작품이라니 덜덜..오프닝 스카이다이빙도 쫄깃쫄깃..돌비 대형스크린으로 보면 개죽음..시리즈 사상 가장 큰 스케일..리오 케이블카 경치도 끝내줌 ㅋㅋ",
    "date": "13.02.05",
    "rating": "10",
    "author": "fuck****",
    "review_id": "7226743",
    "movie_id": "10166"
  },
  {
    "review": "죠스 대단하다 007나를 사랑한 스파이에서 상어랑 싸우고도 이기네! 정말 007문레이커 완전 재밌다 영화 뒷부분은 마치 스타워즈 갔다",
    "date": "13.01.31",
    "rating": "10",
    "author": "buti****",
    "review_id": "7200470",
    "movie_id": "10166"
  },
  {
    "review": "007 시리즈중 최고의 오락영화.",
    "date": "12.12.29",
    "rating": "9",
    "author": "chal****",
    "review_id": "7058875",
    "movie_id": "10166"
  },
  {
    "review": "총을 든채 마주보며 유유히 유영하는 군사들의 모습에서 느끼는 것은, 오늘날의 발달된 우주시장에서는 찾을 수 없는 또 하나의 향수 혹은 애틋함일까. 그 시절 사람들의 우주에 대한 조그만 꿈과 소망이 투영되어 있는 작품",
    "date": "12.12.03",
    "rating": "7",
    "author": "cek2****",
    "review_id": "6967599",
    "movie_id": "10166"
  },
  {
    "review": "그냥따지지말고생각없이보면재밌음..",
    "date": "12.11.29",
    "rating": "9",
    "author": "wook****",
    "review_id": "6935459",
    "movie_id": "10166"
  },
  {
    "review": "문레이커랑 전편 나를사랑한스파이가 007중 가장 재밌다!",
    "date": "12.09.24",
    "rating": "10",
    "author": "gori****",
    "review_id": "6728197",
    "movie_id": "10166"
  },
  {
    "review": "당시 챌린져호가 연구개발중이던 가운데.. 문레이커의 등장은 나로하여금 흥분하게 만들었던 기억이 새롭다.. 죠스와의 대결은 매너리즘이었지만.. 007구성상 어찌할 수 없지 않은가 말이다..ㅜㅠ",
    "date": "12.09.20",
    "rating": "9",
    "author": "spar****",
    "review_id": "6714870",
    "movie_id": "10166"
  },
  {
    "review": "로저무어와 보트액션은 뗄수가 없나봐. 근데 너무 갔어. 우주까지..",
    "date": "12.08.27",
    "rating": "6",
    "author": "hell****",
    "review_id": "6648268",
    "movie_id": "10166"
  },
  {
    "review": "지금 보니 엉성하지만, 당시 어렸던 내가봤을땐 한장면 한장면 정말 굉장했다.",
    "date": "12.06.20",
    "rating": "9",
    "author": "lone****",
    "review_id": "6404962",
    "movie_id": "10166"
  },
  {
    "review": "모든게 다 신선했다.게다가 우주로 간 죠스라니...뭔가 좀 많이 참신하지않은가?말야.",
    "date": "12.05.17",
    "rating": "10",
    "author": "baks****",
    "review_id": "6304551",
    "movie_id": "10166"
  },
  {
    "review": "007을 벡터맨으로 만들기엔 좀 그랬다.",
    "date": "12.05.15",
    "rating": "1",
    "author": "doct****",
    "review_id": "6301536",
    "movie_id": "10166"
  },
  {
    "review": "스타일을 파악한 이상, 거슬리는 장면을 애교로 넘기면 볼만하다.",
    "date": "12.03.15",
    "rating": "5",
    "author": "bbq2****",
    "review_id": "6145695",
    "movie_id": "10166"
  },
  {
    "review": "007은 로저무어가 최고인듯.... 죠스도 넘 애착이 가는 캐릭터!!!",
    "date": "12.03.11",
    "rating": "9",
    "author": "tran****",
    "review_id": "6138108",
    "movie_id": "10166"
  },
  {
    "review": "로저무어의 007시리즈중 모험.오락적인 요소가 강했던 작품 8점은 줘야함",
    "date": "12.01.30",
    "rating": "8",
    "author": "thra****",
    "review_id": "6034937",
    "movie_id": "10166"
  },
  {
    "review": "007스타워즈버전.. 스케일은크다만 현실성제로...ㅡ.ㅡ",
    "date": "11.12.13",
    "rating": "7",
    "author": "eart****",
    "review_id": "5903671",
    "movie_id": "10166"
  },
  {
    "review": "우주로 간 용감한 007 그 참신함만은 좋았다",
    "date": "11.09.20",
    "rating": "6",
    "author": "reno****",
    "review_id": "5742995",
    "movie_id": "10166"
  },
  {
    "review": "우주로 가기 전까지는 여느 007 영화 못지 않았다. 다만 그 뒤로는...",
    "date": "11.07.11",
    "rating": "8",
    "author": "wooj****",
    "review_id": "5535623",
    "movie_id": "10166"
  },
  {
    "review": "개봉당시 너무너무 재미있게 봤던 영화 그뒤로도 몇번 더 봤던 기억이 납니다.\r\n007",
    "date": "11.06.25",
    "rating": "10",
    "author": "hann****",
    "review_id": "5498616",
    "movie_id": "10166"
  },
  {
    "review": "007 블록버스터",
    "date": "11.04.13",
    "rating": "7",
    "author": "mais****",
    "review_id": "5370646",
    "movie_id": "10166"
  },
  {
    "review": "물론 만화같기는했지만 첫번째 액션씬이 계속 머리에 남는다",
    "date": "11.02.21",
    "rating": "10",
    "author": "rkde****",
    "review_id": "5265402",
    "movie_id": "10166"
  },
  {
    "review": "오그라들었다. 특히 우주.....진짜 이건....후우............",
    "date": "11.02.10",
    "rating": "4",
    "author": "road****",
    "review_id": "5234547",
    "movie_id": "10166"
  },
  {
    "review": "내 청춘의 한 언저리에 강하게 자리잡았던.... 영화로 나를 휘몰아 갔던....",
    "date": "11.02.02",
    "rating": "6",
    "author": "pria****",
    "review_id": "5208331",
    "movie_id": "10166"
  },
  {
    "review": "공상도 아닌 망상.",
    "date": "10.08.15",
    "rating": "3",
    "author": "tori****",
    "review_id": "4752322",
    "movie_id": "10166"
  },
  {
    "review": "전편의 성공으로 예정에없던 시리즈를 넣은 것으로 지나치게 황당하나 잔재미는 있다.",
    "date": "09.11.01",
    "rating": "7",
    "author": "rush****",
    "review_id": "3928607",
    "movie_id": "10166"
  },
  {
    "review": "눈과 귀과 즐겁다.",
    "date": "09.02.09",
    "rating": "7",
    "author": "izzo****",
    "review_id": "3290412",
    "movie_id": "10166"
  },
  {
    "review": "만화 같은 로저무어 본드 시대를 대표하는 작품..",
    "date": "08.11.16",
    "rating": "8",
    "author": "moon****",
    "review_id": "3053957",
    "movie_id": "10166"
  },
  {
    "review": "베니스에서의 액션만으로도 이영화를 잊을순없다* 그리고 죠스 ㅋㅋㅋㅋ",
    "date": "08.11.06",
    "rating": "10",
    "author": "dma9****",
    "review_id": "3036821",
    "movie_id": "10166"
  },
  {
    "review": "개인적으론 숀코네리보다 로저무어시대 007이 흥미있고 영화적이다*",
    "date": "08.11.05",
    "rating": "10",
    "author": "sr82****",
    "review_id": "3036748",
    "movie_id": "10166"
  },
  {
    "review": "결과적으로 007이 테마가 아닌 죠스의 순정...이 테마였구려.",
    "date": "08.10.03",
    "rating": "6",
    "author": "sega****",
    "review_id": "2980043",
    "movie_id": "10166"
  },
  {
    "review": "good !",
    "date": "07.10.26",
    "rating": "6",
    "author": "cles****",
    "review_id": "2113077",
    "movie_id": "10166"
  },
  {
    "review": "폭포탈출씬 이전까지 007사상 최고의 재미..",
    "date": "07.05.19",
    "rating": "9",
    "author": "sall****",
    "review_id": "1646846",
    "movie_id": "10166"
  },
  {
    "review": "007의 활동 무대를 우주까지 확대한 작품 볼만은 하다",
    "date": "07.05.15",
    "rating": "8",
    "author": "deff****",
    "review_id": "1640034",
    "movie_id": "10166"
  },
  {
    "review": "너무 비현실적이라 몰입이 안 된다",
    "date": "07.05.04",
    "rating": "6",
    "author": "okyk****",
    "review_id": "1619161",
    "movie_id": "10166"
  },
  {
    "review": "볼만",
    "date": "07.02.20",
    "rating": "7",
    "author": "ysuh****",
    "review_id": "1487034",
    "movie_id": "10166"
  },
  {
    "review": "대단하다.. 넘 어설프다.",
    "date": "06.12.21",
    "rating": "7",
    "author": "clou****",
    "review_id": "1310763",
    "movie_id": "10166"
  },
  {
    "review": "우주까지 가는 순간, 더 이상 내 눈을 뜨기가 힘들었다",
    "date": "06.09.29",
    "rating": "3",
    "author": "okjo****",
    "review_id": "1148871",
    "movie_id": "10166"
  },
  {
    "review": "당시의 특수효과가 이렇게 대단하다니 나에겐 대작이다!",
    "date": "06.08.23",
    "rating": "10",
    "author": "8901****",
    "review_id": "1070244",
    "movie_id": "10166"
  },
  {
    "review": "글쎄",
    "date": "06.08.16",
    "rating": "7",
    "author": "zeed****",
    "review_id": "1038215",
    "movie_id": "10166"
  },
  {
    "review": "액션은 최고,오프닝은 인상적,스토리는 엉성.",
    "date": "06.07.27",
    "rating": "7",
    "author": "jcsj****",
    "review_id": "927065",
    "movie_id": "10166"
  },
  {
    "review": "우주까지 간 더블오세븐....",
    "date": "06.07.24",
    "rating": "8",
    "author": "reki****",
    "review_id": "918467",
    "movie_id": "10166"
  },
  {
    "review": "좀 만화같았지만, 코믹하고 스케일크고 재밌다!!",
    "date": "06.05.07",
    "rating": "10",
    "author": "oran****",
    "review_id": "790438",
    "movie_id": "10166"
  },
  {
    "review": "본드걸이 예쁘네...",
    "date": "06.04.26",
    "rating": "10",
    "author": "hkjj****",
    "review_id": "776049",
    "movie_id": "10166"
  },
  {
    "review": "돈만 쳐들인 70년대 후반의 졸작.",
    "date": "06.04.21",
    "rating": "6",
    "author": "jl94****",
    "review_id": "769963",
    "movie_id": "10166"
  },
  {
    "review": "비현실적인 요소가 많았지만 재미는 있다",
    "date": "06.04.08",
    "rating": "8",
    "author": "oran****",
    "review_id": "752946",
    "movie_id": "10166"
  },
  {
    "review": "죠스좀 잘 그리지",
    "date": "06.04.06",
    "rating": "9",
    "author": "eigh****",
    "review_id": "750855",
    "movie_id": "10166"
  },
  {
    "review": "[[70년대]]超대형 블-록-버-스-터!!!(주의:7 0 년 대)",
    "date": "06.03.22",
    "rating": "10",
    "author": "iron****",
    "review_id": "727611",
    "movie_id": "10166"
  },
  {
    "review": "끝이 좀 그래서 글치 잼났음.",
    "date": "06.02.18",
    "rating": "10",
    "author": "shh7****",
    "review_id": "677834",
    "movie_id": "10166"
  },
  {
    "review": "우주,,죠스.. 그렇지만 미워할수없다",
    "date": "06.02.01",
    "rating": "8",
    "author": "yjo4****",
    "review_id": "640852",
    "movie_id": "10166"
  },
  {
    "review": "007영화중에 가장 쌩뚱맞았다.. 하지만 그조차재밌지 않은가?",
    "date": "06.01.21",
    "rating": "8",
    "author": "cana****",
    "review_id": "606926",
    "movie_id": "10166"
  },
  {
    "review": "제일 실망한 작품",
    "date": "05.12.25",
    "rating": "6",
    "author": "kws7****",
    "review_id": "527015",
    "movie_id": "10166"
  },
  {
    "review": "너무 앞서가려는 시도가 유치하게 되어버린..",
    "date": "05.12.07",
    "rating": "7",
    "author": "hero****",
    "review_id": "497021",
    "movie_id": "10166"
  },
  {
    "review": "그 당시를 생각해본다면 이 영화는 정말 최고의 작품",
    "date": "05.07.24",
    "rating": "10",
    "author": "ansd****",
    "review_id": "332419",
    "movie_id": "10166"
  },
  {
    "review": "007영화 중 좀 떨어짐..배경 자체가 시대적으로 무리였다",
    "date": "05.06.18",
    "rating": "5",
    "author": "dbsw****",
    "review_id": "301599",
    "movie_id": "10166"
  },
  {
    "review": "괜찮은 액션! 지금보면 유치만빵의 엉성한 영화",
    "date": "05.06.02",
    "rating": "4",
    "author": "si2p****",
    "review_id": "292224",
    "movie_id": "10166"
  },
  {
    "review": "스케일은 크다만 상당히 상당히 산만한 구조..",
    "date": "05.05.04",
    "rating": "5",
    "author": "jcr3****",
    "review_id": "270967",
    "movie_id": "10166"
  },
  {
    "review": "죠스와 말괄량이 삐삐-엽기 커플 ㅎㅎㅎ",
    "date": "05.01.26",
    "rating": "6",
    "author": "alba****",
    "review_id": "196626",
    "movie_id": "10166"
  },
  {
    "review": "다시 돌아운 우리의 따까리 죠스..나중에 개과천선 함..ㅎㅎ",
    "date": "05.01.15",
    "rating": "5",
    "author": "penn****",
    "review_id": "186153",
    "movie_id": "10166"
  },
  {
    "review": "죠스는 과연 인간인가??",
    "date": "04.12.30",
    "rating": "8",
    "author": "nams****",
    "review_id": "172794",
    "movie_id": "10166"
  },
  {
    "review": "만점",
    "date": "04.11.28",
    "rating": "10",
    "author": "worl****",
    "review_id": "153719",
    "movie_id": "10166"
  },
  {
    "review": "이 영화가 극장서 상영 될 무렵, 전두환, 버마 폭탄테러사건 터졌음",
    "date": "04.09.25",
    "rating": "9",
    "author": "pby1****",
    "review_id": "114214",
    "movie_id": "10166"
  },
  {
    "review": "내 어릴때 가족들과 이불속에 들어가서 이영화 해주던 시간이 제일 좋았다.",
    "date": "04.08.30",
    "rating": "10",
    "author": "adon****",
    "review_id": "100012",
    "movie_id": "10166"
  }
]