[
  {
    "review_id": "10150268",
    "movie_id": "101611",
    "author": "sm7s****",
    "review": "크라피카의 눈을 빼앗긴다는 참신한 설정을 이렇게 망치다니. 처음 '우보긴'과의 결투 빼고는 나머진 다 별로였다. 거기다 키르아는 성격이 너무 변했다. 오모카게 캐릭터 생김세도 하는짓도 중2병 스럽다. 더 라스트 미션이 훨신 더 재밌다.",
    "rating": "6",
    "date": "15.07.27"
  },
  {
    "review_id": "9755617",
    "movie_id": "101611",
    "author": "aosi****",
    "review": "재미가 없다..지루합니다",
    "rating": "3",
    "date": "15.03.04"
  },
  {
    "review_id": "9604109",
    "movie_id": "101611",
    "author": "dosa****",
    "review": "그리드 아일랜드 후편은 애니로 언제나오는거야..헌터 바이 헌터를 본지가 한참됐네...",
    "rating": "1",
    "date": "15.01.17"
  },
  {
    "review_id": "9262346",
    "movie_id": "101611",
    "author": "shju****",
    "review": "너무 재미있어요 진짜 추천합니다",
    "rating": "10",
    "date": "14.10.04"
  },
  {
    "review_id": "9222140",
    "movie_id": "101611",
    "author": "ious****",
    "review": "그냥 원작을 보시길..",
    "rating": "1",
    "date": "14.09.18"
  },
  {
    "review_id": "8967133",
    "movie_id": "101611",
    "author": "domi****",
    "review": "라스트미션보다는 낫다.. 연출이 나쁘진 않고 소소하게 볼거리들이 비교적 많으니까..",
    "rating": "6",
    "date": "14.07.27"
  },
  {
    "review_id": "8952995",
    "movie_id": "101611",
    "author": "ejrd****",
    "review": "솔찍히... 팬텀루즈가 더 라스트미션보다 좋았다능...",
    "rating": "7",
    "date": "14.07.24"
  },
  {
    "review_id": "8926645",
    "movie_id": "101611",
    "author": "mksy****",
    "review": "헌터헌터 매니아인데요 헌터로 이정도 재미밖에 못뽑다니 개안습... 애니 개미편 좀 보고 배우길",
    "rating": "1",
    "date": "14.07.18"
  },
  {
    "review_id": "8850507",
    "movie_id": "101611",
    "author": "dare****",
    "review": "스토리는 별로...히소카에게 10점. 남자분들이 보기엔 정말 재미없을듯..",
    "rating": "10",
    "date": "14.06.24"
  },
  {
    "review_id": "8761358",
    "movie_id": "101611",
    "author": "1__2****",
    "review": "개  재 미없네 리메이크  너무  재밌어서  극장판 찾아봤는데  진짜  재미없다",
    "rating": "1",
    "date": "14.05.24"
  },
  {
    "review_id": "8747945",
    "movie_id": "101611",
    "author": "you8****",
    "review": "킬링타임용 영화. 원작에 대한 기대가 높아선지 실망한 작품이지만 나름 볼만함.",
    "rating": "7",
    "date": "14.05.19"
  },
  {
    "review_id": "8582418",
    "movie_id": "101611",
    "author": "dkdi****",
    "review": "이르미는 광속으로 두두두두 팰 수 있는데 굳이 가드올린 팔만 때림.더 재밌는건 눈감고 가드하는데 다 막다가 다른데 한데 툭 치니까 휘리릭/시체(눈)가지고 인형만드는 스킬인데 살아있는 단원인형은 어떻게 만듬? 개연성 똥...",
    "rating": "1",
    "date": "14.03.16"
  },
  {
    "review_id": "8494620",
    "movie_id": "101611",
    "author": "koak****",
    "review": "이건 헌터헌터가 아니다.",
    "rating": "2",
    "date": "14.02.10"
  },
  {
    "review_id": "8483315",
    "movie_id": "101611",
    "author": "zxcv****",
    "review": "와..진짜 이거 돈내고 본 사람들은 아까워서 우짜노.. 팬심 다 날아가는 극장판",
    "rating": "1",
    "date": "14.02.07"
  },
  {
    "review_id": "8473465",
    "movie_id": "101611",
    "author": "oyk0****",
    "review": "히소카 원래 성우를 돌려줘;ㅁ; 왜 그 성우님 안쓴거지? 테니프리하면서 귀여움 만땅으로 변해 연기하기 힘들었나?",
    "rating": "1",
    "date": "14.02.04"
  },
  {
    "review_id": "8397594",
    "movie_id": "101611",
    "author": "dmsg****",
    "review": "♡♥♡♥♡♥♡♥♡♥♡",
    "rating": "10",
    "date": "14.01.19"
  },
  {
    "review_id": "8351614",
    "movie_id": "101611",
    "author": "oras****",
    "review": "일해라 토가시토해라 일가시",
    "rating": "10",
    "date": "14.01.05"
  },
  {
    "review_id": "8347519",
    "movie_id": "101611",
    "author": "deff****",
    "review": "액션 장면이 조금 볼만하지만 전반적으로는 내용과 소재가 와 닿지가 않는다 이야기도 엉뚱한 방향으로 흘러가는것만 같고",
    "rating": "4",
    "date": "14.01.04"
  },
  {
    "review_id": "8324256",
    "movie_id": "101611",
    "author": "klh0****",
    "review": "헌터X헌터  진짜 크라피카하고 키르아 땜시 보는거다 크라피가가 더 좋지만  역시 멋있는게 더낳아!!!!",
    "rating": "10",
    "date": "13.12.30"
  },
  {
    "review_id": "8280859",
    "movie_id": "101611",
    "author": "gold****",
    "review": "스토리 퀄리티 별로 중요치않고 나온것만으로 감사함...토가시 연재해라 제발",
    "rating": "10",
    "date": "13.12.23"
  },
  {
    "review_id": "8266470",
    "movie_id": "101611",
    "author": "dbwo****",
    "review": "국내에서 개봉한걸 감사하라고? 영화를 재미로보지 작가 돈퍼주러가냐? 멍청한생각임 이영화에나온 싸움도 존나 형편없음 극장판 만들줄모르면 만화나 쳐만드삼",
    "rating": "1",
    "date": "13.12.21"
  },
  {
    "review_id": "8167844",
    "movie_id": "101611",
    "author": "syh3****",
    "review": "극장판 이거하나뿐이라서 아쉬움 ㅠ 재밌쑴~",
    "rating": "10",
    "date": "13.11.25"
  },
  {
    "review_id": "8129865",
    "movie_id": "101611",
    "author": "6399****",
    "review": "재미 없지만 헌터x헌터 좋아 하는 사람으로서 곤 키르아 크라피카 래오리오를 볼수 있었다는것에 만족...   재미는 없음 ㅋㅋ",
    "rating": "4",
    "date": "13.11.10"
  },
  {
    "review_id": "7991344",
    "movie_id": "101611",
    "author": "psyc****",
    "review": "그냥 청소년용 애니메이션...",
    "rating": "6",
    "date": "13.09.18"
  },
  {
    "review_id": "7980741",
    "movie_id": "101611",
    "author": "feel****",
    "review": "암생각없이 그냥 팬심으로 봤더니 ..이상한거다. 그래서 감독을 다시 살펴보니.. 누구심??마치 겉만 똑같은 짝퉁빽 !그것도 엉성한 - _ -",
    "rating": "1",
    "date": "13.09.15"
  },
  {
    "review_id": "7978529",
    "movie_id": "101611",
    "author": "dshs****",
    "review": "이르미~여단  분량 원하시는 분들만 보면 됨. 스토리도 연출도 진행도 하나같이 거지같고 기승전병임. 원작 후광으로 겨우 이 정도 평점인듯. 그냥 총체적 난국에 가면 갈수록 심란.",
    "rating": "4",
    "date": "13.09.14"
  },
  {
    "review_id": "7974935",
    "movie_id": "101611",
    "author": "wogh****",
    "review": "헌터바이헌터 재미있게봐서 극장판기대하고 봤는데 실망만돌아오는작품입니다.",
    "rating": "6",
    "date": "13.09.13"
  },
  {
    "review_id": "7947281",
    "movie_id": "101611",
    "author": "raon****",
    "review": "너무재밌어요",
    "rating": "10",
    "date": "13.09.04"
  },
  {
    "review_id": "7946665",
    "movie_id": "101611",
    "author": "zmfk****",
    "review": "극장판 헌터x헌터 2기인 더 라스트 미션두 빨리 나왔으면 좋겠습니다^^",
    "rating": "10",
    "date": "13.09.04"
  },
  {
    "review_id": "7930031",
    "movie_id": "101611",
    "author": "shdo****",
    "review": "크라피카가 주인공이니까...",
    "rating": "10",
    "date": "13.08.28"
  },
  {
    "review_id": "7922943",
    "movie_id": "101611",
    "author": "blue****",
    "review": "대실망 ㅡㅡ^  연재 후반정도에 상당히 강해졌었는데~ 이건 뭐.....",
    "rating": "1",
    "date": "13.08.26"
  },
  {
    "review_id": "7913934",
    "movie_id": "101611",
    "author": "kimj****",
    "review": "정말 쓰레기 입니다;; 원작 토가시분에 tv판보다 못한 퀄리티;; 작화들이 전부 메이드 매니아인가? 정말 현재나오는 ova 작화들에 아마추어적인 구성과 원작을 망치는 스토리전개 일본 개봉당시 보고 말도많고 탈도많은 작품입니다",
    "rating": "1",
    "date": "13.08.23"
  },
  {
    "review_id": "7874348",
    "movie_id": "101611",
    "author": "dydg****",
    "review": "나름 꿀재미ㅋㅋ",
    "rating": "10",
    "date": "13.08.13"
  },
  {
    "review_id": "7868142",
    "movie_id": "101611",
    "author": "free****",
    "review": "어이없는 전개만 일어나고...극장판 특징처럼 갑자기 엄청난 적이나타나고 그 적을 주인공 버프만으로 이겨버린다는... 특히 인형들과 싸우는데 더블머신건을 곤과 키르아가 G.I.특훈도 전에 막아버린다는 설정은 정말;; 작화만 좋고 나머지는...",
    "rating": "5",
    "date": "13.08.11"
  },
  {
    "review_id": "7866836",
    "movie_id": "101611",
    "author": "n_se****",
    "review": "영화 소개에는 크라피카/환영여단의 화려하게 초필살 맞다이처럼 말해놓고 결국에는 곤/키르아가 영화의 90퍼센트를 차지했네요. 물론 요주의 주인공이므로 당연한 결과겠죠. 헌데그럴거면 크라피카/환영여단이라고 소개를 하지 말았었으면 어땠을까 싶네요 결론.낚임",
    "rating": "5",
    "date": "13.08.10"
  },
  {
    "review_id": "7859385",
    "movie_id": "101611",
    "author": "wltn****",
    "review": "토가시 , 어둠대륙 언제나오냐 아오 ,  그건그렇고 왜이렇게 곤, 키르아 약해빠짐 ?  그리드아일랜드에서 배운 켄은 나오면서 ;;",
    "rating": "10",
    "date": "13.08.08"
  },
  {
    "review_id": "7853910",
    "movie_id": "101611",
    "author": "remi****",
    "review": "쓰레기..성우도 진짜...후지키는 그냥 연기만 하자",
    "rating": "1",
    "date": "13.08.07"
  },
  {
    "review_id": "7853295",
    "movie_id": "101611",
    "author": "sang****",
    "review": "올레로 봤는데 ;; 어느 정도 예상되는 스토리...... ㅠㅠ;;; 오랫만에 나와서 좋았지만... 다음을 기대하겠음",
    "rating": "7",
    "date": "13.08.07"
  },
  {
    "review_id": "7852761",
    "movie_id": "101611",
    "author": "dltl****",
    "review": "헌터헌터 팬인만큼 아주 실망이 컸습니다^^... 제가 드린 별점은 순전히 작화점수구요. 스토리.. 원작을 훼손하지는 않았지만 헌터헌터 이름 값에 똥칠하는 스토리였네요. 보는 내내 제 항마력을 테스트 당했습니다. 부셔버릴꺼야 제작진.",
    "rating": "2",
    "date": "13.08.07"
  },
  {
    "review_id": "7849902",
    "movie_id": "101611",
    "author": "sasa****",
    "review": "일단팬이니까 10점! 영화는 원작보단ㅜㅜ",
    "rating": "10",
    "date": "13.08.06"
  },
  {
    "review_id": "7848040",
    "movie_id": "101611",
    "author": "dada****",
    "review": "ㅇ.ㅇ!!!!!!",
    "rating": "5",
    "date": "13.08.06"
  },
  {
    "review_id": "7847369",
    "movie_id": "101611",
    "author": "skge****",
    "review": "배경은 우보긴때 켄 쓰는거보니깐 G.I  진행중이거나 후인듯 막판에 비스케도 나오니..첫부분에 키르아 꿈꿀때 이새키 OOO 침 빼나 ? 하는 복선 까는데 기대하지말고 보자.",
    "rating": "3",
    "date": "13.08.06"
  },
  {
    "review_id": "7841856",
    "movie_id": "101611",
    "author": "llle****",
    "review": "헌터를 좋아하는 사람에겐 반가운 영화이긴하나, 언제인지 알수없는 시간 설정으로 당황스럽고 악당케릭터가 약간 먼치킨 설정 처럼나오다가 너무 쉽게 쓰러지는걸 보면서 이건 좀 아닌듯한 느낌.. 그냥 연재나 빨리좀 해줬으면..",
    "rating": "5",
    "date": "13.08.05"
  },
  {
    "review_id": "7839720",
    "movie_id": "101611",
    "author": "ass9****",
    "review": "비록 직접가서 보지는 못했지만 꽤나 재밋게 봤어요~헌터x헌터 만화책 연재도 빨리 나왓으면 하는...ㅎ",
    "rating": "9",
    "date": "13.08.04"
  },
  {
    "review_id": "7839458",
    "movie_id": "101611",
    "author": "tolg****",
    "review": "아쉽네요ㅜㅜ 저는 긴장감 넘치는 넨의 싸움을 기다렸지만 심리전은 커녕 전투도 그닥이고 너무 감정에만 호소할려는 빈약한 스토리.....아무리 헌터 빠라도 7점 이상은ㅜㅜㅜ원래라면 전 5점...",
    "rating": "7",
    "date": "13.08.04"
  },
  {
    "review_id": "7832957",
    "movie_id": "101611",
    "author": "wwys****",
    "review": "명작을 망친다  만화책수준의연출만있어도 이것보다훨씬 나을텐데",
    "rating": "4",
    "date": "13.08.04"
  },
  {
    "review_id": "7831704",
    "movie_id": "101611",
    "author": "jame****",
    "review": "쩜",
    "rating": "10",
    "date": "13.08.03"
  },
  {
    "review_id": "7828357",
    "movie_id": "101611",
    "author": "5052****",
    "review": "ㅗㅗOOO임",
    "rating": "1",
    "date": "13.08.03"
  },
  {
    "review_id": "7826608",
    "movie_id": "101611",
    "author": "fbsd****",
    "review": "좋네조아~난헌터가조아~아무리망가져도~",
    "rating": "10",
    "date": "13.08.03"
  },
  {
    "review_id": "7821269",
    "movie_id": "101611",
    "author": "nyle****",
    "review": "핰핰 헌터사랑한다 연재하든안하든간에 난 헌터 존재 그 자체만으로도 미쳐서 뒤집어지는 닝겐이야 핰핰 곤 키르아 크라피카 히르미 히소카 전부다 사랑한닼 핰핰핰 파이로 존나게카와이하네 핰핰 토가시빌 휴재 500일 넘었으니 연재해 OOO아^^ 암튼사랑 핰핰핰",
    "rating": "10",
    "date": "13.08.02"
  },
  {
    "review_id": "7812761",
    "movie_id": "101611",
    "author": "tjeh****",
    "review": "기대를 너무 했나 정말 노재미..",
    "rating": "6",
    "date": "13.08.01"
  },
  {
    "review_id": "7808505",
    "movie_id": "101611",
    "author": "jcy8****",
    "review": "극장판 2편 나온다면서? 이대로 나온다면 증말 재앙일 듯...",
    "rating": "1",
    "date": "13.08.01"
  },
  {
    "review_id": "7804020",
    "movie_id": "101611",
    "author": "wind****",
    "review": "기대 이상도 그렇다고 이하도 아닌 딱 그정도.",
    "rating": "6",
    "date": "13.07.31"
  },
  {
    "review_id": "7802501",
    "movie_id": "101611",
    "author": "bayd****",
    "review": "원래 극장판 애니잘안보는데 꽤 재밌게 봤습니다. 친구의 소중함도 일깨워 주고 좋네요.",
    "rating": "10",
    "date": "13.07.31"
  },
  {
    "review_id": "7801325",
    "movie_id": "101611",
    "author": "roft****",
    "review": "정말 화났다 일단 캐릭터들간의 밸런스가 영화에선 너무 맞지않음 그리드 후에 곤 키르아는 적어도 거미랑 동급일텐데 그러지 못하고 액션신도 극장판이 아니라 애니보는기분 뭐지 이거 내시간 ㅡㅡ",
    "rating": "1",
    "date": "13.07.31"
  },
  {
    "review_id": "7801005",
    "movie_id": "101611",
    "author": "okvn****",
    "review": "정말 루즈합니다. 곤은 멍청해서 짜증나게 묘사되고, 키르아는 찌질하게 묘사됩니다.  초반에 인물끼리 만나는장면이나, 전투장면이나 무적 비합리적으로 캐릭터가 행동합니다 보는 내 내 \"왜 쟤들이 저런 행동을 하지?\" 싶을정도로자잘한 리얼리티가너무부족함",
    "rating": "3",
    "date": "13.07.30"
  },
  {
    "review_id": "7798889",
    "movie_id": "101611",
    "author": "tjwl****",
    "review": "기대 이하의 영화였습니다....너무 흔해빠진 우정얘기라서 김빠진 느낌이였고 히소카의 캐릭터랑 조금 매치가 안돼는 점 그리고 마지막에 환영여단의 등장을 굳이 넣었어야 했는가에서 의문점이 듭니다.",
    "rating": "3",
    "date": "13.07.30"
  },
  {
    "review_id": "7795905",
    "movie_id": "101611",
    "author": "real****",
    "review": "내년에 영화 한개 더만든다는데 그거는 제대로 만들어주길‥",
    "rating": "10",
    "date": "13.07.28"
  },
  {
    "review_id": "7795882",
    "movie_id": "101611",
    "author": "yong****",
    "review": "팬이니까 점수10점 영화질은7점ㅜㅠ",
    "rating": "10",
    "date": "13.07.28"
  },
  {
    "review_id": "7789325",
    "movie_id": "101611",
    "author": "rkgl****",
    "review": "티비에서 떳다!!4000원이지만 주고봐야지♥키르아랑 크라피카땀시4000원이안아깝다!",
    "rating": "10",
    "date": "13.07.27"
  },
  {
    "review_id": "7781906",
    "movie_id": "101611",
    "author": "yuna****",
    "review": "평보다는재미있네여",
    "rating": "8",
    "date": "13.07.25"
  },
  {
    "review_id": "7745983",
    "movie_id": "101611",
    "author": "qhsd****",
    "review": "비추천합니다. 보지마세요. 진짜로 재미가 없습니다. 팬서비스용 영화입니다. 주인공인 곤과 키르아는 활약도 안하고 얻어맞기만 하는데다가 환영여단에게 도움을 청하는 상황이 벌어집니다.",
    "rating": "1",
    "date": "13.07.15"
  },
  {
    "review_id": "7732938",
    "movie_id": "101611",
    "author": "gimi****",
    "review": "ㅇㅇ",
    "rating": "10",
    "date": "13.07.13"
  },
  {
    "review_id": "7730719",
    "movie_id": "101611",
    "author": "gpfl****",
    "review": "온니 팬서비스만을 위한 영상이었다. 작품성 제로. 원작의 수준을 기대하고 가면 된통 혼날 듯 싶네요. 웬만하면 보지 마세요. 진짜 실망합니다. 2분 내로 극장 뛰쳐나가요.",
    "rating": "1",
    "date": "13.07.12"
  },
  {
    "review_id": "7730122",
    "movie_id": "101611",
    "author": "hyo9****",
    "review": "진정한 헌바헌 팬이라면 보지 말아야 할 영화...곤하구 키르아는 첨부터 끝까지 오지게 얻어맞기만하고...(아무리 넨 초급자라도 이건 너무 심함.) 뭐, 결론은 '친구좋다'인데, 이게 100번도 넘게 나와 손발을 오그라들게하는것이 함정.",
    "rating": "2",
    "date": "13.07.12"
  },
  {
    "review_id": "7727566",
    "movie_id": "101611",
    "author": "suls****",
    "review": "작화는 리메이크랑 비슷 한데 스토리나 상황 묘사가헌터헌터라고 느낄수 없을 만큼 형편없었네요. 친구라는 주제? 를 내세우는것 같은데 원작은 자연스럽게 그 감동에 도달 하는데 비해 너무노골적으로 친구 친구 하니 좀 유치하고 오글 거렷음,실망 이 큽니다",
    "rating": "6",
    "date": "13.07.12"
  },
  {
    "review_id": "7714059",
    "movie_id": "101611",
    "author": "jiwo****",
    "review": "보면서 행복했다 정말 이건 내 인생의 낙이다",
    "rating": "10",
    "date": "13.07.07"
  },
  {
    "review_id": "7713680",
    "movie_id": "101611",
    "author": "eidr****",
    "review": "와우",
    "rating": "9",
    "date": "13.07.07"
  },
  {
    "review_id": "7708412",
    "movie_id": "101611",
    "author": "yyss****",
    "review": "재미있었고 액션이라서 더 재미있었어요",
    "rating": "10",
    "date": "13.07.05"
  },
  {
    "review_id": "7708336",
    "movie_id": "101611",
    "author": "oltp****",
    "review": "여단이 많이 나오지않아서 아쉽지만 극장판나온거에 감사함ㅇㅇ",
    "rating": "10",
    "date": "13.07.05"
  },
  {
    "review_id": "7705082",
    "movie_id": "101611",
    "author": "zpfh****",
    "review": "워낙 좋아하는 애니라 기대도 됐지만 편안한 마음으로 가서 봤는데 좋았어요!! 오랜만에 4인방이 뭉친 모습을 보니 절로 미소가ㅜㅜ 아 레오리오 좋아요 명대사굿굿 멋이쪄 역시 헌헌은 캐릭터마다 가지각색 매력들♥",
    "rating": "10",
    "date": "13.07.04"
  },
  {
    "review_id": "7704284",
    "movie_id": "101611",
    "author": "jinh****",
    "review": "리메 제작진이 만든것도 아니고, 거기다가 스토리도 지들 맘대로 토가시가 싸고 버린걸 더 멍청한 수준으로 리어레인지. 지금 키메라앤트 편 리메이크 보면 이게 얼마나 쓰레기인지 알겁니다",
    "rating": "3",
    "date": "13.07.04"
  },
  {
    "review_id": "7703642",
    "movie_id": "101611",
    "author": "anne****",
    "review": "오랜만에 새로운 내용을 에니메이션으로 봐서 좋았습니다.^^ 작가가 성실하면 좋겠지만, 잘 만든 콘텐츠 하나가 오래 간다는 것을 볼 수 있었어요;;; ㅎㅎ",
    "rating": "10",
    "date": "13.07.04"
  },
  {
    "review_id": "7703527",
    "movie_id": "101611",
    "author": "djhy****",
    "review": "크라피카 과거편만 토가시가 쓴 거로 알고있는데요.극장판은 리메 제작진이..ㅎㅎ ㅠㅠ극장판 덕에 크라피카 과거편 0권으로 나와서 8점.다시 휴재-2점.",
    "rating": "6",
    "date": "13.07.04"
  },
  {
    "review_id": "7702303",
    "movie_id": "101611",
    "author": "wltn****",
    "review": "토가시야  제발 만화 좀 제대로 그려주라...",
    "rating": "9",
    "date": "13.07.04"
  },
  {
    "review_id": "7700964",
    "movie_id": "101611",
    "author": "extr****",
    "review": "사실 원작에 비해 많이 떨어지는건 사실이지만, 올만에 보니까 설렜어요.^^ 어이가 없어서 헛웃음 나오는 장면도 꽤 있었지만 그래도 그마저도 행복했던 순간이었습니다.",
    "rating": "10",
    "date": "13.07.03"
  },
  {
    "review_id": "7699750",
    "movie_id": "101611",
    "author": "gkss****",
    "review": "국내 개봉하는것만으로도  감사하라고?;; 극장에  재미있는 영화  보러가지 제작자들 돈 퍼줄  요량으로  가나요;; 멍청한 생각임  스토리도 부실하고  헌터 특유의  머리싸움이나 능력배틀도 형편없음.. 특질계라고 하면 다  돼냐  그리고...",
    "rating": "1",
    "date": "13.07.03"
  },
  {
    "review_id": "7698663",
    "movie_id": "101611",
    "author": "whdb****",
    "review": "1~4점 주는 분들은 구작을 보고 리메이크를 비판하듯이 말하시네요. 구작적인 발상은 버리세요. 언제까지 이럴것인지.. 한심한 분들이십니다. 리메이크는 처음으로 나온 극장판이고, 그나마 국내에 개봉하는 게 감사할 따름입니다.",
    "rating": "9",
    "date": "13.07.02"
  },
  {
    "review_id": "7698202",
    "movie_id": "101611",
    "author": "ksw3****",
    "review": "작화, 스토리, 성우 연기, 어느하나 제대로 갖춰진건 없었다. 히소카는 성우의 연기가 제일 중요한데......... 그 사이코 다움은 전혀 느낄수 없는 차분한 히소카였다. 스토리 유치하기 짝이 없다.단 하나 액션만은 볼만하더라.",
    "rating": "4",
    "date": "13.07.02"
  },
  {
    "review_id": "7698189",
    "movie_id": "101611",
    "author": "bigb****",
    "review": "헌터팬이고 기대많이했는데 좀실망했어여ㅜ스토리부실한건 원작가가 참여안해서글타쳐도 캐릭터 성격도 좀틀리고 원작에 심오함이 없달까.. 많이기대하고본거라 실망이컸던걸까용간만에본 새로운 헌터라 반가운마음에 만점은 찍겠지만 실망하실수도잇어요",
    "rating": "10",
    "date": "13.07.02"
  },
  {
    "review_id": "7697900",
    "movie_id": "101611",
    "author": "aoki****",
    "review": "제가 8년만에 헌터헌터를 다시 보기 시작하는데요. 봤었던 구작때의 기억을 되살리고 극장판을 봤을때 정말 뭉클한 느낌이였습니다...ㅜㅜ 국내에서 상륙해주는 것도 너무나 고마운일이구...!! ^^ 또 보러가고 싶네요...ㅎㅎ",
    "rating": "10",
    "date": "13.07.02"
  },
  {
    "review_id": "7697709",
    "movie_id": "101611",
    "author": "kge0****",
    "review": "사골국물",
    "rating": "4",
    "date": "13.07.02"
  },
  {
    "review_id": "7697467",
    "movie_id": "101611",
    "author": "tmso****",
    "review": "연재좀 해라...",
    "rating": "10",
    "date": "13.07.02"
  },
  {
    "review_id": "7697389",
    "movie_id": "101611",
    "author": "hone****",
    "review": "토가시 연재를 위한 별점 더하기",
    "rating": "8",
    "date": "13.07.02"
  },
  {
    "review_id": "7696930",
    "movie_id": "101611",
    "author": "knif****",
    "review": "6월 30일 일요일 신촌 메가박스 1시 걸로 보고왔다. 장난함? 악당 물리치고 우리는 정말 좋은 친구! 이러고 끝남. 돈만 버렸다. 재미없어",
    "rating": "1",
    "date": "13.07.02"
  },
  {
    "review_id": "7696034",
    "movie_id": "101611",
    "author": "moto****",
    "review": "헌터 국내개봉만 해도 기뻣구요~ 심각하게 설정이라든지 안따지고 보면 재밌구요. 좀 얼척없어서 웃기는것도 재밋었어요.( 곤의 찟어지지않는 옷이라던가, 계속 털리는 샤르..ㅋㅋ) 이 영화의 결론은 히소카가 짱짱맨★ 인거같습니다 ㅋㅋㅋ",
    "rating": "8",
    "date": "13.07.01"
  },
  {
    "review_id": "7695407",
    "movie_id": "101611",
    "author": "inuy****",
    "review": "1점 주는 분들은 알바생들이신거임?  아직도 구작타령이나 하실거임?이건 극장판 답게 나온거지, 우리나라에 개봉한 건 만으로도 만족하는데 뭔 쓸데없는 말이 많은지...  스토리 부분에는 부족하더라도 개인적으로 재밌게 감상했습니다.",
    "rating": "9",
    "date": "13.07.01"
  },
  {
    "review_id": "7694570",
    "movie_id": "101611",
    "author": "hyos****",
    "review": "액션도 스토리도 전혀 몰입감을 주지 않는 대단한 영화.  팬이라도 피해야할 작품",
    "rating": "1",
    "date": "13.07.01"
  },
  {
    "review_id": "7693054",
    "movie_id": "101611",
    "author": "bhgy****",
    "review": "이 영화를 본다는 것, 인생의 오점을 남긴다는 것",
    "rating": "1",
    "date": "13.06.30"
  },
  {
    "review_id": "7692332",
    "movie_id": "101611",
    "author": "145s****",
    "review": "아쉽네요 광팬으로써 ㅠ.ㅠ",
    "rating": "5",
    "date": "13.06.30"
  },
  {
    "review_id": "7690476",
    "movie_id": "101611",
    "author": "ijy6****",
    "review": "스토리가 무언가부족했지만 재밌게봤음",
    "rating": "9",
    "date": "13.06.29"
  },
  {
    "review_id": "7689497",
    "movie_id": "101611",
    "author": "hmhm****",
    "review": "음 솔직히 이건 아냐팬심으로도 못 보것다",
    "rating": "1",
    "date": "13.06.29"
  },
  {
    "review_id": "7689445",
    "movie_id": "101611",
    "author": "blue****",
    "review": "ㅇㅅ",
    "rating": "10",
    "date": "13.06.29"
  },
  {
    "review_id": "7689277",
    "movie_id": "101611",
    "author": "soat****",
    "review": "난 그냥 헌터헌터가 좋음.ㅋ극장판도 나름 재미졌고 ㅋㅋㅋㅋ",
    "rating": "10",
    "date": "13.06.29"
  },
  {
    "review_id": "7689208",
    "movie_id": "101611",
    "author": "kaka****",
    "review": "스토리는 약간 미약한 것 같았지만, 액션이 매우 볼 만했고, 원작의 캐릭터들의 매력을 충분히 잘 살린 훌륭한 작품입니다.",
    "rating": "9",
    "date": "13.06.29"
  },
  {
    "review_id": "7689128",
    "movie_id": "101611",
    "author": "naya****",
    "review": "헌터헌터 원작을 굉장히 좋아하는 입장으로서 실망스러운 극장판이었습니다. 밑밑분 글보고 알았는데 토가시가 직접 참여하지 않았다니 이해가 가네요. 처음부터 생각해놓은 설정이 아니라 원작에 어긋나지 않는 정도에서 이리저리 끼워맞춘 느낌이 심합니다.",
    "rating": "5",
    "date": "13.06.29"
  },
  {
    "review_id": "7689121",
    "movie_id": "101611",
    "author": "msew****",
    "review": "아침에 조조로 가서 보있는데 재미있었어요^^극장판이라기 보다는 특별판 같았어요^^ㅋ배경음악이랑 엔딩곡이 리메이크랑 같아서 그런가 모르겠지만요^^재미있게 잘 봤습니다^^",
    "rating": "10",
    "date": "13.06.29"
  },
  {
    "review_id": "7688380",
    "movie_id": "101611",
    "author": "dark****",
    "review": "별한개도아까움. 토가시가 직접 참여하지 않은 티가팍팍남. 시대적 배경은 G.I들어가기 직전. 능력또한 거의 없음. 우정의 힘으로 적을 격파하는 소년물이 당연하지만 이영화는 그게 심함. 진짜 끝나자마자 내돈 내돈 하며 울부짖음. 후회하지말고 보지마세요.",
    "rating": "1",
    "date": "13.06.29"
  },
  {
    "review_id": "7687269",
    "movie_id": "101611",
    "author": "cndr****",
    "review": "완전 재밋게 보고왓어요! 기대한만큼 !!",
    "rating": "10",
    "date": "13.06.28"
  },
  {
    "review_id": "7687246",
    "movie_id": "101611",
    "author": "bj25****",
    "review": "짧게쓸게요 보지마세요",
    "rating": "1",
    "date": "13.06.28"
  }
]