[
  {
    "review_id": "9977482",
    "movie_id": "101618",
    "author": "wate****",
    "review": "싸베때문에 봤지만 재미가 1도 없어..",
    "rating": "1",
    "date": "15.06.05"
  },
  {
    "review_id": "9798432",
    "movie_id": "101618",
    "author": "anew****",
    "review": "비틀어 본 사랑 이야기. 로맨틱 코미디에 화장실 유머를 섞으면 이런 느낌.",
    "rating": "8",
    "date": "15.03.22"
  },
  {
    "review_id": "9771665",
    "movie_id": "101618",
    "author": "lee9****",
    "review": "로코를 생각하고 봤다면 당황스러울 저질조크의 b급 코미디. 배우진과 연출은 보통의 b급 영화와 다르게별 5~6개는 줄만함.  아메리칸 파이와 다른류의 막장 코메디인거 참고하고 보면 좋을듯 유쾌한 듯 풀어냈지만 정상적 사고의 관객이라면 불편함을 느꼇을듯",
    "rating": "1",
    "date": "15.03.11"
  },
  {
    "review_id": "9658179",
    "movie_id": "101618",
    "author": "010_****",
    "review": "웃김ㅋㅋㅋㅋ 패트릭 제인...사랑스럽다 ㅠㅠ",
    "rating": "10",
    "date": "15.02.01"
  },
  {
    "review_id": "9615669",
    "movie_id": "101618",
    "author": "dlsd****",
    "review": "평점올리기용 7점대는 됨. 영국 건물 회사 말투 음식 등 보는재미있음. 사실적인 표현들. 남주인공의 친구나 부부상담가 나 재밌는 요소들이 있음. 여주인공들은 다른영화에서 많이본얼굴들 결혼이나 이성이야기가 사실적임 로맨틱코메디라기보다 섹시코메디에 가까움",
    "rating": "10",
    "date": "15.01.20"
  },
  {
    "review_id": "9588207",
    "movie_id": "101618",
    "author": "sul0****",
    "review": "진짜 사랑의 소중함을 느끼게 해준 영화",
    "rating": "10",
    "date": "15.01.12"
  },
  {
    "review_id": "9574947",
    "movie_id": "101618",
    "author": "rhay****",
    "review": "웃겨죽는줄알았어요 ㅋㅋㅋㅋ",
    "rating": "8",
    "date": "15.01.08"
  },
  {
    "review_id": "9563688",
    "movie_id": "101618",
    "author": "ahri****",
    "review": "사실 10점 까지는 아니지만 평점을 올리고싶었어요. 제 생각보다 평점이 너무낮네요 표면적으로 선비를 지향하는 한국인 정서에 잘 안맞을수도있을거라 생각해요 사실 내러티브가 좀 약하긴하죠 그치만 기혼자들의 갑갑한 속을 효자손으로 긁어주는듯한맛은 정말시원!",
    "rating": "10",
    "date": "15.01.05"
  },
  {
    "review_id": "9471703",
    "movie_id": "101618",
    "author": "head****",
    "review": "영국식 유머라고 하는데... 적응이 안되면 끝까지 불편함. 10분 안에 적응이 안된다면 과감히 다른 일이나 하시길.",
    "rating": "3",
    "date": "14.12.13"
  },
  {
    "review_id": "9374251",
    "movie_id": "101618",
    "author": "jms5****",
    "review": "서구적인 로맨스랄까. 동양적인 사고방식은 잊어버려야 수긍이 가능한 로맨스.. 결말이 뻔하진 않아서 좋다. 하지만,  왠지 찜찜해지는 느낌은 감출수가 없다. 우결찍고, 다른 사람과 결혼하는 느낌?",
    "rating": "8",
    "date": "14.11.12"
  },
  {
    "review_id": "9256104",
    "movie_id": "101618",
    "author": "lemo****",
    "review": "결혼후 1년 버티기... 구지 억지로 참으면서 살 필요있나 싶음 평생 함께 할건데... 초반도입부와 앤딩에 흘러나온 Never Knew Love Like This Before (Jessie Ware) 굉장히 좋음!",
    "rating": "7",
    "date": "14.10.02"
  },
  {
    "review_id": "9207541",
    "movie_id": "101618",
    "author": "alem****",
    "review": "결말이 너무 별로...",
    "rating": "5",
    "date": "14.09.12"
  },
  {
    "review_id": "9200452",
    "movie_id": "101618",
    "author": "dbzh****",
    "review": "안읏기고 열라리 식상하네....",
    "rating": "3",
    "date": "14.09.10"
  },
  {
    "review_id": "9138405",
    "movie_id": "101618",
    "author": "cnr2****",
    "review": "워킹타이틀 최악의 작품중하나",
    "rating": "1",
    "date": "14.08.27"
  },
  {
    "review_id": "9132732",
    "movie_id": "101618",
    "author": "wlfa****",
    "review": "이별이 비극이 아닌 희극의 소재한 시도도 좋았고 대체로 지루하지 않고 볼만했다.",
    "rating": "7",
    "date": "14.08.25"
  },
  {
    "review_id": "9102448",
    "movie_id": "101618",
    "author": "choi****",
    "review": "마지막 장면만 인상적임.",
    "rating": "5",
    "date": "14.08.17"
  },
  {
    "review_id": "9093873",
    "movie_id": "101618",
    "author": "rcis****",
    "review": "정말 아무생각말고 가볍게 웃으면서 보기에 좋다. 이것저것 따지지 말고 그냥 있는 그대로 보고 생각도 하지말고 끝내는 영화. 나름 볼만함. 재미없진 않다.",
    "rating": "8",
    "date": "14.08.16"
  },
  {
    "review_id": "9071162",
    "movie_id": "101618",
    "author": "hong****",
    "review": "진부하지않구쿨한결말 역시워킹타이틀ㅋ",
    "rating": "9",
    "date": "14.08.12"
  },
  {
    "review_id": "9021417",
    "movie_id": "101618",
    "author": "yuli****",
    "review": "이 영화를 쓴 사람은 결혼해본 사람이 틀림없으리라. 나의 결혼 생활과 싱크로율 100프로인 주인공과 언니부부 ㅡㅜ 너무나 리얼해서 더 슬픈 영화.",
    "rating": "10",
    "date": "14.08.04"
  },
  {
    "review_id": "8980889",
    "movie_id": "101618",
    "author": "tjdt****",
    "review": "아직이런,결말에 내용은 우리나라에선,,그닥,,초반에는 재미있었거늘,,,ㅠㅠ",
    "rating": "5",
    "date": "14.07.30"
  },
  {
    "review_id": "8979241",
    "movie_id": "101618",
    "author": "bles****",
    "review": "도발적이나 재미는 없는 관념의 회피",
    "rating": "5",
    "date": "14.07.29"
  },
  {
    "review_id": "8975156",
    "movie_id": "101618",
    "author": "sama****",
    "review": "나도 결혼 후, 남편의 단점을 참을 수 있을까 이해할수 있을까 고민하게 된 영화.",
    "rating": "6",
    "date": "14.07.28"
  },
  {
    "review_id": "8973738",
    "movie_id": "101618",
    "author": "pnpu****",
    "review": "진짜 별로네요. 웃긴것도 모르겠고 남편 친구는 더러운 조크에다  와이프 직장동료는 바람 부축이고... 보면서 인상찌푸리게만드네...",
    "rating": "4",
    "date": "14.07.28"
  },
  {
    "review_id": "8969186",
    "movie_id": "101618",
    "author": "sinb****",
    "review": "그동안의 로멘틱 코미디물의 결말과는 다른 색다른 엔딩이 인상적이고, 시종일관 쏟아지는 19금 웃음도 유쾌하다. 하지만 기혼자들에겐 희망을(?) 미혼자들에게는 씁쓸함을(?)  남겨준다.",
    "rating": "8",
    "date": "14.07.27"
  },
  {
    "review_id": "8963995",
    "movie_id": "101618",
    "author": "hyha****",
    "review": "너무 뻔한결말... 난 닭쫓던 개 지붕처다보길 바랫지만 예상대로의 결말이다 쩝 난 남주여주가 이건 아니다하고 서로다른 상대에게 쫓아가서 봣는데 그둘은 이미 사랑하는.. 이런결말을 원햇는데... 나한텐 정말 안맞다.. 그리고 그 안경낀 애는 정말 짜증",
    "rating": "1",
    "date": "14.07.26"
  },
  {
    "review_id": "8672585",
    "movie_id": "101618",
    "author": "drju****",
    "review": "나에겐 꿀잼. 로브 번 짱짱걸. 결말도 너무 좋다. 호불호가 심하게 갈리겠지만..",
    "rating": "10",
    "date": "14.04.25"
  },
  {
    "review_id": "8207142",
    "movie_id": "101618",
    "author": "viag****",
    "review": "그래 아니다 싶을 땐 빨리 서로 놓아줘버려라 시간이 아까우니",
    "rating": "6",
    "date": "13.12.12"
  },
  {
    "review_id": "8199366",
    "movie_id": "101618",
    "author": "hoon****",
    "review": "너무 허무맹랑한 스토리에 막장요소가 많고 공감도 잘 되지 않아요 다른 영화.추천합니다",
    "rating": "2",
    "date": "13.12.08"
  },
  {
    "review_id": "8098109",
    "movie_id": "101618",
    "author": "whia****",
    "review": "이 영화에 비하면 사랑과 전쟁은 고품격이었구나...처음부터 끝까지 어느장면, 어느대사 하나 건질게 없다.",
    "rating": "1",
    "date": "13.10.28"
  },
  {
    "review_id": "7901299",
    "movie_id": "101618",
    "author": "1361****",
    "review": "다른건 모르겠고.. 제인은 여기서도  제인이네요.. 생긴게... ㅋㅋㅋㅋㅋㅋㅋㅋㅋㅋㅋㅋ",
    "rating": "8",
    "date": "13.08.18"
  },
  {
    "review_id": "7851949",
    "movie_id": "101618",
    "author": "racc****",
    "review": "영국식개그는 와닿지가 않네... 스토리공감도 안되고.",
    "rating": "5",
    "date": "13.08.07"
  },
  {
    "review_id": "7751925",
    "movie_id": "101618",
    "author": "qkqk****",
    "review": "불륜 유발영화냐~ 존나 정서에 안맞네~",
    "rating": "1",
    "date": "13.07.17"
  },
  {
    "review_id": "7743602",
    "movie_id": "101618",
    "author": "kjc7****",
    "review": "변화를 시도한 워킹타이틀의 시도는 실패한걸로 보인다. 러브액츄어리나 노팅힐 같은 명작로코를 기다린 관객에게 꼭 변화가 필요한지도 의문이다. 등장인물중에 맘에 드는 인물이 하나도 없었다. 이윤석닮은 고문관친구는 정말 짜증이다.",
    "rating": "5",
    "date": "13.07.15"
  },
  {
    "review_id": "7730081",
    "movie_id": "101618",
    "author": "kind****",
    "review": "진부하다.. 약간은 한국적인 관념에서는 썩 맞지 않으나.. 요즘 사회에선.. 또 이해가 가는;; 결국은 자기짝을 다시찾아간다.... 먼가 허무해진다, 사랑이란게",
    "rating": "7",
    "date": "13.07.12"
  },
  {
    "review_id": "7711233",
    "movie_id": "101618",
    "author": "dlat****",
    "review": "지루하지않게 재밌게 만들긴했는데, 씁쓸하다. 사랑의 유통기한이 지나면 같은 상황에서 같은고민을 하고 또 새사랑을 찾고 ....현실적이라 우울해",
    "rating": "8",
    "date": "13.07.06"
  },
  {
    "review_id": "7690884",
    "movie_id": "101618",
    "author": "laur****",
    "review": "결혼전. 귱금해서 4처넌내고 봤는데.. ㅋ결혼준비중인사람이 볼내용은 아닌듯 ㅋ 그치만 오랜만의 영국식 개그는 재미있기도 했네여 ㅎㅎ",
    "rating": "5",
    "date": "13.06.29"
  },
  {
    "review_id": "7686241",
    "movie_id": "101618",
    "author": "egyp****",
    "review": "미움을 사랑으로 극복할 줄 알았거나...아니면 닭 쫓던 개 지붕 쳐다보는 꼴 날 줄 알았는데... 결국 공감대 형성이 중요하단 말인가...참 현실적이지만 씁쓸하다...하지만 배경음악은 모두 완소...",
    "rating": "6",
    "date": "13.06.28"
  },
  {
    "review_id": "7681479",
    "movie_id": "101618",
    "author": "dudr****",
    "review": "엔딩이 쫌 막장이어서 뒷끝이 찝찝했지만 ..",
    "rating": "8",
    "date": "13.06.26"
  },
  {
    "review_id": "7676979",
    "movie_id": "101618",
    "author": "kwak****",
    "review": "이럴수도 있겠구나 싶다... 사고 방식의 차이? 표현의 차이? 뭐 나쁘지 않았다. 원초적 저질 개그는 다소 과하다 싶을 정도이긴 하지만..그저 웃을 뿐...ㅎㅎㅎ",
    "rating": "8",
    "date": "13.06.24"
  },
  {
    "review_id": "7675017",
    "movie_id": "101618",
    "author": "ripr****",
    "review": "더러운 코미디... 도저히 난 웃을수가 없었다.. 오히려 거부감 작렬!! 결혼의 현실성을 표현한거때매 딱 3점 다른건 영 아냐",
    "rating": "3",
    "date": "13.06.24"
  },
  {
    "review_id": "7670969",
    "movie_id": "101618",
    "author": "figh****",
    "review": "워킹 타이틀 작품치곤 별로다",
    "rating": "6",
    "date": "13.06.23"
  },
  {
    "review_id": "7670071",
    "movie_id": "101618",
    "author": "sile****",
    "review": "병맛 영국식 유머, 황당 결말이지만, 로맨틱 코미디의 기본루틴은 진실한 사랑을 찾아가는 과정, 그런면에서 보면, 웃기고 재미있는 영화.",
    "rating": "8",
    "date": "13.06.22"
  },
  {
    "review_id": "7667863",
    "movie_id": "101618",
    "author": "zxc1****",
    "review": "로맨스의 환상을 걷어내고 씁쓸한 현실의 모습을 유쾌하게 보여준다. 재미도 있고 의미 있는 순간도 있지만, 너무 비현실적이라 황당하기까지 한 엔딩은 받아들이기 힘들다.",
    "rating": "6",
    "date": "13.06.22"
  },
  {
    "review_id": "7653907",
    "movie_id": "101618",
    "author": "coma****",
    "review": "사이먼 베이커에 홀려서 봤지만...우리나라 정서에 안 맞는 유머코드 뻔한결말...정말비추임. 친구로 나오는 안경 낀 남자는 극 전개에 꼭 필요했을까싶다.",
    "rating": "1",
    "date": "13.06.18"
  },
  {
    "review_id": "7624590",
    "movie_id": "101618",
    "author": "char****",
    "review": "로맨틱 코미디 생각하고 왔는데 별로임  걍 다른거 볼 걸 후회되네요",
    "rating": "2",
    "date": "13.06.10"
  },
  {
    "review_id": "7583092",
    "movie_id": "101618",
    "author": "bori****",
    "review": "영화표값이 다 아깝네... 뻔한 전개와 결말...",
    "rating": "1",
    "date": "13.06.05"
  },
  {
    "review_id": "7581407",
    "movie_id": "101618",
    "author": "adam****",
    "review": "한국 정서랑은 안 맞네요;;",
    "rating": "1",
    "date": "13.06.05"
  },
  {
    "review_id": "7576531",
    "movie_id": "101618",
    "author": "park****",
    "review": "영국을 워낙 좋아하고 살던데가 그리워서 그 이유 하나로 봤는데 기대 하나도 안한 상태에서도 완전 기대이하에 결론도 너무 뻔하고 주위에서 누가 본다고하면 과감하게 비추하고 싶네요. 영국 배경때문에 그나마 6점~",
    "rating": "6",
    "date": "13.06.03"
  },
  {
    "review_id": "7575824",
    "movie_id": "101618",
    "author": "ong_****",
    "review": "싸베때문에 봤는데 그런 대로 뭐 가볍게 볼만 함.",
    "rating": "7",
    "date": "13.06.03"
  },
  {
    "review_id": "7575076",
    "movie_id": "101618",
    "author": "dsar****",
    "review": "제작진을 보고 기대했는데 쫌 지루하고 그렇더라. 남에게 추천하고 싶지는 않음.",
    "rating": "4",
    "date": "13.06.03"
  },
  {
    "review_id": "7573846",
    "movie_id": "101618",
    "author": "perf****",
    "review": "나쁘진않지만좋지도않아요",
    "rating": "1",
    "date": "13.06.02"
  },
  {
    "review_id": "7573679",
    "movie_id": "101618",
    "author": "deok****",
    "review": "우리 아이들이 안봤으면 좋겠다뇨? 청소년 관람불가구만.ㅋㅋㅋㅋㅋㅋㅋ",
    "rating": "10",
    "date": "13.06.02"
  },
  {
    "review_id": "7571153",
    "movie_id": "101618",
    "author": "hosu****",
    "review": "결말이 너무 좋았어요ㅋㅋㅋㅋ설마 그렇게 될 줄이야",
    "rating": "10",
    "date": "13.06.02"
  },
  {
    "review_id": "7568790",
    "movie_id": "101618",
    "author": "leuw****",
    "review": "영화가 재미 없는 것은 아닙니다. 하지만 신선한 내용을 다룬다는 낙천적 관점만 취하지 마시고, 오늘날 무너져가는 보편적진리와 사회의 암담한 현실을 비추는 조금은 위험한 작품이라는 점도 참고하시면 좋겠습니다. 우리 아이들이 안 봤으면 좋겠어요.",
    "rating": "1",
    "date": "13.06.01"
  },
  {
    "review_id": "7567645",
    "movie_id": "101618",
    "author": "eyes****",
    "review": "가볍게 보기 좋아요",
    "rating": "8",
    "date": "13.05.31"
  },
  {
    "review_id": "7566973",
    "movie_id": "101618",
    "author": "supr****",
    "review": "원래 이런거 안남기는데 너무 재밌어서 남깁니다!!!",
    "rating": "10",
    "date": "13.05.31"
  },
  {
    "review_id": "7566739",
    "movie_id": "101618",
    "author": "rntp****",
    "review": "설마 설마 했는데 진짜 이런결말이라니 ㅎㅎㅎ 재미나요 ㅎ",
    "rating": "10",
    "date": "13.05.31"
  },
  {
    "review_id": "7566537",
    "movie_id": "101618",
    "author": "hone****",
    "review": "멋져용 멋져!!!!",
    "rating": "10",
    "date": "13.05.31"
  },
  {
    "review_id": "7566460",
    "movie_id": "101618",
    "author": "rrra****",
    "review": "계속해서 웃게되네요,, 저런 친구 없어서 다행입니다,,ㅎㅎ 선택과 결과에 후회가 없도록 먼저 최선을 다하자!!",
    "rating": "8",
    "date": "13.05.31"
  },
  {
    "review_id": "7566406",
    "movie_id": "101618",
    "author": "pgcl****",
    "review": "영화보는 내내 엄청 웃었어요 ㅠㅠ 결말도 완전 대박 ㅋㅋ 요 근래 본 영화중에서 제일 많이 웃은 영화였네요 ㅎㅎㅎㅎ",
    "rating": "10",
    "date": "13.05.31"
  },
  {
    "review_id": "7565630",
    "movie_id": "101618",
    "author": "yhee****",
    "review": "색다른 결론이긴 하나 뭔가 씁쓸한듯한 로코네요 ㅋㅋ 그래도 사이먼 베이커는 역시 멋져요~~!!",
    "rating": "6",
    "date": "13.05.31"
  },
  {
    "review_id": "7565447",
    "movie_id": "101618",
    "author": "fres****",
    "review": "영국식 로코이구만~!? ㅋㅋ 신선한데??  이런거 좋다 ㅋㅋㅋ",
    "rating": "10",
    "date": "13.05.31"
  },
  {
    "review_id": "7565342",
    "movie_id": "101618",
    "author": "0163****",
    "review": "잔잔한 웃음이 계속 되는 영화 예요 ㅎㅎ 아메리칸 스타일임",
    "rating": "10",
    "date": "13.05.31"
  },
  {
    "review_id": "7564777",
    "movie_id": "101618",
    "author": "zzor****",
    "review": "나는 빵빵터졌음 배꼽자고웃었음 재미없는'남자'라면 여주들이 욕하는 대상중에 한명이 되어서 불편하게 영화보게되서 그런거아닐까 ㅋ 우리나라정서랑완전 안맞긴하지만 빵빵터지고웃김 보수적인 남자라면 너무재미없어할수도~",
    "rating": "9",
    "date": "13.05.31"
  },
  {
    "review_id": "7564741",
    "movie_id": "101618",
    "author": "bohe****",
    "review": "기존의 로맨틱 코미디의 룰을 벗어나는 기막힌 로맨스!!그 용기에 박수를!!",
    "rating": "5",
    "date": "13.05.31"
  },
  {
    "review_id": "7564515",
    "movie_id": "101618",
    "author": "wjdd****",
    "review": "돌직구 ㅋ작렬ㅋ  마지막반전이 ㅋㅋ엄청잼있었음!ㅋㅋ친구가더웃겨ㅋㅋㅋ",
    "rating": "10",
    "date": "13.05.31"
  },
  {
    "review_id": "7564341",
    "movie_id": "101618",
    "author": "il_m****",
    "review": "군더더기 빼고 굵직하게 보면 괜찮지만, 이야기를 풀어나가는 과정에서의 코미디는 저랑 안 맞는 것 같아요.",
    "rating": "5",
    "date": "13.05.30"
  },
  {
    "review_id": "7564155",
    "movie_id": "101618",
    "author": "ehfk****",
    "review": "한국정서랑 안 맞지만 로맨틱코메티를 좋아하신다면 예매ㄱㄱ  즐겁고 두근거리게 만드는 영화!",
    "rating": "8",
    "date": "13.05.30"
  },
  {
    "review_id": "7564151",
    "movie_id": "101618",
    "author": "lain****",
    "review": "이거 평점이 왜 좋은지 이해가 안되네요그냥 아무생각없이 보기는 괜차는듯하지만돈주고 보긴아까움",
    "rating": "3",
    "date": "13.05.30"
  },
  {
    "review_id": "7563449",
    "movie_id": "101618",
    "author": "cgai****",
    "review": "너무 재밌다..ㅠㅠ사이먼 베이커 매력 쩌네요",
    "rating": "10",
    "date": "13.05.30"
  },
  {
    "review_id": "7563445",
    "movie_id": "101618",
    "author": "tenn****",
    "review": "이런 영국식 코미디 너무 좋다ㅠㅠ엔딩이 끝내줌ㅋㅋ",
    "rating": "10",
    "date": "13.05.30"
  },
  {
    "review_id": "7563099",
    "movie_id": "101618",
    "author": "na15****",
    "review": "역시 워킹타이틀! 유쾌해서 좋다",
    "rating": "9",
    "date": "13.05.30"
  },
  {
    "review_id": "7562700",
    "movie_id": "101618",
    "author": "alsw****",
    "review": "올만에 첨부터 끝까지 유쾌하고 통쾌하게 본 영화.  꾸준히 웃겨주시네.",
    "rating": "10",
    "date": "13.05.30"
  },
  {
    "review_id": "7562670",
    "movie_id": "101618",
    "author": "isol****",
    "review": "오프닝이 너무 예쁜 영화네요.. 결혼에 대한 현실적인 접근이 맘에 드는 작품입니다",
    "rating": "10",
    "date": "13.05.30"
  }
]