[
  {
    "review": "마지막에 제이슨엄마가 살인마인지 여주가 살인마인지 모르겠음~ --;; 기절시키고 숨고 기절시키고 숨고 제이슨엄마가 더 무서웠을듯.. 그래도 80년대 만들어진 것 생각하면 정말 재밋다고 생각함",
    "date": "15.08.15",
    "rating": "9",
    "author": "oms5****",
    "review_id": "10232869",
    "movie_id": "10178"
  },
  {
    "review": "공포감과 스릴감은 잘 살렸지만 마지막이 허술하다",
    "date": "15.06.08",
    "rating": "6",
    "author": "rcan****",
    "review_id": "9983642",
    "movie_id": "10178"
  },
  {
    "review": "시대를 너무 많이 타는 스릴러..",
    "date": "15.05.27",
    "rating": "4",
    "author": "dpdj****",
    "review_id": "9955328",
    "movie_id": "10178"
  },
  {
    "review": "정체를 드러내지 않는 살인마는 지금도 무섭다",
    "date": "15.04.24",
    "rating": "10",
    "author": "obri****",
    "review_id": "9862664",
    "movie_id": "10178"
  },
  {
    "review": "음...지금봐서그런가그래도볼만해",
    "date": "15.02.24",
    "rating": "8",
    "author": "xx41****",
    "review_id": "9733951",
    "movie_id": "10178"
  },
  {
    "review": "이후의 속편들은 식상하고 유치하기 짝이없지만 1편을 처음볼당시엔 너무 무서워서 오줌마려운데 싸러가지도 못했다. 그 사람죽을때 나오는 음악이 정말 소름끼치고 무서웠다. 그리고 마지막장면에선 콜라마시다가 놀래서 뿜었다. 최고의 고전 슬레셔 호러 명작",
    "date": "15.02.12",
    "rating": "10",
    "author": "dusd****",
    "review_id": "9690931",
    "movie_id": "10178"
  },
  {
    "review": "오줌 지리게 만드는 고전 슬래셔",
    "date": "14.12.09",
    "rating": "10",
    "author": "cap1****",
    "review_id": "9461688",
    "movie_id": "10178"
  },
  {
    "review": "B급 슬래셔무비의 전설.",
    "date": "14.10.26",
    "rating": "10",
    "author": "kjk9****",
    "review_id": "9317270",
    "movie_id": "10178"
  },
  {
    "review": "시작에 불과한 몸풀기 난도질",
    "date": "14.10.23",
    "rating": "5",
    "author": "goms****",
    "review_id": "9309286",
    "movie_id": "10178"
  },
  {
    "review": "2년전에나온 할로윈보다못한 80년대슬래셔영화 시대를감안해도실망",
    "date": "14.08.09",
    "rating": "6",
    "author": "gusc****",
    "review_id": "9054332",
    "movie_id": "10178"
  },
  {
    "review": "제이슨 엄마 목잘릴때..토나옴..",
    "date": "14.08.03",
    "rating": "6",
    "author": "dlfl****",
    "review_id": "9013597",
    "movie_id": "10178"
  },
  {
    "review": "나름 볼만 한거 같다. ㅎ",
    "date": "14.07.27",
    "rating": "10",
    "author": "pc59****",
    "review_id": "8968768",
    "movie_id": "10178"
  },
  {
    "review": "공포를 빙자한 사회비판영화. 어머니의 위대함을 느낄수 있는 영화.",
    "date": "14.06.13",
    "rating": "10",
    "author": "whoa****",
    "review_id": "8826805",
    "movie_id": "10178"
  },
  {
    "review": "토요명화에서 여름만 되면 납량특집으로 단골로 해줬던 공포영화였지.... 이 영화를 기점으로 저예산 슬래셔 영화 붐이 불었었다.",
    "date": "14.05.06",
    "rating": "10",
    "author": "sant****",
    "review_id": "8708724",
    "movie_id": "10178"
  },
  {
    "review": "제이슨이 살인마로 나오는 게 아니고 제이슨 엄마가 살인마로 나오다가 마지막에 목 잘려 죽네유. 별로네유. 1980년대 공포 영화의 가장 좋은 점은 포르노적인 영상인디 그런 장면 없어서 별로예유.",
    "date": "14.01.26",
    "rating": "5",
    "author": "real****",
    "review_id": "8428391",
    "movie_id": "10178"
  },
  {
    "review": "히치콕 싸이코의 하이틴 슬래셔버전",
    "date": "14.01.03",
    "rating": "7",
    "author": "figh****",
    "review_id": "8343828",
    "movie_id": "10178"
  },
  {
    "review": "무슨 영화 줄거리에 영화 내용 전체를 담아놨냐;",
    "date": "13.12.13",
    "rating": "10",
    "author": "thel****",
    "review_id": "8210477",
    "movie_id": "10178"
  },
  {
    "review": "캬.. 죽이네.ㅎㅎㅎ",
    "date": "13.11.05",
    "rating": "10",
    "author": "hiph****",
    "review_id": "8116414",
    "movie_id": "10178"
  },
  {
    "review": "재밌긴하지만 현대적 감성으로 보기엔 지루함을 피할 수 없다.",
    "date": "13.10.07",
    "rating": "6",
    "author": "awak****",
    "review_id": "8041579",
    "movie_id": "10178"
  },
  {
    "review": "나의 최고의 슬래셔 영화",
    "date": "13.08.03",
    "rating": "10",
    "author": "metr****",
    "review_id": "7826596",
    "movie_id": "10178"
  },
  {
    "review": "그때 당시만 해도 공포영화의 대명사.... 기나긴 시리즈의 시작",
    "date": "13.07.29",
    "rating": "7",
    "author": "adiv****",
    "review_id": "7797682",
    "movie_id": "10178"
  },
  {
    "review": "80년대인걸감안하면 괜찮은 스릴러영화였다고 생각함",
    "date": "13.07.20",
    "rating": "6",
    "author": "wldn****",
    "review_id": "7764751",
    "movie_id": "10178"
  },
  {
    "review": "다 재밌다. 그런데 마지막에 때리지만 말고 확인사살좀 해라! 보면서 답답해 죽겠더라..",
    "date": "13.07.15",
    "rating": "8",
    "author": "qwer****",
    "review_id": "7746923",
    "movie_id": "10178"
  },
  {
    "review": "으슥한 곳에 가서 풍기문란 행위를 하면 죽는다는 교훈..",
    "date": "13.04.17",
    "rating": "5",
    "author": "pont****",
    "review_id": "7464172",
    "movie_id": "10178"
  },
  {
    "review": "여주가 왜 제이슨 엄마를 3번씩이나 기절시키고 도망만 다닐까 짜증났던 영화 포박을 하던지 피니쉬를 하면 될껄 지가 이기고도 도망다님 --;",
    "date": "13.04.02",
    "rating": "5",
    "author": "tipe****",
    "review_id": "7430664",
    "movie_id": "10178"
  },
  {
    "review": "뭔가 스토리가 이상함",
    "date": "13.03.12",
    "rating": "1",
    "author": "2002****",
    "review_id": "7342578",
    "movie_id": "10178"
  },
  {
    "review": "이때는 하키마스크가없엇구나....",
    "date": "13.01.29",
    "rating": "9",
    "author": "ghkd****",
    "review_id": "7193933",
    "movie_id": "10178"
  },
  {
    "review": "명작은 월래 말이 없는 법",
    "date": "13.01.29",
    "rating": "8",
    "author": "taeg****",
    "review_id": "7191680",
    "movie_id": "10178"
  },
  {
    "review": "요즘은 이런 호러가 없다",
    "date": "12.08.10",
    "rating": "10",
    "author": "biga****",
    "review_id": "6589555",
    "movie_id": "10178"
  },
  {
    "review": "툭 치고 도망가기 × 3 . 강력한 한방에 머리는 하늘높이. 제이슨의 깜짝등장에 놀라긴했다만, 당시에는 충격적인 영화였겠지?",
    "date": "12.07.16",
    "rating": "7",
    "author": "silv****",
    "review_id": "6485850",
    "movie_id": "10178"
  },
  {
    "review": "13일의 전설 2이상부턴개졸작",
    "date": "12.07.07",
    "rating": "10",
    "author": "zeus****",
    "review_id": "6452853",
    "movie_id": "10178"
  },
  {
    "review": "역시 원조는 원조 ㅋㅋ",
    "date": "12.06.25",
    "rating": "8",
    "author": "kyur****",
    "review_id": "6414161",
    "movie_id": "10178"
  },
  {
    "review": "아오 깜짝이야 그 시대에 나온것 치곤 정말 괜찮네",
    "date": "12.04.23",
    "rating": "9",
    "author": "chic****",
    "review_id": "6242142",
    "movie_id": "10178"
  },
  {
    "review": "완벽한 영화. 전설",
    "date": "12.03.31",
    "rating": "10",
    "author": "jind****",
    "review_id": "6181081",
    "movie_id": "10178"
  },
  {
    "review": "으스스한 분위기, 영화에서 본 첫 악녀",
    "date": "12.03.14",
    "rating": "8",
    "author": "ijun****",
    "review_id": "6143528",
    "movie_id": "10178"
  },
  {
    "review": "옛날공포영화는 더이상 안봐야겠다...너무 지루하고 전혀 공포스럽지가않다",
    "date": "12.03.14",
    "rating": "1",
    "author": "sdy0****",
    "review_id": "6143009",
    "movie_id": "10178"
  },
  {
    "review": "엉성한 부분도 있지만, 시대를 감안해라, 이 정도면 꽤 괜찮은 시작 아닌가?",
    "date": "12.02.18",
    "rating": "6",
    "author": "tabu****",
    "review_id": "6083982",
    "movie_id": "10178"
  },
  {
    "review": "잔인한건 싫은데.. 제이슨 엄마 생각보다 약하고.. 마지막 호수장면은 감담이 서늘해",
    "date": "12.02.02",
    "rating": "7",
    "author": "amoh****",
    "review_id": "6046546",
    "movie_id": "10178"
  },
  {
    "review": "\"사이코\"와 \"할로윈\"에 대한 적절한 오마쥬",
    "date": "12.01.28",
    "rating": "7",
    "author": "sg2s****",
    "review_id": "6031543",
    "movie_id": "10178"
  },
  {
    "review": "20년 전쯤 영화를 보고 무서워 화장실에 가지못했던 영화",
    "date": "12.01.09",
    "rating": "9",
    "author": "hana****",
    "review_id": "5973312",
    "movie_id": "10178"
  },
  {
    "review": "적절한 반전 적절한 공포",
    "date": "11.09.20",
    "rating": "8",
    "author": "hiki****",
    "review_id": "5743365",
    "movie_id": "10178"
  },
  {
    "review": "제이슨 캐릭터가 탄생한 영화~",
    "date": "11.09.14",
    "rating": "7",
    "author": "choi****",
    "review_id": "5730018",
    "movie_id": "10178"
  },
  {
    "review": "무한한 가능성을 보여준 13시리즈 첫작품",
    "date": "11.08.02",
    "rating": "10",
    "author": "yang****",
    "review_id": "5591179",
    "movie_id": "10178"
  },
  {
    "review": "호수에서 제이슨이 튀어나와 앨리스를 붙잡는 마지막 5분이 가장 깜작 놀랐다.",
    "date": "11.06.21",
    "rating": "10",
    "author": "bsm9****",
    "review_id": "5492237",
    "movie_id": "10178"
  },
  {
    "review": "색다를 것은 없고, 그냥 시초니까 봐준거다.",
    "date": "11.06.14",
    "rating": "5",
    "author": "bbq2****",
    "review_id": "5480606",
    "movie_id": "10178"
  },
  {
    "review": "지금보면 좀 시시할듯..",
    "date": "11.04.17",
    "rating": "6",
    "author": "xtai****",
    "review_id": "5378743",
    "movie_id": "10178"
  },
  {
    "review": "이유없이10점",
    "date": "11.02.24",
    "rating": "10",
    "author": "wjst****",
    "review_id": "5271184",
    "movie_id": "10178"
  },
  {
    "review": "모든 슬래셔 스프린터 무비의 교과서가 되는영화",
    "date": "10.11.08",
    "rating": "7",
    "author": "aqzz****",
    "review_id": "4944705",
    "movie_id": "10178"
  },
  {
    "review": "당시 극장에서 보고 상당한 충격을 받았음 ~~~~~~~",
    "date": "10.09.16",
    "rating": "8",
    "author": "fnsk****",
    "review_id": "4838496",
    "movie_id": "10178"
  },
  {
    "review": "옛날기준이든 지금이든..엄청난명작..긴장감과...앨리스의 헤드컷과 귀여운(?)제이슨!",
    "date": "10.08.17",
    "rating": "10",
    "author": "capg****",
    "review_id": "4758659",
    "movie_id": "10178"
  },
  {
    "review": "영화 추천이 13이라는게 무서운영화",
    "date": "10.08.13",
    "rating": "10",
    "author": "hhg9****",
    "review_id": "4744406",
    "movie_id": "10178"
  },
  {
    "review": "공포영화는 옛날영화가 더 무서운법...낡은 화면이 리얼리티를 더해준다",
    "date": "10.06.29",
    "rating": "10",
    "author": "gate****",
    "review_id": "4598616",
    "movie_id": "10178"
  },
  {
    "review": "놓치지 않는 긴장감과 마지막 반전은 역시 공포영화의 정석답다",
    "date": "10.03.01",
    "rating": "8",
    "author": "mygr****",
    "review_id": "4326106",
    "movie_id": "10178"
  },
  {
    "review": "어릴때,그 유명한 스너프 필름인줄 알고 공포에 질렸던 기억이 난다.ㅋㅋㅋㅋㅋ",
    "date": "10.02.16",
    "rating": "4",
    "author": "baks****",
    "review_id": "4289245",
    "movie_id": "10178"
  },
  {
    "review": "대박",
    "date": "09.12.24",
    "rating": "10",
    "author": "k9mr****",
    "review_id": "4077763",
    "movie_id": "10178"
  },
  {
    "review": "너무 유명한영화.언젠가 꼭 보리라 결심하고 드디어봤다.스토리는 모르겠고 반전은 굿",
    "date": "09.12.23",
    "rating": "7",
    "author": "jeon****",
    "review_id": "4074454",
    "movie_id": "10178"
  },
  {
    "review": "어릴적부터 내가 상상해왔던 그 13일의 금요일이 아니다 생각보다 시시하다",
    "date": "09.11.14",
    "rating": "3",
    "author": "like****",
    "review_id": "3960271",
    "movie_id": "10178"
  },
  {
    "review": "이게 진짜 13일의 금요일임",
    "date": "09.11.01",
    "rating": "10",
    "author": "cjc0****",
    "review_id": "3929389",
    "movie_id": "10178"
  },
  {
    "review": "단역 캐빈베이컨영계모습..ㅋ 80년엔 버드맥주가 빵빵한병이였다는거도 신기.",
    "date": "09.09.30",
    "rating": "10",
    "author": "jush****",
    "review_id": "3862132",
    "movie_id": "10178"
  },
  {
    "review": "고전호러물의 전설!!!(근데...15세?!ㅡㅡ등급 잘못됐으니 고치시길^^)",
    "date": "09.09.29",
    "rating": "10",
    "author": "jcy1****",
    "review_id": "3860594",
    "movie_id": "10178"
  },
  {
    "review": "어렸을땐 이 영화 이름 자체만으로 공포를 줬다..",
    "date": "09.09.21",
    "rating": "10",
    "author": "jkh0****",
    "review_id": "3843305",
    "movie_id": "10178"
  },
  {
    "review": "제이슨이 잠깐 나오는 13일의 금요일 1탄",
    "date": "09.09.18",
    "rating": "7",
    "author": "jbc1****",
    "review_id": "3837880",
    "movie_id": "10178"
  },
  {
    "review": "무자비한 슬래셔 영화의 아버지라 불리는데...애비나 자식새끼나 그 나물에 그밥.",
    "date": "09.09.13",
    "rating": "7",
    "author": "brow****",
    "review_id": "3827134",
    "movie_id": "10178"
  },
  {
    "review": "역시1편을봐야왜유명한지알수있군좋은영화가탄생할려면여자가벗어야한다",
    "date": "09.08.01",
    "rating": "10",
    "author": "zzzo****",
    "review_id": "3692720",
    "movie_id": "10178"
  },
  {
    "review": "오래된 영화지만 명작이다..상당한 몰입감과 공포감..",
    "date": "09.05.31",
    "rating": "8",
    "author": "wind****",
    "review_id": "3535772",
    "movie_id": "10178"
  },
  {
    "review": "공포영화의 전형적인 법칙을 잘 따르는 볼만한 평작정도..",
    "date": "09.03.13",
    "rating": "7",
    "author": "pola****",
    "review_id": "3364043",
    "movie_id": "10178"
  },
  {
    "review": "마지막은 충격적이고 좋지만 샤이닝이나 그런것보단 좀안좋다",
    "date": "09.03.09",
    "rating": "7",
    "author": "hjj5****",
    "review_id": "3356963",
    "movie_id": "10178"
  },
  {
    "review": "초딩때 무서움보다는 슴가를 보고 더 충격먹었던 기억이..",
    "date": "09.03.06",
    "rating": "10",
    "author": "stri****",
    "review_id": "3349497",
    "movie_id": "10178"
  },
  {
    "review": "그냥 최고...",
    "date": "09.03.02",
    "rating": "8",
    "author": "zzan****",
    "review_id": "3343479",
    "movie_id": "10178"
  },
  {
    "review": "엑소시스트 .할로윈. 13일의 금요일 공포 슬래셔 장르의 교과서적인 영화",
    "date": "09.02.15",
    "rating": "10",
    "author": "crue****",
    "review_id": "3304029",
    "movie_id": "10178"
  },
  {
    "review": "마지막 노친네와의 결투에서 웃지않고는 못배길거다.",
    "date": "09.02.12",
    "rating": "1",
    "author": "jiko****",
    "review_id": "3295986",
    "movie_id": "10178"
  },
  {
    "review": "할로윈과 더불어 슬래셔영화의 아버지격인 영화.",
    "date": "09.02.05",
    "rating": "10",
    "author": "oldv****",
    "review_id": "3278539",
    "movie_id": "10178"
  },
  {
    "review": "‘헬나이트’와 함께, 유사 쟝르의 효시라는 의미만으로도 높은 평가.",
    "date": "09.01.17",
    "rating": "7",
    "author": "acin****",
    "review_id": "3226926",
    "movie_id": "10178"
  },
  {
    "review": "제이슨 그의 시작.. 8살 때 봤는데.. .;;",
    "date": "08.08.27",
    "rating": "9",
    "author": "shee****",
    "review_id": "2906277",
    "movie_id": "10178"
  },
  {
    "review": "대표적인 슬래셔 무비.. 악의 축 '제이슨'.. 그 시작",
    "date": "08.08.19",
    "rating": "7",
    "author": "gall****",
    "review_id": "2887323",
    "movie_id": "10178"
  },
  {
    "review": "공포영화는 오리지널이 최고다",
    "date": "08.07.13",
    "rating": "7",
    "author": "si2p****",
    "review_id": "2760482",
    "movie_id": "10178"
  },
  {
    "review": "옛날 슬래쉬무비의 대명사. 어릴적 무섭게 봤던 기억이..",
    "date": "08.07.11",
    "rating": "8",
    "author": "lexo****",
    "review_id": "2754798",
    "movie_id": "10178"
  },
  {
    "review": "옛날 영화치곤 좋네",
    "date": "08.06.13",
    "rating": "9",
    "author": "alst****",
    "review_id": "2696337",
    "movie_id": "10178"
  },
  {
    "review": "그럭저럭 공포영화 긴장감이 약간 맴돌지만 공포는 없다.",
    "date": "08.06.13",
    "rating": "7",
    "author": "wkdl****",
    "review_id": "2696016",
    "movie_id": "10178"
  },
  {
    "review": "감독이 뽄드빨고 삐까삐까하며 만든듯",
    "date": "08.04.09",
    "rating": "1",
    "author": "myun****",
    "review_id": "2570057",
    "movie_id": "10178"
  },
  {
    "review": "ㅎㄷㄷ까진 기대하지 마시길",
    "date": "08.03.24",
    "rating": "5",
    "author": "asun****",
    "review_id": "2540752",
    "movie_id": "10178"
  },
  {
    "review": "무작위 살인영화의 대명사",
    "date": "08.02.26",
    "rating": "8",
    "author": "stra****",
    "review_id": "2483226",
    "movie_id": "10178"
  },
  {
    "review": "옛날것치곤 !! 환상적인 스토리 ㅋㅋㅋ 그러나 이름값이 좀 하죠 ㅠㅠ",
    "date": "08.01.02",
    "rating": "9",
    "author": "woo7****",
    "review_id": "2291892",
    "movie_id": "10178"
  },
  {
    "review": "꽤 강렬하고 섬뜩한 공포물!",
    "date": "07.12.23",
    "rating": "6",
    "author": "cube****",
    "review_id": "2259044",
    "movie_id": "10178"
  },
  {
    "review": "긋굿",
    "date": "07.11.07",
    "rating": "10",
    "author": "kcsk****",
    "review_id": "2138902",
    "movie_id": "10178"
  },
  {
    "review": "1980년을 열게한 공포영화... 공포는 갈수록 고조되어간다.",
    "date": "07.09.08",
    "rating": "10",
    "author": "cher****",
    "review_id": "2008441",
    "movie_id": "10178"
  },
  {
    "review": "할로윈의 영향을 많이받았지만 독특한 색을 살려난 13금시리즈의 원조!",
    "date": "07.08.21",
    "rating": "9",
    "author": "just****",
    "review_id": "1965724",
    "movie_id": "10178"
  },
  {
    "review": "너무나 유명한 공포영화. 매니아가 아니라면 지금봐도 무서울듯",
    "date": "07.08.19",
    "rating": "8",
    "author": "park****",
    "review_id": "1960230",
    "movie_id": "10178"
  },
  {
    "review": "이작품은 엄마가 살인마죠ㅋㅋ 목잘리는게 정말 리얼했던=_=",
    "date": "07.07.18",
    "rating": "9",
    "author": "flnl****",
    "review_id": "1788433",
    "movie_id": "10178"
  },
  {
    "review": "초등학교때 이 영화 보고 너무 무서워서 일주일동안 아빠옆에서 잤다.",
    "date": "07.07.13",
    "rating": "10",
    "author": "dero****",
    "review_id": "1771129",
    "movie_id": "10178"
  },
  {
    "review": "어이없네 ㅋㅋ 초딩때봤는데, 19세였어 ㅋㅋㅋㅋ",
    "date": "07.07.13",
    "rating": "10",
    "author": "suhy****",
    "review_id": "1770935",
    "movie_id": "10178"
  },
  {
    "review": "어릴적 정말 떨면서 또 재미있게 봤었는데... ;ㅅ;",
    "date": "07.07.01",
    "rating": "10",
    "author": "du_k****",
    "review_id": "1738692",
    "movie_id": "10178"
  },
  {
    "review": "귀신 영화에 익숙해 있던 당시 도끼와 칼을 들고 설치는 모습은 다소 충격이었다.",
    "date": "07.06.30",
    "rating": "8",
    "author": "skat****",
    "review_id": "1734284",
    "movie_id": "10178"
  },
  {
    "review": "다시보니 예전만 못하지만 그래도 마지막 제이슨 장면 좋았다",
    "date": "07.06.22",
    "rating": "8",
    "author": "vhzm****",
    "review_id": "1714964",
    "movie_id": "10178"
  },
  {
    "review": "최고.",
    "date": "07.06.20",
    "rating": "10",
    "author": "feel****",
    "review_id": "1710626",
    "movie_id": "10178"
  },
  {
    "review": "무섭다... 그런데 앤디.. 제이슨 차에 탈때 표정이 ㅋㅋㅋ",
    "date": "07.06.11",
    "rating": "10",
    "author": "dbsr****",
    "review_id": "1696049",
    "movie_id": "10178"
  },
  {
    "review": "속편들과 같이 놓아선 안되는 영화. 지금 다시 보아도 꽤 무섭다는...",
    "date": "07.05.22",
    "rating": "8",
    "author": "inte****",
    "review_id": "1650482",
    "movie_id": "10178"
  },
  {
    "review": "멋있다",
    "date": "07.05.14",
    "rating": "10",
    "author": "kali****",
    "review_id": "1638676",
    "movie_id": "10178"
  },
  {
    "review": "이름값이 지나치게 높은 영화",
    "date": "07.04.22",
    "rating": "3",
    "author": "okjo****",
    "review_id": "1600591",
    "movie_id": "10178"
  },
  {
    "review": "80년대에 첨볼때 이불뒤집어쓰구봤네",
    "date": "07.04.14",
    "rating": "5",
    "author": "baeq****",
    "review_id": "1587613",
    "movie_id": "10178"
  }
]