[
  {
    "review_id": "8439271",
    "movie_id": "101784",
    "author": "t858****",
    "review": "무슨 인생에 반전이 없어 반전이...",
    "rating": "9",
    "date": "14.01.28"
  },
  {
    "review_id": "7322054",
    "movie_id": "101784",
    "author": "chlq****",
    "review": "드라마 스페셜 중에서도 좋은 작품이었다.  구성이 약간 어설펐지만, 배우들의 연기력이 워낙 좋았기 때문에 ^^",
    "rating": "8",
    "date": "13.03.03"
  },
  {
    "review_id": "7225674",
    "movie_id": "101784",
    "author": "seo8****",
    "review": "드라마스페셜이 유지되어야 하는 이유",
    "rating": "9",
    "date": "13.02.04"
  },
  {
    "review_id": "7062903",
    "movie_id": "101784",
    "author": "karm****",
    "review": "쩔어....연기",
    "rating": "10",
    "date": "12.12.30"
  }
]