[
  {
    "review": "도대체 남과 북 시즌3은 왜 이렇게 구하기 힘든 거냣!!!ㅜㅠ",
    "date": "12.09.06",
    "rating": "10",
    "author": "spar****",
    "review_id": "6673516",
    "movie_id": "10177"
  },
  {
    "review": "최고였습니다. 아.. 다시 보고싶다. 어리메인... 이제 편히 쉬세요....",
    "date": "09.09.16",
    "rating": "10",
    "author": "jeon****",
    "review_id": "3834054",
    "movie_id": "10177"
  },
  {
    "review": "전편보다는 무뎌졌지만 재미있게 봤던 드라마",
    "date": "07.08.01",
    "rating": "8",
    "author": "seun****",
    "review_id": "1834334",
    "movie_id": "10177"
  }
]