[
  {
    "review_id": "9864244",
    "movie_id": "101758",
    "author": "tend****",
    "review": "3기 마작편좀 부탁....ㅜ",
    "rating": "10",
    "date": "15.04.24"
  },
  {
    "review_id": "9681035",
    "movie_id": "101758",
    "author": "hana****",
    "review": "도박묵시록 카이지",
    "rating": "7",
    "date": "15.02.08"
  },
  {
    "review_id": "9532256",
    "movie_id": "101758",
    "author": "yjhs****",
    "review": "왜 이런 명작에 평점이없는가 자와 자와 자와 자와 자와 자와 이 말이 머릿속에서 떠나질 않았다",
    "rating": "8",
    "date": "14.12.28"
  }
]