[
  {
    "review_id": "10272947",
    "movie_id": "101700",
    "author": "ttoz****",
    "review": "인시디어스1을 재밋게 봐서 2가 더재밋다길래 기대하고 봣는데 별로임 지루함 인시디어스1은 8점 2는 6점이 적당하다",
    "rating": "1",
    "date": "15.08.25"
  },
  {
    "review_id": "10265691",
    "movie_id": "101700",
    "author": "cheo****",
    "review": "이거 1편보고 안무섭다던 친구에게 이건 꼭보라고 말을 했는데 그냥 콧방귀 뀌면서 시간아깝다고 안보고 뻐기다가 군대 갔더라고요... 후.. 진짜 싸대기 날리고싶었다.. 1편이 재미없어서 2편이 재미없을거란 생각이 어이가없을뿐..",
    "rating": "10",
    "date": "15.08.23"
  },
  {
    "review_id": "10265289",
    "movie_id": "101700",
    "author": "1ckd****",
    "review": "놀래키는 장면으로만 가득 채워진 일반 공포영화와는 달리 나름 탄탄한 스토리가 좋았음. 개인적으론 1편보다 더 좋았는데 평점은 조금 낮네요...",
    "rating": "8",
    "date": "15.08.23"
  },
  {
    "review_id": "10241069",
    "movie_id": "101700",
    "author": "dk99****",
    "review": "피가 난무하는 잔인하고 끔찍한 자극적인장면없이도 충분히 공포를 선사할수있다고 느낀 영화가인시디어스임. ?인시디어스2는 전편에 뿌린 떡밥 회수하는거 찾는것도 쏠쏠하고 흔히 원초적인 공포라고 해야하나? 그런걸 잘 살린거같음.",
    "rating": "10",
    "date": "15.08.16"
  },
  {
    "review_id": "10198356",
    "movie_id": "101700",
    "author": "yoon****",
    "review": "2편 재밌는데 평점이 낮네.. 스릴 짱",
    "rating": "10",
    "date": "15.08.07"
  },
  {
    "review_id": "10195838",
    "movie_id": "101700",
    "author": "rltj****",
    "review": "긴장감과 코믹요소가 결합된 영화.재미를 살리긴 했지만 이건 공포영화인데....공포 판타지물이 맞다고 봄",
    "rating": "7",
    "date": "15.08.07"
  },
  {
    "review_id": "10194545",
    "movie_id": "101700",
    "author": "2014****",
    "review": "원래 공포 영화를 잘 못보는 저도 눈 떼는 부분 없이 다 잘 봤어요, 무서운데 그렇게 무섭지않고 전 뭔가 슬프면서 감동적이고 그랬어요.. 내용이 정말 좋네요! 그리고 저도 싸대기가 가장 인상깊네요 ㅋㅋ스포니까 생략하고 감정은 안타까움,촉촉한 슬픔,감동",
    "rating": "10",
    "date": "15.08.06"
  },
  {
    "review_id": "10182125",
    "movie_id": "101700",
    "author": "rlad****",
    "review": "개꿀잼이다 1편 2편둘다 미친",
    "rating": "10",
    "date": "15.08.03"
  },
  {
    "review_id": "10182000",
    "movie_id": "101700",
    "author": "yjhk****",
    "review": "감독의 천재성이 발휘되는 최고의 속편",
    "rating": "10",
    "date": "15.08.03"
  },
  {
    "review_id": "10179739",
    "movie_id": "101700",
    "author": "sman****",
    "review": "1편을 보신분이라면 분명히 좋아할만한 영화에요! 반전고 있고 재밌어요!!",
    "rating": "10",
    "date": "15.08.03"
  },
  {
    "review_id": "10173662",
    "movie_id": "101700",
    "author": "seri****",
    "review": "적절한 상황설정과 상황에 맞는 음악으로 공포를 주는 인시디어스 시리즈를 나는 정말 사랑해.",
    "rating": "8",
    "date": "15.08.02"
  },
  {
    "review_id": "10165732",
    "movie_id": "101700",
    "author": "ksk5****",
    "review": "굉장히 재밌네요...시리즈 공포물이 재밌는건 처음",
    "rating": "10",
    "date": "15.07.31"
  },
  {
    "review_id": "10159560",
    "movie_id": "101700",
    "author": "youn****",
    "review": "아휴 3개봉해서 2편보고 갈려했는데 새벽에보니 진짜 무섭다 아직도 심장이 벌렁 에어컨 틀고보는데도 땀이...ㅠㅠ 화장실가기 무서움 집에서 다시보기도 되니 공포영화 보고싶으신분들 강력추천!!!",
    "rating": "9",
    "date": "15.07.30"
  },
  {
    "review_id": "10140254",
    "movie_id": "101700",
    "author": "kos4****",
    "review": "가장 무서운 것은 보이지 않는 손이다.",
    "rating": "4",
    "date": "15.07.25"
  },
  {
    "review_id": "10140114",
    "movie_id": "101700",
    "author": "0_00****",
    "review": "1편이랑 이야기가 흘러가는데 의문이 가는부분들이 딱딱 맞아떨어짐 마지막장면은 4편 떡밥 던져주고 끝나네요 4편도 기대해봅니다",
    "rating": "10",
    "date": "15.07.25"
  },
  {
    "review_id": "10135876",
    "movie_id": "101700",
    "author": "dlgu****",
    "review": "진짜 말이 필요 없음ㄷㄷ;;: 걍 명작임 ㅠㅠ♥제임스완♥",
    "rating": "10",
    "date": "15.07.24"
  },
  {
    "review_id": "10131949",
    "movie_id": "101700",
    "author": "dksg****",
    "review": "1편이랑 비슷하게 재밌음 무서워 ><",
    "rating": "7",
    "date": "15.07.23"
  },
  {
    "review_id": "10131739",
    "movie_id": "101700",
    "author": "zxvt****",
    "review": "컨저링에 나왔던 배우가 나왔을 뿐이지 컨저링보다 무서운 영화는 아니다. 그냥 둘다 도찐개찐. 어둠의 공간과 연결되며 왔다리갔다리 하는게 인상깊었다. 마지막에는 왜 그런겨? 후속이 있다는거여?",
    "rating": "6",
    "date": "15.07.23"
  },
  {
    "review_id": "10129708",
    "movie_id": "101700",
    "author": "atyd****",
    "review": "꿀잼 ㅋㅋㅋ 1편부터 보세요 개 꿀잼",
    "rating": "10",
    "date": "15.07.22"
  },
  {
    "review_id": "10128055",
    "movie_id": "101700",
    "author": "baby****",
    "review": "애나벨 컨저링 보다 더무서운듯인시디어스1보다도 무섭고 혼자 저녁에 집에서보는대 어후첨에 빨간 자막만봐도 어찌나무섭든지 ㅠ",
    "rating": "10",
    "date": "15.07.22"
  },
  {
    "review_id": "10127032",
    "movie_id": "101700",
    "author": "0906****",
    "review": "1편을 꼭 보고 봐야함 별 10개도 안 아까움",
    "rating": "10",
    "date": "15.07.22"
  },
  {
    "review_id": "10126794",
    "movie_id": "101700",
    "author": "asy_****",
    "review": "1편보다 훨씬 재밌게 본ㅎㅎㅎ 굳",
    "rating": "10",
    "date": "15.07.21"
  },
  {
    "review_id": "10121018",
    "movie_id": "101700",
    "author": "asqz****",
    "review": "이영화 뭐하나 부족한게없는 완벽한 공포영화라고 생각했음..1편봤을때도 정말 최고라고생각했는데 2편은 탄탄한스토리와 긴장감은 말로할수없다고생각해요 제임스완감독은 공포영화의천재감독이라고 생각할정도라고 생각들정도였습니다",
    "rating": "10",
    "date": "15.07.19"
  },
  {
    "review_id": "10120410",
    "movie_id": "101700",
    "author": "binn****",
    "review": "점점 이야기가 산으로 간다",
    "rating": "4",
    "date": "15.07.19"
  },
  {
    "review_id": "10118590",
    "movie_id": "101700",
    "author": "gaur****",
    "review": "잘만들었네 잘만들었어 과거랑 1편이랑 연결되는 부분이 스토리를 탄탄하게 잘 만든듯 무서움은 좀 덜하지만",
    "rating": "10",
    "date": "15.07.19"
  },
  {
    "review_id": "10118294",
    "movie_id": "101700",
    "author": "elit****",
    "review": "스토리 죽이네~  1편꼭봐야함 믿고보는 제임스완! 애인이 공포물 안좋아하는데 이영화는 1,2 편 다봤음 천재감독 컨저링도 잼있떠^^ 이런거 넘좋아~~~♡",
    "rating": "10",
    "date": "15.07.19"
  },
  {
    "review_id": "10114993",
    "movie_id": "101700",
    "author": "t525****",
    "review": "에이씨 팔자에도없는 공포영화를 왜봐서는ㅜㅜㅜ",
    "rating": "7",
    "date": "15.07.18"
  },
  {
    "review_id": "10114830",
    "movie_id": "101700",
    "author": "alem****",
    "review": "1편보다는 덜 무섭지만 스토리는 더 나은 듯..",
    "rating": "7",
    "date": "15.07.18"
  },
  {
    "review_id": "10113741",
    "movie_id": "101700",
    "author": "ttty****",
    "review": "떡밥 그만좀 풀어라  ..",
    "rating": "8",
    "date": "15.07.17"
  },
  {
    "review_id": "10113155",
    "movie_id": "101700",
    "author": "yoeu****",
    "review": "구만점 만점에 구만점 주고싶다 123탄 중에서 최고다 파커엄마 진짜 존나무섭다 밤에 자려고 누우면 계속 생각남 휴 어디서감히!",
    "rating": "10",
    "date": "15.07.17"
  },
  {
    "review_id": "10111873",
    "movie_id": "101700",
    "author": "poro****",
    "review": "3-1-2 순으로 봐라. 재밌다. 근데, 뚱땡이랑 안경낀놈 답답해서 때려버리고 싶더라.",
    "rating": "8",
    "date": "15.07.17"
  },
  {
    "review_id": "10110762",
    "movie_id": "101700",
    "author": "wlst****",
    "review": "짜임새 튼튼한 스토리와 심장 떨어지게 만드는 사운드.개인적으로 1이 제일 무서운 장면이 많았다.심장약한 사람은 혼자 보지 마시길.ㅠ",
    "rating": "10",
    "date": "15.07.16"
  },
  {
    "review_id": "10109186",
    "movie_id": "101700",
    "author": "mind****",
    "review": "1편 안 본 놈들이 1점 매기는걸까? 7점대 영화가 아니다! 너무 무섭다.",
    "rating": "9",
    "date": "15.07.16"
  },
  {
    "review_id": "10107471",
    "movie_id": "101700",
    "author": "jusu****",
    "review": "이런 공포 너무 좋다 마냥 무섭기만 한것도 아니구 적당한 긴장감에 스토리도 진짜 탄탄하다 1편은 꼭 보고 보길!!",
    "rating": "9",
    "date": "15.07.15"
  },
  {
    "review_id": "10104116",
    "movie_id": "101700",
    "author": "eocj****",
    "review": "첨엔 긴장감돌고 무서웠는데 유체이탈하고 괴물들 나올때부터 노잼 긴장감사라져",
    "rating": "9",
    "date": "15.07.14"
  },
  {
    "review_id": "10104105",
    "movie_id": "101700",
    "author": "ekth****",
    "review": "인시디어스 1의 연장선. 영혼이 되어 저승을 돌아다니던 조쉬의 메시지가 1편과 2편에서 유기적으로 연결된다. 1편은 2편을 위한 맛보기라고 해도 과언이 없을 정도. 본 3편에서 1편을 이어 나올 붉은 악마 이야기가 궁금하다.",
    "rating": "7",
    "date": "15.07.14"
  },
  {
    "review_id": "10103446",
    "movie_id": "101700",
    "author": "ohmr****",
    "review": "이 영화를 보아야 아! 그런거였구나!! 하면서 1편을 되새김질 할 수 있다. 어린 조쉬가 노파집을 알려주는 장면, 그저 기이한 현상으로 넘겼던 피아노 소리가 아내를 향한 메시지 였다는 설정은 가히 천재적이다!",
    "rating": "9",
    "date": "15.07.14"
  },
  {
    "review_id": "10103040",
    "movie_id": "101700",
    "author": "xiah****",
    "review": "1편의 모든 수수께기가 풀렸다. 대박",
    "rating": "10",
    "date": "15.07.14"
  },
  {
    "review_id": "10102958",
    "movie_id": "101700",
    "author": "iyb0****",
    "review": "진짜무서운영화..평점왜낮은지 모르겠지만 ㅠㅠㅠ1이랑이어져서 좋았음",
    "rating": "10",
    "date": "15.07.14"
  },
  {
    "review_id": "10100880",
    "movie_id": "101700",
    "author": "hang****",
    "review": "너무 훌륭해서 망작인 영화",
    "rating": "10",
    "date": "15.07.13"
  },
  {
    "review_id": "10100517",
    "movie_id": "101700",
    "author": "wlgp****",
    "review": "하....혼자보지마세요 (개 휴유증...잠 안옴)",
    "rating": "10",
    "date": "15.07.13"
  },
  {
    "review_id": "10100469",
    "movie_id": "101700",
    "author": "1230****",
    "review": "초초대박.. 무조건 1편을봐야 이해가능하고 2편이 절정! 난공포영화싫어하는데 이건 정말최고였다!!",
    "rating": "10",
    "date": "15.07.13"
  },
  {
    "review_id": "10100083",
    "movie_id": "101700",
    "author": "smj6****",
    "review": "진짜 내가사람들이랑관범이다른건가? 친구2명이랑영화관봐서 봤는데 다너무어이가없어서 웃다만왔는데",
    "rating": "1",
    "date": "15.07.13"
  },
  {
    "review_id": "10099262",
    "movie_id": "101700",
    "author": "chos****",
    "review": "스토리구성, 조금씩 나오는 복선, 잘 맞췄네요.무서운영화쪽보단 스릴러쪽에 눈맞춰서 보면 정말 꿀잼입니다",
    "rating": "10",
    "date": "15.07.12"
  },
  {
    "review_id": "10093923",
    "movie_id": "101700",
    "author": "stil****",
    "review": "중간에 컨저링도 있기도 했고 1편을 보았을 때의 충격과 공포만은 못 하지만 마지막 순간까지 궁금증을 자아내는 치밀한 스토리가 일품이다.",
    "rating": "8",
    "date": "15.07.11"
  },
  {
    "review_id": "10093006",
    "movie_id": "101700",
    "author": "baks****",
    "review": "전편을 좋아한 관객에 대한 팬 서비스...거두절미하고,즐길만 하다...훌륭한 속편들중 하나에 당당히 이름을 올릴만 하다...팀버튼 배트맨 속편.크리스토퍼 놀란의 배트맨 속편(다크나이트)스타워즈 속편-제국의 역습.매드 맥스2-로드 워리어 정돈 아닐지라도",
    "rating": "8",
    "date": "15.07.11"
  },
  {
    "review_id": "10081962",
    "movie_id": "101700",
    "author": "the0****",
    "review": "인시디어스 시리즈가 가장 마음에드는 이유는 복선과 연결고리이며 2편은 그 스토리를 잘 살린 좋은 후속작이라고 생각된다 후속작 3편역시 기대가  됨",
    "rating": "8",
    "date": "15.07.09"
  },
  {
    "review_id": "10081806",
    "movie_id": "101700",
    "author": "almo****",
    "review": "이승과 저승계를 바삐 교차해 가며 숨가쁘다.",
    "rating": "6",
    "date": "15.07.09"
  },
  {
    "review_id": "10073075",
    "movie_id": "101700",
    "author": "qkr1****",
    "review": "연결성에 조금 할말을 잃었음..",
    "rating": "7",
    "date": "15.07.05"
  },
  {
    "review_id": "10066630",
    "movie_id": "101700",
    "author": "ertg****",
    "review": "1편처럼 재밌긴하나 긴장감이나 몰입도가 약간떨어네요 별로 안무섭고",
    "rating": "8",
    "date": "15.07.04"
  },
  {
    "review_id": "10055594",
    "movie_id": "101700",
    "author": "zhfk****",
    "review": "엘리스가 할망구 내리 찍는 장면 개웃기당... ㅋㅋㅋ  빵 터짐. 여기선 쫌 어이없었지만, 내용 이어지는 게 그럭저럭 볼만 함",
    "rating": "7",
    "date": "15.06.30"
  },
  {
    "review_id": "10053229",
    "movie_id": "101700",
    "author": "sim8****",
    "review": "5점정도. 킬링타임용 이하.",
    "rating": "5",
    "date": "15.06.29"
  },
  {
    "review_id": "10047368",
    "movie_id": "101700",
    "author": "nams****",
    "review": "이거에 10점안준 사람들은 인시디어스 1편 안보고 본 사람들이다",
    "rating": "10",
    "date": "15.06.28"
  },
  {
    "review_id": "10039099",
    "movie_id": "101700",
    "author": "ash_****",
    "review": "'영화 너무 잘 만들었다' 라는 표현은 이런 영화에 쓰는 것이다.내 인생 최고의 공포 영화였고, 긴장감도 뛰어나고, 스토리도 훌륭하다. 이것이야말로 퍼펙트가 아닌가!",
    "rating": "10",
    "date": "15.06.26"
  },
  {
    "review_id": "10038876",
    "movie_id": "101700",
    "author": "yamm****",
    "review": "완!!전! 제 스타일 공포물이예요♡♡ 팬이예요!!!",
    "rating": "10",
    "date": "15.06.26"
  },
  {
    "review_id": "10025551",
    "movie_id": "101700",
    "author": "kth2****",
    "review": "스토리를 이어가는 내용뿐, 조금 실망이었다./",
    "rating": "6",
    "date": "15.06.24"
  },
  {
    "review_id": "10023505",
    "movie_id": "101700",
    "author": "foxi****",
    "review": "1편을 보고 2편을 봐라.. 그럼 이해된다",
    "rating": "10",
    "date": "15.06.23"
  },
  {
    "review_id": "10019506",
    "movie_id": "101700",
    "author": "joke****",
    "review": "\"1편 보고 2편을 논하라\" 라는 분들께 반대말씀 드립니다. 1편과 연결되는 부분들은 제가볼땐 그냥 짜맞추기 밖에 안됩니다. 1편에서 봤던 신선함은 없고 너무나 예측이 가능한 전개라 매우 실망스럽습니다.",
    "rating": "4",
    "date": "15.06.21"
  },
  {
    "review_id": "10016870",
    "movie_id": "101700",
    "author": "mrdn****",
    "review": "인터스텔라냐...1편에 이어 기대하고 봤다가 홀리쉣이다 ㅋㅋ",
    "rating": "6",
    "date": "15.06.21"
  },
  {
    "review_id": "10015003",
    "movie_id": "101700",
    "author": "tong****",
    "review": "일편보다는  스토리가 탄탄함일편이편 같이보니 스토리의 반전과 흥미가보임",
    "rating": "8",
    "date": "15.06.20"
  },
  {
    "review_id": "10006708",
    "movie_id": "101700",
    "author": "dldb****",
    "review": "무섭기도 하고 복선도 잘 짜여있고 감동도 있고 진짜 제일 잘 만든 공포영화bb",
    "rating": "10",
    "date": "15.06.17"
  },
  {
    "review_id": "9888689",
    "movie_id": "101700",
    "author": "epal****",
    "review": "그냥 놀라고 무서운것만이 아닌 연결성과 스토리에 빠져드는 영화.",
    "rating": "10",
    "date": "15.05.03"
  },
  {
    "review_id": "9855263",
    "movie_id": "101700",
    "author": "furi****",
    "review": "재밌게봤긴한데 하나도 안무서움....귀신분장도 촌스럽고... 그냥 전설의고향보는기분",
    "rating": "8",
    "date": "15.04.21"
  },
  {
    "review_id": "9836828",
    "movie_id": "101700",
    "author": "beki****",
    "review": "1편을 안보는, 생판 처음보는 사람들에게는 이 영화가 불친절하다고 생각될수도 있다고 판단됨. 다만 1편을 보고, 2편에 대한 기대감을 갖고 있는 사람들에겐 매우 만족스러운 결과를 보여주었다고함. 1편과의 연관성은 정말, 소름. 한마디로 즐거운 공포였음",
    "rating": "9",
    "date": "15.04.09"
  },
  {
    "review_id": "9832309",
    "movie_id": "101700",
    "author": "kst1****",
    "review": "무서움 이런거떠나서 소름돋게재미지내",
    "rating": "8",
    "date": "15.04.07"
  },
  {
    "review_id": "9826184",
    "movie_id": "101700",
    "author": "gous****",
    "review": "자잘한 가지는 많은데 정리가 안되고 설명이 불친절한 영화. 내용의 참신함이 없었다면 별 하나 뺐을 것이다. 반전과 소름등이 있는데 왜 무섭지가 않지. 소리로 놀래키려는 영화. 주사위등 소재참신하나 잘못섞인.차라리 유령잡이두명가지고 코믹만드는게나았을듯",
    "rating": "6",
    "date": "15.04.04"
  },
  {
    "review_id": "9803181",
    "movie_id": "101700",
    "author": "powe****",
    "review": "1편 감독 맞아? 유치하고 산만하고 1편 재탕",
    "rating": "1",
    "date": "15.03.24"
  },
  {
    "review_id": "9755155",
    "movie_id": "101700",
    "author": "obri****",
    "review": "1편보다 낫네. 중반부 반전도 볼만함",
    "rating": "8",
    "date": "15.03.04"
  },
  {
    "review_id": "9721272",
    "movie_id": "101700",
    "author": "lead****",
    "review": "지루하고 피곤하게 만드네",
    "rating": "4",
    "date": "15.02.21"
  },
  {
    "review_id": "9701897",
    "movie_id": "101700",
    "author": "dhlf****",
    "review": "무서운건 하나도 없었는데, 스토리는 흥미를 끄는 영화.",
    "rating": "7",
    "date": "15.02.16"
  },
  {
    "review_id": "9685426",
    "movie_id": "101700",
    "author": "kang****",
    "review": "3편은 독주체재일려나....",
    "rating": "10",
    "date": "15.02.10"
  },
  {
    "review_id": "9616285",
    "movie_id": "101700",
    "author": "simp****",
    "review": "연출,음악 너무 소름이 끼친다.",
    "rating": "10",
    "date": "15.01.20"
  },
  {
    "review_id": "9611808",
    "movie_id": "101700",
    "author": "ghde****",
    "review": "으앙무섭다는 아니지만 되게 내용이 재밌었던 공포영화. 1편안봤는데 봐야겠다",
    "rating": "8",
    "date": "15.01.19"
  },
  {
    "review_id": "9596043",
    "movie_id": "101700",
    "author": "kjhl****",
    "review": "컨저링보다무섭다길래 이것도말만번지르르한가보다했더니..ㅋ..",
    "rating": "10",
    "date": "15.01.15"
  },
  {
    "review_id": "9575705",
    "movie_id": "101700",
    "author": "rd72****",
    "review": "제임스완 이름값은 한다.",
    "rating": "6",
    "date": "15.01.08"
  },
  {
    "review_id": "9573046",
    "movie_id": "101700",
    "author": "anse****",
    "review": "세번째이야기가궁금해지네요  소리부터가소오름",
    "rating": "8",
    "date": "15.01.08"
  },
  {
    "review_id": "9563901",
    "movie_id": "101700",
    "author": "jw99****",
    "review": "호러 영화 중에서 작품성에 대해서 소름 돋은 영화는 처음이다. 2편에서  1편의 미스터리까지 시원하게 긁어줄줄이야... 다시봐도 특히 성인 조쉬와 어린 조수의 만남이 1편가 2편을 이어줄때 와...천재적이다는 소름.. 이런호러영화 다시볼수있을까",
    "rating": "10",
    "date": "15.01.05"
  },
  {
    "review_id": "9558887",
    "movie_id": "101700",
    "author": "itre****",
    "review": "제임스 완의 호러 영화가 마지막 이라는 아쉬움을 느낀다",
    "rating": "7",
    "date": "15.01.04"
  },
  {
    "review_id": "9537654",
    "movie_id": "101700",
    "author": "joy_****",
    "review": "제임스 완. 진짜 은퇴 안했으면 좋겠다... 인시디어스 이후로 공포다운 공포물 본적이 없다! 애나벨도 기대했었는데 비슷하면서도 어설프다... 비교가 안되네",
    "rating": "9",
    "date": "14.12.30"
  },
  {
    "review_id": "9529718",
    "movie_id": "101700",
    "author": "b553****",
    "review": "무섭지는 않았지만 스토리를 너무 재밌게 봤다",
    "rating": "8",
    "date": "14.12.28"
  },
  {
    "review_id": "9521446",
    "movie_id": "101700",
    "author": "fine****",
    "review": "내 인생 베스트 공포영화",
    "rating": "10",
    "date": "14.12.26"
  },
  {
    "review_id": "9493673",
    "movie_id": "101700",
    "author": "new5****",
    "review": "3도 기대합니다..b",
    "rating": "10",
    "date": "14.12.20"
  },
  {
    "review_id": "9478998",
    "movie_id": "101700",
    "author": "dlsl****",
    "review": "컨저링보다  재밋지도. 무섭지도 않습니다. 제임  스완  감독 타이틀로 과대 포장 영화.  쏘우1편이 갑입니다.",
    "rating": "5",
    "date": "14.12.16"
  },
  {
    "review_id": "9471461",
    "movie_id": "101700",
    "author": "mado****",
    "review": "감독이 쏘우 찍었을때의 치밀함은 아직 잃지않았구나!",
    "rating": "9",
    "date": "14.12.13"
  },
  {
    "review_id": "9464582",
    "movie_id": "101700",
    "author": "sida****",
    "review": "난 그래도 1편이 더 충격적이였다.",
    "rating": "7",
    "date": "14.12.11"
  },
  {
    "review_id": "9419158",
    "movie_id": "101700",
    "author": "sher****",
    "review": "심장마비 걸리는 쥴...",
    "rating": "10",
    "date": "14.11.24"
  },
  {
    "review_id": "9418636",
    "movie_id": "101700",
    "author": "twel****",
    "review": "전통 호러영화는 아니지만 부드럽게 다가갈수있는 새롭고참신한 호러! 1편과 연결이 아주 훌륭함!",
    "rating": "10",
    "date": "14.11.24"
  },
  {
    "review_id": "9414042",
    "movie_id": "101700",
    "author": "tpdu****",
    "review": "정말 재밌엇어요.. 여자 목조를때 얼굴바뀌는거보고 심쿵했어요..",
    "rating": "10",
    "date": "14.11.23"
  },
  {
    "review_id": "9413164",
    "movie_id": "101700",
    "author": "hw25****",
    "review": "전편을  오래전에 봐서 좀 가물 하면서 보긴 했는데 참 잘만든 영화 인거 같네요 ㅎ",
    "rating": "10",
    "date": "14.11.23"
  },
  {
    "review_id": "9391172",
    "movie_id": "101700",
    "author": "choe****",
    "review": "1편과 연결되어있는 영화입니다. 1편을 보고 이영화를 봐야 더 재밌고 이해가 빠르지않을까 싶네요. 개인적으로 정말 재밌게 봤습니다. 옆에 친구는 보고 나와서 울었어요..ㅋㅋ 그영화 입에도 담지말라는데..",
    "rating": "10",
    "date": "14.11.16"
  },
  {
    "review_id": "9388360",
    "movie_id": "101700",
    "author": "dodo****",
    "review": "공포감은 많이 줄었지만 내용면에서 훌륭했다",
    "rating": "10",
    "date": "14.11.15"
  },
  {
    "review_id": "9340628",
    "movie_id": "101700",
    "author": "jms5****",
    "review": "초반부와 중반부는 나름 긴장감과 몰입감은 괜찮았다. 전편과의 연결고리가 이어지는 부분과 캠코더 핸드헬드 기법을 활용해서 공포감을 일으킨 부분은 괜찮은 발상이었지만, 후반부에서는 긴장감이 유지되질 못한다. 뺨을 후려갈기는 부분은 오히려 피식하게 된다.",
    "rating": "7",
    "date": "14.11.04"
  },
  {
    "review_id": "9333185",
    "movie_id": "101700",
    "author": "ssed****",
    "review": "1탄 보고 바로 2탄 정주행!",
    "rating": "10",
    "date": "14.11.01"
  },
  {
    "review_id": "9314980",
    "movie_id": "101700",
    "author": "seun****",
    "review": "평점1점주는 평레기들땜에 10점드림. 진심 인시디어스1,2는 평점8점대는가야되는영화",
    "rating": "10",
    "date": "14.10.25"
  },
  {
    "review_id": "9306934",
    "movie_id": "101700",
    "author": "yong****",
    "review": "확실히 1편에 비해 무언가 업그레이드 됐다.그러나 컨저링 보다는 아니다.오히려 컨저링에 빚대어 말한게 독이 됐다.기대감 보단 지루했고 장면 전환이 빨라서 뭐가뭔지 헷갈렸다.이 영화의 묘미는 숨은그림 찾기이다.곳곳에 숨은그림을 잘 찾으면 무서움은 배가됨",
    "rating": "6",
    "date": "14.10.21"
  },
  {
    "review_id": "9302396",
    "movie_id": "101700",
    "author": "smhe****",
    "review": "ㅋㅋㅋ그렇게 당하고도 계속 아기를 그자리에 왜놔둠ㅋㅋㅋ",
    "rating": "10",
    "date": "14.10.19"
  },
  {
    "review_id": "9292681",
    "movie_id": "101700",
    "author": "coco****",
    "review": "인시디어스 1편의 재탕. 보는 내내 몇 번을 졸았나 모르겠다",
    "rating": "2",
    "date": "14.10.14"
  },
  {
    "review_id": "9292273",
    "movie_id": "101700",
    "author": "kes7****",
    "review": "뿔달린 악마라도 나타난걸까. 영혼주제에 다른영혼의 겉모습을 보고 놀라긴...하지만 뭘본걸까 궁금해.. 다음영화가 기대된다. 결말이 속시원히 해결되야 좋은영화라 할수있다.홀가분하잖아~~",
    "rating": "8",
    "date": "14.10.14"
  },
  {
    "review_id": "9290503",
    "movie_id": "101700",
    "author": "tjem****",
    "review": "떡밥이니 추리니 신경쓴 티는 알겠는데... 공포영화라면 우선은 무서워야 한다는게 내 기준이다.",
    "rating": "1",
    "date": "14.10.13"
  },
  {
    "review_id": "9290092",
    "movie_id": "101700",
    "author": "hyng****",
    "review": "공포영화 좋아하는 나로서는....",
    "rating": "10",
    "date": "14.10.13"
  }
]