[
  {
    "review_id": "9885073",
    "movie_id": "101872",
    "author": "c118****",
    "review": "잔잔하게 오래 기억에 남는 영화",
    "rating": "10",
    "date": "15.05.01"
  },
  {
    "review_id": "9856982",
    "movie_id": "101872",
    "author": "gaeu****",
    "review": "시간이 남아돌아밖엔 나가고 싶고 정말 딱히 진짜 할꺼 없을때이영화보며 시간 떼우세요",
    "rating": "1",
    "date": "15.04.22"
  },
  {
    "review_id": "9847215",
    "movie_id": "101872",
    "author": "ohju****",
    "review": "아픔을 가진 아이가 아픔을 치유하러 아픔을 치유하지 못한 이들의 집에 방문한다. 그런 갈등을 다루면서 과하지 않게 무심한 듯 잔잔하게 관조하는 식으로 비추는 영화의 방식이 좋았다. 음악과 배우의 열연 역시.",
    "rating": "8",
    "date": "15.04.15"
  },
  {
    "review_id": "9845822",
    "movie_id": "101872",
    "author": "vvee****",
    "review": "영화좀 본다는 사람들만 보세요. 호불호 엄청강합니다.",
    "rating": "8",
    "date": "15.04.14"
  },
  {
    "review_id": "9845676",
    "movie_id": "101872",
    "author": "real****",
    "review": "오늘 같이 비오는 날 더 감성적으로 다가오는 잔잔한 영화였다.",
    "rating": "9",
    "date": "15.04.14"
  },
  {
    "review_id": "9845288",
    "movie_id": "101872",
    "author": "ownw****",
    "review": "엔딩 곡이 좋긴 한데 전체적으로 너무 소소했음. 여행지에서 읽는 얇은 책 느낌.",
    "rating": "6",
    "date": "15.04.14"
  },
  {
    "review_id": "9841936",
    "movie_id": "101872",
    "author": "czek****",
    "review": "[닦아도 지워지지 않는 '짙은 날'이 있다.  '그 사람'이 아니다. 내가 정말로 그리워하는 것은 '사랑했을 때의 나'일 것이다.]그냥 저 문장이 와닿는다대상보다 , 감정과 열정 자체를 더 좋아한걸까",
    "rating": "8",
    "date": "15.04.12"
  },
  {
    "review_id": "9840998",
    "movie_id": "101872",
    "author": "mint****",
    "review": "고통이란 봄날 스쳐지나는 바람같은 것.",
    "rating": "10",
    "date": "15.04.11"
  },
  {
    "review_id": "9840759",
    "movie_id": "101872",
    "author": "sang****",
    "review": "잔잔하네요. 요즘 뻔한 영화같지않고 음악이 좋네요",
    "rating": "8",
    "date": "15.04.11"
  },
  {
    "review_id": "9839043",
    "movie_id": "101872",
    "author": "534k****",
    "review": "지루하다 지루하다 그러하다",
    "rating": "6",
    "date": "15.04.11"
  },
  {
    "review_id": "9838734",
    "movie_id": "101872",
    "author": "bsen****",
    "review": "요새 영화들(특히 음악영화들) 보면서 뻔한 공식에 대입해서 만든 거 알면서 속아주는 느낌이었는데, 오랜만에 그런 거리감없이 본 영화. 꾸미지 않아도 매력적인 사람을 보는 기분. 대본 좋다. 배우들 더 좋다. 노래가 진짜 좋다.",
    "rating": "9",
    "date": "15.04.10"
  },
  {
    "review_id": "9838169",
    "movie_id": "101872",
    "author": "ford****",
    "review": "그냥 별로다...지루한 느낌을 받았다..",
    "rating": "1",
    "date": "15.04.10"
  },
  {
    "review_id": "9836337",
    "movie_id": "101872",
    "author": "cade****",
    "review": "노래 가사들이 참 좋다. 미국식 아이를 키우겠지...하는 노래 중에서 '여기보다 나은 곳은 없으니 이제 삶을 시작하자'였던가 하는 구절이 이상하게 마음에 남았다. 더 달아날 곳이 없다면, 이제 삶을 시작하자.",
    "rating": "10",
    "date": "15.04.09"
  }
]