[
  {
    "review_id": "9901656",
    "movie_id": "101886",
    "author": "alfk****",
    "review": "그냥 그냥 볼만해요 마지막에  의사랑 싸우다가 다시 일나서 음식 먹으라고 떠주는 장만은 좀 우끼더라구요  그상황에 뭘 먹으라는건지 저혼자 빵 떠짐 뭐 먹는다는 내용이 그이야기지만요",
    "rating": "9",
    "date": "15.05.07"
  },
  {
    "review_id": "9644854",
    "movie_id": "101886",
    "author": "kilk****",
    "review": "좀 지루하지만 홀딱 깨는 엔딩. ㅋㅋㅋㅋ 킬타로 약간은 괜춘하나 지루함은 좀 참아야만 함. 엔딩 졸 웃. ㅋㅋㅋㅋ 아놔~~ㅋㅋㅋ",
    "rating": "6",
    "date": "15.01.28"
  },
  {
    "review_id": "9569104",
    "movie_id": "101886",
    "author": "chee****",
    "review": "도대체 왜 이런 영화를 만드는거냐고!",
    "rating": "5",
    "date": "15.01.06"
  },
  {
    "review_id": "9459303",
    "movie_id": "101886",
    "author": "gall****",
    "review": "원작의 한계와 리메이크의 올바른 방향성을 동시에 보여주다",
    "rating": "5",
    "date": "14.12.08"
  },
  {
    "review_id": "9325567",
    "movie_id": "101886",
    "author": "ggan****",
    "review": "잼없진않는데 그닥 ..",
    "rating": "5",
    "date": "14.10.28"
  },
  {
    "review_id": "9152880",
    "movie_id": "101886",
    "author": "kos4****",
    "review": "불필요한 대사를 절제하고 음산하고 신비로운 기운을 잘 살렸다.",
    "rating": "7",
    "date": "14.09.01"
  },
  {
    "review_id": "8853090",
    "movie_id": "101886",
    "author": "oks3****",
    "review": "호러무비매니아인데,  볼 만한 영화던데...과거에 두 딸들이 친아버지의 얼굴을 물어뜯은 외국의 실화가 있었는데  마지막장면에서 오버랩되었음",
    "rating": "10",
    "date": "14.06.25"
  },
  {
    "review_id": "8837377",
    "movie_id": "101886",
    "author": "sang****",
    "review": "무슨 의도인지 전혀 몰겠넹",
    "rating": "4",
    "date": "14.06.17"
  },
  {
    "review_id": "8623945",
    "movie_id": "101886",
    "author": "guev****",
    "review": "지루한 전개끝에 황급하게 끝을 맺는군",
    "rating": "1",
    "date": "14.04.02"
  },
  {
    "review_id": "8619233",
    "movie_id": "101886",
    "author": "bles****",
    "review": "원작을 압도적으로 능가하기는 했다",
    "rating": "5",
    "date": "14.03.30"
  },
  {
    "review_id": "8617665",
    "movie_id": "101886",
    "author": "ansr****",
    "review": "이 영화가 국내 개봉할줄이야 ㅎㅎ 근데 제목을 너무 이상하게 지으셨네요",
    "rating": "7",
    "date": "14.03.30"
  }
]