[
  {
    "review": "이소룡 영화는왜 몇OO이 지난 지금봐도 재밌지?",
    "date": "15.08.07",
    "rating": "10",
    "author": "god4****",
    "review_id": "10199476",
    "movie_id": "10181"
  },
  {
    "review": "거의 완벽한데 조금 부족한 느낌",
    "date": "15.08.01",
    "rating": "9",
    "author": "qmff****",
    "review_id": "10172048",
    "movie_id": "10181"
  },
  {
    "review": "이소룡의 위대함을 본격적으로 알린 작품",
    "date": "15.07.29",
    "rating": "7",
    "author": "thra****",
    "review_id": "10158489",
    "movie_id": "10181"
  },
  {
    "review": "이소룡 아이고 진짜 저것도 무술이라고 ㅋㅋㅋㅋ진짜 허접하다 ㅂㅅ",
    "date": "15.07.29",
    "rating": "1",
    "author": "will****",
    "review_id": "10157090",
    "movie_id": "10181"
  },
  {
    "review": "같은 세대를 못 살아서 아쉽지만, 스크린이라도 봐서 다행.. 이소룡, 무술계의 입신하신 분",
    "date": "15.07.25",
    "rating": "10",
    "author": "wits****",
    "review_id": "10142740",
    "movie_id": "10181"
  },
  {
    "review": "최고 라는 말 밖에 안나온다....",
    "date": "15.07.10",
    "rating": "10",
    "author": "minq****",
    "review_id": "10089345",
    "movie_id": "10181"
  },
  {
    "review": "힘이 없는 자의 이유 있는 살인",
    "date": "15.05.24",
    "rating": "7",
    "author": "yest****",
    "review_id": "9944541",
    "movie_id": "10181"
  },
  {
    "review": "그의 육신은 죽어도 정신은 가슴속에 살아있다!!!",
    "date": "15.02.14",
    "rating": "10",
    "author": "sdda****",
    "review_id": "9695010",
    "movie_id": "10181"
  },
  {
    "review": "최초의 아시아계 월드스타 타이슨이 존경한단다 이상",
    "date": "15.02.14",
    "rating": "10",
    "author": "hide****",
    "review_id": "9694357",
    "movie_id": "10181"
  },
  {
    "review": "배우 이소룡은 나의 영웅.",
    "date": "15.02.06",
    "rating": "10",
    "author": "patr****",
    "review_id": "9671171",
    "movie_id": "10181"
  },
  {
    "review": "나유의 싸구려 연출과 이소룡의 카리스마가 기묘한 효과를 내..",
    "date": "15.01.24",
    "rating": "8",
    "author": "pont****",
    "review_id": "9628779",
    "movie_id": "10181"
  },
  {
    "review": "이소룡 영화중에서 최고걸작인듯. 마지막씬은 정말 잊을수가없다..  70년대초반영화임에도 불구하고 스토리가 탄탄하다.  보고나서 몇분동안 여운이남아서 가만히있었다..슬픈영화",
    "date": "15.01.20",
    "rating": "10",
    "author": "munc****",
    "review_id": "9616736",
    "movie_id": "10181"
  },
  {
    "review": "때로는 압도적인 먼치킨의 시원한 복수가 보고 싶다. 전율의 라스트 신!",
    "date": "15.01.13",
    "rating": "8",
    "author": "cube****",
    "review_id": "9589115",
    "movie_id": "10181"
  },
  {
    "review": "역시 정무문이지...황비홍과 더불어 쵝오",
    "date": "15.01.06",
    "rating": "10",
    "author": "leo8****",
    "review_id": "9566695",
    "movie_id": "10181"
  },
  {
    "review": "이렇게나마 그의 영화를 볼 수 있음에 감사함을 느끼며..",
    "date": "14.12.10",
    "rating": "9",
    "author": "blue****",
    "review_id": "9463935",
    "movie_id": "10181"
  },
  {
    "review": "정말 최고명작..평점을 안매길수가없다.. 더도말고 살아만있었으면 얼마나좋을까..오늘따라 더 그립다..",
    "date": "14.11.12",
    "rating": "10",
    "author": "pyos****",
    "review_id": "9376254",
    "movie_id": "10181"
  },
  {
    "review": "그동안 봐왔던 수많은 오마주와 패러디들의 고향.",
    "date": "14.11.08",
    "rating": "7",
    "author": "gray****",
    "review_id": "9354160",
    "movie_id": "10181"
  },
  {
    "review": "아무말도 필요없다  그냥 10점",
    "date": "14.10.08",
    "rating": "10",
    "author": "fghy****",
    "review_id": "9272952",
    "movie_id": "10181"
  },
  {
    "review": "백번을봐도질리지않는영화",
    "date": "14.10.05",
    "rating": "10",
    "author": "chip****",
    "review_id": "9265042",
    "movie_id": "10181"
  },
  {
    "review": "레전드 이소룡의 명품표정연기 때문에 후한 별점 준다 8",
    "date": "14.08.08",
    "rating": "8",
    "author": "almo****",
    "review_id": "9052147",
    "movie_id": "10181"
  },
  {
    "review": "만든지 40년이 지났지만 아직도 볼만한 수작",
    "date": "14.07.31",
    "rating": "8",
    "author": "adiv****",
    "review_id": "8988851",
    "movie_id": "10181"
  },
  {
    "review": "살아있는 전설 이소룡!이런 사람이 33세라는 나이로 죽었다는게 너무 안타깝다... ㅠㅜ",
    "date": "14.07.23",
    "rating": "10",
    "author": "miha****",
    "review_id": "8943843",
    "movie_id": "10181"
  },
  {
    "review": "마지막 분노와 슬픔이 뒤섞인 회심의 발차기는 지금봐도 눈물나게한다",
    "date": "14.06.22",
    "rating": "8",
    "author": "klk3****",
    "review_id": "8847510",
    "movie_id": "10181"
  },
  {
    "review": "영웅이 사부의 원수를 갚고 동문을 지켜내는 구나. 삶과 죽음은 생각의 차이일  뿐. 분노의 강철 쌍절곤.",
    "date": "14.06.08",
    "rating": "8",
    "author": "cool****",
    "review_id": "8811165",
    "movie_id": "10181"
  },
  {
    "review": "나의나이 중3 이걸보고 희열이느겨졌다 이소룡이라는 배우는 말로만들었지 이소룡님의 영화는처음이었다정무문.. 진짜 개멋지다",
    "date": "14.06.08",
    "rating": "10",
    "author": "skab****",
    "review_id": "8811162",
    "movie_id": "10181"
  },
  {
    "review": "정말 십여년만에 다시 설레이는 마음으로 뚫어지게 자세히 봤는데 약간 충격...이소룡의 무술이 그렇게 뛰어나지않다는..표정과 괴성 이외엔 놀라운 격투씬이없네? 발차기와 주먹한대로 알아쓰러져주고..그..그래도 이소룡이니 10점을 바칩니다!!",
    "date": "14.05.28",
    "rating": "10",
    "author": "whia****",
    "review_id": "8772154",
    "movie_id": "10181"
  },
  {
    "review": "우으오우ㅡ으으...ㅇ우ㅡ와와와왕아아으아!!아아앙~~!!!   와쵸오! 끼야아아아...",
    "date": "14.05.11",
    "rating": "10",
    "author": "ocel****",
    "review_id": "8723860",
    "movie_id": "10181"
  },
  {
    "review": "41년 전 한 소년의 운명을 뒤흔든 영화. 절대적인 카리스마의 전율.주먹이 웁니다.",
    "date": "14.02.27",
    "rating": "10",
    "author": "mari****",
    "review_id": "8541259",
    "movie_id": "10181"
  },
  {
    "review": "마지막의 이소룡의 표정과 발차기가 잊혀지지 않는다. 단언컨데 이소룡과 중국무술영화의 최고의 작품",
    "date": "14.02.19",
    "rating": "10",
    "author": "thev****",
    "review_id": "8520275",
    "movie_id": "10181"
  },
  {
    "review": "지금도 이소룡의 액션은 그 누구도 따라가지 못한다. 전설이 되버린 이소룡. 그의 요절이 너무나 안타깝다..",
    "date": "14.02.15",
    "rating": "10",
    "author": "rand****",
    "review_id": "8511222",
    "movie_id": "10181"
  },
  {
    "review": "왜 그리 사람들이 이소룡에 열광하는지 바로 눈으로 직접 확인하게 해준 영화. 영화의 허점들은 오히려 이소룡이 메워주며 그의 액션은 정말 빛나보였다. 그의 영화 통틀어 제일 멋있게 나온 작품이라 생각합니다.",
    "date": "14.02.07",
    "rating": "10",
    "author": "hpob****",
    "review_id": "8482953",
    "movie_id": "10181"
  },
  {
    "review": "다시 봐도 명작이다. 언제 봐도 명작이란 생각밖에 안든다. 이소룡은 액션만 잘하는게 아니다. 연기도 최고다. 앞으로도 이런 배우가 나올까?",
    "date": "14.01.31",
    "rating": "10",
    "author": "wank****",
    "review_id": "8456653",
    "movie_id": "10181"
  },
  {
    "review": "정말 혼이 들어있는 액션 명작입니다!",
    "date": "14.01.31",
    "rating": "10",
    "author": "gsw0****",
    "review_id": "8454027",
    "movie_id": "10181"
  },
  {
    "review": "표정에서 모든 것이 느껴진다. 깊은 빡침 부터 슬픈 감정까지..  영화배우는 이런거구나 하는 것을 몸소 보여주는 정말 배우다.",
    "date": "14.01.31",
    "rating": "10",
    "author": "para****",
    "review_id": "8452720",
    "movie_id": "10181"
  },
  {
    "review": "단언컨대 이소룡 영화 중에 갑이다",
    "date": "14.01.31",
    "rating": "10",
    "author": "besu****",
    "review_id": "8452678",
    "movie_id": "10181"
  },
  {
    "review": "스토리는 필요없다! 이소룡의 액션만으로도 영화는 끝났다ㅋㅋㅋ",
    "date": "14.01.31",
    "rating": "8",
    "author": "sjzm****",
    "review_id": "8452616",
    "movie_id": "10181"
  },
  {
    "review": "와돠아~~~아아아아",
    "date": "14.01.31",
    "rating": "10",
    "author": "qkrt****",
    "review_id": "8452413",
    "movie_id": "10181"
  },
  {
    "review": "이소룡만한 배우는없는듯하다 정말멋지고 누구나한번쯤은 이소룡을따라해본적이있을정도로 모든영화가 명작이다 나또한 존경하는배우고",
    "date": "14.01.31",
    "rating": "10",
    "author": "rlar****",
    "review_id": "8452376",
    "movie_id": "10181"
  },
  {
    "review": "'영화'라고 다 같은 '영화'는 아니다.",
    "date": "14.01.31",
    "rating": "10",
    "author": "iamz****",
    "review_id": "8452350",
    "movie_id": "10181"
  },
  {
    "review": "세월에 비해 완전 재밌다.",
    "date": "14.01.31",
    "rating": "10",
    "author": "anim****",
    "review_id": "8452194",
    "movie_id": "10181"
  },
  {
    "review": "일본제국군이랑 싸우는 쿵푸로 기억되는데..",
    "date": "14.01.18",
    "rating": "9",
    "author": "uvx4****",
    "review_id": "8394019",
    "movie_id": "10181"
  },
  {
    "review": "이 지구에서 가장 영향력있는 배우는 이소룡 아닐까? 그리고 그를 그렇게 만들어준 작품중 하나가 정무문이지",
    "date": "13.12.16",
    "rating": "10",
    "author": "smk6****",
    "review_id": "8217652",
    "movie_id": "10181"
  },
  {
    "review": "아무런 말이 필요 없는 명작",
    "date": "13.11.13",
    "rating": "10",
    "author": "hana****",
    "review_id": "8135595",
    "movie_id": "10181"
  },
  {
    "review": "절권도와 괴성으로만 표현하기엔엔너무도 아까운 이소룡의 모든것을 보여준 영화",
    "date": "13.10.27",
    "rating": "10",
    "author": "ajik****",
    "review_id": "8094912",
    "movie_id": "10181"
  },
  {
    "review": "누가뭐래도 전설의 영화",
    "date": "13.10.20",
    "rating": "10",
    "author": "sira****",
    "review_id": "8075196",
    "movie_id": "10181"
  },
  {
    "review": "40년이 지난 후 봐도 손색이 없기에 명작이라고 하는 것.",
    "date": "13.10.03",
    "rating": "10",
    "author": "seer****",
    "review_id": "8031877",
    "movie_id": "10181"
  },
  {
    "review": "글쎄요 추억속에선 정말멋지지만 현재로선 그닥....갠히 봤단생각이드네요 그냥추억속의스타로남겨둘걸...",
    "date": "13.10.02",
    "rating": "6",
    "author": "sook****",
    "review_id": "8028658",
    "movie_id": "10181"
  },
  {
    "review": "포토 78번에 나온 사람이 무명시절의 성룡!!! 알랑가몰라 ㅎㅎ -진짜임",
    "date": "13.09.28",
    "rating": "10",
    "author": "ssha****",
    "review_id": "8020357",
    "movie_id": "10181"
  },
  {
    "review": "이것이 말로만 듣던 눈빛 연기!!....전율이~~~~",
    "date": "13.09.28",
    "rating": "10",
    "author": "jong****",
    "review_id": "8019852",
    "movie_id": "10181"
  },
  {
    "review": "지린다!!",
    "date": "13.09.22",
    "rating": "10",
    "author": "tart****",
    "review_id": "8007794",
    "movie_id": "10181"
  },
  {
    "review": "이소룡 당신은 진정한 배우입니다!",
    "date": "13.09.21",
    "rating": "10",
    "author": "nogo****",
    "review_id": "8006970",
    "movie_id": "10181"
  },
  {
    "review": "이소룡 배우가 흉륭하다",
    "date": "13.09.18",
    "rating": "10",
    "author": "kjo5****",
    "review_id": "7991789",
    "movie_id": "10181"
  },
  {
    "review": "가히 전설로 남을만 하군",
    "date": "13.09.13",
    "rating": "8",
    "author": "guev****",
    "review_id": "7973648",
    "movie_id": "10181"
  },
  {
    "review": "일본제국주의에 대한 공통분모의 저항감을 가진 이들에게  짜릿한 대리만족의 쾌감을 주었던... 유명한 100대1의 전설적 결투 장면... But 70년대를 풍미했던 추억의 액션 아이콘이 40주년을 맞아 다소 과도하게 확대 재생산되는 면도 있어...",
    "date": "13.09.11",
    "rating": "7",
    "author": "sioh****",
    "review_id": "7966110",
    "movie_id": "10181"
  },
  {
    "review": "역시 이소룡의 카리스마는  그 어떤 무술스타도 따라갈  수 없습니다.  실력과 연기력이 타의 추종을 불허합니다.고교시절 이후 영화관에서 거의 38년만에 본 감회가 새롭습니다.",
    "date": "13.09.10",
    "rating": "10",
    "author": "csel****",
    "review_id": "7964664",
    "movie_id": "10181"
  },
  {
    "review": "이영화 쓰레기 ㅡㅡ 돈아까움",
    "date": "13.09.10",
    "rating": "1",
    "author": "wnsd****",
    "review_id": "7964403",
    "movie_id": "10181"
  },
  {
    "review": "옛 노래를 듣게 되면 그 노래를 듣던 그 시절로 되돌아가듯 정무문을 보면서도 다시 돌아오지 못할 그 시절이 그리워져 왠지 울컥했다. 짝사랑했던 노라 미아오, 둘도 없는 나의 아이돌 이소룡..이들에 열광했던 그 시절이 벌써 40년 전이라니..ㅠㅜ",
    "date": "13.09.10",
    "rating": "10",
    "author": "kish****",
    "review_id": "7964369",
    "movie_id": "10181"
  },
  {
    "review": "싱하니가",
    "date": "13.09.09",
    "rating": "10",
    "author": "aaaw****",
    "review_id": "7962925",
    "movie_id": "10181"
  },
  {
    "review": "주연 : 이소룡 무슨말이 더 필요합니까?",
    "date": "13.09.05",
    "rating": "10",
    "author": "yofa****",
    "review_id": "7950493",
    "movie_id": "10181"
  },
  {
    "review": "다른 명작도 좀 ㅠ 맹룡과강,용쟁호투,당산대형 등",
    "date": "13.09.05",
    "rating": "10",
    "author": "dkfc****",
    "review_id": "7950094",
    "movie_id": "10181"
  },
  {
    "review": "비장미는 언제 봐도 그대로라, 흐뭇하지만! 제발, 뻥은 좀 적당히 쳐! 일본놈들이 악랄하고 치졸한 건, 세상이 다 알지만! 그렇다고, 중국무술로 일본무예를 이긴다고 떠드는건 사기범죄지! 이러니까, 멀쩡한 애들이 자꾸 이단옆차기하며 괴성지르는거 아니야!",
    "date": "13.09.05",
    "rating": "6",
    "author": "wana****",
    "review_id": "7949149",
    "movie_id": "10181"
  },
  {
    "review": "이  영화를 극장에서 볼 수 있게 해주신 배급사에게 감사드려요.",
    "date": "13.09.05",
    "rating": "10",
    "author": "lasa****",
    "review_id": "7948293",
    "movie_id": "10181"
  },
  {
    "review": "40년전 영화라 연기나 분위기는 어색해도 오늘 극장에서 한순간도 지루하지 않게 봤다. 이소룡은 진정 최고였고 전설이었다.",
    "date": "13.09.04",
    "rating": "10",
    "author": "isin****",
    "review_id": "7947575",
    "movie_id": "10181"
  },
  {
    "review": "이거슨 레전드!!",
    "date": "13.09.04",
    "rating": "10",
    "author": "qorr****",
    "review_id": "7947491",
    "movie_id": "10181"
  },
  {
    "review": "영화관에서 그를 본다는건 기뻤지만 그가 사망한 사실을 알기에 바로 슬퍼졌다.",
    "date": "13.09.04",
    "rating": "10",
    "author": "sols****",
    "review_id": "7947150",
    "movie_id": "10181"
  },
  {
    "review": "여전히 박진감 넘치는 이소룡의 액션신.",
    "date": "13.09.04",
    "rating": "8",
    "author": "apre****",
    "review_id": "7946953",
    "movie_id": "10181"
  },
  {
    "review": "오늘 보러갔습니다 집에서보는거와 영화관에서 보니 느낌이 다르네요",
    "date": "13.09.03",
    "rating": "10",
    "author": "dark****",
    "review_id": "7945974",
    "movie_id": "10181"
  },
  {
    "review": "짱",
    "date": "13.09.03",
    "rating": "10",
    "author": "wlsd****",
    "review_id": "7945393",
    "movie_id": "10181"
  },
  {
    "review": "오래되었지만 지난 나의 우상을 볼 수 있어서 기뻐요..ㅎㅎ",
    "date": "13.09.01",
    "rating": "10",
    "author": "yong****",
    "review_id": "7941434",
    "movie_id": "10181"
  },
  {
    "review": "CG없는 맨몸 싸움, 시원하긴 하다만 세월을 이길 수는 없구나",
    "date": "13.09.01",
    "rating": "6",
    "author": "rose****",
    "review_id": "7940591",
    "movie_id": "10181"
  },
  {
    "review": "지금도 가끔씩 다시 보는 내 젊은 시절의 우상이여...영면하시길...",
    "date": "13.09.01",
    "rating": "10",
    "author": "imsn****",
    "review_id": "7940317",
    "movie_id": "10181"
  },
  {
    "review": "액션씬에서 웃음을 나오다 서서히 빠져듭디다...    추천합니다.",
    "date": "13.09.01",
    "rating": "9",
    "author": "h2ob****",
    "review_id": "7939056",
    "movie_id": "10181"
  },
  {
    "review": "아버지 세대가 보았던 이소룡을 스크린에서 볼 수 있다는 것 자체만으로도 최대만족",
    "date": "13.08.31",
    "rating": "10",
    "author": "rlag****",
    "review_id": "7938692",
    "movie_id": "10181"
  },
  {
    "review": "피가 끓어오르는 액션이다.",
    "date": "13.08.31",
    "rating": "10",
    "author": "jou2****",
    "review_id": "7937414",
    "movie_id": "10181"
  },
  {
    "review": "일당백",
    "date": "13.08.31",
    "rating": "10",
    "author": "fina****",
    "review_id": "7937094",
    "movie_id": "10181"
  },
  {
    "review": "단연 명작이다",
    "date": "13.08.31",
    "rating": "10",
    "author": "yjl1****",
    "review_id": "7937081",
    "movie_id": "10181"
  },
  {
    "review": "내 영웅 !",
    "date": "13.08.31",
    "rating": "10",
    "author": "5mad****",
    "review_id": "7936523",
    "movie_id": "10181"
  },
  {
    "review": "너무 재미나고 통쾌한데~ 머라 말로 표현할 방법이 없네~~",
    "date": "13.08.30",
    "rating": "10",
    "author": "duda****",
    "review_id": "7935233",
    "movie_id": "10181"
  },
  {
    "review": "이소룡의 연기력과 액션은 알랑 들롱의 쾌걸 조로와 맞먹는다. 맹룡과강과 용쟁호투, 당산대형, 사망유희 오리지널판인 사망적유희도 극장 개봉되면 좋겠다. 단순명쾌한 순수 액션 영화의 참맛!",
    "date": "13.08.30",
    "rating": "10",
    "author": "yeye****",
    "review_id": "7934980",
    "movie_id": "10181"
  },
  {
    "review": "최고의 무술인이 선사하는 영상미학,인간의 본연의 모습을 적나라하게 무술로 표현한다,",
    "date": "13.08.30",
    "rating": "10",
    "author": "best****",
    "review_id": "7933931",
    "movie_id": "10181"
  },
  {
    "review": "Tv에서 몇번을 봤었지만 극장에서 꼭 봤으면 하는바램이 있어서  롯데시네마에서 혼자 봤다. 정무문을 본계기로  여색을 멀리하고 운동에 더욱 매진해야겠다.관객도 없는데 상영해준 롯데에 감사한다.아자~",
    "date": "13.08.29",
    "rating": "10",
    "author": "s7o5****",
    "review_id": "7933059",
    "movie_id": "10181"
  },
  {
    "review": "싱하형~",
    "date": "13.08.29",
    "rating": "10",
    "author": "rhle****",
    "review_id": "7933010",
    "movie_id": "10181"
  },
  {
    "review": "롯데시네마 관람후....안타까운 작품성 지나도 느낌",
    "date": "13.08.29",
    "rating": "9",
    "author": "jose****",
    "review_id": "7932773",
    "movie_id": "10181"
  },
  {
    "review": "100점은 없나? 오랫만에 봐도 최고의 영화~!",
    "date": "13.08.29",
    "rating": "10",
    "author": "tnsg****",
    "review_id": "7932628",
    "movie_id": "10181"
  },
  {
    "review": "싱하형~! 옛날 생각나네 ㅋㅋㅋㅋㅋ",
    "date": "13.08.29",
    "rating": "10",
    "author": "ultr****",
    "review_id": "7932504",
    "movie_id": "10181"
  },
  {
    "review": "전설의 귀환",
    "date": "13.08.29",
    "rating": "8",
    "author": "figh****",
    "review_id": "7931676",
    "movie_id": "10181"
  },
  {
    "review": "돌아온 싱하형",
    "date": "13.08.28",
    "rating": "10",
    "author": "cacw****",
    "review_id": "7930139",
    "movie_id": "10181"
  },
  {
    "review": "이건 진짜 명작중 대명작...",
    "date": "13.08.28",
    "rating": "10",
    "author": "cind****",
    "review_id": "7930091",
    "movie_id": "10181"
  },
  {
    "review": "젊은시절 이소룡의 광팬이 되어 개봉작마다 개봉 첫날에 영화보기 위해 줄서서 기다렸던 기억이 아련합니다...정무문은 이소룡의 영화중 단연 최고작품이죠...내 젊은시절의 우상 이소룡...당신이 많이 그립습니다...",
    "date": "13.08.28",
    "rating": "10",
    "author": "subd****",
    "review_id": "7928978",
    "movie_id": "10181"
  },
  {
    "review": "말이필요없는 무술배우에 전설~",
    "date": "13.08.28",
    "rating": "10",
    "author": "momo****",
    "review_id": "7928969",
    "movie_id": "10181"
  },
  {
    "review": "적은 개봉관수가 아쉽다. 서울 강남지역에 저녁시간에 볼수는 없는 걸까.",
    "date": "13.08.26",
    "rating": "10",
    "author": "kyoo****",
    "review_id": "7925706",
    "movie_id": "10181"
  },
  {
    "review": "아들에게 보여주고싶은 영화 1순위",
    "date": "13.08.26",
    "rating": "10",
    "author": "peac****",
    "review_id": "7923858",
    "movie_id": "10181"
  },
  {
    "review": "명작이네 어쩌네 하지만 몇명이나 다시보러갈까?",
    "date": "13.08.25",
    "rating": "10",
    "author": "ssy4****",
    "review_id": "7920686",
    "movie_id": "10181"
  },
  {
    "review": "이런! 무조건 간다! 또 이런, 광주에서 딱 한군데 개봉이네..ㅜㅜ 좋다 ktx타고 보런간다! 절대 놓칠수없다",
    "date": "13.08.24",
    "rating": "10",
    "author": "azal****",
    "review_id": "7918943",
    "movie_id": "10181"
  },
  {
    "review": "잼있어요 다시 보러가야지",
    "date": "13.08.24",
    "rating": "10",
    "author": "park****",
    "review_id": "7918327",
    "movie_id": "10181"
  },
  {
    "review": "설명이 필요한가",
    "date": "13.08.24",
    "rating": "10",
    "author": "skyf****",
    "review_id": "7917135",
    "movie_id": "10181"
  },
  {
    "review": "초딩시절 그 감동을 지금 내 아들과 공감하려한다..",
    "date": "13.08.24",
    "rating": "10",
    "author": "pois****",
    "review_id": "7916737",
    "movie_id": "10181"
  },
  {
    "review": "정무문도 최고지만  진짜 최고는 용쟁호투였슴~!!!! 아직도 거울방에서 결투씬 잊혀지질않어....ㅠㅠ 재개봉으로 보고싶다.",
    "date": "13.08.24",
    "rating": "10",
    "author": "hsh6****",
    "review_id": "7916691",
    "movie_id": "10181"
  },
  {
    "review": "재상영은 우리집에서 갈 수있는곳에 없다능..이런 영화가 더 관객이 많지 않나?씨쥐비 반성하라.씨쥐비.",
    "date": "13.08.24",
    "rating": "9",
    "author": "ik04****",
    "review_id": "7916074",
    "movie_id": "10181"
  },
  {
    "review": "이소룡이라니... 날 가져요 엉엉",
    "date": "13.08.23",
    "rating": "10",
    "author": "tjrr****",
    "review_id": "7915591",
    "movie_id": "10181"
  }
]