[
  {
    "review_id": "9189439",
    "movie_id": "101975",
    "author": "h773****",
    "review": "자비에르 때문에 봄..영화는 so  so 하지만 자비에르는 멋져~~^^",
    "rating": "6",
    "date": "14.09.09"
  },
  {
    "review_id": "9023193",
    "movie_id": "101975",
    "author": "allf****",
    "review": "음악은 좋다 에밀리 브라우닝은 대체 뒤에 얼마나 어마어마한 백이 있길래 저리 못생겨서 계속 나오는지 ..",
    "rating": "9",
    "date": "14.08.04"
  },
  {
    "review_id": "8815327",
    "movie_id": "101975",
    "author": "tama****",
    "review": "총체적 난국. 보면 안다.",
    "rating": "1",
    "date": "14.06.09"
  },
  {
    "review_id": "8764316",
    "movie_id": "101975",
    "author": "bbq2****",
    "review": "5분만 봐도 졸작인지 알 수 있다.",
    "rating": "2",
    "date": "14.05.25"
  },
  {
    "review_id": "8730865",
    "movie_id": "101975",
    "author": "il_d****",
    "review": "개꿀잼 자비에르 사무엘의 광적인 연기",
    "rating": "10",
    "date": "14.05.14"
  },
  {
    "review_id": "8717208",
    "movie_id": "101975",
    "author": "bles****",
    "review": "쨉만 날리니 스릴이 없지",
    "rating": "3",
    "date": "14.05.09"
  }
]