[
  {
    "review_id": "9398340",
    "movie_id": "101929",
    "author": "pink****",
    "review": "제목으로 스포하면 어떡함??",
    "rating": "10",
    "date": "14.11.18"
  },
  {
    "review_id": "9293271",
    "movie_id": "101929",
    "author": "lemo****",
    "review": "런닝타임도는 동안 집이라는 한정된 공간 안에서 찌질한 중년남성과 센치한 직업여성의 수다는 끝없이 계속된다. 보면서 느낀거라곤 동서양을 불문하고 금발여성을 바라보는 남성들의 시각은 다 똑같다는것!! 시간 아깝다.",
    "rating": "2",
    "date": "14.10.15"
  },
  {
    "review_id": "9281266",
    "movie_id": "101929",
    "author": "ange****",
    "review": "야한거 같지만 야하지않은 빠지든다",
    "rating": "10",
    "date": "14.10.10"
  },
  {
    "review_id": "9281263",
    "movie_id": "101929",
    "author": "kobb****",
    "review": "앨리스이브가 너무예뻐서 계속보게되는영화",
    "rating": "10",
    "date": "14.10.10"
  },
  {
    "review_id": "9269107",
    "movie_id": "101929",
    "author": "he2e****",
    "review": "대박 이런영화 첨이야!!!",
    "rating": "10",
    "date": "14.10.06"
  },
  {
    "review_id": "9263602",
    "movie_id": "101929",
    "author": "pong****",
    "review": "시작 부터 끝까지 둘이서 대화를 나누는 영화. 자신없다면 보지 마시길..",
    "rating": "3",
    "date": "14.10.04"
  }
]