[
  {
    "review_id": "10274260",
    "movie_id": "101960",
    "author": "leon****",
    "review": "생각보다 괜찮긴 했는데, 뭔가 허전하다. 그래도 음악이나 cg는 훌륭함. 보는 맛이 있음ㅎㅎ",
    "rating": "7",
    "date": "15.08.25"
  },
  {
    "review_id": "10272268",
    "movie_id": "101960",
    "author": "mooh****",
    "review": "디즈니 영화로서의 한계. 그래도 브래드 버드 감독에 대한 믿음은 가시지 않았다. 여전히 좋고,  더 좋아질 것이라 믿는다.",
    "rating": "7",
    "date": "15.08.24"
  },
  {
    "review_id": "10270295",
    "movie_id": "101960",
    "author": "2khn****",
    "review": "그냥 생각하게 만드는 영화",
    "rating": "6",
    "date": "15.08.24"
  },
  {
    "review_id": "10266972",
    "movie_id": "101960",
    "author": "godj****",
    "review": "음 생각보다는 옴청 재미있진않다 구냥 구저그럼",
    "rating": "5",
    "date": "15.08.23"
  },
  {
    "review_id": "10264625",
    "movie_id": "101960",
    "author": "0530****",
    "review": "아이 프랭크가 제트팩 만든이유를 돈이나 군사용같은 목적이 아니라, 다른 사람들에게 영감을 주기 위해 만들었다는 거가 뭔가 뭉클했음. 그리고 래피 캐시디 졸귀",
    "rating": "10",
    "date": "15.08.22"
  },
  {
    "review_id": "10263633",
    "movie_id": "101960",
    "author": "agia****",
    "review": "보다가 지쳐서 나왔다..",
    "rating": "4",
    "date": "15.08.22"
  },
  {
    "review_id": "10248754",
    "movie_id": "101960",
    "author": "clov****",
    "review": "유치할수도 있다. 하지만 스토리는 좋은듯.",
    "rating": "6",
    "date": "15.08.18"
  },
  {
    "review_id": "10209201",
    "movie_id": "101960",
    "author": "1348****",
    "review": "뷰지마보지마보10자채우기",
    "rating": "5",
    "date": "15.08.09"
  },
  {
    "review_id": "10207522",
    "movie_id": "101960",
    "author": "rlaw****",
    "review": "상상력이 중간에 끊기게 하는 느낌이였고 후반에는 지루했어요ㅜㅜ",
    "rating": "4",
    "date": "15.08.09"
  },
  {
    "review_id": "10190760",
    "movie_id": "101960",
    "author": "brea****",
    "review": "별로입니다 유치하고ㅠ",
    "rating": "5",
    "date": "15.08.05"
  },
  {
    "review_id": "10188023",
    "movie_id": "101960",
    "author": "holy****",
    "review": "광고보고 너무 보고싶어서 봤다가..",
    "rating": "5",
    "date": "15.08.05"
  },
  {
    "review_id": "10185585",
    "movie_id": "101960",
    "author": "hana****",
    "review": "재밌었음 심장이 쿵쾅쿵쾅",
    "rating": "9",
    "date": "15.08.04"
  },
  {
    "review_id": "10184077",
    "movie_id": "101960",
    "author": "ilyj****",
    "review": "조지클루니가 아까운 영화",
    "rating": "5",
    "date": "15.08.04"
  },
  {
    "review_id": "10179891",
    "movie_id": "101960",
    "author": "ronw****",
    "review": "충분히 참신하고 세련됐으며 재미있었습니다. 유치하다고 하신분들 저정도 상상력들은 있으십니까? 보는내내 놀라웠습니다. 애국심 때문인건지 헐리우드 대작들은 기대이하의 6-7점의 점수를 만들어놓고 국산영화는 9점대의 영화로 만들어 놓던데 이해불가..",
    "rating": "10",
    "date": "15.08.03"
  },
  {
    "review_id": "10147002",
    "movie_id": "101960",
    "author": "sec_****",
    "review": "스토리는 실망감이 있었지만 희망적이라는 것만으로도",
    "rating": "8",
    "date": "15.07.26"
  },
  {
    "review_id": "10141586",
    "movie_id": "101960",
    "author": "wlsw****",
    "review": "그냥저냥 볼만했어여 살짝 지루할런지도요",
    "rating": "7",
    "date": "15.07.25"
  },
  {
    "review_id": "10135411",
    "movie_id": "101960",
    "author": "twop****",
    "review": "뭔가 식상한 느낌이다.",
    "rating": "6",
    "date": "15.07.23"
  },
  {
    "review_id": "10133972",
    "movie_id": "101960",
    "author": "ggoy****",
    "review": "볼만합니다 동심으로 돌아간 기분",
    "rating": "10",
    "date": "15.07.23"
  },
  {
    "review_id": "10129240",
    "movie_id": "101960",
    "author": "iris****",
    "review": "초등 저학년과 관람할만 했습니다.",
    "rating": "7",
    "date": "15.07.22"
  },
  {
    "review_id": "10126539",
    "movie_id": "101960",
    "author": "flab****",
    "review": "애니메이션은 잘 만들더니만...디즈니의 실사 영화의 한계를 다시 느끼네요.  천재들이 만든 미래의 세상은 겉보기엔 멋지지만 실속이 없군요. 낯뜨거운 교훈보다 밋밋한 스토리에 실망",
    "rating": "7",
    "date": "15.07.21"
  },
  {
    "review_id": "10121478",
    "movie_id": "101960",
    "author": "jane****",
    "review": "보다나옴... 아무거나 예매해서 본거라  취향이 안맞앗음",
    "rating": "4",
    "date": "15.07.19"
  },
  {
    "review_id": "10115601",
    "movie_id": "101960",
    "author": "llll****",
    "review": "재미없어서 보다가 나왔어요",
    "rating": "6",
    "date": "15.07.18"
  },
  {
    "review_id": "10113949",
    "movie_id": "101960",
    "author": "ysbe****",
    "review": "뇨뇨뇨노뇨노뇨노뇨논ㅅㄴㅎ",
    "rating": "10",
    "date": "15.07.17"
  },
  {
    "review_id": "10113380",
    "movie_id": "101960",
    "author": "junm****",
    "review": "난 나름 재밌었는데 영화 잘 봤습니다",
    "rating": "10",
    "date": "15.07.17"
  },
  {
    "review_id": "10110319",
    "movie_id": "101960",
    "author": "chan****",
    "review": "뒷부분 공익광고만빼면 볼만함",
    "rating": "8",
    "date": "15.07.16"
  },
  {
    "review_id": "10106897",
    "movie_id": "101960",
    "author": "imjo****",
    "review": "어른이 보기에는 그저그런 수준의 영화",
    "rating": "5",
    "date": "15.07.15"
  },
  {
    "review_id": "10106284",
    "movie_id": "101960",
    "author": "anny****",
    "review": "유치하긴한데 나름 재밌음 ㅋ 배지 나도 갖고싶다 ㅋ",
    "rating": "7",
    "date": "15.07.15"
  },
  {
    "review_id": "10105647",
    "movie_id": "101960",
    "author": "khy0****",
    "review": "만화엿다면 재밋엇을텐대 무리데스",
    "rating": "5",
    "date": "15.07.15"
  },
  {
    "review_id": "10104522",
    "movie_id": "101960",
    "author": "dufm****",
    "review": "기대안하고 봤는데 너무 재밌게본!",
    "rating": "10",
    "date": "15.07.14"
  },
  {
    "review_id": "10098312",
    "movie_id": "101960",
    "author": "bigm****",
    "review": "이 영화는 디즈니에 대한 나의 신뢰를 무너뜨린 영화이다.",
    "rating": "5",
    "date": "15.07.12"
  },
  {
    "review_id": "10093118",
    "movie_id": "101960",
    "author": "park****",
    "review": "진짜 잼있는 동시에 많은 생각을 하게되었어요.",
    "rating": "7",
    "date": "15.07.11"
  },
  {
    "review_id": "10087462",
    "movie_id": "101960",
    "author": "choh****",
    "review": "살면서 처음으로 영화보다 잣다. 내용도기억안나고 노잼",
    "rating": "6",
    "date": "15.07.10"
  },
  {
    "review_id": "10087104",
    "movie_id": "101960",
    "author": "zzyo****",
    "review": "나쁘지않음.. 하지만좀 유치",
    "rating": "10",
    "date": "15.07.10"
  },
  {
    "review_id": "10075315",
    "movie_id": "101960",
    "author": "cny2****",
    "review": "색다롭고 흥미롭지만 결말이 아쉬운영화네요",
    "rating": "7",
    "date": "15.07.06"
  },
  {
    "review_id": "10069277",
    "movie_id": "101960",
    "author": "krpo****",
    "review": "기대만끔은 아니지만..지루하지는 않았어요",
    "rating": "6",
    "date": "15.07.04"
  },
  {
    "review_id": "10064890",
    "movie_id": "101960",
    "author": "bill****",
    "review": "중간중간 액션 씬이나 휴머를 넣었으나 전체적 스토리라인은 썩음.  영화관에서 보기엔 돈 낭비하는 영화",
    "rating": "5",
    "date": "15.07.03"
  },
  {
    "review_id": "10060122",
    "movie_id": "101960",
    "author": "skdu****",
    "review": "별점 팔주려고했는데 왜이거 8이안눌리죠.. 재미있게 잘봤습니다!",
    "rating": "9",
    "date": "15.07.02"
  },
  {
    "review_id": "10056035",
    "movie_id": "101960",
    "author": "yire****",
    "review": "정말 재미있게보고왔어요ㅋㅋ 이런영화 좋아요",
    "rating": "10",
    "date": "15.06.30"
  },
  {
    "review_id": "10054043",
    "movie_id": "101960",
    "author": "ysl9****",
    "review": "상상력에서 끝났네. 연출도 봐줄만 했는뎀",
    "rating": "5",
    "date": "15.06.30"
  },
  {
    "review_id": "10049857",
    "movie_id": "101960",
    "author": "kbjb****",
    "review": "재미나요 근대 좀자루해요중간중간",
    "rating": "7",
    "date": "15.06.28"
  },
  {
    "review_id": "10039279",
    "movie_id": "101960",
    "author": "ooll****",
    "review": "환상적인 액션 CG가 더해진 디즈니식 동화",
    "rating": "8",
    "date": "15.06.26"
  },
  {
    "review_id": "10030944",
    "movie_id": "101960",
    "author": "jwka****",
    "review": "디즈니답고 중간에 빵터지기도 했곸ㅋ",
    "rating": "10",
    "date": "15.06.24"
  },
  {
    "review_id": "10026446",
    "movie_id": "101960",
    "author": "pol4****",
    "review": "솔직히 재미가없었습니다",
    "rating": "2",
    "date": "15.06.24"
  },
  {
    "review_id": "10025230",
    "movie_id": "101960",
    "author": "yoon****",
    "review": "꿈을 가지고 포기하지 않으면 그네찡처럼 우주가 도와준다는 이야기.",
    "rating": "1",
    "date": "15.06.24"
  },
  {
    "review_id": "10023575",
    "movie_id": "101960",
    "author": "hana****",
    "review": "꿀잼이었어요^^옛날에어렸을때 미래에대한 생각을 고스란히 영화로옮겨놓은듯한~~",
    "rating": "9",
    "date": "15.06.23"
  },
  {
    "review_id": "10022026",
    "movie_id": "101960",
    "author": "anes****",
    "review": "전형적인 디즈니 표 영화였다. 매력 폭발 여주의 새로운 발견.",
    "rating": "7",
    "date": "15.06.22"
  },
  {
    "review_id": "10021013",
    "movie_id": "101960",
    "author": "rcs0****",
    "review": "가상현실 세계 꿈을 키워가는 아이들에게 보여주면 좋을 영화",
    "rating": "10",
    "date": "15.06.22"
  },
  {
    "review_id": "10016918",
    "movie_id": "101960",
    "author": "jung****",
    "review": "희망적인 메시지가 너무 좋았어요~",
    "rating": "8",
    "date": "15.06.21"
  },
  {
    "review_id": "10015506",
    "movie_id": "101960",
    "author": "woni****",
    "review": "메세지는 좋았지만 전개 방식이 조금은 아쉬운..",
    "rating": "7",
    "date": "15.06.20"
  },
  {
    "review_id": "10012851",
    "movie_id": "101960",
    "author": "kuji****",
    "review": "나름 괜찮아요 디즈니 영화",
    "rating": "6",
    "date": "15.06.19"
  },
  {
    "review_id": "10012503",
    "movie_id": "101960",
    "author": "sukj****",
    "review": "애들보기딱좋은영화입니다",
    "rating": "4",
    "date": "15.06.19"
  },
  {
    "review_id": "10012282",
    "movie_id": "101960",
    "author": "suuk****",
    "review": "글씨.. 난 정말 별로였는듯",
    "rating": "4",
    "date": "15.06.19"
  },
  {
    "review_id": "10011949",
    "movie_id": "101960",
    "author": "yj92****",
    "review": "컨셉은 좋았는데 잘살리지 못했다.",
    "rating": "7",
    "date": "15.06.19"
  },
  {
    "review_id": "10011914",
    "movie_id": "101960",
    "author": "wjdg****",
    "review": "나쁘지는 않았던거 같네요",
    "rating": "8",
    "date": "15.06.19"
  },
  {
    "review_id": "10010863",
    "movie_id": "101960",
    "author": "kim9****",
    "review": "래피 캐시디 개귀여움 끝....",
    "rating": "8",
    "date": "15.06.19"
  },
  {
    "review_id": "10010747",
    "movie_id": "101960",
    "author": "adtk****",
    "review": "생각보다 볼만했습니다. 저는 지루하지 않고 재미있었습니다",
    "rating": "8",
    "date": "15.06.19"
  },
  {
    "review_id": "10010554",
    "movie_id": "101960",
    "author": "cine****",
    "review": "브래드 버드는 잘 했다. 다만 sf치고 너무 공익스럽달까.",
    "rating": "8",
    "date": "15.06.19"
  },
  {
    "review_id": "10010330",
    "movie_id": "101960",
    "author": "attr****",
    "review": "우리꼬맹이랑 봣는데 너무 재밋어요~~",
    "rating": "10",
    "date": "15.06.18"
  },
  {
    "review_id": "10009758",
    "movie_id": "101960",
    "author": "tjon****",
    "review": "미래에대한생각...부정적이지만 바꿀수있다는거....",
    "rating": "7",
    "date": "15.06.18"
  },
  {
    "review_id": "10009266",
    "movie_id": "101960",
    "author": "9487****",
    "review": "어.... 조금 아쉬웠어요..",
    "rating": "6",
    "date": "15.06.18"
  },
  {
    "review_id": "10007390",
    "movie_id": "101960",
    "author": "byea****",
    "review": "괜찮다 다만 인물들이 너무 평면적이고 뻔한 전개라는점",
    "rating": "8",
    "date": "15.06.18"
  },
  {
    "review_id": "10007298",
    "movie_id": "101960",
    "author": "rkda****",
    "review": "난 재밌었는데 왜 재미 없다고 그러지",
    "rating": "10",
    "date": "15.06.18"
  },
  {
    "review_id": "10006485",
    "movie_id": "101960",
    "author": "dmlc****",
    "review": "재미없어요 밑에알바들",
    "rating": "1",
    "date": "15.06.17"
  },
  {
    "review_id": "10006427",
    "movie_id": "101960",
    "author": "tpfl****",
    "review": "상상력과 표현력에 높은 점수를 주고, 디즈니식 억지 감동 스토리에 -별하나",
    "rating": "8",
    "date": "15.06.17"
  },
  {
    "review_id": "10005122",
    "movie_id": "101960",
    "author": "love****",
    "review": "아쉬움이 많이남는 sf작품",
    "rating": "7",
    "date": "15.06.16"
  },
  {
    "review_id": "10004359",
    "movie_id": "101960",
    "author": "woji****",
    "review": "초딩 작은 아들이 보고싶데서 오랜만에 잼나게 봤네요. 부정적인 메세지보다 희망 전도사 ~~~",
    "rating": "7",
    "date": "15.06.16"
  },
  {
    "review_id": "10004007",
    "movie_id": "101960",
    "author": "3141****",
    "review": "유치하지만 볼만했어요",
    "rating": "8",
    "date": "15.06.16"
  },
  {
    "review_id": "10003630",
    "movie_id": "101960",
    "author": "j108****",
    "review": "조금 유치한 내용이네요",
    "rating": "7",
    "date": "15.06.16"
  },
  {
    "review_id": "10003196",
    "movie_id": "101960",
    "author": "news****",
    "review": "진짜 디즈니 같은 영화다 영화가 이렇게 길게 느껴지긴 처음임ㅇㅇ",
    "rating": "1",
    "date": "15.06.15"
  },
  {
    "review_id": "10002426",
    "movie_id": "101960",
    "author": "dbsd****",
    "review": "재미있네요 어린아이가된것같았습니다",
    "rating": "8",
    "date": "15.06.15"
  },
  {
    "review_id": "10002293",
    "movie_id": "101960",
    "author": "qkrt****",
    "review": "지금까지의 디즈니 영화를 생각했을 때 이런 스토리가 나올 줄은 몰랐는데, 예고편이 너무 재미 없어 보인다. 기대를 안 했기에 재미가 있었다고 생각 된다. 네이버 평점도 낮은 덕에 기대를 안 하고 보았더니, 오히려 기대 이상이 나왔다.",
    "rating": "8",
    "date": "15.06.15"
  },
  {
    "review_id": "10002235",
    "movie_id": "101960",
    "author": "okhi****",
    "review": "한마디를 하자면.... 예고편이 더 재밌었어요 ^^",
    "rating": "3",
    "date": "15.06.15"
  },
  {
    "review_id": "10002071",
    "movie_id": "101960",
    "author": "poie****",
    "review": "이 영화는 확실히 어린이들을 위한 영화... 어린이들이 본다면 좋을 영화",
    "rating": "8",
    "date": "15.06.15"
  },
  {
    "review_id": "10001959",
    "movie_id": "101960",
    "author": "aaab****",
    "review": "희망없다는말을 가장 최악의것에 해버리자.",
    "rating": "7",
    "date": "15.06.15"
  },
  {
    "review_id": "10001733",
    "movie_id": "101960",
    "author": "hulk****",
    "review": "긴장감있고 먼가 조금 부족햇지만 재밋음",
    "rating": "9",
    "date": "15.06.15"
  },
  {
    "review_id": "10001158",
    "movie_id": "101960",
    "author": "abcd****",
    "review": "꿈이 아직 없는 사람들에게나꿈이 있지만 빛바래가는 사람들에게나공학자로써의 길을 가려는 사람들에게투모로우랜드는 사막 속 오아시스 같은 영화일 것이다.",
    "rating": "9",
    "date": "15.06.14"
  },
  {
    "review_id": "10000222",
    "movie_id": "101960",
    "author": "sadp****",
    "review": "씹선비스러운 결말은 OUT!",
    "rating": "6",
    "date": "15.06.14"
  },
  {
    "review_id": "9999329",
    "movie_id": "101960",
    "author": "2287****",
    "review": "뭐지 이건..예고편은 재미있을것 같았는데 기대이하ㅠ",
    "rating": "5",
    "date": "15.06.14"
  },
  {
    "review_id": "9997991",
    "movie_id": "101960",
    "author": "keos****",
    "review": "상상력은 좋았으나 보다 잤다. 잔거면 말 다했지머",
    "rating": "4",
    "date": "15.06.14"
  },
  {
    "review_id": "9997699",
    "movie_id": "101960",
    "author": "spin****",
    "review": "CG, Reality, story good~",
    "rating": "10",
    "date": "15.06.13"
  },
  {
    "review_id": "9997550",
    "movie_id": "101960",
    "author": "huhl****",
    "review": "정말 교훈적인 영화. 김새는 구성은 어쩔수 없었나?",
    "rating": "7",
    "date": "15.06.13"
  },
  {
    "review_id": "9997302",
    "movie_id": "101960",
    "author": "tjgy****",
    "review": "역시 디즈니. 실망시키지 않아 엄마도 재밌다 하심",
    "rating": "10",
    "date": "15.06.13"
  },
  {
    "review_id": "9997182",
    "movie_id": "101960",
    "author": "jack****",
    "review": "이게 영화여 방구여앞에 아저씨 어릴때만 보고 그 다음부턴 뭔 소린지..계속 잠",
    "rating": "1",
    "date": "15.06.13"
  },
  {
    "review_id": "9996951",
    "movie_id": "101960",
    "author": "3698****",
    "review": "좀 지루해도 괞찮았음...",
    "rating": "10",
    "date": "15.06.13"
  },
  {
    "review_id": "9996479",
    "movie_id": "101960",
    "author": "ansy****",
    "review": "그냥 가볍게 보는 영화~",
    "rating": "5",
    "date": "15.06.13"
  },
  {
    "review_id": "9995388",
    "movie_id": "101960",
    "author": "trep****",
    "review": "스토리가 너무 부실하고 너무 억지스러움. 그렇다고 CG가 볼만한것도 아니고... 망한 영화는 망한 이유가 다 있는법이다.",
    "rating": "1",
    "date": "15.06.13"
  },
  {
    "review_id": "9994243",
    "movie_id": "101960",
    "author": "nusk****",
    "review": "아놔 평은 믿을 만한게 못되네 . .",
    "rating": "1",
    "date": "15.06.12"
  },
  {
    "review_id": "9992764",
    "movie_id": "101960",
    "author": "fprk****",
    "review": "성인들이 볼만한 것은 못되지만 어린 아이가 보면 과학적 일듯 싶네요,,",
    "rating": "6",
    "date": "15.06.12"
  },
  {
    "review_id": "9992338",
    "movie_id": "101960",
    "author": "teut****",
    "review": "로봇이 모에!! 닥터하우스 오랬만에 봐서 개반가움",
    "rating": "4",
    "date": "15.06.12"
  },
  {
    "review_id": "9991300",
    "movie_id": "101960",
    "author": "lick****",
    "review": "유치하든 말든 난 재밋게 봤고 미래 도시에 대한 로망같은게 정말 잘 이뤄져있다 20억광년이 겨우란게 정말로 최고",
    "rating": "10",
    "date": "15.06.11"
  },
  {
    "review_id": "9991087",
    "movie_id": "101960",
    "author": "kgb2****",
    "review": "약간 부실함이 엿보이는 영화",
    "rating": "5",
    "date": "15.06.11"
  },
  {
    "review_id": "9991027",
    "movie_id": "101960",
    "author": "rain****",
    "review": "정말 재미있어요!!!제가 초등학생인데 넘 재미있네영남녀노소 나이상관없이보아도 될거같네용^^추천^^",
    "rating": "10",
    "date": "15.06.11"
  },
  {
    "review_id": "9990202",
    "movie_id": "101960",
    "author": "aste****",
    "review": "볼거리 충분했던 영화한번쯤 보기엔 나쁘지 않을듯",
    "rating": "8",
    "date": "15.06.11"
  },
  {
    "review_id": "9990008",
    "movie_id": "101960",
    "author": "como****",
    "review": "미래에 이런세상이 올지도 모르겠네요  보는순간  빠져들긴 했는데 그닥 와닿지는 않았지만 명배우를 볼수있어서 좋았슴",
    "rating": "8",
    "date": "15.06.11"
  },
  {
    "review_id": "9989556",
    "movie_id": "101960",
    "author": "jsga****",
    "review": "트론, 바숨과 더불어 디즈니의 밋밋한 SF무비",
    "rating": "7",
    "date": "15.06.11"
  },
  {
    "review_id": "9989458",
    "movie_id": "101960",
    "author": "rtc5****",
    "review": "아주 재밌게 봣어요 시간가는줄 모르는 영화..여친도 정말 좋아햇음.. 근친군 나때메 두번봣다는 ㅋㅋ",
    "rating": "9",
    "date": "15.06.11"
  },
  {
    "review_id": "9989278",
    "movie_id": "101960",
    "author": "yjso****",
    "review": "은근 결말을 기대하게 되는 영화. 기대반 실망반.",
    "rating": "5",
    "date": "15.06.11"
  },
  {
    "review_id": "9989158",
    "movie_id": "101960",
    "author": "tprk****",
    "review": "상상이상으로  재미있다..하지만 실사보다는 애니가 딱인데..",
    "rating": "8",
    "date": "15.06.11"
  },
  {
    "review_id": "9988802",
    "movie_id": "101960",
    "author": "u_u1****",
    "review": "평이 안 좋아서 기대를 안해서 그런지 잘 봤어요~ 이름있는 배우가 출연해서 의외라고 생각했어요! 스토리라인은 조금 유지하다 싶을 정도였는데 영상미가♡p.s. 아무리 로봇이라지만 좀 잔인해서ㅠㅠ 보다가 실소했어요. 러브라인도 튀어나와서 당황..ㅠㅠ",
    "rating": "8",
    "date": "15.06.11"
  },
  {
    "review_id": "9988794",
    "movie_id": "101960",
    "author": "snip****",
    "review": "기존 영화에서 한번쯤은 봤을 법한 공상과학들이 조지 클루니의 명연기로 승화된 영화..",
    "rating": "9",
    "date": "15.06.10"
  }
]