[
  {
    "review": "이 불후의 명작에 관람객 평점이 없다니 내가 한국 일빠다 캬! ;-)",
    "date": "15.07.22",
    "rating": "10",
    "author": "vict****",
    "review_id": "10130877",
    "movie_id": "10192"
  },
  {
    "review": "아름답고 젊은 브리짓 닐슨을 볼 수 있다.",
    "date": "14.09.04",
    "rating": "10",
    "author": "ferd****",
    "review_id": "9162431",
    "movie_id": "10192"
  },
  {
    "review": "킬링 타임으로 적당한듯",
    "date": "14.04.20",
    "rating": "5",
    "author": "juno****",
    "review_id": "8662312",
    "movie_id": "10192"
  },
  {
    "review": "평점이 너무 낮군. 최소 7 점대는 되는 영화이다. 그당시 기준으로는 8 점대 ....",
    "date": "13.09.11",
    "rating": "10",
    "author": "kimd****",
    "review_id": "7965380",
    "movie_id": "10192"
  },
  {
    "review": "어릴때 아무것도 없던 시절에 100000만번은  돌려봤던 낢은녹화 비디오 속 그 영화. 모험과 환타지를 좋아하시는분이라면 꼭 보시길 강추합니다.",
    "date": "13.08.22",
    "rating": "10",
    "author": "wkdl****",
    "review_id": "7910160",
    "movie_id": "10192"
  },
  {
    "review": "이때만 해도 여자주인공 멋졌음.. 내용이 좀 구리지만 나름 그시절 볼만했음",
    "date": "13.05.19",
    "rating": "7",
    "author": "adiv****",
    "review_id": "7541800",
    "movie_id": "10192"
  },
  {
    "review": "ㅋㅋ 인간적으로 평점별이 넘 짜...^^",
    "date": "12.09.28",
    "rating": "8",
    "author": "spar****",
    "review_id": "6740251",
    "movie_id": "10192"
  },
  {
    "review": "그때 그시절 빨간머리 손자씨",
    "date": "12.07.25",
    "rating": "6",
    "author": "expr****",
    "review_id": "6529766",
    "movie_id": "10192"
  },
  {
    "review": "코난시리즈의 뒤를 잇는 시대극으로 눈요기거리로 브리짓 닐슨을 내세웠으나 개쫄딱 망한 아놀드의 영화들중 한편...ㅎ",
    "date": "12.07.21",
    "rating": "4",
    "author": "half****",
    "review_id": "6509254",
    "movie_id": "10192"
  },
  {
    "review": "킬링타임용 액션 어드벤쳐",
    "date": "12.07.07",
    "rating": "6",
    "author": "guev****",
    "review_id": "6454770",
    "movie_id": "10192"
  },
  {
    "review": "근육하나로도 눈요기에 즐거웠던 그 때!",
    "date": "11.08.30",
    "rating": "5",
    "author": "yaky****",
    "review_id": "5698931",
    "movie_id": "10192"
  },
  {
    "review": "육체미 선수들의 근육 자랑질.",
    "date": "11.08.07",
    "rating": "2",
    "author": "pria****",
    "review_id": "5617778",
    "movie_id": "10192"
  },
  {
    "review": "난 경기도 안양의 이준영이다!",
    "date": "11.05.06",
    "rating": "10",
    "author": "sixj****",
    "review_id": "5409603",
    "movie_id": "10192"
  },
  {
    "review": "소년기의 로망 레드 소냐~",
    "date": "11.03.19",
    "rating": "9",
    "author": "heod****",
    "review_id": "5321669",
    "movie_id": "10192"
  },
  {
    "review": "당시 여배우의 키때문에 눈여겨봤었는데 ㅎㅎㅎ ~~~~~~~~",
    "date": "11.03.18",
    "rating": "6",
    "author": "fnsk****",
    "review_id": "5321245",
    "movie_id": "10192"
  },
  {
    "review": "코난 팬이라면 당연히 사랑할 수 밖에 없다. 여전사 캐릭터의 대명사격인 작품",
    "date": "11.03.13",
    "rating": "8",
    "author": "gall****",
    "review_id": "5309686",
    "movie_id": "10192"
  },
  {
    "review": "황금도끼의 추억을 고스란히 간직한 독특한 마력의 중세 판타지물",
    "date": "10.12.14",
    "rating": "6",
    "author": "goms****",
    "review_id": "5053541",
    "movie_id": "10192"
  },
  {
    "review": "그 당시 브리짓트 닐슨의 갑빠만으로도...10점짜리다.ㅋㅋ(아!그 찬란한 갑빠의 유혹)",
    "date": "10.03.26",
    "rating": "10",
    "author": "baks****",
    "review_id": "4388374",
    "movie_id": "10192"
  },
  {
    "review": "어릴적 고속버스 단골상영 비디오.",
    "date": "09.05.06",
    "rating": "10",
    "author": "vbnm****",
    "review_id": "3473753",
    "movie_id": "10192"
  },
  {
    "review": "한번쯤 떠나고 싶은 판타지 모험영화 잼잇다",
    "date": "09.04.27",
    "rating": "10",
    "author": "unre****",
    "review_id": "3444069",
    "movie_id": "10192"
  },
  {
    "review": "아놀드슈왈제네거작의최악의영화.여주인공의모습도어울리지않다",
    "date": "09.03.29",
    "rating": "4",
    "author": "ldg0****",
    "review_id": "3394749",
    "movie_id": "10192"
  },
  {
    "review": "고딩때, 몸매 멋진 남녀주인공이 서로 연애(?)하기를 고대했었는데.. 하하.",
    "date": "09.01.29",
    "rating": "4",
    "author": "acin****",
    "review_id": "3259385",
    "movie_id": "10192"
  },
  {
    "review": "후후~! 볼만해.",
    "date": "09.01.20",
    "rating": "10",
    "author": "brid****",
    "review_id": "3233937",
    "movie_id": "10192"
  },
  {
    "review": "good",
    "date": "07.12.02",
    "rating": "4",
    "author": "cles****",
    "review_id": "2200976",
    "movie_id": "10192"
  },
  {
    "review": "볼만한 여자 코난",
    "date": "07.08.28",
    "rating": "4",
    "author": "ysuh****",
    "review_id": "1985670",
    "movie_id": "10192"
  },
  {
    "review": "코난의 후속작 정도된다고 할까",
    "date": "07.07.16",
    "rating": "7",
    "author": "deff****",
    "review_id": "1782394",
    "movie_id": "10192"
  },
  {
    "review": "코난류의 영화를 좋아하면 볼만함",
    "date": "06.12.29",
    "rating": "8",
    "author": "nala****",
    "review_id": "1340005",
    "movie_id": "10192"
  },
  {
    "review": "YWCA가 좋아할만한 영화",
    "date": "06.11.03",
    "rating": "1",
    "author": "kn13****",
    "review_id": "1213964",
    "movie_id": "10192"
  },
  {
    "review": "역시 볼때마다 재미있어~",
    "date": "06.08.14",
    "rating": "9",
    "author": "keeb****",
    "review_id": "1024974",
    "movie_id": "10192"
  },
  {
    "review": "이땐 이런영화 보는게 낙..",
    "date": "05.12.23",
    "rating": "7",
    "author": "blue****",
    "review_id": "523683",
    "movie_id": "10192"
  },
  {
    "review": "차마 눈뜨고 보기 힘들다...",
    "date": "05.05.20",
    "rating": "5",
    "author": "jcr3****",
    "review_id": "282054",
    "movie_id": "10192"
  },
  {
    "review": "Brigitte Nielsen 정말이쁨.성형으로 망치기전 모습볼수 있음",
    "date": "05.01.26",
    "rating": "3",
    "author": "glfk****",
    "review_id": "196279",
    "movie_id": "10192"
  },
  {
    "review": "아놀드의 근육을 보는걸로 만족.. 브리짓닐슨이 22세때 찍은영화",
    "date": "04.11.13",
    "rating": "8",
    "author": "kill****",
    "review_id": "145136",
    "movie_id": "10192"
  }
]