[
  {
    "review": "어..음.1.2편 대박치고 이건 왜내용이바뀌고 쪽박찼니.음.하긴뭐4편이다시재밌어지니",
    "date": "09.12.31",
    "rating": "5",
    "author": "dnjs****",
    "review_id": "4113279",
    "movie_id": "10194"
  },
  {
    "review": "내 유년시절엔 그래도 호소자, 칠소복만큼 재밌는 영화가 없었다",
    "date": "07.12.10",
    "rating": "10",
    "author": "rang****",
    "review_id": "2220323",
    "movie_id": "10194"
  },
  {
    "review": "시리즈 막을 내릴때가 됐구나 느끼게 해준 작품",
    "date": "07.10.02",
    "rating": "5",
    "author": "stra****",
    "review_id": "2066419",
    "movie_id": "10194"
  },
  {
    "review": "어릴때 극장에서 봤던 영화, 그저 그런 웃음도 별로 없는 평작",
    "date": "05.10.03",
    "rating": "5",
    "author": "rood****",
    "review_id": "432678",
    "movie_id": "10194"
  },
  {
    "review": "어릴때 쿵푸가 세상 최고의 무술이라고 굳게 믿게 해준 영화...",
    "date": "05.01.20",
    "rating": "8",
    "author": "kpcc****",
    "review_id": "190570",
    "movie_id": "10194"
  },
  {
    "review": "어릴 적에 본건데 아주 재미 있게 봤습니다.`.`!~!@`",
    "date": "04.11.10",
    "rating": "10",
    "author": "yubi****",
    "review_id": "143421",
    "movie_id": "10194"
  }
]