[
  {
    "review_id": "10263292",
    "movie_id": "101953",
    "author": "sigy****",
    "review": "행복이란 목적을 위해 보여지는 여정이 매력적인 영화",
    "rating": "9",
    "date": "15.08.22"
  },
  {
    "review_id": "10247541",
    "movie_id": "101953",
    "author": "xor0****",
    "review": "기대하고 봤는데 음..좀 유치하고 작위적인 스토리에 여행첫 날부터 딴여자랑 바람피고 보기 안좋았음 행복이란 하면서 수첩에 쓰는게 귀에걸면귀걸이 코에걸면코걸이 같은 느낌ㅇ",
    "rating": "1",
    "date": "15.08.18"
  },
  {
    "review_id": "10239906",
    "movie_id": "101953",
    "author": "seoy****",
    "review": "그냥..다시 한번 더 생각해보게 만드는 영화였습니다.ㅎㅎ",
    "rating": "8",
    "date": "15.08.16"
  },
  {
    "review_id": "10233572",
    "movie_id": "101953",
    "author": "leeh****",
    "review": "항상 궁금해 했던 것. 이미 알고 있지만 잘 되지 않는 것. 잘 되지 않는 이유는.. 지금은 그게 더 궁금하다는 것.",
    "rating": "9",
    "date": "15.08.15"
  },
  {
    "review_id": "10233308",
    "movie_id": "101953",
    "author": "ms93****",
    "review": "행복에 관한 각사람의 생각을 하나의 스토리로 재미있게 풀어낸 영화.. 꾸뻬씨의 여행이 이해되지 않는 사람도 많지만 그의 인생에 있어 그 여행이 인생을 바꾼것처럼..나도 죽기전에 그런 위미를 찾아떠나는 진정한 여행을 해보고싶다는 소망이 들었다",
    "rating": "10",
    "date": "15.08.15"
  },
  {
    "review_id": "10231962",
    "movie_id": "101953",
    "author": "stef****",
    "review": "행복을 찾는다면 이영화를 꼭보기를",
    "rating": "10",
    "date": "15.08.15"
  },
  {
    "review_id": "10231511",
    "movie_id": "101953",
    "author": "qpqp****",
    "review": "이 영화를 보고 당신은   누군가를 떠올라 행복했다면 당신은 행복한 사람입니다",
    "rating": "9",
    "date": "15.08.14"
  },
  {
    "review_id": "10230683",
    "movie_id": "101953",
    "author": "ano1****",
    "review": "영화를 보기만 했는데 마음의 편안함을 찾았다!좋은 영화이다",
    "rating": "9",
    "date": "15.08.14"
  },
  {
    "review_id": "10229870",
    "movie_id": "101953",
    "author": "ach8****",
    "review": "나는 행복해지고 싶다. 또한 다른 사람을 행복하게 만드는 사람이고 싶다.",
    "rating": "10",
    "date": "15.08.14"
  },
  {
    "review_id": "10209731",
    "movie_id": "101953",
    "author": "ilil****",
    "review": "사이먼 페그는 사랑스럽지만, 영화의 깊이는 글쎄",
    "rating": "7",
    "date": "15.08.09"
  },
  {
    "review_id": "10204586",
    "movie_id": "101953",
    "author": "dong****",
    "review": "내용이 마음에 듭니다.",
    "rating": "10",
    "date": "15.08.08"
  },
  {
    "review_id": "10186198",
    "movie_id": "101953",
    "author": "zxck****",
    "review": "여행을 떠나고 싶게 만드는 영화. 행복에 관한 주옥같은 글귀들은 그닥 와닿지 않았다.",
    "rating": "9",
    "date": "15.08.05"
  },
  {
    "review_id": "10181226",
    "movie_id": "101953",
    "author": "mari****",
    "review": "행복을 아메바같이 단순화시킴.  또한 여행도 작위적~",
    "rating": "1",
    "date": "15.08.03"
  },
  {
    "review_id": "10177868",
    "movie_id": "101953",
    "author": "ljm7****",
    "review": "책도 좋고 영화도 좋다. 그것 뿐이다.",
    "rating": "10",
    "date": "15.08.02"
  },
  {
    "review_id": "10164596",
    "movie_id": "101953",
    "author": "rlgh****",
    "review": "수많은 영화를 봤음에도 평점 한 번 등록 한적 없지만, 이번 영화만큼은 꼭 등록하고싶네요. 주변사람들에게 꼭 추천하고싶습니다. 이 평을 보셨다면 이 영화  꼭 봐주세요. 행복에 더 가까워질 거라 확신합니다!",
    "rating": "10",
    "date": "15.07.31"
  },
  {
    "review_id": "10154814",
    "movie_id": "101953",
    "author": "sama****",
    "review": "진하다. 마음의 깊이가 진하게 다가오는 영화!",
    "rating": "8",
    "date": "15.07.28"
  },
  {
    "review_id": "10140034",
    "movie_id": "101953",
    "author": "mens****",
    "review": "담백하고 간결하지만 잘못된 인생의 방향을 잡아줄지도 모르는 그런 영화",
    "rating": "9",
    "date": "15.07.25"
  },
  {
    "review_id": "10132762",
    "movie_id": "101953",
    "author": "carm****",
    "review": "너무 좋았어요 많은것을 배우며",
    "rating": "10",
    "date": "15.07.23"
  },
  {
    "review_id": "10132308",
    "movie_id": "101953",
    "author": "pckk****",
    "review": "책을 읽어본 저에게는 아쉬운 연출과 중요부분을 많이 제거한데에 대한 아쉬움만이 남는 영화 그리고 평점이 이렇게 높은것에 대해 몹시 의아했다.",
    "rating": "5",
    "date": "15.07.23"
  },
  {
    "review_id": "10129960",
    "movie_id": "101953",
    "author": "alak****",
    "review": "재밌었는데..뭔가 어바웃타임같은걸 원했는뎅 그건아닌거같기도하면서 걍 잘봄",
    "rating": "7",
    "date": "15.07.22"
  },
  {
    "review_id": "10121777",
    "movie_id": "101953",
    "author": "nice****",
    "review": "영화 내용은 사실 뻔하지만 그속에서 주는 메세지는 분명하다. 행복은 현실 밖에서 찾는 것이 아니라 바로 여기에 있다는 것",
    "rating": "9",
    "date": "15.07.19"
  },
  {
    "review_id": "10119135",
    "movie_id": "101953",
    "author": "gmgm****",
    "review": "전개가 무지 빠르게 진행되었지만 내 삶을 돌아보게 만들었고 진정한 행복은 과정이 행복해야 한다는 것을 깨달았다.",
    "rating": "9",
    "date": "15.07.19"
  },
  {
    "review_id": "10095862",
    "movie_id": "101953",
    "author": "otu2****",
    "review": "핵터의 행복은  그저  영화이지만 부럽다. 나도  내 행복을 찾아서 열심히 해야지 !",
    "rating": "8",
    "date": "15.07.12"
  },
  {
    "review_id": "10091022",
    "movie_id": "101953",
    "author": "mylo****",
    "review": "기대하지 않고 봤는데 의외로 괜찮았던 영화. 여러가지 자신이 처한 상황에서 각자의 행복을 누리는 사람들. 행복해보이는 줄 알았으나 뒷면은 씁쓸하고 죽다살아나니 똑같은 삶이 무지 행복할 수 있다는것 깨달은 꾸뻬씨. 책으로 다시 볼 생각에 벌써 설렌다.",
    "rating": "9",
    "date": "15.07.11"
  },
  {
    "review_id": "10087446",
    "movie_id": "101953",
    "author": "youo****",
    "review": "책보단 별루인데  그래도 볼만했슴 좀 있으면 우정여행도 나오겠네ㅋ",
    "rating": "9",
    "date": "15.07.10"
  },
  {
    "review_id": "10075305",
    "movie_id": "101953",
    "author": "sera****",
    "review": "즐겁게 볼만한 영화 ^^",
    "rating": "10",
    "date": "15.07.06"
  },
  {
    "review_id": "10065498",
    "movie_id": "101953",
    "author": "g071****",
    "review": "너무 재미있네요 행복은가까이에있다는",
    "rating": "9",
    "date": "15.07.03"
  },
  {
    "review_id": "10059300",
    "movie_id": "101953",
    "author": "jiyo****",
    "review": "깨달음과 도전정신을 가질 수 있게 해주는..",
    "rating": "8",
    "date": "15.07.02"
  },
  {
    "review_id": "10056893",
    "movie_id": "101953",
    "author": "dodj****",
    "review": "우울할때 보면 좋을 것 같은 영화, 영화가 다 끝나고 나면 동화를 읽은 것 같은 느낌이 든다.",
    "rating": "10",
    "date": "15.07.01"
  },
  {
    "review_id": "10055882",
    "movie_id": "101953",
    "author": "silv****",
    "review": "잼낫어요 아주 유익한 영화",
    "rating": "10",
    "date": "15.06.30"
  },
  {
    "review_id": "10052510",
    "movie_id": "101953",
    "author": "hdi7****",
    "review": "어쩌면 뻔한 스토리일지도 모른다 하지만 여화를 보는 동안 힐링이 되고 행복에 대해서 다시금 생각해보고 각자만의 행복에 대한 생각을 한번 해주게한다 지루하지도 않으면서도 생각할 꺼리를 툭 던져주는 영화",
    "rating": "8",
    "date": "15.06.29"
  },
  {
    "review_id": "10051984",
    "movie_id": "101953",
    "author": "epat****",
    "review": "행복을 밖에서찾아보는 시간도 진정한 행복찾기에꼭 필요.매순간 곁에있는것에대해 감사하기로~~유익한 시간이었어요.",
    "rating": "9",
    "date": "15.06.29"
  },
  {
    "review_id": "10042371",
    "movie_id": "101953",
    "author": "kime****",
    "review": "행복이 지금 내가 느낄수있는 기쁨과 즐거움 그 자체",
    "rating": "10",
    "date": "15.06.27"
  },
  {
    "review_id": "10041199",
    "movie_id": "101953",
    "author": "lssu****",
    "review": "책도 재밌게 읽었고, 영화도 재밌게 봤습니다. 책도 좋아서 더 보게되고 영화도 또 보게되네요.",
    "rating": "10",
    "date": "15.06.27"
  },
  {
    "review_id": "10036580",
    "movie_id": "101953",
    "author": "munk****",
    "review": "뻔한 메시지라면 재미라도 있어야지... 더구나 유치하기까지.",
    "rating": "1",
    "date": "15.06.25"
  },
  {
    "review_id": "10022092",
    "movie_id": "101953",
    "author": "ej_l****",
    "review": "너무 유쾌하고 한편으로 감동적인 영화! 나는 과연 행복한가 생각을 많이 해봤다.",
    "rating": "10",
    "date": "15.06.22"
  },
  {
    "review_id": "10020060",
    "movie_id": "101953",
    "author": "yea4****",
    "review": "무언가를 얻기위해 기대를했던 내 잘못이었다",
    "rating": "1",
    "date": "15.06.21"
  },
  {
    "review_id": "10014216",
    "movie_id": "101953",
    "author": "1030****",
    "review": "당신은 지금 행복하시나요?",
    "rating": "10",
    "date": "15.06.20"
  },
  {
    "review_id": "10013146",
    "movie_id": "101953",
    "author": "ange****",
    "review": "최고~~~의 영화였어용",
    "rating": "10",
    "date": "15.06.19"
  },
  {
    "review_id": "10012356",
    "movie_id": "101953",
    "author": "bihy****",
    "review": "영화 한편으로도 힐링할 수 있다니!",
    "rating": "9",
    "date": "15.06.19"
  },
  {
    "review_id": "10006977",
    "movie_id": "101953",
    "author": "full****",
    "review": "잔잔한데 재밌고 많은걸 생각하게하네요",
    "rating": "10",
    "date": "15.06.17"
  },
  {
    "review_id": "10006711",
    "movie_id": "101953",
    "author": "dbwl****",
    "review": "재밌는 여행을 다녀온기분, 변화",
    "rating": "10",
    "date": "15.06.17"
  },
  {
    "review_id": "10006297",
    "movie_id": "101953",
    "author": "vo72****",
    "review": "행복을 찾는 과정이 참 재밌네요~~ ㅋㅋㅋ 불행과 슬픔 행복 이런 것들이 복합적으로 표현된 뇌의 색깔은 참 인상적이었어요. 이 영화 보길 잘했다는 생각이 듭니다! 다들 행복하세요~",
    "rating": "10",
    "date": "15.06.17"
  },
  {
    "review_id": "10003953",
    "movie_id": "101953",
    "author": "aost****",
    "review": "좋은 장르의 영화였습니다 근데 기억에 남질 않았네요.",
    "rating": "5",
    "date": "15.06.16"
  },
  {
    "review_id": "10003171",
    "movie_id": "101953",
    "author": "p75m****",
    "review": "행복은 가까운 곳에 있다.",
    "rating": "9",
    "date": "15.06.15"
  },
  {
    "review_id": "9997740",
    "movie_id": "101953",
    "author": "lyk0****",
    "review": "전형적으로 예상가능한, 현대인의 행복찾기. 현실의 소중함을 깨달은 결말이지만 시간이지남 또다른 여행이 필요할거다. 시지프스처럼 죽을때까지 오춘기를 반복할 어른의 인생. 영상이 예쁘고 좋아하는 로자팍 나옴 but 현실의 여행은 절대 저렇지 않다는게 함정",
    "rating": "6",
    "date": "15.06.13"
  },
  {
    "review_id": "9990999",
    "movie_id": "101953",
    "author": "jmyw****",
    "review": "정말 이기적인 주인공 헥터",
    "rating": "3",
    "date": "15.06.11"
  },
  {
    "review_id": "9978363",
    "movie_id": "101953",
    "author": "dank****",
    "review": "진부하되 정답을 알려주는 여행기: 솔직해지기.",
    "rating": "8",
    "date": "15.06.06"
  },
  {
    "review_id": "9973293",
    "movie_id": "101953",
    "author": "ecfa****",
    "review": "가볍게 보기좋은 영화.  원작 내용그대로라 크게실망하지 않았던듯.",
    "rating": "6",
    "date": "15.06.03"
  },
  {
    "review_id": "9971531",
    "movie_id": "101953",
    "author": "nozo****",
    "review": "생각없는 감독이 행복에대해 이야기 하고 싶어한다... 책이 백배는 재미있다... 이건 그냥 무례하고 생각없고 자존감도 없는 사람이 여행갔다오는 이야기...",
    "rating": "4",
    "date": "15.06.03"
  },
  {
    "review_id": "9970874",
    "movie_id": "101953",
    "author": "elli****",
    "review": "배울 점이 많은 영화입니다.",
    "rating": "9",
    "date": "15.06.02"
  },
  {
    "review_id": "9965924",
    "movie_id": "101953",
    "author": "bayd****",
    "review": "왜 제목이 꾸뻬씨의 행복여행이지? 헥터의 행복여행 아닌가?",
    "rating": "6",
    "date": "15.05.31"
  },
  {
    "review_id": "9963004",
    "movie_id": "101953",
    "author": "miho****",
    "review": "행복해지는 영화네요요",
    "rating": "8",
    "date": "15.05.30"
  },
  {
    "review_id": "9957738",
    "movie_id": "101953",
    "author": "zxcd****",
    "review": "머리에 썻던 기계부분은 별로.. 그밖에 내용들은 모두 재미있었어요~",
    "rating": "9",
    "date": "15.05.28"
  },
  {
    "review_id": "9955591",
    "movie_id": "101953",
    "author": "doct****",
    "review": "기분 좋아지는 엉터리 영화",
    "rating": "8",
    "date": "15.05.27"
  },
  {
    "review_id": "9952117",
    "movie_id": "101953",
    "author": "than****",
    "review": "삶의의미를생각하게하는영화입니다",
    "rating": "8",
    "date": "15.05.26"
  },
  {
    "review_id": "9945759",
    "movie_id": "101953",
    "author": "eugn****",
    "review": "영화를보고난뒤 내가 행복해하는 순간이 언제인지 생긱해보게된다",
    "rating": "9",
    "date": "15.05.24"
  },
  {
    "review_id": "9932895",
    "movie_id": "101953",
    "author": "mien****",
    "review": "이런 영화는 무슨 재미로 보나?",
    "rating": "1",
    "date": "15.05.20"
  },
  {
    "review_id": "9927731",
    "movie_id": "101953",
    "author": "chlt****",
    "review": "가벼운 마음으로 본 영화인데, 무언가 얻어가는 느낌이 들었다. 행복해지는 방법을 알아내려고 공부하려고 한 내가 바보같아 졌다.",
    "rating": "10",
    "date": "15.05.17"
  },
  {
    "review_id": "9912622",
    "movie_id": "101953",
    "author": "cjhy****",
    "review": "Just do it ! ok?",
    "rating": "3",
    "date": "15.05.12"
  },
  {
    "review_id": "9912496",
    "movie_id": "101953",
    "author": "jjan****",
    "review": "행복해지는 영화!일에 지친 일상 속에  오아시스 같은. 잘 가지고 있다가 나중에 또다시 꺼내보고 싶은 영화",
    "rating": "9",
    "date": "15.05.12"
  },
  {
    "review_id": "9910238",
    "movie_id": "101953",
    "author": "vtyu****",
    "review": "나에게도 행복할 의무가 있단걸 알게 되었다",
    "rating": "10",
    "date": "15.05.11"
  },
  {
    "review_id": "9904866",
    "movie_id": "101953",
    "author": "ksbo****",
    "review": "새해를 기분좋게 열게 된 영화, 현실이 답답한 이들에게 던지는 질문, 인생은 무한한 여행의 과정인것을,",
    "rating": "9",
    "date": "15.05.09"
  },
  {
    "review_id": "9902096",
    "movie_id": "101953",
    "author": "woos****",
    "review": "유머러스하면서도 감동적인 영화",
    "rating": "8",
    "date": "15.05.07"
  },
  {
    "review_id": "9893892",
    "movie_id": "101953",
    "author": "tiej****",
    "review": "마음이 푸근해졌다좋았다",
    "rating": "8",
    "date": "15.05.04"
  },
  {
    "review_id": "9887748",
    "movie_id": "101953",
    "author": "huis****",
    "review": "감독이 원작의 행복 원칙을 이해하지 못하고 시나리오를 각색해서 만들었다. 그래서 실망스럽다.",
    "rating": "5",
    "date": "15.05.02"
  },
  {
    "review_id": "9874324",
    "movie_id": "101953",
    "author": "cool****",
    "review": "굿굿! 꾸뻬씨와 여행 한 번 다녀왔더니 답답하고 어두운 내 인생이 좀 밝게 느껴지네.",
    "rating": "8",
    "date": "15.04.27"
  },
  {
    "review_id": "9854901",
    "movie_id": "101953",
    "author": "came****",
    "review": "느끼는바가 많은 영화. 많은 좋은 영화를보았지만 꾸뻬씨의 행복여행은 평정을 줘서 보라고 말하고싶은 영화이다.",
    "rating": "10",
    "date": "15.04.20"
  },
  {
    "review_id": "9853545",
    "movie_id": "101953",
    "author": "desp****",
    "review": "재미난 에피소드와 행복에 대한 정의가 마음에 확 와닿네요",
    "rating": "9",
    "date": "15.04.19"
  },
  {
    "review_id": "9850982",
    "movie_id": "101953",
    "author": "eden****",
    "review": "시간떼우기로 봤는데, 오그라듭니다.",
    "rating": "6",
    "date": "15.04.18"
  },
  {
    "review_id": "9849313",
    "movie_id": "101953",
    "author": "kojm****",
    "review": "오우 ~ 굿! 이런영화좋다",
    "rating": "10",
    "date": "15.04.17"
  },
  {
    "review_id": "9848755",
    "movie_id": "101953",
    "author": "tk48****",
    "review": "뻔한듯하지만 생각해봐야할 것들",
    "rating": "7",
    "date": "15.04.16"
  },
  {
    "review_id": "9842395",
    "movie_id": "101953",
    "author": "youj****",
    "review": "볼수록 저도 행복해지네요",
    "rating": "10",
    "date": "15.04.12"
  },
  {
    "review_id": "9830011",
    "movie_id": "101953",
    "author": "deri****",
    "review": "이제부턴 웃고 살아야 겠다",
    "rating": "10",
    "date": "15.04.05"
  },
  {
    "review_id": "9828509",
    "movie_id": "101953",
    "author": "breg****",
    "review": "살아있는 것 자체가 행복임을 일깨워 주는 심리 클리닉",
    "rating": "6",
    "date": "15.04.05"
  },
  {
    "review_id": "9824863",
    "movie_id": "101953",
    "author": "phss****",
    "review": "파랑새는 멀리있지 않다고 했지. 행복은 바로 내 옆에서 숨어 있지. 찾아라.",
    "rating": "7",
    "date": "15.04.03"
  },
  {
    "review_id": "9823016",
    "movie_id": "101953",
    "author": "akan****",
    "review": "백인우월주의에제대로꼳친 영국아자씨의 세계를돌며 바람피는일대기ㅡㅡ 여자들이보긴별로인듯~부인있는헥터의 행동들도이해안가고",
    "rating": "1",
    "date": "15.04.02"
  },
  {
    "review_id": "9820946",
    "movie_id": "101953",
    "author": "wook****",
    "review": "행복은 마음먹기 다른것. 행복한 영화.",
    "rating": "9",
    "date": "15.04.01"
  },
  {
    "review_id": "9818990",
    "movie_id": "101953",
    "author": "cjw2****",
    "review": "바로바로 이런걸 원했다...시덥잖은걸로 심오한척만 잔뜩하면서 평점만 높은 똥같은 영화보느라 내 시간 버리는게 정말 눈물나게 아까웠거든.",
    "rating": "10",
    "date": "15.03.31"
  },
  {
    "review_id": "9817632",
    "movie_id": "101953",
    "author": "cont****",
    "review": "이정도면 잘 만들었지? 라고 과시하는 듯한 느낌이 강하게 든다.",
    "rating": "7",
    "date": "15.03.30"
  },
  {
    "review_id": "9811270",
    "movie_id": "101953",
    "author": "whia****",
    "review": "사이먼 페그의 목소리가 좋다는 걸 알려준 영화.",
    "rating": "5",
    "date": "15.03.28"
  },
  {
    "review_id": "9810314",
    "movie_id": "101953",
    "author": "alem****",
    "review": "영화를 통한 행복여행~",
    "rating": "7",
    "date": "15.03.27"
  },
  {
    "review_id": "9804495",
    "movie_id": "101953",
    "author": "lman****",
    "review": "행복을 찾아서 떠나고 싶어라",
    "rating": "7",
    "date": "15.03.25"
  },
  {
    "review_id": "9804316",
    "movie_id": "101953",
    "author": "moun****",
    "review": "애매모호한 자기소개서 읽다만 느낌이 들 수 있다",
    "rating": "7",
    "date": "15.03.25"
  },
  {
    "review_id": "9800499",
    "movie_id": "101953",
    "author": "emfj****",
    "review": "행복?! 좋은 영화다.",
    "rating": "8",
    "date": "15.03.22"
  },
  {
    "review_id": "9796433",
    "movie_id": "101953",
    "author": "heav****",
    "review": "여행이 떠나지고 싶어지는 영화였어요.책도 읽어보게 되었고요./",
    "rating": "10",
    "date": "15.03.21"
  },
  {
    "review_id": "9786431",
    "movie_id": "101953",
    "author": "rani****",
    "review": "여행이하고싶어지는영화네요..하지만꾸뻬씨의여행보단덜파란만장했으면..ㅎㅎ",
    "rating": "9",
    "date": "15.03.16"
  },
  {
    "review_id": "9777584",
    "movie_id": "101953",
    "author": "drso****",
    "review": "영화를 보고나니 마음이 참 따뜻해집니다.",
    "rating": "9",
    "date": "15.03.13"
  },
  {
    "review_id": "9768200",
    "movie_id": "101953",
    "author": "vusd****",
    "review": "어찌보면 단순한 삶의 진리",
    "rating": "7",
    "date": "15.03.09"
  },
  {
    "review_id": "9761554",
    "movie_id": "101953",
    "author": "kw20****",
    "review": "요새 우울해서 힐링영화 검색해서 , 이거 평점 믿고 봤더니 더럽게 재미없음 ㅡㅡ 진부하고 유치한 뻔한 ... 교훈 같지 않은 교훈 ... 괜히 4000원 낭비했음...",
    "rating": "1",
    "date": "15.03.06"
  },
  {
    "review_id": "9753821",
    "movie_id": "101953",
    "author": "rkdw****",
    "review": "주인공의 행동과 말들이 재밌지만, 여행을 가고 나서 느낀 것이 뻔하다. 좀 더 마음에 와닿을 둘 알았다.",
    "rating": "8",
    "date": "15.03.03"
  },
  {
    "review_id": "9752963",
    "movie_id": "101953",
    "author": "mybe****",
    "review": "책의 내용을 더 닮았더라면...",
    "rating": "7",
    "date": "15.03.02"
  },
  {
    "review_id": "9751837",
    "movie_id": "101953",
    "author": "yags****",
    "review": "새삼스러운 깨달음이 주는 유쾌함",
    "rating": "10",
    "date": "15.03.02"
  },
  {
    "review_id": "9749520",
    "movie_id": "101953",
    "author": "slas****",
    "review": "'나는 어떨때 행복한가' 를 안다는 것은 어쩌면 크나큰 축복일지도 모른다는 생각이 들었습니다.",
    "rating": "8",
    "date": "15.03.01"
  },
  {
    "review_id": "9745566",
    "movie_id": "101953",
    "author": "love****",
    "review": "좋은 영화임에는 틀림없다",
    "rating": "9",
    "date": "15.02.28"
  },
  {
    "review_id": "9742959",
    "movie_id": "101953",
    "author": "dear****",
    "review": "자신이 행복하지 않음을 인정하고 모든 것을 뒤로 한 채 떠날 수 있는 결단력을 닮고 싶다.",
    "rating": "8",
    "date": "15.02.27"
  },
  {
    "review_id": "9742700",
    "movie_id": "101953",
    "author": "soap****",
    "review": "딱 중 2 수준의 행복의 대한 고찰.. 아기자기하고 아름답지만  내용에 깊이도 없고  스토리도 시시하고 작위적이다",
    "rating": "2",
    "date": "15.02.27"
  },
  {
    "review_id": "9742567",
    "movie_id": "101953",
    "author": "fosw****",
    "review": "돈과 권력 , 무력이 없었다면 주인공은 아무것도 생각해볼 여유 없이 죽었겠네요. 이쁘고 착한 여자가 행복준다.",
    "rating": "10",
    "date": "15.02.27"
  },
  {
    "review_id": "9738765",
    "movie_id": "101953",
    "author": "stam****",
    "review": "행복해지는 느낌입니다. ^^ 영화좋아하는 사람들은 꼭 보세요. 개인적으로 제목보고 불어 아닌가 했는데 영어라 다행이네요ㅋㅋ",
    "rating": "10",
    "date": "15.02.26"
  },
  {
    "review_id": "9735427",
    "movie_id": "101953",
    "author": "colo****",
    "review": "나를 찾아줘 여주인공 기억이나서 몰입이 안됨. 스토리두 별루..",
    "rating": "2",
    "date": "15.02.24"
  }
]