[
  {
    "review_id": "8245596",
    "movie_id": "101908",
    "author": "skyk****",
    "review": "헣 진짜 미친 감동 쩔....그냥 따뜻하고 다정한 애니....나츠메ㅠㅜㅠ내가 니 땜에 만화책까지 샀다",
    "rating": "10",
    "date": "13.12.19"
  },
  {
    "review_id": "7303724",
    "movie_id": "101908",
    "author": "lees****",
    "review": "꼭봐야할 애니다.",
    "rating": "10",
    "date": "13.02.26"
  },
  {
    "review_id": "7079108",
    "movie_id": "101908",
    "author": "keki****",
    "review": "잼따!!!!!",
    "rating": "10",
    "date": "13.01.03"
  }
]