[
  {
    "review_id": "10178323",
    "movie_id": "102060",
    "author": "cody****",
    "review": "첨부터 끝까지 핵 암이다  이미 길들여져버려 기회가 여러번있었을때도 도망못가는 자신을 차책하는모습이 너무 마음아프고 범인놈이 어린아이를 건드리고 마지막엔 법의 심판을 받지않는모습도 암이었다 그래도 살아나와서 정말 다행이다. 모든여자들은 범죄의 대상이다",
    "rating": "10",
    "date": "15.08.03"
  },
  {
    "review_id": "10164696",
    "movie_id": "102060",
    "author": "ppps****",
    "review": "마음아파요ㅠ 보는내내가슴이 아팠어요",
    "rating": "10",
    "date": "15.07.31"
  },
  {
    "review_id": "10164565",
    "movie_id": "102060",
    "author": "next****",
    "review": "정말이지 치가 떨리는 이야기라 짜증난다.  인간이란게 어떻게 이렇게 욕망적인 동물인지 보여준다. 조물주가 있다는면 당신의 가장 큰실수는 인간이란 동물 만든것이다.",
    "rating": "10",
    "date": "15.07.31"
  },
  {
    "review_id": "10127292",
    "movie_id": "102060",
    "author": "777s****",
    "review": "8년 176일 오스트리아 납치 실화",
    "rating": "8",
    "date": "15.07.22"
  },
  {
    "review_id": "10118156",
    "movie_id": "102060",
    "author": "brit****",
    "review": "잃어버린 3096일.. 볼프강같은 사이코들은 지구상에 많다는게 무서운 현실",
    "rating": "10",
    "date": "15.07.19"
  },
  {
    "review_id": "10047328",
    "movie_id": "102060",
    "author": "mind****",
    "review": "실제 장소랑 많이 흡사하고 배우들 연기력도 뛰어나고 고퀄영화네요 추천합니다",
    "rating": "8",
    "date": "15.06.28"
  },
  {
    "review_id": "9986989",
    "movie_id": "102060",
    "author": "jjeo****",
    "review": "보는내내 내가 화가 다너더라 실화라고 해서그때당시 관련 뉴스 그때당시떳던 뉴스 검색해서보니댓글들 가관아니더라. 일베들만 모인줄..같은여자인데도 여자가 주절대는거보고 더화나더라.",
    "rating": "10",
    "date": "15.06.09"
  },
  {
    "review_id": "9927039",
    "movie_id": "102060",
    "author": "choe****",
    "review": "obey me obey me obey me obey me...꿈에 나올까봐 무서움..",
    "rating": "9",
    "date": "15.05.17"
  },
  {
    "review_id": "9904344",
    "movie_id": "102060",
    "author": "tjrd****",
    "review": "탈출하는 장면을 볼때 나도 모르게 숨죽이고 긴장하고 봤다",
    "rating": "10",
    "date": "15.05.08"
  },
  {
    "review_id": "9846013",
    "movie_id": "102060",
    "author": "sunn****",
    "review": "영화 보는 내내 투레 린트하르트 볼프강 역을 맡은 이 사람 죽이고 싶었다 진심 그 정도로 그 사람에게 몰입되는영화였다.그리고 이 영화 실화면 3096일 동안 대체 어떻게 보상한단 말이냐",
    "rating": "8",
    "date": "15.04.14"
  },
  {
    "review_id": "9816322",
    "movie_id": "102060",
    "author": "yumi****",
    "review": "이게 실화라니.. 세상에 이 같은 일이 두 번은 없어야 할던데... 볼프강을 멀끔하게 표현했다는 것과, 많은 씬들이 너무 밝게(비극 속 익숙해진 생활 공간 속의 소소한 즐거움?) 표현된게 아쉽긴 하지만, 엔딩까지 보면 이해간다.",
    "rating": "9",
    "date": "15.03.30"
  },
  {
    "review_id": "9816252",
    "movie_id": "102060",
    "author": "lush****",
    "review": "납치 강금 ... 흠  괜찮긴한데 좀 지루하네요",
    "rating": "5",
    "date": "15.03.30"
  },
  {
    "review_id": "9813590",
    "movie_id": "102060",
    "author": "gksd****",
    "review": "이게실화라니...지금도 납치당한아이들이 수많을텐데..",
    "rating": "10",
    "date": "15.03.29"
  },
  {
    "review_id": "9806887",
    "movie_id": "102060",
    "author": "ikar****",
    "review": "다시는 이런일이 있어서는 안된다. 우리가 지켜주자!",
    "rating": "7",
    "date": "15.03.26"
  },
  {
    "review_id": "9804557",
    "movie_id": "102060",
    "author": "ksh8****",
    "review": "진짜 세상은 넓고 미친x은 많다.",
    "rating": "10",
    "date": "15.03.25"
  },
  {
    "review_id": "9782337",
    "movie_id": "102060",
    "author": "lgic****",
    "review": "실화라는게 놀랍지만 스토리는 너무 단순하다",
    "rating": "4",
    "date": "15.03.14"
  },
  {
    "review_id": "9772072",
    "movie_id": "102060",
    "author": "morb****",
    "review": "오스트리아판 완전한 사육이라고나 할까.  범인이 죗값을 받아야 하는데 그렇지 못해서 열받는다.",
    "rating": "6",
    "date": "15.03.11"
  },
  {
    "review_id": "9753621",
    "movie_id": "102060",
    "author": "pin_****",
    "review": "긴장감넘치는 스릴러물이 아니라, 보통사람의 일상처럼 차분하고 평온한 드라마구성으로 보여준다. 그것이 결국 새벽 물안개같은 긴여운을 남게한다. 남녀 주연배우들의 연기가 큰 몫을 해주어..두번은 못볼것같다. 그저 나타샤양을 위로하고 축복해주고 싶다.",
    "rating": "9",
    "date": "15.03.03"
  },
  {
    "review_id": "9736676",
    "movie_id": "102060",
    "author": "ilov****",
    "review": "오스트리아 비엔나 동쪽 지역에서 일어났던 실화..",
    "rating": "10",
    "date": "15.02.25"
  },
  {
    "review_id": "9693243",
    "movie_id": "102060",
    "author": "ykdi****",
    "review": "좀 더 심리묘사에 신경 썼더라면 좋았을걸... 너무 밋밋하다.",
    "rating": "5",
    "date": "15.02.13"
  },
  {
    "review_id": "9598811",
    "movie_id": "102060",
    "author": "tkdw****",
    "review": "영화 자체만으로는 충격적이었지만 심리의 디테일이 좀 부족한듯한... 여튼 어린 배우의 노출연기와 삭발연기에 박수를... 멋진 배우가 되기를",
    "rating": "9",
    "date": "15.01.15"
  },
  {
    "review_id": "9595623",
    "movie_id": "102060",
    "author": "woow****",
    "review": "재밌는데 재밌을수없음",
    "rating": "10",
    "date": "15.01.15"
  },
  {
    "review_id": "9574173",
    "movie_id": "102060",
    "author": "shu_****",
    "review": "보면서 마음이 너무너무 아팠다. 진짜 고통스러웠겠지...",
    "rating": "9",
    "date": "15.01.08"
  },
  {
    "review_id": "9549979",
    "movie_id": "102060",
    "author": "rkdg****",
    "review": "예리하고 편집증 적인얼굴인 남자배우여배우는 이 역활을 위해 저렇게 마르게 유지한건가?? 안쓰럽다...",
    "rating": "7",
    "date": "15.01.02"
  },
  {
    "review_id": "9466628",
    "movie_id": "102060",
    "author": "jaem****",
    "review": "ㄷㄷㄷ 거부감 들수 있는데 사실바탕으로 자연스런 연출에 만족. 다시금 ㄷ.ㄷ.ㄷ",
    "rating": "8",
    "date": "14.12.11"
  },
  {
    "review_id": "9455266",
    "movie_id": "102060",
    "author": "ej00****",
    "review": "시간 때우기 좋음... 실제로 있었던 사건이라기에 궁금해서 봄",
    "rating": "7",
    "date": "14.12.07"
  },
  {
    "review_id": "9385152",
    "movie_id": "102060",
    "author": "kpor****",
    "review": "와 어린아이 납치해서 키워서 자기 부인 만들려고 했네",
    "rating": "10",
    "date": "14.11.15"
  },
  {
    "review_id": "9322108",
    "movie_id": "102060",
    "author": "rkaw****",
    "review": "솔직하게 실화라는거 빼고는... 내용이 너무없다~~~",
    "rating": "4",
    "date": "14.10.27"
  },
  {
    "review_id": "9279929",
    "movie_id": "102060",
    "author": "kims****",
    "review": "남자 자살하지말지 미친",
    "rating": "8",
    "date": "14.10.10"
  },
  {
    "review_id": "9269654",
    "movie_id": "102060",
    "author": "zxvt****",
    "review": "독일판 완전한사육. 어느 나라든 이런 일이 일어나는구나",
    "rating": "5",
    "date": "14.10.06"
  },
  {
    "review_id": "9245577",
    "movie_id": "102060",
    "author": "kim1****",
    "review": "ㅈㄴ쓰레기ㅋㅋㅋㅋ시간아까움",
    "rating": "1",
    "date": "14.09.28"
  },
  {
    "review_id": "9234557",
    "movie_id": "102060",
    "author": "sopr****",
    "review": "범죄자가 자살한것이 마치 똥싸고 휴지로 안닦은 느낌이네요 하지만  실화라니 어쩔수없는 일이라 생각하고 영화잘봤습니다",
    "rating": "8",
    "date": "14.09.22"
  },
  {
    "review_id": "9177399",
    "movie_id": "102060",
    "author": "wooo****",
    "review": "실화라니 믿기지가 않네 참 세상 이상한새키들많아",
    "rating": "5",
    "date": "14.09.07"
  },
  {
    "review_id": "9113177",
    "movie_id": "102060",
    "author": "jjcs****",
    "review": "사실 묘사가 잘된 작품 끔직한 하루하루를 견뎌  3096일 만에 탈출",
    "rating": "10",
    "date": "14.08.20"
  },
  {
    "review_id": "8919836",
    "movie_id": "102060",
    "author": "shoo****",
    "review": "실화라니 소오름.. 주인공 여자 포기하지않고 살고자하는 정신력이 대단함.",
    "rating": "10",
    "date": "14.07.16"
  },
  {
    "review_id": "8870014",
    "movie_id": "102060",
    "author": "sh87****",
    "review": "영화광이라 자부하는 내가 몰랐던게 이상할정도로 잘만든 영화.",
    "rating": "9",
    "date": "14.06.30"
  },
  {
    "review_id": "8860768",
    "movie_id": "102060",
    "author": "mi86****",
    "review": "굉장히 사실적인 표현이 좋았던것 같다",
    "rating": "6",
    "date": "14.06.27"
  },
  {
    "review_id": "8769197",
    "movie_id": "102060",
    "author": "ryuh****",
    "review": "정말 강한 여운이 남는 영화 ....너무 마음이 아파요 꼭 보세요",
    "rating": "10",
    "date": "14.05.27"
  },
  {
    "review_id": "8768040",
    "movie_id": "102060",
    "author": "grac****",
    "review": "배우들의 연기가 좋았다. 영화 흐름상 납치범과 나타샤가 서로를 점점 인간적으로 받아들이고... (선물을 준비하거나 하는 ) 실제로 남자가 자살한 사실을 안 나타샤가 울면서 경찰을 향해 살인자라고 소리쳤다고 하던데..8년이나 함께 있는 동안의 애증이겠죠",
    "rating": "6",
    "date": "14.05.26"
  },
  {
    "review_id": "8766518",
    "movie_id": "102060",
    "author": "revo****",
    "review": "독일판 완전한 사육 'ㅅ'",
    "rating": "8",
    "date": "14.05.26"
  },
  {
    "review_id": "8766467",
    "movie_id": "102060",
    "author": "kylo****",
    "review": "다좋앗다고는 할순없지만서도 스릴러 특성상 호불호가  갈리는건 사실인듯 이런 스타일의 영화 좋아하시는분은 좋아하실듯 한데 애들교육상 안좋다는말은 대체 뭘까요 극히 개인적인얘기를 왜 여기다 쓰는지 이해가 안가네황당하다 정말",
    "rating": "7",
    "date": "14.05.26"
  },
  {
    "review_id": "8766454",
    "movie_id": "102060",
    "author": "k266****",
    "review": "애들교육에안좋다고글올린분 말하는거참골까네.당연히 교육에 안좋으니청불인건데애들교육이오ㅐ나오지? 그걸보게만든부모탓이지.그것도평점이라고 1점주면서 깍아먹어야되겠음?",
    "rating": "7",
    "date": "14.05.26"
  },
  {
    "review_id": "8766448",
    "movie_id": "102060",
    "author": "lion****",
    "review": "애들 교육상에 좋은 영화만 개봉해야한단 소린가 그럼 ㅋㅋ 개소리 짱이네 ㅋㅋ 전체관람가도 아니고 별 희안한 놈들 많다",
    "rating": "5",
    "date": "14.05.26"
  },
  {
    "review_id": "8766424",
    "movie_id": "102060",
    "author": "jjan****",
    "review": "실화라는 점 말고는 그 어떤 장점도 없다 영화로써의  가치는  제로...",
    "rating": "1",
    "date": "14.05.26"
  },
  {
    "review_id": "8766402",
    "movie_id": "102060",
    "author": "rhkd****",
    "review": "내평점이 영화 20대 남자들이 좋아합니다 이렇게 되있는데 ㅡㅡ 남자들이 따라할까봐 겁난다",
    "rating": "2",
    "date": "14.05.26"
  },
  {
    "review_id": "8766371",
    "movie_id": "102060",
    "author": "xotj****",
    "review": "군대 3번 갔다와도 안돼는대;",
    "rating": "10",
    "date": "14.05.26"
  },
  {
    "review_id": "8766330",
    "movie_id": "102060",
    "author": "cjfg****",
    "review": "실화라는 사실에 굉장히 충격이었다...소름끼친다.",
    "rating": "7",
    "date": "14.05.26"
  },
  {
    "review_id": "8766297",
    "movie_id": "102060",
    "author": "vale****",
    "review": "이거 책으로 읽었었는데.. 앉은 자리에서 다 읽은 기억이... 마지막이 잠잠해서 더 소름끼쳤던 소설이였는데 영화로도 나왔네... 나중에 봐야지.",
    "rating": "8",
    "date": "14.05.26"
  },
  {
    "review_id": "8758443",
    "movie_id": "102060",
    "author": "pak6****",
    "review": "계속 몰입하면서 볼 수 밖에 없던 영화.",
    "rating": "9",
    "date": "14.05.23"
  },
  {
    "review_id": "8755552",
    "movie_id": "102060",
    "author": "zzan****",
    "review": "재미는 없는데 몰입은 하게되는 영화",
    "rating": "8",
    "date": "14.05.22"
  },
  {
    "review_id": "8748353",
    "movie_id": "102060",
    "author": "extr****",
    "review": "이게 레알이라니 레알 충격적이네.",
    "rating": "8",
    "date": "14.05.19"
  },
  {
    "review_id": "8738777",
    "movie_id": "102060",
    "author": "jhlo****",
    "review": "당사자는 얼마나 끔찍한 시간들이었을지 짐작도안된다. 왜하필나냐고했을때, 어린나타샤를 기억하며 날보고웃어줘서 그랬다고.. 편하게죽은 납치범이 너무밉다.. 그래도 마지막에 탈출하여 너무 다행..",
    "rating": "8",
    "date": "14.05.17"
  },
  {
    "review_id": "8734963",
    "movie_id": "102060",
    "author": "jung****",
    "review": "주연배우들 연기가 정말 실감나고 여주인공은 역을 위해체중까지 줄였다니 참 대단하다 실화라는게 너무 소름끼친다 끝까지 탈출하겠다는 희망의 끈을 놓지 않은 나타샤 캄푸쉬...그 어떤 상황에서도 희망을 가지고 꿈을 가져야겠다는 교훈도 얻어간다",
    "rating": "10",
    "date": "14.05.16"
  },
  {
    "review_id": "8727567",
    "movie_id": "102060",
    "author": "sa94****",
    "review": "잔잔한 스릴러이자 긴박한 드라마.",
    "rating": "9",
    "date": "14.05.13"
  },
  {
    "review_id": "8727541",
    "movie_id": "102060",
    "author": "elli****",
    "review": "주인공이 탈출시도햇을때 가슴이 콩닥콩닥. 정말 다행입니다. she survived, not him... 부모님을 다시만나는 장면에서는 정말 울음이떠지는데...요란하지않이서 더 몰입할수있었던 영화. 추천합니다",
    "rating": "10",
    "date": "14.05.13"
  },
  {
    "review_id": "8722324",
    "movie_id": "102060",
    "author": "outs****",
    "review": "한국에서도 점점늘어갈 범죄의 데자뷰",
    "rating": "7",
    "date": "14.05.11"
  },
  {
    "review_id": "8720054",
    "movie_id": "102060",
    "author": "holi****",
    "review": "보면서 몰입도가 장난이아니다...",
    "rating": "10",
    "date": "14.05.10"
  },
  {
    "review_id": "8717196",
    "movie_id": "102060",
    "author": "coco****",
    "review": "실화란게 놀랍지만 영화 자체는 좀 지루하다",
    "rating": "6",
    "date": "14.05.09"
  },
  {
    "review_id": "8715753",
    "movie_id": "102060",
    "author": "jimi****",
    "review": "이 영화가 실화라니;; 충격적이다..사람들이 보고 꼭 알아야할 이야기 인것 같다...우리가 알지 못하는 곳에서 벌어질수도 있다..; 세상이 얼마나 무서운지 다시 한번 깨닫게 된 영화이다...",
    "rating": "9",
    "date": "14.05.08"
  },
  {
    "review_id": "8675260",
    "movie_id": "102060",
    "author": "milk****",
    "review": "스톡홀름 증후군?! 아니.. 이것은 인간이 살고자 하는 본능과 인간이 자유를 갈망하는 욕구에서 비록된 것이다",
    "rating": "8",
    "date": "14.04.26"
  },
  {
    "review_id": "8663311",
    "movie_id": "102060",
    "author": "ksep****",
    "review": "남배우 잘생겨서 좀 몰입도 떨어짐. 어떻게 보면 러브스토리네요. 비뚤어진 사랑이긴하지만..남자가 여자진짜좋아한듯. 여자도 정을 느끼긴한거같아요. 여튼 저런범죄가 하루빨리 사라지길..",
    "rating": "7",
    "date": "14.04.21"
  },
  {
    "review_id": "8605521",
    "movie_id": "102060",
    "author": "stze****",
    "review": "어후.. 실화라니.. 너무 불쌍하다.",
    "rating": "7",
    "date": "14.03.25"
  },
  {
    "review_id": "8586060",
    "movie_id": "102060",
    "author": "drea****",
    "review": "중반 이후 부터 좀 답답하다..도망치거나 후려갈기거나 어찌 할수 있는 기회가 많았는데..마트에서 답답하더라..ㅡㅡ;;",
    "rating": "6",
    "date": "14.03.18"
  },
  {
    "review_id": "8574481",
    "movie_id": "102060",
    "author": "mazk****",
    "review": "그 상황에서 안 미치고 살아남은 주인공 너무 대단하다. 사실적인 묘사와 배우들의 열연.",
    "rating": "8",
    "date": "14.03.14"
  },
  {
    "review_id": "8572528",
    "movie_id": "102060",
    "author": "leed****",
    "review": "자살한게 너무 안타깝다...잡았어야 했는데...",
    "rating": "9",
    "date": "14.03.13"
  },
  {
    "review_id": "8565913",
    "movie_id": "102060",
    "author": "proa****",
    "review": "* 보는 내내 힘든 감정감정들..   영화로서의 재미는 그닥..",
    "rating": "4",
    "date": "14.03.09"
  },
  {
    "review_id": "8495849",
    "movie_id": "102060",
    "author": "ya_9****",
    "review": "이런 스토리를 가지고  허접하게 만들다니..",
    "rating": "6",
    "date": "14.02.10"
  },
  {
    "review_id": "8492720",
    "movie_id": "102060",
    "author": "car3****",
    "review": "이 영화보고 실화 찾아보고 그랬었는데.. 사실적으로 그려놔서 더 소름끼친다.",
    "rating": "10",
    "date": "14.02.09"
  },
  {
    "review_id": "8492129",
    "movie_id": "102060",
    "author": "dskh****",
    "review": "남자 배우가 연기하는 광기와 여자 배우가 연기하는 고통이 정말 뛰어났다.",
    "rating": "8",
    "date": "14.02.09"
  },
  {
    "review_id": "8488574",
    "movie_id": "102060",
    "author": "kngc****",
    "review": "3096일 하루하루 얼마나 고생스러웠을까...",
    "rating": "8",
    "date": "14.02.08"
  },
  {
    "review_id": "8471824",
    "movie_id": "102060",
    "author": "dduk****",
    "review": "영화가 전반적으로 지루하긴 한데;; 창작물이 아니라 실화를 있는 그대로 옮기고 고증하다보니 그런건가...? 제작팀의 노력과, 배우들 열연이 돋보인 영화. 특히 여주인공은 가끔 기절할 정도로 다이어트 했다는데 ㅎㄷㄷ",
    "rating": "7",
    "date": "14.02.03"
  },
  {
    "review_id": "8437083",
    "movie_id": "102060",
    "author": "yuji****",
    "review": "여주인공의 연기가 훌륭했고, 실제 주인공의 정신력에 놀라울 따름이다.",
    "rating": "10",
    "date": "14.01.27"
  },
  {
    "review_id": "8395138",
    "movie_id": "102060",
    "author": "onda****",
    "review": "볼프강은 사랑을 했는데 그 방법은 분명 보통과 많이 달랐죠; 나타샤도 조금은 그런 맘이 있지않았나 싶고..실제 인터뷰에서도 범인과 있었던 며칠은 둘만의 비밀로 남기고 싶다고..아마 앤딩에서 볼프강이 그런 선택을한건 나타샤가 자신의 전부라 생각했기때문에",
    "rating": "8",
    "date": "14.01.18"
  },
  {
    "review_id": "8368937",
    "movie_id": "102060",
    "author": "rkdc****",
    "review": "다신 이런일이 없도록 해야합니다.",
    "rating": "9",
    "date": "14.01.11"
  },
  {
    "review_id": "8364199",
    "movie_id": "102060",
    "author": "ball****",
    "review": "추천합니다. 꼬옥 보세요!! 아주 볼만한 영화..흥미 진진함",
    "rating": "9",
    "date": "14.01.09"
  },
  {
    "review_id": "8344616",
    "movie_id": "102060",
    "author": "tull****",
    "review": "완전한사육이란 이런거다  부모만나는 장면을 감동잇게 그렷으년 좋으련만",
    "rating": "6",
    "date": "14.01.03"
  },
  {
    "review_id": "8313107",
    "movie_id": "102060",
    "author": "voic****",
    "review": "아깝다 야한장면이 없어 그래서 이영화가 못뜬거임",
    "rating": "2",
    "date": "13.12.27"
  },
  {
    "review_id": "8312060",
    "movie_id": "102060",
    "author": "ther****",
    "review": "두 주인공, 특히 여주의 깡마른 몸매와 초췌한 몰골은 배역 몰입에 탁월했다.",
    "rating": "7",
    "date": "13.12.27"
  },
  {
    "review_id": "8241628",
    "movie_id": "102060",
    "author": "a197****",
    "review": "왜안봐지으 난영화볼,,,,",
    "rating": "10",
    "date": "13.12.19"
  },
  {
    "review_id": "8239400",
    "movie_id": "102060",
    "author": "vbeo****",
    "review": "정말 쓰레기같은 영화다. 납치,감금,성폭행 이라는 소재를 활용해 소녀의 복잡한 내면과 범죄의 잔혹함을 드러내려는 영화가 아닌 남성의 추악한 성적 판타지를 충족시키기에 급급하다.",
    "rating": "1",
    "date": "13.12.19"
  },
  {
    "review_id": "8234090",
    "movie_id": "102060",
    "author": "pepe****",
    "review": "모든게 다 끔찍하다 영화도 실화란 점도",
    "rating": "2",
    "date": "13.12.19"
  },
  {
    "review_id": "8220546",
    "movie_id": "102060",
    "author": "toba****",
    "review": "가슴 아픈 사연인건 알겠는데, 임팩트 없는 영화였다.",
    "rating": "6",
    "date": "13.12.17"
  },
  {
    "review_id": "8220488",
    "movie_id": "102060",
    "author": "dsc3****",
    "review": "전반적으로 평점을 후하게 쳐준 영화.지루했다. 반전도 스릴도 없었다. 단지 그녀의 고통이 실제했던 실화라는 점은 화나고 가슴아팠지만, 아니 그렇기에 지루하면서 짜증나는 영화였던거 같다. 스릴러를 기대하고 볼거라면 비추. 감동도 슬픔도 반전도 없는영화",
    "rating": "2",
    "date": "13.12.17"
  },
  {
    "review_id": "8218402",
    "movie_id": "102060",
    "author": "choi****",
    "review": "한정된 공간만 나와서 답답함과 스토리 진행에 약간 지루한감이 있지만 그래도 나름 몰입감있게 만들었음.",
    "rating": "6",
    "date": "13.12.16"
  },
  {
    "review_id": "8217568",
    "movie_id": "102060",
    "author": "dase****",
    "review": "너무 아쉬운 장면도 많았고, 좋았던 장면들도 있었지만 마지막이 너무 허무하게 끝나버린게 아닌가하는 생각이 든다. 시작부터 끝까지 조용하게 이끌어 가겠다는 건 아는데 마지막에 아주 살짝이나마 임펙트를 줬으면 좋았을텐데..",
    "rating": "6",
    "date": "13.12.16"
  },
  {
    "review_id": "8215752",
    "movie_id": "102060",
    "author": "hicc****",
    "review": "가슴 아픈 납치사건을 다룬 실화 !",
    "rating": "8",
    "date": "13.12.15"
  },
  {
    "review_id": "8215257",
    "movie_id": "102060",
    "author": "hara****",
    "review": "영화를 위해서 살을뺀건가 ? 진짜면 크리스찬 베일급이네",
    "rating": "9",
    "date": "13.12.15"
  },
  {
    "review_id": "8215206",
    "movie_id": "102060",
    "author": "kizh****",
    "review": "사실 영화는 더 담아야 할 부분을 놓쳤기에 수작이라고 생각되지는 않지만, 몰입이 되었고, 마지막에 탈출할 때는 내가 다 숨이 막혔다. 8년동안 딸이 죽었는지 살았는지도 모른 채 부모가 살았던 시간은 얼마나 지옥이었을까. 상상조차 할 수 없다.",
    "rating": "10",
    "date": "13.12.15"
  },
  {
    "review_id": "8207630",
    "movie_id": "102060",
    "author": "tkdt****",
    "review": "놀라운 실화로구만...그 범인은 결국 자살한건가",
    "rating": "10",
    "date": "13.12.12"
  },
  {
    "review_id": "8205527",
    "movie_id": "102060",
    "author": "hill****",
    "review": "배우들의 연기가 좋네요. 특히 꼬마 아역배우의 연기를 보면서 아려오기까지 하더군요.",
    "rating": "10",
    "date": "13.12.11"
  },
  {
    "review_id": "8205203",
    "movie_id": "102060",
    "author": "gbs0****",
    "review": "범인은 정말 인간 취급하기가 아까울 정도로 인간의 탈을쓴 악마 같고 찢어 죽여도 모자를 판이다. 반면 3096일 동안 포기하지 않고 버텨낸 나타샤 캄푸쉬가 정말 대단하다.",
    "rating": "10",
    "date": "13.12.11"
  },
  {
    "review_id": "8204724",
    "movie_id": "102060",
    "author": "leer****",
    "review": "끝이좀허무하긴한데 진짜소름돋고 진짜보는내내조마조마햇음실화라니깐더슬픔...",
    "rating": "10",
    "date": "13.12.10"
  },
  {
    "review_id": "8204136",
    "movie_id": "102060",
    "author": "bbq2****",
    "review": "3096일인데도 몰입할 수 없이 그냥 흘러간다.",
    "rating": "5",
    "date": "13.12.10"
  },
  {
    "review_id": "8202463",
    "movie_id": "102060",
    "author": "ehwj****",
    "review": "이게 실화라니?! 세상엔 미친넘들이 참많다. 이유없이 8년동안 사육되다니..잃어버린 8년은 누가 보상해줄까?. 마지막 장면에서 참 먹먹했다.",
    "rating": "8",
    "date": "13.12.09"
  },
  {
    "review_id": "8200996",
    "movie_id": "102060",
    "author": "berb****",
    "review": "스키장씬 못잊겠다. 나 납치당했어요 라고 도움을 요청했는데... .외국인이라니 ㅎ",
    "rating": "7",
    "date": "13.12.09"
  },
  {
    "review_id": "8195247",
    "movie_id": "102060",
    "author": "lead****",
    "review": "매력적인 소재에 시종일관 차가운 맛",
    "rating": "5",
    "date": "13.12.06"
  },
  {
    "review_id": "8194578",
    "movie_id": "102060",
    "author": "boho****",
    "review": "실화인것만으로도 이 영화는 가치가 있다.. 담담해서 더 답답하다.",
    "rating": "9",
    "date": "13.12.06"
  },
  {
    "review_id": "8194038",
    "movie_id": "102060",
    "author": "ymxk****",
    "review": "여자의 실제나이보고 놀램.. 그리고 32살이 어떻게 저런 동안이 될수가 있음..나보다 언니인데..와나.. 그래서 0.5점 감점..열받아서..부럽심..",
    "rating": "9",
    "date": "13.12.06"
  },
  {
    "review_id": "8193427",
    "movie_id": "102060",
    "author": "hele****",
    "review": "그냥.... 사실을 보여준 듯한 느낌? 그냥 실화 그대로 담으려고 해서 그런지 극적이고 이런건 없네요... 제타입은 아닌듯",
    "rating": "4",
    "date": "13.12.06"
  },
  {
    "review_id": "8192966",
    "movie_id": "102060",
    "author": "ilji****",
    "review": "잔잔한 스릴러... 섬세한 연출력.",
    "rating": "8",
    "date": "13.12.06"
  }
]