[
  {
    "review_id": "7269325",
    "movie_id": "102001",
    "author": "yang****",
    "review": "재미없다...",
    "rating": "1",
    "date": "13.02.15"
  },
  {
    "review_id": "7197881",
    "movie_id": "102001",
    "author": "egyp****",
    "review": "소재만 신비롭지...영상, 내용 그리고 배경음악 등이 왜이리도 촌스럽고 허접하게만 보이고 느껴지던지...",
    "rating": "1",
    "date": "13.01.30"
  },
  {
    "review_id": "7196599",
    "movie_id": "102001",
    "author": "oiuo****",
    "review": "배우들 몸매가 환상적이네요 ㅋㅋ 바디페인팅섹스신장면은 정말 기억에남습니다 ㅋ",
    "rating": "7",
    "date": "13.01.30"
  },
  {
    "review_id": "7196585",
    "movie_id": "102001",
    "author": "cine****",
    "review": "재미있네, 환상적인 섹스신 역시 인도, 줄거리도 나름탄탄...",
    "rating": "8",
    "date": "13.01.30"
  },
  {
    "review_id": "7179331",
    "movie_id": "102001",
    "author": "carr****",
    "review": "야한거 안나옴 재미도없음..",
    "rating": "2",
    "date": "13.01.26"
  }
]