[
  {
    "review": "역쉬 역쉬는 역쉬다 최고에여최고",
    "date": "15.08.25",
    "rating": "10",
    "author": "mmm2****",
    "review_id": "10275005",
    "movie_id": "10200"
  },
  {
    "review": "레전드....개명작입니다..",
    "date": "15.08.25",
    "rating": "10",
    "author": "uman****",
    "review_id": "10274070",
    "movie_id": "10200"
  },
  {
    "review": "재미있었어요 터미네이터는 여기까지가 재미있는듯",
    "date": "15.08.24",
    "rating": "9",
    "author": "cow_****",
    "review_id": "10271376",
    "movie_id": "10200"
  },
  {
    "review": "미래세계에서 sf 영화가 정말 발전이없는걸 우려한 영화제작사들이 sf 영화의 전설인 제임스 카메룬 감독을 과거로 보낸듯..도저히 1991년도 영화라고 믿겨지지않는다. 진심 미래에서 온듯",
    "date": "15.08.23",
    "rating": "10",
    "author": "soul****",
    "review_id": "10269248",
    "movie_id": "10200"
  },
  {
    "review": "1991년영화에 그래픽따지는 초딩들 무시하시고 보세요",
    "date": "15.08.23",
    "rating": "10",
    "author": "ojyo****",
    "review_id": "10266731",
    "movie_id": "10200"
  },
  {
    "review": "무난한 영화였던것 같네요",
    "date": "15.08.23",
    "rating": "7",
    "author": "acor****",
    "review_id": "10265688",
    "movie_id": "10200"
  },
  {
    "review": "내평생 앞으로도 이런영화는 안나올거같다",
    "date": "15.08.22",
    "rating": "10",
    "author": "motl****",
    "review_id": "10262383",
    "movie_id": "10200"
  },
  {
    "review": "10번봐도 10점만점에 10점",
    "date": "15.08.21",
    "rating": "10",
    "author": "0216****",
    "review_id": "10259897",
    "movie_id": "10200"
  },
  {
    "review": "아놀드는 발연기가아닌 진짜 로봇연기를보여줬다",
    "date": "15.08.20",
    "rating": "10",
    "author": "byun****",
    "review_id": "10254616",
    "movie_id": "10200"
  },
  {
    "review": "내 인생 최고의 영화중 하나",
    "date": "15.08.20",
    "rating": "10",
    "author": "gsms****",
    "review_id": "10253156",
    "movie_id": "10200"
  },
  {
    "review": "하도 엄지 척! 이 유명해서 본 줄 알았다가제네시스 영화관에서 보고 헐?하고 있는데 요새 티비에서 계속 해줘서 보는 데 엄청 오래 된 영화인데 어떻게 그래픽이 이러지? 짱",
    "date": "15.08.19",
    "rating": "10",
    "author": "lrlr****",
    "review_id": "10251848",
    "movie_id": "10200"
  },
  {
    "review": "부산  극장가에서 극장 두바퀴돌아 표를 끊어 본 영화입니다. 그때의  기분과 설레임은 다시봐도 멈추질 않습니다. 누가 이영화가 90년대에 나온 영화라 하겠습니까.. 걸작 스토리와 명배우, 제임스 카메룬과의 완벽한 만남 이것이 SF영화의 전설입니다.",
    "date": "15.08.19",
    "rating": "10",
    "author": "ezpl****",
    "review_id": "10251067",
    "movie_id": "10200"
  },
  {
    "review": "이것이 25년전의 영화란게 말이 되나싶을정도다 진짜... 와 감탄하면서봤다",
    "date": "15.08.18",
    "rating": "10",
    "author": "slag****",
    "review_id": "10249722",
    "movie_id": "10200"
  },
  {
    "review": "말도 안되게 너무 재밌다.",
    "date": "15.08.18",
    "rating": "10",
    "author": "iron****",
    "review_id": "10249012",
    "movie_id": "10200"
  },
  {
    "review": "이건 말이필요없다. 단점이 없다. 왜 2015년에 개봉한 어벤져스랑 1991년에 개봉한 터미네이터를 비교하는데 터미네이터가 훨신 좋은 것인가",
    "date": "15.08.18",
    "rating": "10",
    "author": "clov****",
    "review_id": "10248770",
    "movie_id": "10200"
  },
  {
    "review": "20년지난 이 영화와 불과 몇년전에 나온7광구를 비교해보자",
    "date": "15.08.18",
    "rating": "10",
    "author": "k2do****",
    "review_id": "10248604",
    "movie_id": "10200"
  },
  {
    "review": "소년과 로봇의우정~ㅋ",
    "date": "15.08.17",
    "rating": "9",
    "author": "ym56****",
    "review_id": "10246035",
    "movie_id": "10200"
  },
  {
    "review": "10점만점에12점..",
    "date": "15.08.16",
    "rating": "10",
    "author": "gree****",
    "review_id": "10241532",
    "movie_id": "10200"
  },
  {
    "review": "평점낮은순에 보면 진짜 내용들이 가관이다... cg 그래픽 액션신 허접하단다. 저때가 91년도 라는걸 생각해야지... 대가리가 참..",
    "date": "15.08.16",
    "rating": "10",
    "author": "rmaa****",
    "review_id": "10241340",
    "movie_id": "10200"
  },
  {
    "review": "다시봐도 명불허전...명작이다",
    "date": "15.08.16",
    "rating": "10",
    "author": "pian****",
    "review_id": "10241204",
    "movie_id": "10200"
  },
  {
    "review": "생애 최고의 대작이었다다시한번 이런 작품이 나올수 있을까?",
    "date": "15.08.16",
    "rating": "10",
    "author": "6557****",
    "review_id": "10240667",
    "movie_id": "10200"
  },
  {
    "review": "최고중의 최고의 영화 중2때 본 잊을 수없는 영화터미네이터는 시리즈별 내용이 다기억남",
    "date": "15.08.16",
    "rating": "10",
    "author": "jij4****",
    "review_id": "10237972",
    "movie_id": "10200"
  },
  {
    "review": "영화가 아닌 명화.. 오프닝 음악만 들어도 소름 돋는다...",
    "date": "15.08.16",
    "rating": "10",
    "author": "adun****",
    "review_id": "10237939",
    "movie_id": "10200"
  },
  {
    "review": "1991년  우리나라 에서는 주판,타자기,컴퓨터는 8비트(흑백) 사용하든 시절에  현재 상영하는  그래픽 기술과 비교해봐도 손색이 없을 만큼  영화의 내용과 스토리를 떠나 연출 장면만으로도 나에겐  충격  그자체인 영화였다.",
    "date": "15.08.15",
    "rating": "10",
    "author": "sang****",
    "review_id": "10235399",
    "movie_id": "10200"
  },
  {
    "review": "2015년에 다시 본 터미네이터2지금 봐도 정말 명작이다",
    "date": "15.08.14",
    "rating": "10",
    "author": "freg****",
    "review_id": "10230381",
    "movie_id": "10200"
  },
  {
    "review": "제임스 갓메론 갓놀드 슈워제네거",
    "date": "15.08.13",
    "rating": "10",
    "author": "kimb****",
    "review_id": "10224457",
    "movie_id": "10200"
  },
  {
    "review": "시험기간 티비에서 꼭 틀어줘서 세번 네번 다시봤지.. 열번봐도 재밌어요.",
    "date": "15.08.12",
    "rating": "10",
    "author": "bbas****",
    "review_id": "10220656",
    "movie_id": "10200"
  },
  {
    "review": "울었다... 마지막에....",
    "date": "15.08.12",
    "rating": "10",
    "author": "sund****",
    "review_id": "10219065",
    "movie_id": "10200"
  },
  {
    "review": "시대를 너무 앞서간  영화... 지금 봐도 요즘 영화들보다 재미있다.",
    "date": "15.08.12",
    "rating": "10",
    "author": "ljho****",
    "review_id": "10218589",
    "movie_id": "10200"
  },
  {
    "review": "어떤 미친 관람객이 평점을 깎았을까,,,,이건 살아생전 보는 것만으로도 감사하게 여겨야 할 영화다",
    "date": "15.08.11",
    "rating": "10",
    "author": "alan****",
    "review_id": "10217168",
    "movie_id": "10200"
  },
  {
    "review": "1,2편을 수십번봤고 소장도 하고 있지만개인적으로 3,4,5편은 계속 실망해서2편에서 끝내야했다고 생각합니다.",
    "date": "15.08.11",
    "rating": "10",
    "author": "nohe****",
    "review_id": "10215027",
    "movie_id": "10200"
  },
  {
    "review": "모든 영화 중 최고의 영화!!!! 최고의 상상력!!!!",
    "date": "15.08.10",
    "rating": "10",
    "author": "immo****",
    "review_id": "10213399",
    "movie_id": "10200"
  },
  {
    "review": "평점이 이리높을 줄이야",
    "date": "15.08.09",
    "rating": "10",
    "author": "mell****",
    "review_id": "10209166",
    "movie_id": "10200"
  },
  {
    "review": "시리즈의 정점, 최고봉, 전설의 완성. 어떻게 만들어도 터미네이터2 만큼 될 수가 없다니... 제발 제니시스 보기전에 이걸 먼저 보세요. 물론 1편 보고 나서. 가능하다면 극장판으로 먼저 보세요. 감독판은 좀 루즈함.",
    "date": "15.08.09",
    "rating": "10",
    "author": "getl****",
    "review_id": "10208551",
    "movie_id": "10200"
  },
  {
    "review": "무슨 말이 필요하랴...",
    "date": "15.08.09",
    "rating": "10",
    "author": "net7****",
    "review_id": "10208377",
    "movie_id": "10200"
  },
  {
    "review": "진짜 50번은봐도 명작 제임스카메론의 최고작은아바타가아닌 터미네이터2",
    "date": "15.08.09",
    "rating": "10",
    "author": "kian****",
    "review_id": "10208126",
    "movie_id": "10200"
  },
  {
    "review": "스타워즈 이후 영화의 교본이 된 작품",
    "date": "15.08.09",
    "rating": "10",
    "author": "m9me****",
    "review_id": "10205546",
    "movie_id": "10200"
  },
  {
    "review": "늦게나마 이 영화를 보게 된건 행운이었다! 명작!",
    "date": "15.08.07",
    "rating": "10",
    "author": "jiam****",
    "review_id": "10196603",
    "movie_id": "10200"
  },
  {
    "review": "몇번이고 다시보고 싶은 명작",
    "date": "15.08.07",
    "rating": "10",
    "author": "efaa****",
    "review_id": "10196361",
    "movie_id": "10200"
  },
  {
    "review": "굳이 내가 표현하지 않아도 영화 끝에서 나온다. 따봉 , 내가 죽을 때까지 다섯손가락에서 빠질 일은 없을 듯",
    "date": "15.08.06",
    "rating": "10",
    "author": "dday****",
    "review_id": "10194842",
    "movie_id": "10200"
  },
  {
    "review": "말이 필요한가요 ??재개봉해서  일부 상영되고 잇던데 이유가 있습니다",
    "date": "15.08.05",
    "rating": "10",
    "author": "booo****",
    "review_id": "10188128",
    "movie_id": "10200"
  },
  {
    "review": "1보다 2가 더 재미있을수 있다는걸 보여준 명작 영화",
    "date": "15.08.05",
    "rating": "8",
    "author": "croa****",
    "review_id": "10187287",
    "movie_id": "10200"
  },
  {
    "review": "재밌음 재밌음 걍 재밌음",
    "date": "15.08.05",
    "rating": "10",
    "author": "ajy8****",
    "review_id": "10187161",
    "movie_id": "10200"
  },
  {
    "review": "재개봉 되는 이유가 있다",
    "date": "15.08.05",
    "rating": "10",
    "author": "akb4****",
    "review_id": "10186263",
    "movie_id": "10200"
  },
  {
    "review": "10년뒤에 또봐야지~^^",
    "date": "15.08.04",
    "rating": "10",
    "author": "bbon****",
    "review_id": "10183113",
    "movie_id": "10200"
  },
  {
    "review": "존 코너는 잘생기고 터미네이터는 멋졌다.",
    "date": "15.08.03",
    "rating": "10",
    "author": "sij1****",
    "review_id": "10179224",
    "movie_id": "10200"
  },
  {
    "review": "내가 가장 사랑하는 영화",
    "date": "15.08.03",
    "rating": "10",
    "author": "ipig****",
    "review_id": "10178335",
    "movie_id": "10200"
  },
  {
    "review": "굿~~~~!!!!^^",
    "date": "15.08.02",
    "rating": "10",
    "author": "wogu****",
    "review_id": "10175547",
    "movie_id": "10200"
  },
  {
    "review": "90년대 영화들이 명작이 많지~",
    "date": "15.08.02",
    "rating": "10",
    "author": "mast****",
    "review_id": "10174774",
    "movie_id": "10200"
  },
  {
    "review": "레전드인건 인정하지만 영화랭킹 1위 할정도는 아닌데",
    "date": "15.08.01",
    "rating": "9",
    "author": "iwan****",
    "review_id": "10172281",
    "movie_id": "10200"
  },
  {
    "review": "이거슨 명작이다!!$",
    "date": "15.08.01",
    "rating": "10",
    "author": "okgu****",
    "review_id": "10172214",
    "movie_id": "10200"
  },
  {
    "review": "이게 10점 만점이 아니면  어떤 영화가 10점일까..",
    "date": "15.08.01",
    "rating": "10",
    "author": "blue****",
    "review_id": "10171740",
    "movie_id": "10200"
  },
  {
    "review": "너무 재미있어서 다리를 달달달 떨면서 봤다.",
    "date": "15.07.31",
    "rating": "10",
    "author": "isla****",
    "review_id": "10167826",
    "movie_id": "10200"
  },
  {
    "review": "<타이타닉>, <아바타> 제임스 카메론 감독 '최고의 역작'",
    "date": "15.07.31",
    "rating": "10",
    "author": "polo****",
    "review_id": "10167546",
    "movie_id": "10200"
  },
  {
    "review": "이 영화는 진짜 말로 표현할 수 없음. 내노라는 명작들 다 봤지만 이만한 감동과 충격을 느낀 영화는 없었다. 아마 카메론 감독 본인 조차도 못 넘을 희대의 역작일 듯",
    "date": "15.07.31",
    "rating": "10",
    "author": "manu****",
    "review_id": "10167536",
    "movie_id": "10200"
  },
  {
    "review": "내가 서 아놀드를 처음으로 알고 좋아하게돼게 만든영화가 터미네이터2 다",
    "date": "15.07.31",
    "rating": "10",
    "author": "choi****",
    "review_id": "10166379",
    "movie_id": "10200"
  },
  {
    "review": "평을 하라고 하는데 뭘 어떻게 ? 그냥 진리인데",
    "date": "15.07.31",
    "rating": "10",
    "author": "lamm****",
    "review_id": "10165128",
    "movie_id": "10200"
  },
  {
    "review": "이떤 년이 1점 깍았냐 9.88 거슬린다. 삭제해라 부탁이다.",
    "date": "15.07.31",
    "rating": "10",
    "author": "joe0****",
    "review_id": "10165024",
    "movie_id": "10200"
  },
  {
    "review": "저평가를 한 네티즌은 비정상이다!",
    "date": "15.07.30",
    "rating": "10",
    "author": "defe****",
    "review_id": "10163417",
    "movie_id": "10200"
  },
  {
    "review": "전편보다 잘만든 속편의 대표작품이며 모든 SF영화의 모범답안",
    "date": "15.07.30",
    "rating": "10",
    "author": "soft****",
    "review_id": "10162696",
    "movie_id": "10200"
  },
  {
    "review": "두말할것없는 레전드bb",
    "date": "15.07.30",
    "rating": "10",
    "author": "ydw1****",
    "review_id": "10162447",
    "movie_id": "10200"
  },
  {
    "review": "기회있을 때 꼭 봐라. 그리고 DVD 로 소장하는 거 잊지말고ㅋ",
    "date": "15.07.30",
    "rating": "10",
    "author": "yds7****",
    "review_id": "10162314",
    "movie_id": "10200"
  },
  {
    "review": "씹노잼톤노잼노잼노잼",
    "date": "15.07.30",
    "rating": "2",
    "author": "ohmy****",
    "review_id": "10162129",
    "movie_id": "10200"
  },
  {
    "review": "이해를 못하겠음... 그냥 유치한거 같은데",
    "date": "15.07.30",
    "rating": "1",
    "author": "gunb****",
    "review_id": "10161878",
    "movie_id": "10200"
  },
  {
    "review": "뭐 말이 필요한가???",
    "date": "15.07.30",
    "rating": "10",
    "author": "bach****",
    "review_id": "10161639",
    "movie_id": "10200"
  },
  {
    "review": "최근 EBS에서도 상영했는데 만든지 25년이 지난 지금 봐도 걸작",
    "date": "15.07.30",
    "rating": "10",
    "author": "csw_****",
    "review_id": "10160364",
    "movie_id": "10200"
  },
  {
    "review": "임팩트가 많고 명장면도 많이 만들어낸 걸작",
    "date": "15.07.30",
    "rating": "8",
    "author": "k_in****",
    "review_id": "10159469",
    "movie_id": "10200"
  },
  {
    "review": "종합 평점은 9점 드립니다.",
    "date": "15.07.30",
    "rating": "9",
    "author": "terr****",
    "review_id": "10159195",
    "movie_id": "10200"
  },
  {
    "review": "진짜 지루함없이 잘봤습니다..진심 명작인듯",
    "date": "15.07.29",
    "rating": "10",
    "author": "wltn****",
    "review_id": "10157140",
    "movie_id": "10200"
  },
  {
    "review": "1만한 2없다더니 전작보다 몰입도는 살짝 떨어진다 소재는 좀더 풍부해진듯",
    "date": "15.07.29",
    "rating": "7",
    "author": "hyh7****",
    "review_id": "10156893",
    "movie_id": "10200"
  },
  {
    "review": "제임스 카메론 1991",
    "date": "15.07.29",
    "rating": "8",
    "author": "vav5****",
    "review_id": "10155880",
    "movie_id": "10200"
  },
  {
    "review": "100년 뒤에 봐도 좋은 영화",
    "date": "15.07.29",
    "rating": "10",
    "author": "salv****",
    "review_id": "10155718",
    "movie_id": "10200"
  },
  {
    "review": "액션영화 최고봉! 지금나오는 액션영화 대부분을 뺨다구 후려치는 고전 액션영화!",
    "date": "15.07.28",
    "rating": "10",
    "author": "user****",
    "review_id": "10155041",
    "movie_id": "10200"
  },
  {
    "review": "터미네이터라 쓰고 아놀드 슈왈제네거라 읽는다",
    "date": "15.07.28",
    "rating": "10",
    "author": "jhle****",
    "review_id": "10154704",
    "movie_id": "10200"
  },
  {
    "review": "최고의 영화. 10자까지 필요한가....",
    "date": "15.07.28",
    "rating": "10",
    "author": "juns****",
    "review_id": "10154219",
    "movie_id": "10200"
  },
  {
    "review": "왜 평점이 10점이 아니지?",
    "date": "15.07.28",
    "rating": "10",
    "author": "supe****",
    "review_id": "10154084",
    "movie_id": "10200"
  },
  {
    "review": "아직도  LD플레이어를 못버리는 이유~ 케이스부터 화려한 명품 T2 LD를 소장하고 있기 때문~ 한 50번은 넘게 봐도 질리지 않는 명품중의 명품",
    "date": "15.07.28",
    "rating": "10",
    "author": "hmj2****",
    "review_id": "10153267",
    "movie_id": "10200"
  },
  {
    "review": "내인생  최고의 영화 ~ 볼때마다 새롭고 감동적이다",
    "date": "15.07.28",
    "rating": "10",
    "author": "wh35****",
    "review_id": "10152855",
    "movie_id": "10200"
  },
  {
    "review": "터미네이터 시리즈의 끝",
    "date": "15.07.28",
    "rating": "10",
    "author": "jsb0****",
    "review_id": "10152321",
    "movie_id": "10200"
  },
  {
    "review": "현대 SF의 교과서. 부정할수 없는 명작 액션과 감독의 철학적 메시지 이야기 전개 등등뭐하나 빠지지않는 완벽한영화",
    "date": "15.07.28",
    "rating": "10",
    "author": "rkdg****",
    "review_id": "10152168",
    "movie_id": "10200"
  },
  {
    "review": "인류 역사에 길이남을 영화.",
    "date": "15.07.27",
    "rating": "10",
    "author": "sdfg****",
    "review_id": "10151864",
    "movie_id": "10200"
  },
  {
    "review": "HAHALOL핵잼",
    "date": "15.07.27",
    "rating": "10",
    "author": "ywkw****",
    "review_id": "10151675",
    "movie_id": "10200"
  },
  {
    "review": "별 100개 받아도 모잘라다",
    "date": "15.07.27",
    "rating": "10",
    "author": "tpgn****",
    "review_id": "10150759",
    "movie_id": "10200"
  },
  {
    "review": "명작~다시봐도 재미있다",
    "date": "15.07.27",
    "rating": "10",
    "author": "joon****",
    "review_id": "10150095",
    "movie_id": "10200"
  },
  {
    "review": "I will be back",
    "date": "15.07.27",
    "rating": "10",
    "author": "viki****",
    "review_id": "10150014",
    "movie_id": "10200"
  },
  {
    "review": "재밌다! 터미네이터 늙은거 보면 짠함 ㅜㅜ",
    "date": "15.07.27",
    "rating": "10",
    "author": "esun****",
    "review_id": "10149665",
    "movie_id": "10200"
  },
  {
    "review": "말이 필요없음 전무후무한 영화란 바로 이거지",
    "date": "15.07.27",
    "rating": "10",
    "author": "jsf0****",
    "review_id": "10148788",
    "movie_id": "10200"
  },
  {
    "review": "지금봐도 재밌는 명작 그리고 삼위일체 같은 완벽한 주인공들 ♡",
    "date": "15.07.27",
    "rating": "10",
    "author": "gkdm****",
    "review_id": "10148448",
    "movie_id": "10200"
  },
  {
    "review": "그렇게 여러번 봐도 또 재밌는건 모지???",
    "date": "15.07.26",
    "rating": "10",
    "author": "zeti****",
    "review_id": "10147315",
    "movie_id": "10200"
  },
  {
    "review": "이게왜명작이냐면 가장단순한 이유론 앞으로 다분히 일어날수있는 일이기때문에 깨우침을 얻어야한다",
    "date": "15.07.26",
    "rating": "10",
    "author": "codu****",
    "review_id": "10147122",
    "movie_id": "10200"
  },
  {
    "review": "최고의 SF 스릴러 영화. 진짜 터미네이터는 여기까지만. The sanest decision in this insane world. Termination & Self-termination.",
    "date": "15.07.26",
    "rating": "9",
    "author": "cool****",
    "review_id": "10146799",
    "movie_id": "10200"
  },
  {
    "review": "엣날 비디오가계 가서 2천원 인가 주고 빌렷던 그 터미네이터2  ㅜㅜ  아직도 생생히 남아 있다  그 감동",
    "date": "15.07.26",
    "rating": "10",
    "author": "ewre****",
    "review_id": "10146493",
    "movie_id": "10200"
  },
  {
    "review": "말이 필요하냐,,,카메룬 최고 역작,,sf최고 역작!!",
    "date": "15.07.26",
    "rating": "10",
    "author": "ssmy****",
    "review_id": "10146304",
    "movie_id": "10200"
  },
  {
    "review": "완벽이란 말이 어울리는 명작",
    "date": "15.07.26",
    "rating": "10",
    "author": "0805****",
    "review_id": "10146215",
    "movie_id": "10200"
  },
  {
    "review": "다시 봐도 당시의 쇼킹했던 감동이 남아있다. 터미네이터 시리즈 중에서도 최고의 작품이고, 제임스 카메론의 힘이 느껴진다.",
    "date": "15.07.26",
    "rating": "9",
    "author": "cksd****",
    "review_id": "10146163",
    "movie_id": "10200"
  },
  {
    "review": "내 인생 최고의 영화.. 두번다신 나올수없는 영화",
    "date": "15.07.26",
    "rating": "10",
    "author": "husl****",
    "review_id": "10145070",
    "movie_id": "10200"
  },
  {
    "review": "내 인생 sf영화,액션영화중 탑5안에 드는영화",
    "date": "15.07.26",
    "rating": "10",
    "author": "akwl****",
    "review_id": "10144850",
    "movie_id": "10200"
  },
  {
    "review": "T2는 뭐 당연히 10점...",
    "date": "15.07.26",
    "rating": "10",
    "author": "dfjw****",
    "review_id": "10144736",
    "movie_id": "10200"
  },
  {
    "review": "시대를 앞서나간 최첨단 센스를 가진 남자가 자본을 만나면 이런 영화가 나온다. 터미네이터는 온전히 제임스 카메론의 것이며 감독판에서 심판의 날을 부정하고 시리즈를 종결시킨 이유가 바로 그것이다.",
    "date": "15.07.26",
    "rating": "9",
    "author": "gura****",
    "review_id": "10143770",
    "movie_id": "10200"
  },
  {
    "review": "90년대작이라는게 믿기지않는다",
    "date": "15.07.26",
    "rating": "10",
    "author": "kkde****",
    "review_id": "10143535",
    "movie_id": "10200"
  }
]