[
  {
    "review_id": "10276954",
    "movie_id": "102028",
    "author": "obth****",
    "review": "사람들이 왜 탕웨이에게 빠져드는지 알았다. 이전까지 별 관심이 없었는데...",
    "rating": "10",
    "date": "15.08.26"
  },
  {
    "review_id": "10276552",
    "movie_id": "102028",
    "author": "choh****",
    "review": "아무생각없이 채널 돌리다가 본 영화인데 탕웨이의 매력에 흠뻑 빠져버렸네요 작품에 대한 구성이나 스토리가 전개가 다소 약하긴 하지만 탕웨이 얼굴에 다 묻혀버리네요",
    "rating": "9",
    "date": "15.08.26"
  },
  {
    "review_id": "10275586",
    "movie_id": "102028",
    "author": "k1m2****",
    "review": "지금에서야 보게 된 시절인연!!!! 다소 빠르게 전개 되는 느낌이 있지만 관객들에게 전달하려는 사랑의 메세지가 명확하게 전달되는 달달한 로맨스 영화였다. 가을이 다가오는 이시점에 꼭한번 추천하고 싶은 영화였다. 강추!! 출연 배우들 최고!",
    "rating": "10",
    "date": "15.08.26"
  },
  {
    "review_id": "10275383",
    "movie_id": "102028",
    "author": "hanb****",
    "review": "만추와 함께 나를 설레게하는 탕웨이!",
    "rating": "10",
    "date": "15.08.26"
  },
  {
    "review_id": "10275297",
    "movie_id": "102028",
    "author": "hong****",
    "review": "선선한 가을바람이 내마음을 두드릴 때, 지금.. 미치듯 설레게 하는 영화탕웨이는 귀엽고 너무 사랑스럽다스토리, 진심 취향 저격",
    "rating": "10",
    "date": "15.08.26"
  },
  {
    "review_id": "10275283",
    "movie_id": "102028",
    "author": "jiee****",
    "review": "생각지도 못한 너무 감동이 있는 영화? 탕웨이 완전 예쁘다~♡",
    "rating": "10",
    "date": "15.08.26"
  },
  {
    "review_id": "10275260",
    "movie_id": "102028",
    "author": "bang****",
    "review": "따뜻해지는영화 재미잇게잘봣어요",
    "rating": "10",
    "date": "15.08.26"
  },
  {
    "review_id": "10275054",
    "movie_id": "102028",
    "author": "yyc5****",
    "review": "은막의 여우가 될 조건.스토리라인을 이해하는 것과 별개로그 여배우의 매력에 홀리듯 빠지다보면 어느새 영화가 끝나고마는...탕웨이는 그 클래스의 스타임을 새삼 증명시킨 영화.사대주의자는 아닌데 탕웨이에겐 한국 여배우에겐 없는 그런 아우라가 있다.",
    "rating": "10",
    "date": "15.08.25"
  },
  {
    "review_id": "10274992",
    "movie_id": "102028",
    "author": "bru5****",
    "review": "배우들 연기도 좋고 재밌다",
    "rating": "10",
    "date": "15.08.25"
  },
  {
    "review_id": "10229066",
    "movie_id": "102028",
    "author": "park****",
    "review": "이런 잔잔한 감동이 있는 영화 좋다. 탕웨이, 보면 볼수록 매력 있는 배우 같다. 만추도 찾아서 볼 생각이다.",
    "rating": "8",
    "date": "15.08.14"
  },
  {
    "review_id": "10225139",
    "movie_id": "102028",
    "author": "hoya****",
    "review": "탕웨이 때문에 봤다가 남자주인공 매력에 푹 빠졌네요",
    "rating": "10",
    "date": "15.08.13"
  },
  {
    "review_id": "10216876",
    "movie_id": "102028",
    "author": "yalt****",
    "review": "처음엔 그냥그랬는데 점점 갈수록 빨려드네요 좋았어요",
    "rating": "9",
    "date": "15.08.11"
  },
  {
    "review_id": "10215756",
    "movie_id": "102028",
    "author": "web4****",
    "review": "재미있게 봤습니다. 느낌은 다르지만  남자 주연배우가 오정새라는 배우랑 비슷하게 생겼네요~! ^^ 느낌은 다르다는거~!",
    "rating": "8",
    "date": "15.08.11"
  },
  {
    "review_id": "10206658",
    "movie_id": "102028",
    "author": "khjm****",
    "review": "탕웨이로 시작해서 탕웨이로 끝나는 영화 아 탕웨이 개예쁨 핡",
    "rating": "10",
    "date": "15.08.09"
  },
  {
    "review_id": "10143114",
    "movie_id": "102028",
    "author": "sibi****",
    "review": "탕웨이가 너무 아름다우네요 최고에요!",
    "rating": "10",
    "date": "15.07.25"
  },
  {
    "review_id": "10143062",
    "movie_id": "102028",
    "author": "suna****",
    "review": "따뜻한 느낌의 영화.... 유쾌상쾌발랄한 탕웨이의 모습을 볼수있는...  이런 역할 자주 했으면 좋겠다...",
    "rating": "10",
    "date": "15.07.25"
  },
  {
    "review_id": "10099672",
    "movie_id": "102028",
    "author": "yooy****",
    "review": "시절인연2도 기대되요! 여운이 오래 남는 영화.. ^^",
    "rating": "10",
    "date": "15.07.13"
  },
  {
    "review_id": "10086287",
    "movie_id": "102028",
    "author": "ggw9****",
    "review": "탕웨이!!만추보고 반해서 보게되었는데 같은시애틀 완전 상반되는 분위기~ 정말 재밌고달달한영화였습니다ㅋㅋ굿굿",
    "rating": "10",
    "date": "15.07.10"
  },
  {
    "review_id": "10080549",
    "movie_id": "102028",
    "author": "tsro****",
    "review": "Two thumbs up",
    "rating": "10",
    "date": "15.07.08"
  },
  {
    "review_id": "10019150",
    "movie_id": "102028",
    "author": "milk****",
    "review": "틀에 박힌듯 한 연출력, 하지만 탕웨이의 상큼함과,시애틀의 멋진 풍경! 시애틀 가고파..",
    "rating": "6",
    "date": "15.06.21"
  },
  {
    "review_id": "9985227",
    "movie_id": "102028",
    "author": "dday****",
    "review": "의외의 명작이라 생각... 사랑 영화 중에 유일하게 베스트로 꼽을수 있는 작품. 평론가의 평점,평론도 의외....",
    "rating": "10",
    "date": "15.06.08"
  },
  {
    "review_id": "9917692",
    "movie_id": "102028",
    "author": "kkow****",
    "review": "탕웨이 진짜 이쁘다 영화도 좋고",
    "rating": "10",
    "date": "15.05.15"
  },
  {
    "review_id": "9916545",
    "movie_id": "102028",
    "author": "sywi****",
    "review": "뻔한 내용이지만 보는내내 먹먹하고 따뜻했어요별 기대없이 봤는데 오랜만에 괜찮은 영화하나 건진듯",
    "rating": "9",
    "date": "15.05.14"
  },
  {
    "review_id": "9904128",
    "movie_id": "102028",
    "author": "thf9****",
    "review": "재미있고 무엇보다 탕웨이 매력에빠짐!",
    "rating": "10",
    "date": "15.05.08"
  },
  {
    "review_id": "9852766",
    "movie_id": "102028",
    "author": "skhc****",
    "review": "탕웨이는 대륙의 기적이로다",
    "rating": "8",
    "date": "15.04.19"
  },
  {
    "review_id": "9835088",
    "movie_id": "102028",
    "author": "rlaw****",
    "review": "기대없이 봤다가 나두같이 웃고울고ㅡ 마음이 찡했던.뻔하면 뻔한결말이지만 인생이 다 뻔한걸뭐. 나도 프랭크같은남자가좋다 프랭크 첨엔 진짜 그냥 주인공아닌 조연인줄....근데 보다보니 빠짐. 특유의 눈빛부터. 탕웨이는 그렇게 지멋대로인데도 매력있음.",
    "rating": "10",
    "date": "15.04.08"
  },
  {
    "review_id": "9825321",
    "movie_id": "102028",
    "author": "hank****",
    "review": "시애틀의 잠못이루는 밤의 중국산 짝퉁 영화라 보기에는 스토리나 주의들의 연기가 정말 훌륭했다. 청출어람이라해도 될만큼 잘 만들어진 최고의 중국영화였다.",
    "rating": "10",
    "date": "15.04.04"
  },
  {
    "review_id": "9821280",
    "movie_id": "102028",
    "author": "jeyl****",
    "review": "잔잔하고 여운이 계속 남아요. 배경도 아름답고 탕웨이도 너무 아름답고 매력적이네요. 사랑에 대해 다시 한번 생각해 보게 만드는 따뜻한 영화예요!",
    "rating": "9",
    "date": "15.04.02"
  },
  {
    "review_id": "9812253",
    "movie_id": "102028",
    "author": "su97****",
    "review": "탕웨이 진심예쁘고 스토리도 괜찮음중국영화가 한국보다 못하고 무협영화가 중국영화의 전부다라는 생각을 깨개한 영화중하나",
    "rating": "10",
    "date": "15.03.28"
  },
  {
    "review_id": "9790547",
    "movie_id": "102028",
    "author": "sand****",
    "review": "영상미. 한여자의 성장. 크리스마스",
    "rating": "10",
    "date": "15.03.18"
  },
  {
    "review_id": "9785642",
    "movie_id": "102028",
    "author": "glor****",
    "review": "한 여자에게서 발랄함, 청순함, 섹시함, 귀여움, 거기에 천박한 매력까지 발산될 수 있다는게 놀라울 따름. 그간의 탕웨이 중 가장 러블리한 탕웨이를 만날 수 있다.",
    "rating": "10",
    "date": "15.03.15"
  },
  {
    "review_id": "9754613",
    "movie_id": "102028",
    "author": "kjys****",
    "review": "탕웨이 왕펜인데요 생각없이 본건데  탕웨이 매력잇어서 눈을  못땟어요  너무 이쁘기만한게아니구  매력까지잇으니깐 연기도 잘하고 정말 좋앗어요 ㅎ",
    "rating": "10",
    "date": "15.03.03"
  },
  {
    "review_id": "9753522",
    "movie_id": "102028",
    "author": "ruyd****",
    "review": "프랭크 같은 남자를 한 없이 만나고 싶어 지는 영화",
    "rating": "10",
    "date": "15.03.03"
  },
  {
    "review_id": "9751828",
    "movie_id": "102028",
    "author": "nyro****",
    "review": "너무너무너무너무너무너무 좋아요 기분 너무 좋아지는 영화",
    "rating": "10",
    "date": "15.03.02"
  },
  {
    "review_id": "9749568",
    "movie_id": "102028",
    "author": "grea****",
    "review": "탕웨이씨 팬입니다 영화 너무재밌게 잘봤습니다 결혼축하드리구 행복하게 사세요^^",
    "rating": "10",
    "date": "15.03.01"
  },
  {
    "review_id": "9708757",
    "movie_id": "102028",
    "author": "lism****",
    "review": "미치도록 얘쁘고 또 얘쁘고 예쁜 탕웨이OST도 추억의 팝송 너무 좋고남자배우도 매력 짱!!!!탕웨이가 웨딩드래스 입었을 때는 할말을 잃었음",
    "rating": "10",
    "date": "15.02.18"
  },
  {
    "review_id": "9703152",
    "movie_id": "102028",
    "author": "tjdu****",
    "review": "2014년에 개봉한지도 몰랐네 이런영화가 상영관에도 좀 많았으면 좋겠어요",
    "rating": "10",
    "date": "15.02.16"
  },
  {
    "review_id": "9662186",
    "movie_id": "102028",
    "author": "qtsp****",
    "review": "탕웨이 진짜 예쁘다아아아",
    "rating": "10",
    "date": "15.02.03"
  },
  {
    "review_id": "9650346",
    "movie_id": "102028",
    "author": "proa****",
    "review": "인기 있을때 많이 뽑아 먹어야죠..",
    "rating": "3",
    "date": "15.01.30"
  },
  {
    "review_id": "9629348",
    "movie_id": "102028",
    "author": "koon****",
    "review": "수작입니다. 탕웨이 작품보는 안목이 있군요. 훌륭한배우입니다.",
    "rating": "9",
    "date": "15.01.24"
  },
  {
    "review_id": "9629196",
    "movie_id": "102028",
    "author": "belo****",
    "review": "배우들의 연기력이 뛰어났던 영화",
    "rating": "8",
    "date": "15.01.24"
  },
  {
    "review_id": "9573073",
    "movie_id": "102028",
    "author": "timb****",
    "review": "오그라 들지만 탕웨이라 좋다.따뜻한 탕웨이 더 좋다.",
    "rating": "8",
    "date": "15.01.08"
  },
  {
    "review_id": "9569340",
    "movie_id": "102028",
    "author": "llsi****",
    "review": "잔잔한게 재밌네요^^♥",
    "rating": "10",
    "date": "15.01.06"
  },
  {
    "review_id": "9560507",
    "movie_id": "102028",
    "author": "ddal****",
    "review": "뻔한 이야기이지만 탕웨이의 발랄함이 영화를 살렸다. 탕웨이 너~~~~무 예쁨!! OST랑 영상미가 참 좋다^^  소소하지만 따뜻한 영화.",
    "rating": "8",
    "date": "15.01.04"
  },
  {
    "review_id": "9549422",
    "movie_id": "102028",
    "author": "zizi****",
    "review": "달달하고 미소짓게 만드는영화",
    "rating": "8",
    "date": "15.01.02"
  },
  {
    "review_id": "9505201",
    "movie_id": "102028",
    "author": "bbun****",
    "review": "잔잔하게 따뜻한 영화,",
    "rating": "8",
    "date": "14.12.23"
  },
  {
    "review_id": "9500982",
    "movie_id": "102028",
    "author": "drea****",
    "review": "따뜻한, 연말에 어울리는 기분이 좋아지는 영화,, 탕웨이..매력이 돋보이네요~ 추천합니다~",
    "rating": "9",
    "date": "14.12.22"
  },
  {
    "review_id": "9452120",
    "movie_id": "102028",
    "author": "rkda****",
    "review": "겨율에 보기 좋은 영화~ 여자들이 사랑할 영화!  영화 속 인연이 나에게도 있으면^ ^ 혼자서 보기 너무 좋은 영화~!!",
    "rating": "10",
    "date": "14.12.06"
  },
  {
    "review_id": "9442224",
    "movie_id": "102028",
    "author": "fogl****",
    "review": "탕웨이 땜에 10점..",
    "rating": "10",
    "date": "14.12.03"
  },
  {
    "review_id": "9416768",
    "movie_id": "102028",
    "author": "hhp1****",
    "review": "학교에서 보여주셨는데 너무 좋은 영화였어요~^^",
    "rating": "10",
    "date": "14.11.23"
  },
  {
    "review_id": "9393048",
    "movie_id": "102028",
    "author": "ykdi****",
    "review": "미국영화를 많이 봤군...",
    "rating": "7",
    "date": "14.11.16"
  },
  {
    "review_id": "9328514",
    "movie_id": "102028",
    "author": "hyeh****",
    "review": "아 잔잔한감동과 진실한 사랑이 무엇인지 느끼게해준 영화~ 아 달달하니 잼있당 오랫만에 몰입해서 봤네요~^^",
    "rating": "10",
    "date": "14.10.30"
  },
  {
    "review_id": "9322689",
    "movie_id": "102028",
    "author": "ehwj****",
    "review": "진짜재밋네요  정말이에요",
    "rating": "10",
    "date": "14.10.27"
  },
  {
    "review_id": "9288996",
    "movie_id": "102028",
    "author": "jinr****",
    "review": "정말 간만에 이런 좋은 느낌의 영화를 봤네요.개봉한지 오래된것 같지만 평점남겨봅니다.",
    "rating": "10",
    "date": "14.10.13"
  },
  {
    "review_id": "9196973",
    "movie_id": "102028",
    "author": "the9****",
    "review": "탕웨이의 결혼발표 직전에 이 영화를 봤었다. 잔잔하니 이해되는 진짜 결혼하고싶은 남자의 깊은 사랑에 반하게된다.  예쁜 탕웨이보며, 진짜  3번은봤다♥",
    "rating": "10",
    "date": "14.09.10"
  },
  {
    "review_id": "9143483",
    "movie_id": "102028",
    "author": "woos****",
    "review": "탕웨이의 매력이 돋보인 잔잔한 드라마",
    "rating": "8",
    "date": "14.08.29"
  },
  {
    "review_id": "9116234",
    "movie_id": "102028",
    "author": "a750****",
    "review": "2시간의 시간동안 진짜 영화에만 집중했다는...탕웨이 매력 굿!  꼭 보세요!",
    "rating": "10",
    "date": "14.08.20"
  },
  {
    "review_id": "9076224",
    "movie_id": "102028",
    "author": "ske4****",
    "review": "믿고보는 탕웨이찡!!",
    "rating": "10",
    "date": "14.08.13"
  },
  {
    "review_id": "9054186",
    "movie_id": "102028",
    "author": "ther****",
    "review": "두번 세 번 보게 만든 영화...쟈쟈와 프랭크가 겪은 상처와 비슷한 경험이 있다면절절히 공감하고 다시 사랑하고 싶게 만드는 영화...",
    "rating": "10",
    "date": "14.08.09"
  },
  {
    "review_id": "9052982",
    "movie_id": "102028",
    "author": "vikt****",
    "review": "이런사랑을 하고싶다....",
    "rating": "9",
    "date": "14.08.09"
  },
  {
    "review_id": "9039311",
    "movie_id": "102028",
    "author": "hnki****",
    "review": "저말 멋진 영화입니다. 여러분에게  추천드려요!",
    "rating": "10",
    "date": "14.08.06"
  },
  {
    "review_id": "9035267",
    "movie_id": "102028",
    "author": "whdo****",
    "review": "오래 간만에  설레이는  사랑 영화를 본거 같다 따스하고 멋진 영화",
    "rating": "10",
    "date": "14.08.06"
  },
  {
    "review_id": "9025700",
    "movie_id": "102028",
    "author": "auro****",
    "review": "그냥 사람이 살아가는 일상인데...  기억에 남게하는 영화네요",
    "rating": "10",
    "date": "14.08.04"
  },
  {
    "review_id": "9023727",
    "movie_id": "102028",
    "author": "njst****",
    "review": "탕웨이가 아니었다면 평점이 이렇게 높았을까?  그저 그런 탕웨이 미모감상용 영화",
    "rating": "6",
    "date": "14.08.04"
  },
  {
    "review_id": "8962456",
    "movie_id": "102028",
    "author": "tany****",
    "review": "여시가 탕웨이로 왔다. 난 둘을 구분 할 수 없다.",
    "rating": "10",
    "date": "14.07.26"
  },
  {
    "review_id": "8945203",
    "movie_id": "102028",
    "author": "jsmz****",
    "review": "정말 시절인연이라는게 있는걸까요? 마음이 따뜻해지는 기분좋은 영화네요.  한번쯤은 더 봐도 좋을것같아요^^",
    "rating": "7",
    "date": "14.07.23"
  },
  {
    "review_id": "8941266",
    "movie_id": "102028",
    "author": "guds****",
    "review": "중국 로맨스영화를 이렇게 재미있게 본건 처음이네요좋은영화임",
    "rating": "10",
    "date": "14.07.23"
  },
  {
    "review_id": "8932528",
    "movie_id": "102028",
    "author": "hss9****",
    "review": "그냥 탕웨이 땜에 밧는데 훈훈한 영화~눈물샘을 자극하는 부분이 쫌 아쉬움~그래도 먼가 따뜻하고 훈훈하고 여운이 남는 좋은영화~b",
    "rating": "9",
    "date": "14.07.20"
  },
  {
    "review_id": "8922600",
    "movie_id": "102028",
    "author": "bdh9****",
    "review": "따듯한 영화입니다~^^",
    "rating": "10",
    "date": "14.07.17"
  },
  {
    "review_id": "8918560",
    "movie_id": "102028",
    "author": "only****",
    "review": "아무 기대없이 봤는데 ... 눈물이 자동으로 스르륵  가슴을 따뜻하게 해주는 영화 탕웨이는 진짜 말이 필요없는 미모다",
    "rating": "10",
    "date": "14.07.15"
  },
  {
    "review_id": "8917373",
    "movie_id": "102028",
    "author": "sams****",
    "review": "따뜻하다 포근하다 ...",
    "rating": "9",
    "date": "14.07.15"
  },
  {
    "review_id": "8917132",
    "movie_id": "102028",
    "author": "soon****",
    "review": "오래전 첨밀밀이후 여명을 마지막으로 중국배우는 좋아한적업는데 오수파 매력적인 배우네요탕웨이도 재미있게 봤습니다",
    "rating": "9",
    "date": "14.07.14"
  },
  {
    "review_id": "8906821",
    "movie_id": "102028",
    "author": "hkig****",
    "review": "영화자체는 별로다. 상투적이고 아쉬운 점들이 많지만, 기억에 남는건 탕웨이의 미모와 시애틀의 풍경뿐. 그리고 사라맥라클란의 엔젤도",
    "rating": "6",
    "date": "14.07.12"
  },
  {
    "review_id": "8900016",
    "movie_id": "102028",
    "author": "comb****",
    "review": "공짜길래 T스토어에서 받아서 정말 기대안하고 봤는데 진짜재밌습니다! 남주가...잘생긴건아닌데 왜 이렇게 설레죠? 왜때문에 잘생겨보이는거지..? 결말이 예상이되는 스토리지만 오히려 배드앤딩보단 훨씬 달달하고좋네요 이런 장르좋아하시는분들께 꼭 추천합니다",
    "rating": "10",
    "date": "14.07.10"
  },
  {
    "review_id": "8898222",
    "movie_id": "102028",
    "author": "dlrp****",
    "review": "뉴욕만 안갔어도 볼만한 영화.",
    "rating": "2",
    "date": "14.07.09"
  },
  {
    "review_id": "8892267",
    "movie_id": "102028",
    "author": "hwij****",
    "review": "원래 탕웨이 팬이긴 하지만 너무너무귀엽고 매력있고... 연기를잘해서그런가 요론 상큼 발랄한역도 너무 잘함~~ 한국남자랑 결혼하면서 진짜 한국 사람 된거 같아 넘 좋네요~~",
    "rating": "10",
    "date": "14.07.07"
  },
  {
    "review_id": "8888649",
    "movie_id": "102028",
    "author": "s830****",
    "review": "뻔한내용을 지루하지 않게 소화한 탕웨이의 연기력ㅎ 남자 주인공은 수염빨이였던거니?",
    "rating": "9",
    "date": "14.07.06"
  },
  {
    "review_id": "8887017",
    "movie_id": "102028",
    "author": "twot****",
    "review": "다소 뻔한 플롯이지만 두 주인공이  잘 어울려서 잼나게 봤네요",
    "rating": "9",
    "date": "14.07.05"
  },
  {
    "review_id": "8886043",
    "movie_id": "102028",
    "author": "ttl4****",
    "review": "진실한 사랑을 찾는 참 따뜻한 영화...지루하지않게 연출도 굿!^^",
    "rating": "10",
    "date": "14.07.05"
  },
  {
    "review_id": "8884869",
    "movie_id": "102028",
    "author": "chan****",
    "review": "결혼한 사람으로써 대공감입니다 ^^",
    "rating": "10",
    "date": "14.07.05"
  },
  {
    "review_id": "8882718",
    "movie_id": "102028",
    "author": "xkeh****",
    "review": "탕웨이 너무 좋다 ㅠㅠ 좋은 영화였다 나에게는...",
    "rating": "9",
    "date": "14.07.04"
  },
  {
    "review_id": "8882384",
    "movie_id": "102028",
    "author": "flyk****",
    "review": "탕웨이가 로맨틱 코미디물도 되는구나. 어릴적 봤던 왕조현 주윤발의 <장단각지연>처럼 괜찮았다. 그때 왕조현 보고 뿅갔었는데.. 탕웨이표 <시애틀의 잠 못 이루는 밤> 잘 봤소. 만추에 이어 또 시애틀이 배경. 탕웨이... 아 탕웨이... 좋아 좋아",
    "rating": "8",
    "date": "14.07.04"
  },
  {
    "review_id": "8881736",
    "movie_id": "102028",
    "author": "kang****",
    "review": "탕웨이 정말 매력있는 여배우~ 극중 매력에 흠뻑 빠졌음..",
    "rating": "10",
    "date": "14.07.04"
  },
  {
    "review_id": "8880881",
    "movie_id": "102028",
    "author": "wkdw****",
    "review": "완전 가슴뭉클한 영화,  알려뷰 탕웨이",
    "rating": "10",
    "date": "14.07.03"
  },
  {
    "review_id": "8878448",
    "movie_id": "102028",
    "author": "wogu****",
    "review": "탕웨이..이제껏 관심없었는데 이번 영화를 계기로 너무좋다..ㅠㅠ",
    "rating": "10",
    "date": "14.07.03"
  },
  {
    "review_id": "8878185",
    "movie_id": "102028",
    "author": "vgbk****",
    "review": "탕웨이다시보게되는영화너무자연스러운연기에 놀랏어요 ㅋㅋ연기파배우엿네요",
    "rating": "10",
    "date": "14.07.03"
  },
  {
    "review_id": "8877319",
    "movie_id": "102028",
    "author": "tlss****",
    "review": "탕워이 색계 이후로 두번째에 탕웨이에 풍빠저버렸내...정말매력적인 여자로 연기하연 살표연한 작품인듯 탕웨이 다시봤다...",
    "rating": "10",
    "date": "14.07.02"
  },
  {
    "review_id": "8875120",
    "movie_id": "102028",
    "author": "aren****",
    "review": "말이 필요없다..내가 준 평점이 대신 말해준다.",
    "rating": "10",
    "date": "14.07.02"
  },
  {
    "review_id": "8864259",
    "movie_id": "102028",
    "author": "self****",
    "review": "사랑해요.. 탕웨이.. 정말 매력적입니다. 연애하고 싶어지는 영화입니다. 우슈보의 매력도 굿!!",
    "rating": "10",
    "date": "14.06.28"
  },
  {
    "review_id": "8862912",
    "movie_id": "102028",
    "author": "cida****",
    "review": "탕웨이,와 오수파  연기가 감동이 네요^^",
    "rating": "10",
    "date": "14.06.28"
  },
  {
    "review_id": "8852598",
    "movie_id": "102028",
    "author": "lexy****",
    "review": "재밌게 잘봤습니다^^",
    "rating": "10",
    "date": "14.06.25"
  },
  {
    "review_id": "8848207",
    "movie_id": "102028",
    "author": "kjra****",
    "review": "시절인연..진정한 사랑을 만나고 싶은 느낌이 강하게 드는..사랑하고싶소",
    "rating": "9",
    "date": "14.06.22"
  },
  {
    "review_id": "8846492",
    "movie_id": "102028",
    "author": "chac****",
    "review": "탕웨이 너무 예뻐요. 버릇없이 행동하지만 발랄한 연기가 귀엽네요.",
    "rating": "9",
    "date": "14.06.22"
  },
  {
    "review_id": "8846351",
    "movie_id": "102028",
    "author": "wjdd****",
    "review": "볼만함. 탕웨이랑 잘 어울림.",
    "rating": "8",
    "date": "14.06.22"
  },
  {
    "review_id": "8845260",
    "movie_id": "102028",
    "author": "altl****",
    "review": "탕웨이 너무 예쁘다..ㅠㅠ 오수파 목소리는 정말 최고ㅠㅠㅠ",
    "rating": "10",
    "date": "14.06.21"
  },
  {
    "review_id": "8821935",
    "movie_id": "102028",
    "author": "hunm****",
    "review": "간만에 잠도 못자고 본 영화다 정말 남자 배우 목소리랑 톤도 멋잇구 역시 탕웨이라고 할말이 없다 시간 날 때 또 봐야 겠다",
    "rating": "10",
    "date": "14.06.11"
  },
  {
    "review_id": "8789360",
    "movie_id": "102028",
    "author": "sama****",
    "review": "너무 영화다워서 현실로 돌아가고 싶지 않게 만드는 영화",
    "rating": "9",
    "date": "14.06.03"
  },
  {
    "review_id": "8765847",
    "movie_id": "102028",
    "author": "roma****",
    "review": "재미나게 볼 수 잇는 영화였던거 같다. 영화이기 때문에 설정한 주인공의 의사와 푸드칼럼니스트?가 직업들이 영화의 스토리상 필요했다기보다는 남녀 주인공을 괜찮게 보이려는 도구였던것이 좀 거슬리긴 했지만..",
    "rating": "6",
    "date": "14.05.25"
  },
  {
    "review_id": "8750683",
    "movie_id": "102028",
    "author": "okeu****",
    "review": "참달달한영화네요남여주인공이참잘어울리는커플이네요",
    "rating": "10",
    "date": "14.05.21"
  },
  {
    "review_id": "8748917",
    "movie_id": "102028",
    "author": "rhj1****",
    "review": "간만에 너무 따뜻한 영화다 ㅜㅜ",
    "rating": "10",
    "date": "14.05.20"
  }
]