[
  {
    "review_id": "9762788",
    "movie_id": "102098",
    "author": "ske4****",
    "review": "정준하 저껀 왜 뜬금없이 나오는가? 1점주려다가 참는다!",
    "rating": "10",
    "date": "15.03.07"
  },
  {
    "review_id": "9706188",
    "movie_id": "102098",
    "author": "retn****",
    "review": "이게 7점이 넘는 영화라고 환장 하겠네 아휴...알바들 쩌네 토이스토리의 무리수분의 1도 안되는 영화 내돈 아까운 영화",
    "rating": "1",
    "date": "15.02.17"
  },
  {
    "review_id": "8817489",
    "movie_id": "102098",
    "author": "nala****",
    "review": "아... 똥은 똥이야 wwww",
    "rating": "1",
    "date": "14.06.09"
  },
  {
    "review_id": "8186039",
    "movie_id": "102098",
    "author": "kms0****",
    "review": "좀 늦었지만 그래도 재밌어요~",
    "rating": "10",
    "date": "13.12.02"
  },
  {
    "review_id": "8110334",
    "movie_id": "102098",
    "author": "zebr****",
    "review": "놀고있네,ㅋㅋㅋ 하하하하",
    "rating": "1",
    "date": "13.11.02"
  },
  {
    "review_id": "7861682",
    "movie_id": "102098",
    "author": "cacw****",
    "review": "보더랜드 싫어해서 1점",
    "rating": "1",
    "date": "13.08.09"
  },
  {
    "review_id": "7849977",
    "movie_id": "102098",
    "author": "neli****",
    "review": "토니 스타크인지 아랏네ㅡㅡ",
    "rating": "1",
    "date": "13.08.06"
  },
  {
    "review_id": "7834377",
    "movie_id": "102098",
    "author": "bles****",
    "review": "웃을 수가 없다",
    "rating": "4",
    "date": "13.08.04"
  },
  {
    "review_id": "7800775",
    "movie_id": "102098",
    "author": "touc****",
    "review": "안봣는데 딱봐도 쓰레기",
    "rating": "1",
    "date": "13.07.30"
  },
  {
    "review_id": "7799410",
    "movie_id": "102098",
    "author": "dj87****",
    "review": "제가 보통 영화들은 싫어하는데 이영화 마음에 들어요.완전 재미있어요 추천추천 한번보세요",
    "rating": "10",
    "date": "13.07.30"
  },
  {
    "review_id": "7797509",
    "movie_id": "102098",
    "author": "ralp****",
    "review": "이름좀 바꾸지마라 ㅡㅡ토니스토리가 뭐냐 토이스토리도 아니고",
    "rating": "1",
    "date": "13.07.29"
  },
  {
    "review_id": "7797433",
    "movie_id": "102098",
    "author": "uiyo****",
    "review": "안녕하세요.예매 도와이라고 있어요",
    "rating": "10",
    "date": "13.07.29"
  },
  {
    "review_id": "7795723",
    "movie_id": "102098",
    "author": "pjov****",
    "review": "솔직히만점짜리는아님.스토리,애니퀄리티괜찮음.내용넘동화적.순수치않은어린이(?)비추.6살여아는좋아함.원래동화좋아함,그림.색감도동화스러워서.나름괜찮음.상영관이없는게아쉽.찾아가서봤다는거빼곤다괜찮음.정준하거슬린다는분들많던데.잘나가면부러워서하는질투심(?!)인듯ㅋ",
    "rating": "8",
    "date": "13.07.28"
  },
  {
    "review_id": "7794659",
    "movie_id": "102098",
    "author": "y000****",
    "review": "댓글알바 대박 많음.................... 이런영화가 7.5점이라니 이해가 안가네",
    "rating": "1",
    "date": "13.07.28"
  },
  {
    "review_id": "7791818",
    "movie_id": "102098",
    "author": "zma8****",
    "review": "토이스토리인줄 알았다....",
    "rating": "1",
    "date": "13.07.27"
  },
  {
    "review_id": "7790788",
    "movie_id": "102098",
    "author": "jyko****",
    "review": "일곱살 딸이랑 보고 왔는데 내내 엉덩이를 들썩이며 지루해 하더라구요 여자아이라 알록달록 예쁜걸 좋아하는데 토니스토리는 아이들 시선을 잡기엔 좀 부족한 듯싶었어요",
    "rating": "1",
    "date": "13.07.27"
  },
  {
    "review_id": "7789759",
    "movie_id": "102098",
    "author": "qwes****",
    "review": "댓글알바 댓글알바 하던걸 정말 뼈저리게느꼇다;;",
    "rating": "1",
    "date": "13.07.27"
  },
  {
    "review_id": "7787114",
    "movie_id": "102098",
    "author": "wuuw****",
    "review": "아이들이  정말  즐거워합니다.  아이들 웃음소리에 또한번 행복해지는 영화예요!",
    "rating": "10",
    "date": "13.07.26"
  },
  {
    "review_id": "7786452",
    "movie_id": "102098",
    "author": "dlwh****",
    "review": "재미없어",
    "rating": "1",
    "date": "13.07.26"
  },
  {
    "review_id": "7781655",
    "movie_id": "102098",
    "author": "c_oc****",
    "review": "5살~10살 영화!",
    "rating": "5",
    "date": "13.07.24"
  },
  {
    "review_id": "7781271",
    "movie_id": "102098",
    "author": "hyun****",
    "review": "오늘 여섯살 아들과 보고 왔어요. 아들 첫 극장 관람이라 너무도 재밌게 보았다고 하네요. 완전 컬러풀한 에니가 아니고 그림이나 느낌이 참 감성적으로 다가왔어요. 애들 엄마로써는 참 좋았구요. 애들에게 딱 맞는 대사와 전달. 생각지도 않고 봤는데 ^^",
    "rating": "9",
    "date": "13.07.24"
  },
  {
    "review_id": "7780993",
    "movie_id": "102098",
    "author": "owol****",
    "review": "???",
    "rating": "3",
    "date": "13.07.24"
  },
  {
    "review_id": "7780717",
    "movie_id": "102098",
    "author": "msl8****",
    "review": "5살에서 10살 정도 수준인데 그 나이대도 그다지 재밌어 하진 않을듯",
    "rating": "7",
    "date": "13.07.24"
  },
  {
    "review_id": "7780711",
    "movie_id": "102098",
    "author": "yuli****",
    "review": "좋은 소재와  좋은 주제를 가지고 있는 영화네요.화면에 나오는 모든 것들이 재활용되어 나오더라구요.아이들과 즐겁게 관람했습니다.",
    "rating": "10",
    "date": "13.07.24"
  },
  {
    "review_id": "7780189",
    "movie_id": "102098",
    "author": "leew****",
    "review": "재밌게 잘 봤습니다 아이들과 오랜만에 좋은만화영화 봤네요",
    "rating": "10",
    "date": "13.07.24"
  },
  {
    "review_id": "7780175",
    "movie_id": "102098",
    "author": "dkap****",
    "review": "우선 비폭력적이라서 좋습니다 내용도 교훈이 있고요",
    "rating": "10",
    "date": "13.07.24"
  },
  {
    "review_id": "7780157",
    "movie_id": "102098",
    "author": "sinh****",
    "review": "좋네요 재활용히어로라는 소재도 신선하구요",
    "rating": "9",
    "date": "13.07.24"
  },
  {
    "review_id": "7780151",
    "movie_id": "102098",
    "author": "beli****",
    "review": "요샌 애들만화영화가 너무 자극적인게 많은데 아이들이 보여주기가 좋네요",
    "rating": "10",
    "date": "13.07.24"
  },
  {
    "review_id": "7780137",
    "movie_id": "102098",
    "author": "prin****",
    "review": "재활용 기사 토니! 재미나다!",
    "rating": "10",
    "date": "13.07.24"
  },
  {
    "review_id": "7780136",
    "movie_id": "102098",
    "author": "jjun****",
    "review": "조카둥이랑 잼있게 잘 보고왔어요~ 유익한 내용이라 좋은것 같아요~",
    "rating": "10",
    "date": "13.07.24"
  },
  {
    "review_id": "7780134",
    "movie_id": "102098",
    "author": "shwe****",
    "review": "재활용 히어로 ^^ 애들이 너무 좋아했어요. 재미도 교육도 모두 잡은 좋은 애니였습니다.",
    "rating": "10",
    "date": "13.07.24"
  },
  {
    "review_id": "7780133",
    "movie_id": "102098",
    "author": "stit****",
    "review": "ㅎㅎ우리애들 좋아해서 아침부터 기분이 좋으네요!",
    "rating": "10",
    "date": "13.07.24"
  },
  {
    "review_id": "7780132",
    "movie_id": "102098",
    "author": "ktem****",
    "review": "가족들이 모두 함께 즐길 수 있는 유쾌한 애니메이션",
    "rating": "10",
    "date": "13.07.24"
  },
  {
    "review_id": "7780131",
    "movie_id": "102098",
    "author": "succ****",
    "review": "오랜만에 휴가내서 조카들 데리고 보고나왔어요 !! 조카들이 너무 좋아해서 평점 10점 남겨용 !!",
    "rating": "10",
    "date": "13.07.24"
  },
  {
    "review_id": "7780122",
    "movie_id": "102098",
    "author": "dkwk****",
    "review": "아이가 방방뜨면서 신나게 봤습니다! 부모입장에서 교육적으로도 참 만족스럽습니다 ㅎ",
    "rating": "10",
    "date": "13.07.24"
  },
  {
    "review_id": "7780118",
    "movie_id": "102098",
    "author": "jodi****",
    "review": "오랜만에 아이들에게 유익한 애니메이션을 봤네요~",
    "rating": "10",
    "date": "13.07.24"
  },
  {
    "review_id": "7780060",
    "movie_id": "102098",
    "author": "poet****",
    "review": "시간가는줄 모르고 봤네요 ㅎㅎ 우리 애기가 너무 좋아해요! 준하씨도 잘했구요",
    "rating": "10",
    "date": "13.07.24"
  },
  {
    "review_id": "7780055",
    "movie_id": "102098",
    "author": "rl4y****",
    "review": "간만에 애들데리고 가서 볼 수 있는 좋은 영화나왔네요~ 잘봤습니다",
    "rating": "9",
    "date": "13.07.24"
  },
  {
    "review_id": "7778695",
    "movie_id": "102098",
    "author": "ansg****",
    "review": "우리 아들에게 차라리 토이스토리 보여줘야지",
    "rating": "1",
    "date": "13.07.23"
  },
  {
    "review_id": "7777707",
    "movie_id": "102098",
    "author": "able****",
    "review": "가족 모두 재밌게 볼수있는 영화! 추천추천!",
    "rating": "10",
    "date": "13.07.23"
  },
  {
    "review_id": "7777704",
    "movie_id": "102098",
    "author": "vous****",
    "review": "내용도 괜찮고, 자극적이지 않은 소재여서 아이들 데리고 잘 봤어요~",
    "rating": "10",
    "date": "13.07.23"
  },
  {
    "review_id": "7777701",
    "movie_id": "102098",
    "author": "dohc****",
    "review": "아이들이랑 보기 딱이었어용~ ^^",
    "rating": "10",
    "date": "13.07.23"
  },
  {
    "review_id": "7777699",
    "movie_id": "102098",
    "author": "aej0****",
    "review": "완전 귀요미들 ㅋㅋㅋㅋㅋ 딸이 너무 좋아하더라고요!",
    "rating": "10",
    "date": "13.07.23"
  },
  {
    "review_id": "7777695",
    "movie_id": "102098",
    "author": "jsre****",
    "review": "시사회때 너무 재밌게 봐서 주변에 추천하고 있어요. 장바구니도 받았고 :D   솔까 이런 애니에 1점 준애는 뭐여. 돌아이여?ㅋㅋ",
    "rating": "10",
    "date": "13.07.23"
  },
  {
    "review_id": "7777538",
    "movie_id": "102098",
    "author": "s992****",
    "review": "화려하지는 않아도 소소한 재미와 이야기가 있는 애니였음. 생각보다 괜찮았어요~",
    "rating": "10",
    "date": "13.07.23"
  },
  {
    "review_id": "7777398",
    "movie_id": "102098",
    "author": "sizy****",
    "review": "난생첨 별점 준다.... 시바 제목보고 정준하보고~ 진짜 이게 뭐냐",
    "rating": "1",
    "date": "13.07.23"
  },
  {
    "review_id": "7777366",
    "movie_id": "102098",
    "author": "yrai****",
    "review": "빨리 내려가라~~",
    "rating": "3",
    "date": "13.07.23"
  },
  {
    "review_id": "7777276",
    "movie_id": "102098",
    "author": "1401****",
    "review": "와 짭을만들거면 제대로만들던가 짭이정당화되는이유는 잘만들어서그런데 이건정당화될수없게 재미없고 못만들었네 솔직히평점은 3점줘야맞다만 알바들이 가식으로 재밋는척하는게 괘씸하다 너희덕에 사기당한분들은 정신적 시간적 금전적보상 어떻게할래?",
    "rating": "1",
    "date": "13.07.23"
  },
  {
    "review_id": "7777233",
    "movie_id": "102098",
    "author": "sams****",
    "review": "연예인 마케팅 ㅁㅈㅎ",
    "rating": "1",
    "date": "13.07.23"
  },
  {
    "review_id": "7776257",
    "movie_id": "102098",
    "author": "tmdq****",
    "review": "뭔가 베낀것 같지만 점수는 뭐",
    "rating": "7",
    "date": "13.07.22"
  },
  {
    "review_id": "7775902",
    "movie_id": "102098",
    "author": "ph90****",
    "review": "재목배낌, 그림체 OO, 씹노잼, 정준하... 아주 사위일체를 이루셨구만",
    "rating": "1",
    "date": "13.07.22"
  },
  {
    "review_id": "7775710",
    "movie_id": "102098",
    "author": "dbst****",
    "review": "포주나는 대체 무슨 낮짝으로 얼굴들고다니고 지 결혼했다고 자랑질이지 지 자식들이 포주짓 알면 무슨생각할까^^",
    "rating": "1",
    "date": "13.07.22"
  },
  {
    "review_id": "7775505",
    "movie_id": "102098",
    "author": "gofd****",
    "review": "ㅋㅋㅋ 알바들아 좀 다양한 평점 좀 남겨봐 ㅋㅋ 맨날 조카 아니면 아이들이랑 같이 봤다는 얘기밖에 없냐???",
    "rating": "1",
    "date": "13.07.22"
  },
  {
    "review_id": "7773920",
    "movie_id": "102098",
    "author": "newj****",
    "review": "예상보다 상당히 재미졌음 ㅋㅋㅋ 아주 ㅋㅋㅋ",
    "rating": "10",
    "date": "13.07.22"
  },
  {
    "review_id": "7773796",
    "movie_id": "102098",
    "author": "boob****",
    "review": "요즘 화려한 영상의 애니메이션이 많은 때에 순수하고 맑은 느낌의 애니를 본 것 같아 좋았습니다. 아이도 보고나서 또 보고싶다고 하더라구요.",
    "rating": "8",
    "date": "13.07.22"
  },
  {
    "review_id": "7773635",
    "movie_id": "102098",
    "author": "jyse****",
    "review": "요즘 아이에게 보여줄만한 애니가 없었는데 재활용 히어로라는 소재도 좋고 캐릭터들도 재미있고 그림체도 좋았어요. 그리고 아이가 좋아합니다. 여름방학때 꼭 같이 보세요 !!!",
    "rating": "10",
    "date": "13.07.22"
  },
  {
    "review_id": "7773242",
    "movie_id": "102098",
    "author": "iren****",
    "review": "재활용 히어로들이 멋집니다. ㅋ 아이가 좋아하네요. 단순한 애니가 아니라, 아이들에게 교육적인 면이 있어서 좋은 것 같아요.",
    "rating": "8",
    "date": "13.07.22"
  },
  {
    "review_id": "7772764",
    "movie_id": "102098",
    "author": "rusa****",
    "review": "메가박스에서 본 토니 스토리! 재활용이란 기발한 소재와 이색적이고 교훈적 메세지 헐리우드 애니메이션과 사뭇 다른 재밌고 뛰어난 애니메이션~ 아이가 더 좋아 하네요!",
    "rating": "9",
    "date": "13.07.21"
  },
  {
    "review_id": "7772428",
    "movie_id": "102098",
    "author": "k0se****",
    "review": "7살 딸아이랑 같이봤습니다. 영화 한 편을 보여주면서 재미도 주고, 교훈도 준것같아 좋았습니다.",
    "rating": "10",
    "date": "13.07.21"
  },
  {
    "review_id": "7772183",
    "movie_id": "102098",
    "author": "hert****",
    "review": "재밋어요!!강추~",
    "rating": "10",
    "date": "13.07.21"
  },
  {
    "review_id": "7772140",
    "movie_id": "102098",
    "author": "yhju****",
    "review": "주인공들이완젼기여워요!!재밋어요~굳굳bb",
    "rating": "10",
    "date": "13.07.21"
  },
  {
    "review_id": "7772124",
    "movie_id": "102098",
    "author": "grow****",
    "review": "재밋네요~~",
    "rating": "10",
    "date": "13.07.21"
  },
  {
    "review_id": "7772122",
    "movie_id": "102098",
    "author": "kare****",
    "review": "하하하너무재미잇아요",
    "rating": "10",
    "date": "13.07.21"
  },
  {
    "review_id": "7772112",
    "movie_id": "102098",
    "author": "dpru****",
    "review": "좋아여",
    "rating": "10",
    "date": "13.07.21"
  },
  {
    "review_id": "7772108",
    "movie_id": "102098",
    "author": "eund****",
    "review": "재밋네요~",
    "rating": "10",
    "date": "13.07.21"
  },
  {
    "review_id": "7772058",
    "movie_id": "102098",
    "author": "cody****",
    "review": "어쩌다가 보게 되었는데 너무 재밌네요.또 보고 싶어지는 영화bb",
    "rating": "10",
    "date": "13.07.21"
  },
  {
    "review_id": "7772028",
    "movie_id": "102098",
    "author": "secr****",
    "review": "진짜 재밌는 애니메이션이예요~~아이들과 보기 좋은 영화입니다!",
    "rating": "10",
    "date": "13.07.21"
  },
  {
    "review_id": "7771624",
    "movie_id": "102098",
    "author": "sws6****",
    "review": "애들이 너무 좋아하네요~덕분에 점수땃어요!ㅎ",
    "rating": "10",
    "date": "13.07.21"
  },
  {
    "review_id": "7771599",
    "movie_id": "102098",
    "author": "silp****",
    "review": "아이들에게 재활용의 교훈을 줄 수 있을거 같아요~",
    "rating": "10",
    "date": "13.07.21"
  },
  {
    "review_id": "7771586",
    "movie_id": "102098",
    "author": "1das****",
    "review": "교육적인 메시지와  영화 주제가 너무 감동적이였어요      올여름  강추 애니입니다",
    "rating": "10",
    "date": "13.07.21"
  },
  {
    "review_id": "7771584",
    "movie_id": "102098",
    "author": "seac****",
    "review": "간만에 마음 훈훈해지는 애니애니~~~^^*",
    "rating": "9",
    "date": "13.07.21"
  },
  {
    "review_id": "7771564",
    "movie_id": "102098",
    "author": "domy****",
    "review": "오호~ 오래간만에 보는 착한 아니메이션~ 재미지네!!",
    "rating": "9",
    "date": "13.07.21"
  },
  {
    "review_id": "7771489",
    "movie_id": "102098",
    "author": "bell****",
    "review": "이런 개연성 없는 스토리는 처음이다. 도대체 주인공 토니는 언제 다정한 캐릭이였던건지... ?7,9살 두 딸들도 영화 끝나고 하는 말이 이해가 안간단다.",
    "rating": "1",
    "date": "13.07.21"
  },
  {
    "review_id": "7771358",
    "movie_id": "102098",
    "author": "gume****",
    "review": "울 딸래미 영화보면서 한번도 딴짓 안햇는데 자꾸 의자 들썩이며 엄청 지루해 햇다ㅜㅜ울가족4명서 봣는데, 정말 돈 아깝다ㅜㅜ정말 알바들이 쓴 글 같다는 느낌을 확신햇다.",
    "rating": "1",
    "date": "13.07.21"
  },
  {
    "review_id": "7771354",
    "movie_id": "102098",
    "author": "frac****",
    "review": "어쩔수 없이 봤는데 최악의 영화였습니다. 30분은 멍하니...나머지 1시간은 방광 억제하며 힘들게 봤습니다. 0점은 안되어서 1점..",
    "rating": "1",
    "date": "13.07.21"
  },
  {
    "review_id": "7771154",
    "movie_id": "102098",
    "author": "hotj****",
    "review": "참재미있어요ㅋ",
    "rating": "10",
    "date": "13.07.21"
  },
  {
    "review_id": "7771020",
    "movie_id": "102098",
    "author": "9552****",
    "review": "방학을 맞은. 아이와 친구들과 봤네요. 교육적인 메시지도. 있고 즐거웠습니다",
    "rating": "10",
    "date": "13.07.21"
  },
  {
    "review_id": "7771005",
    "movie_id": "102098",
    "author": "real****",
    "review": "근 10년동안의 에니중 잴 재미없다어쩧게 이따구로 만들었냐",
    "rating": "1",
    "date": "13.07.21"
  },
  {
    "review_id": "7770836",
    "movie_id": "102098",
    "author": "bono****",
    "review": "좋음",
    "rating": "10",
    "date": "13.07.21"
  },
  {
    "review_id": "7770514",
    "movie_id": "102098",
    "author": "cybe****",
    "review": "우리 애들이 너무좋아하네요  교육, 감동, 재미 올여름 에 함꼐할 가족영화로 강추합니다",
    "rating": "10",
    "date": "13.07.21"
  },
  {
    "review_id": "7770509",
    "movie_id": "102098",
    "author": "flor****",
    "review": "방학맞이 아이들과 보기 최고의 영화!!!",
    "rating": "10",
    "date": "13.07.21"
  },
  {
    "review_id": "7770507",
    "movie_id": "102098",
    "author": "iioc****",
    "review": "따뜻한 내용에 감동함. 아이들보기에 딱이다",
    "rating": "9",
    "date": "13.07.21"
  },
  {
    "review_id": "7770502",
    "movie_id": "102098",
    "author": "yjpa****",
    "review": "아이들이 너무 재밌어 하네요. 토니스토리 대박!!!",
    "rating": "10",
    "date": "13.07.21"
  },
  {
    "review_id": "7770499",
    "movie_id": "102098",
    "author": "moon****",
    "review": "good!",
    "rating": "10",
    "date": "13.07.21"
  },
  {
    "review_id": "7770472",
    "movie_id": "102098",
    "author": "swan****",
    "review": "완전 잼있었어요. 우리애가 또보고싶어하네요~ 귀여운 어드벤처네요",
    "rating": "10",
    "date": "13.07.21"
  },
  {
    "review_id": "7770405",
    "movie_id": "102098",
    "author": "o___****",
    "review": "성우가 형편 없고 토이스토리 짝퉁으로 관객을 우롱했다는 점에서 이 영화는 평점을 줄 가치가 없다고 판단.. ★☆☆☆☆",
    "rating": "1",
    "date": "13.07.21"
  },
  {
    "review_id": "7769370",
    "movie_id": "102098",
    "author": "did9****",
    "review": "쿵푸팬더 짝퉁 쿵후팬더를 만들지를 않나 토이 스토리 짝퉁 토니 스토리 만들엇네 ㅋㅋㅋㅋㅋㅋㅋ 둘다 cg는 개 쓰레기수준 ㅋㅋㅋㅋㅋㅋㅋㅋㅋㅋㅋㅋㅋㅋㅋㅋㅋㅋㅋㅋㅋㅋㅋㅋㅋ 저것도 참 영화라고 ㅉㅉ 그리고 알바들이 자꾸 평점올리네 ㅡㅡ 에휴 네이버답없어",
    "rating": "1",
    "date": "13.07.21"
  },
  {
    "review_id": "7769310",
    "movie_id": "102098",
    "author": "wary****",
    "review": "아들이 방학해서 함께 보고 왔습니다. 따듯하고 귀여운 애니였어요~~",
    "rating": "10",
    "date": "13.07.21"
  },
  {
    "review_id": "7768601",
    "movie_id": "102098",
    "author": "hell****",
    "review": "애들은 재미 있었다고 하지만.. 그냥하는 말 같고 소재는 참신햇찌만 좀 지루한 스토리 전개에 긴장감도 없으니 졸렸던 영화였네요",
    "rating": "4",
    "date": "13.07.20"
  },
  {
    "review_id": "7768581",
    "movie_id": "102098",
    "author": "sara****",
    "review": "내돈...",
    "rating": "1",
    "date": "13.07.20"
  },
  {
    "review_id": "7768481",
    "movie_id": "102098",
    "author": "wogh****",
    "review": "ㄴ을 ㅇ으로 바꾸면 토이스토리가 되네 ㅋㅋㅋ",
    "rating": "1",
    "date": "13.07.20"
  },
  {
    "review_id": "7768102",
    "movie_id": "102098",
    "author": "seno****",
    "review": "시사회보고왔는데 제값주고봤으면 아까왔을듯 정말재미없다",
    "rating": "1",
    "date": "13.07.20"
  },
  {
    "review_id": "7767985",
    "movie_id": "102098",
    "author": "silv****",
    "review": "상당히 흥미로운 연출방식과 주제의식을 담고 있는 애니메이션입니다. 시각적인 효과가 다른 애니메이션과 달라서 재미있었네요",
    "rating": "7",
    "date": "13.07.20"
  },
  {
    "review_id": "7767538",
    "movie_id": "102098",
    "author": "evee****",
    "review": "알바들이 많은건지 후기보고 봤다가 자고 나왔슴다 안습",
    "rating": "2",
    "date": "13.07.20"
  },
  {
    "review_id": "7767475",
    "movie_id": "102098",
    "author": "youn****",
    "review": "재미없다ㅠㅠㅠㅠㅠㅠㅠㅠㅠㅠㅠㅠㅠㅠㅠㅠㅠㅠㅠㅠㅠㅠㅠㅠㅠㅠㅠㅠㅠㅠㅠㅠㅠㅠㅠㅠㅠㅠㅠㅠㅠㅠㅠㅠㅠㅠㅠㅠㅠㅠㅠㅠㅠㅠㅠㅠㅠㅠㅠㅠㅠㅠㅠㅠㅠㅠㅠㅠㅠㅠㅠㅠㅠㅠㅠㅠㅠㅠㅠㅠㅠㅠㅠㅠㅠㅠㅠㅠㅠㅠㅠㅠㅠㅠㅠㅠㅠㅠㅠㅠㅠㅠㅠㅠㅠㅠㅠㅠㅠㅠㅠㅠㅠㅠㅠㅠㅠㅠㅠㅠㅠㅠㅠㅠㅠㅠㅠㅠㅠㅠㅠㅠㅠㅠㅠㅠ",
    "rating": "1",
    "date": "13.07.20"
  },
  {
    "review_id": "7766715",
    "movie_id": "102098",
    "author": "jayp****",
    "review": "아들내미랑 잘 보고 왔어요. 모든 것이 철로 만들어진 세계라... 그림체가 따뜻해서 좋더군요.",
    "rating": "10",
    "date": "13.07.20"
  },
  {
    "review_id": "7766475",
    "movie_id": "102098",
    "author": "whar****",
    "review": "용감하지만덜렁대는토니가자랑스럽네요ㅎ",
    "rating": "10",
    "date": "13.07.20"
  },
  {
    "review_id": "7763956",
    "movie_id": "102098",
    "author": "yiyo****",
    "review": "아이들이 많이 좋아해요",
    "rating": "10",
    "date": "13.07.19"
  },
  {
    "review_id": "7763694",
    "movie_id": "102098",
    "author": "shin****",
    "review": "초등학교3학년 조카와 조카친구들과 같이 봤는데 다들 재미있다고 좋아하네요 제가 보기에도 감동이 있어서 좋네여",
    "rating": "10",
    "date": "13.07.19"
  },
  {
    "review_id": "7763570",
    "movie_id": "102098",
    "author": "inte****",
    "review": "오늘  아이 학교에서  학년 전체  조조 단체관람 했답니다.  아이가 친구들하고 함께 봐서 그런지 더  재미있었다네요.  세상 참 좋아지긴 했네요.  곧 방학인데 학교다닐때 생각이 나서 ㅎㅎ  선생님들 수고 하셨습니다.  교장선생님 감사하구요",
    "rating": "10",
    "date": "13.07.19"
  }
]