[
  {
    "review": "어릴적 만화로 봤을땐 비극적연인의 사랑의 찬가였었는데 영화로 만난 까치는 위대한 개츠비의 상처받고 덜떨어진 키덜트 딱 그수준이다",
    "date": "15.08.16",
    "rating": "2",
    "author": "oris****",
    "review_id": "10240660",
    "movie_id": "10202"
  },
  {
    "review": "갓재성의 발굴을 제외하면 쓰레기급 영화",
    "date": "15.07.19",
    "rating": "4",
    "author": "nexp****",
    "review_id": "10118675",
    "movie_id": "10202"
  },
  {
    "review": "캐스팅은 미스같지만 우리나라 만화원작 영화에서는 명실상부 톱.",
    "date": "15.06.03",
    "rating": "9",
    "author": "kydh****",
    "review_id": "9972972",
    "movie_id": "10202"
  },
  {
    "review": "원조 원빈 최재성.진짜 잘생김",
    "date": "15.05.28",
    "rating": "7",
    "author": "pr5g****",
    "review_id": "9955926",
    "movie_id": "10202"
  },
  {
    "review": "빠따 소재라서 별로 와닿진 않지만 당시 호화급 캐스팅을 자랑하던 영화!",
    "date": "14.12.12",
    "rating": "10",
    "author": "ske4****",
    "review_id": "9467432",
    "movie_id": "10202"
  },
  {
    "review": "옛날에 재밌게 봤다..",
    "date": "14.11.05",
    "rating": "7",
    "author": "kem1****",
    "review_id": "9342018",
    "movie_id": "10202"
  },
  {
    "review": "지금 보면 손발 오그라드는 장면이 많지만 그 당시 순수했던 시절에서나 나올 수 있는 거다. 빼어난 주제가만으로도 이 영화의 가치가 있다.",
    "date": "14.08.26",
    "rating": "9",
    "author": "sieu****",
    "review_id": "9134653",
    "movie_id": "10202"
  },
  {
    "review": "최재성은 그럭저럭 까치와 비슷했는데....마동탁의 맹상훈, 엄지에 이보희는 미스 캐스팅이었다.    마동탁의 샤프한 이미지나 엄지의 청순한 이미지를 전혀 살리지 못 했지....",
    "date": "14.07.16",
    "rating": "3",
    "author": "free****",
    "review_id": "8919778",
    "movie_id": "10202"
  },
  {
    "review": "아무리 옛날 영화라지만 옥의티가 수백개.. 심지어 야구시합하는데 1회때 유니폼이랑 4회때 유니폼이 전혀 다름... 이딴걸 명작이라고 평가하다니.ㅉ",
    "date": "14.05.28",
    "rating": "1",
    "author": "cc51****",
    "review_id": "8771252",
    "movie_id": "10202"
  },
  {
    "review": "원작을 따라갔다는 점, 캐릭터를 잘 소화했다는 점에서 좋았다.",
    "date": "14.05.21",
    "rating": "10",
    "author": "yo_k****",
    "review_id": "8752198",
    "movie_id": "10202"
  },
  {
    "review": "볼만한점 : 배우들의 싱크로율(엄지제외), 배경음악 아쉬운점 : 남녀주인공 연기력, 이상한 짜집기 편집 결론 : 그 당시 철저하게 돈벌기 위해 만든 저예산 영화 치곤 의외로 잘 만들어진 영화 젊은 이보희와 최재성을 볼수 있어 좋은 영화",
    "date": "14.05.03",
    "rating": "6",
    "author": "wowl****",
    "review_id": "8696743",
    "movie_id": "10202"
  },
  {
    "review": "최고의 영화다! 다시 안 나오나? 리마스터링  버전!",
    "date": "14.02.06",
    "rating": "10",
    "author": "haen****",
    "review_id": "8481020",
    "movie_id": "10202"
  },
  {
    "review": "폭삭 삭은 엄지다.최재성이 불쌍하다.야인시대 멤버들도 있다.",
    "date": "13.11.07",
    "rating": "10",
    "author": "rbag****",
    "review_id": "8122658",
    "movie_id": "10202"
  },
  {
    "review": "다시봐도 잼있네요... 순수했던 시절...ㅋ",
    "date": "13.08.19",
    "rating": "9",
    "author": "mirj****",
    "review_id": "7902804",
    "movie_id": "10202"
  },
  {
    "review": "정수라의 노래가 끔찍하다고.. 그 당시 매주 라이오에서 순위을 정하는 프로가 있었는데 20주넘게 1위을 했던 곡이 바로 그곡이다...지금보면좀 유치해보일지 모르지만 원작의 절박함은 잘 살렸다고 생각한다..",
    "date": "13.08.08",
    "rating": "8",
    "author": "wewo****",
    "review_id": "7857450",
    "movie_id": "10202"
  },
  {
    "review": "난 네가 기뻐하는 일이라면 뭐든지 할 수 있어~",
    "date": "13.02.05",
    "rating": "10",
    "author": "thsd****",
    "review_id": "7228006",
    "movie_id": "10202"
  },
  {
    "review": "지금보면 미친 로멘스지만 원작을 많이 따라간것이 좋다",
    "date": "12.06.30",
    "rating": "7",
    "author": "solb****",
    "review_id": "6431232",
    "movie_id": "10202"
  },
  {
    "review": "엄지가 좀 노숙하구만.",
    "date": "12.04.12",
    "rating": "3",
    "author": "kos4****",
    "review_id": "6211418",
    "movie_id": "10202"
  },
  {
    "review": "쫌 어설퍼도, 원작의 처절함을 잘 살림. 근데 주제곡이 끔직하다는 돌대가리는 뭐지?",
    "date": "12.02.27",
    "rating": "9",
    "author": "towa****",
    "review_id": "6108457",
    "movie_id": "10202"
  },
  {
    "review": "연기력 만큼은 만화에서 튀어나온것 같은 절박함이 느껴졋다 제대로 보고 말해라",
    "date": "12.02.15",
    "rating": "10",
    "author": "dakh****",
    "review_id": "6077248",
    "movie_id": "10202"
  },
  {
    "review": "영화 개봉당시에도 원작 다 망쳤다고 욕을 욕을 했었는데..다시봐도 쓰레기.",
    "date": "12.01.20",
    "rating": "1",
    "author": "fall****",
    "review_id": "6003503",
    "movie_id": "10202"
  },
  {
    "review": "어릴 때 봤지만서도 그 때 기억으론 한국영화인 게 부끄러웠다",
    "date": "11.09.11",
    "rating": "3",
    "author": "aill****",
    "review_id": "5722581",
    "movie_id": "10202"
  },
  {
    "review": "그 당시에도 유치찬란했었다는...",
    "date": "11.08.04",
    "rating": "1",
    "author": "pria****",
    "review_id": "5598376",
    "movie_id": "10202"
  },
  {
    "review": "주제곡이 얼마나 좋고 인기도 많았는데 끔찍하다니 대체 무슨소리??",
    "date": "11.03.24",
    "rating": "8",
    "author": "tgun****",
    "review_id": "5331690",
    "movie_id": "10202"
  },
  {
    "review": "다른건 다 참아주겠는데,정수라가부르는,그끔찍한 멜로디의주제가만은 정말 사양이다.",
    "date": "11.02.16",
    "rating": "3",
    "author": "baks****",
    "review_id": "5247802",
    "movie_id": "10202"
  },
  {
    "review": "원작의 인상이 너무 강렬해서인지.... 영화는 밍숭맹숭 슉~슉~ 그래도 반갑긴 하다.",
    "date": "10.09.06",
    "rating": "9",
    "author": "heod****",
    "review_id": "4821067",
    "movie_id": "10202"
  },
  {
    "review": "만화에서 튀어나온듯한 까치 최재성의 카리스마와 불멸의 주제가. 그당시엔 재밌었음",
    "date": "10.08.03",
    "rating": "8",
    "author": "gall****",
    "review_id": "4703730",
    "movie_id": "10202"
  },
  {
    "review": "판타지가 현실로 호출 되었을 때의 우스꽝스러움. <바보선언>의 재기발랄함은 어디로?",
    "date": "10.05.15",
    "rating": "3",
    "author": "drs2****",
    "review_id": "4499972",
    "movie_id": "10202"
  },
  {
    "review": "물론 장르의 한계가 있겠지만, 이현세의 외인구단을 따라오기엔 턱없이 부족하다",
    "date": "10.03.20",
    "rating": "5",
    "author": "mygr****",
    "review_id": "4368796",
    "movie_id": "10202"
  },
  {
    "review": "지금보니 손발이 오그라든다.. ;;",
    "date": "09.11.14",
    "rating": "3",
    "author": "tn99****",
    "review_id": "3961545",
    "movie_id": "10202"
  },
  {
    "review": "참 재미있게 봤던 영화 한국 스포츠영화의 고전이 되어버렸다",
    "date": "09.11.05",
    "rating": "6",
    "author": "thra****",
    "review_id": "3937541",
    "movie_id": "10202"
  },
  {
    "review": "만화를 한번도 못봤다면 보지마셈 스토리전개 졸빠르고 내용이해 못하심 ㅋㅋ",
    "date": "09.06.10",
    "rating": "10",
    "author": "gltk****",
    "review_id": "3557199",
    "movie_id": "10202"
  },
  {
    "review": "예상외의 평점이다....그 당시에서는 잘 만든 영화였는데..........",
    "date": "09.06.01",
    "rating": "10",
    "author": "moto****",
    "review_id": "3537762",
    "movie_id": "10202"
  },
  {
    "review": "지금보면 좀 유치하지만 당시로선 잘 만든 야구물. 만화를 보고 봐야 완전 이해.",
    "date": "09.05.15",
    "rating": "7",
    "author": "sykm****",
    "review_id": "3496393",
    "movie_id": "10202"
  },
  {
    "review": "난 네가 좋아하는 일이라면 뭐든지 할수 잇어",
    "date": "08.05.26",
    "rating": "5",
    "author": "meth****",
    "review_id": "2664245",
    "movie_id": "10202"
  },
  {
    "review": "나름 비장미 넘치는....최재성도 꽃미남이었다",
    "date": "08.02.21",
    "rating": "7",
    "author": "0323****",
    "review_id": "2468098",
    "movie_id": "10202"
  },
  {
    "review": "초절정의 경공술을 선보여준다",
    "date": "08.02.05",
    "rating": "6",
    "author": "stra****",
    "review_id": "2412697",
    "movie_id": "10202"
  },
  {
    "review": "원작의 감동을 재현하기엔 기술력의 한계가 너무 크다 ...",
    "date": "08.01.27",
    "rating": "6",
    "author": "1stl****",
    "review_id": "2374373",
    "movie_id": "10202"
  },
  {
    "review": "너무 원작에만 충실한거 같다. 만화보단 시각적인 효과만 더 나을분..",
    "date": "08.01.11",
    "rating": "6",
    "author": "evil****",
    "review_id": "2318578",
    "movie_id": "10202"
  },
  {
    "review": "good",
    "date": "07.12.02",
    "rating": "6",
    "author": "cles****",
    "review_id": "2201034",
    "movie_id": "10202"
  },
  {
    "review": "한국야구만화계의 전설..공포의 외인구단..",
    "date": "07.09.24",
    "rating": "10",
    "author": "leno****",
    "review_id": "2043033",
    "movie_id": "10202"
  },
  {
    "review": "볼만",
    "date": "07.08.29",
    "rating": "6",
    "author": "ysuh****",
    "review_id": "1987469",
    "movie_id": "10202"
  },
  {
    "review": "난 니가 조아라하는 일이라면...머 든지 할수이써;;",
    "date": "07.08.25",
    "rating": "9",
    "author": "typo****",
    "review_id": "1976508",
    "movie_id": "10202"
  },
  {
    "review": "내 고등학교시절 최고의 영화. 그때가 그립다.",
    "date": "07.07.26",
    "rating": "10",
    "author": "tlad****",
    "review_id": "1811604",
    "movie_id": "10202"
  },
  {
    "review": "이현세 동명의원작. 투캅스의 안성기-권용운 콤비의 시작. ?",
    "date": "07.03.06",
    "rating": "8",
    "author": "salm****",
    "review_id": "1521118",
    "movie_id": "10202"
  },
  {
    "review": "원작이 비해 마니 떨어지지만 참아줄만 하다",
    "date": "07.02.14",
    "rating": "5",
    "author": "ppp0****",
    "review_id": "1471012",
    "movie_id": "10202"
  },
  {
    "review": "우리나라 영화의 최근 성장도를 가늠해 볼 수 있는 추억의 명화",
    "date": "07.01.28",
    "rating": "6",
    "author": "seun****",
    "review_id": "1420092",
    "movie_id": "10202"
  },
  {
    "review": "강추",
    "date": "07.01.13",
    "rating": "10",
    "author": "poet****",
    "review_id": "1379560",
    "movie_id": "10202"
  },
  {
    "review": "이장호의 일편단심 이보희 사랑.",
    "date": "07.01.04",
    "rating": "7",
    "author": "elf2****",
    "review_id": "1355595",
    "movie_id": "10202"
  },
  {
    "review": "만화가 좋아서 그나마 나아보이는 것.",
    "date": "06.12.07",
    "rating": "7",
    "author": "cjsg****",
    "review_id": "1272445",
    "movie_id": "10202"
  },
  {
    "review": "최고다!!",
    "date": "06.10.16",
    "rating": "10",
    "author": "mmma****",
    "review_id": "1184091",
    "movie_id": "10202"
  },
  {
    "review": "백두산의 ost가 정말 마음에 들었는데 ..",
    "date": "06.09.09",
    "rating": "10",
    "author": "tuff****",
    "review_id": "1112633",
    "movie_id": "10202"
  },
  {
    "review": "최재성의 카리스마가 느껴졌던",
    "date": "06.08.14",
    "rating": "10",
    "author": "qafa****",
    "review_id": "1028120",
    "movie_id": "10202"
  },
  {
    "review": "볼만한 영화",
    "date": "06.08.02",
    "rating": "10",
    "author": "zeed****",
    "review_id": "956529",
    "movie_id": "10202"
  },
  {
    "review": "봐도 명작이징",
    "date": "06.07.12",
    "rating": "10",
    "author": "cjp9****",
    "review_id": "887185",
    "movie_id": "10202"
  },
  {
    "review": "이현세 만화를 원작으로 한 영화 중 가장 성공작",
    "date": "06.03.10",
    "rating": "7",
    "author": "whit****",
    "review_id": "710912",
    "movie_id": "10202"
  },
  {
    "review": "유치한 덕분에 더욱 아름다웠던..",
    "date": "05.12.24",
    "rating": "8",
    "author": "yowh****",
    "review_id": "526536",
    "movie_id": "10202"
  },
  {
    "review": "제목이 이장호??",
    "date": "05.12.24",
    "rating": "5",
    "author": "kws7****",
    "review_id": "525676",
    "movie_id": "10202"
  },
  {
    "review": "눈시울을 적셨던~ 그리고 실컷 웃었던..",
    "date": "05.12.24",
    "rating": "10",
    "author": "blue****",
    "review_id": "523868",
    "movie_id": "10202"
  },
  {
    "review": "나름대로 배역에 맞는 적절한 캐스팅이 좋다.",
    "date": "05.12.15",
    "rating": "4",
    "author": "tara****",
    "review_id": "505730",
    "movie_id": "10202"
  },
  {
    "review": "감동적이었던..",
    "date": "05.10.26",
    "rating": "10",
    "author": "dlsg****",
    "review_id": "455673",
    "movie_id": "10202"
  },
  {
    "review": "오늘다시보니 까치가 너무 나약하게만 느껴진다...",
    "date": "05.10.18",
    "rating": "6",
    "author": "seag****",
    "review_id": "447054",
    "movie_id": "10202"
  },
  {
    "review": "괜찮던데...",
    "date": "05.10.05",
    "rating": "10",
    "author": "gjpa****",
    "review_id": "434412",
    "movie_id": "10202"
  },
  {
    "review": "쓰레기 같은..",
    "date": "05.09.10",
    "rating": "1",
    "author": "thfr****",
    "review_id": "399024",
    "movie_id": "10202"
  },
  {
    "review": "까치의 실명에 울컥했던 기억이..",
    "date": "05.09.05",
    "rating": "9",
    "author": "akit****",
    "review_id": "393894",
    "movie_id": "10202"
  },
  {
    "review": "기획의 승리~",
    "date": "05.08.22",
    "rating": "7",
    "author": "cat1****",
    "review_id": "380219",
    "movie_id": "10202"
  },
  {
    "review": "까치라는캐릭터의승리다 엄지도너무 이쁘고",
    "date": "05.07.24",
    "rating": "7",
    "author": "izzo****",
    "review_id": "332305",
    "movie_id": "10202"
  },
  {
    "review": "이보다 더 나은 스포츠영화는 없다...",
    "date": "04.11.25",
    "rating": "8",
    "author": "taaz****",
    "review_id": "151514",
    "movie_id": "10202"
  },
  {
    "review": "걍 재밌었던, 이보희가 고등학생으로 나온건 코미디..ㅋㅋ",
    "date": "04.11.10",
    "rating": "8",
    "author": "htop****",
    "review_id": "143385",
    "movie_id": "10202"
  }
]