[
  {
    "review": "액션도 약하고 그다지...",
    "date": "14.03.25",
    "rating": "5",
    "author": "dbzh****",
    "review_id": "8605044",
    "movie_id": "10210"
  },
  {
    "review": "니콜성님 젊었을때 찍은 영화! 나름 볼만한 영화인데 평점이 낮네?",
    "date": "14.03.05",
    "rating": "10",
    "author": "ske4****",
    "review_id": "8556901",
    "movie_id": "10210"
  },
  {
    "review": "재밌다 ㅋㅋ",
    "date": "11.10.17",
    "rating": "10",
    "author": "dugg****",
    "review_id": "5794819",
    "movie_id": "10210"
  },
  {
    "review": "어릴 때는 정말 재미있게 봤는데 다시 보니 니콜라스 케이지가 마초 같이 그려졌다ㅠ",
    "date": "11.04.14",
    "rating": "7",
    "author": "milk****",
    "review_id": "5373741",
    "movie_id": "10210"
  },
  {
    "review": "헬기 핵션만큼은 굿",
    "date": "11.01.25",
    "rating": "10",
    "author": "gksr****",
    "review_id": "5182813",
    "movie_id": "10210"
  },
  {
    "review": "블록버스터라하기엔 뭔가 좀 부족하고 지루하다 .",
    "date": "11.01.20",
    "rating": "5",
    "author": "evil****",
    "review_id": "5171925",
    "movie_id": "10210"
  },
  {
    "review": "ㅎㅎ 지금보니 화려한 출연진~~ ㅋㅋㅋ",
    "date": "10.03.24",
    "rating": "8",
    "author": "pass****",
    "review_id": "4384541",
    "movie_id": "10210"
  },
  {
    "review": "혐오. 니콜라스 케이지",
    "date": "09.10.25",
    "rating": "1",
    "author": "pria****",
    "review_id": "3913839",
    "movie_id": "10210"
  },
  {
    "review": "벌써 20년전... 당시에는 통했을지 몰라도 현재 관점에선 어림없는 구성.",
    "date": "09.05.08",
    "rating": "4",
    "author": "acin****",
    "review_id": "3478216",
    "movie_id": "10210"
  },
  {
    "review": "헬기액션만은 만점!!!!그외엔 별로비츄^-^",
    "date": "09.02.17",
    "rating": "10",
    "author": "seal****",
    "review_id": "3311649",
    "movie_id": "10210"
  },
  {
    "review": "헬기액션은 볼만함",
    "date": "08.12.11",
    "rating": "8",
    "author": "seun****",
    "review_id": "3106386",
    "movie_id": "10210"
  },
  {
    "review": "출연진 정말 화려하다 그리고 헬기 액션을 멋지게 잘 그린 작품이다",
    "date": "08.05.01",
    "rating": "7",
    "author": "deff****",
    "review_id": "2608425",
    "movie_id": "10210"
  },
  {
    "review": "1990년대에 저 정도 만들었다면 괜찮은 편.",
    "date": "07.08.13",
    "rating": "7",
    "author": "ghos****",
    "review_id": "1933527",
    "movie_id": "10210"
  },
  {
    "review": "탑건(9)보다 OOO 밸런스가 떨어지지만 실지 비행액션의 포스는 충분하다",
    "date": "07.08.12",
    "rating": "8",
    "author": "west****",
    "review_id": "1925270",
    "movie_id": "10210"
  },
  {
    "review": "탑건보다는 못하넹",
    "date": "06.10.29",
    "rating": "7",
    "author": "shh7****",
    "review_id": "1205457",
    "movie_id": "10210"
  },
  {
    "review": "B급배우시절의 니콜라스케이지와 션영의 모습.,전투장면은 볼만",
    "date": "06.01.17",
    "rating": "7",
    "author": "snip****",
    "review_id": "594245",
    "movie_id": "10210"
  },
  {
    "review": "이거 보고 프라모델 샀던.",
    "date": "05.12.24",
    "rating": "6",
    "author": "blue****",
    "review_id": "525680",
    "movie_id": "10210"
  },
  {
    "review": "헬기 액션 영화치곤 좀 밋밋함 배우들 매력도 덜 살아 있음",
    "date": "05.12.16",
    "rating": "7",
    "author": "kimj****",
    "review_id": "507570",
    "movie_id": "10210"
  },
  {
    "review": "아파치 VS 스콜피온! 흥미진진한 헬기액션.",
    "date": "05.02.03",
    "rating": "9",
    "author": "hand****",
    "review_id": "206089",
    "movie_id": "10210"
  }
]