[
  {
    "review_id": "10063723",
    "movie_id": "102143",
    "author": "1222****",
    "review": "아 화성의물,침묵의 도서관 와.... 말이 안나온다",
    "rating": "10",
    "date": "15.07.03"
  },
  {
    "review_id": "9787890",
    "movie_id": "102143",
    "author": "ske4****",
    "review": "닥터후 시리즈는 뭐다??? 관심이다!!",
    "rating": "10",
    "date": "15.03.16"
  },
  {
    "review_id": "9666465",
    "movie_id": "102143",
    "author": "osow****",
    "review": "사즌1부터 시즌4까지의 중요인물들은 모두 나온다!! 그리고 뿌린 복선을 그대로 수확하여 열매로 만든 시즌@!!! 아쉬운건 테닥...과 그와 만나지 더 이상 못하는 인물들..",
    "rating": "10",
    "date": "15.02.04"
  },
  {
    "review_id": "9603081",
    "movie_id": "102143",
    "author": "kk7o****",
    "review": "정말 인기많았으면하는 유일한 드라마..",
    "rating": "10",
    "date": "15.01.17"
  },
  {
    "review_id": "8511991",
    "movie_id": "102143",
    "author": "tnwl****",
    "review": "진리였음레알ㅠㅠ♥테닥존잘흐규ㅠㅠ",
    "rating": "10",
    "date": "14.02.16"
  },
  {
    "review_id": "8171390",
    "movie_id": "102143",
    "author": "gree****",
    "review": "10글자까지도 필요없다 그냥 최고",
    "rating": "10",
    "date": "13.11.27"
  },
  {
    "review_id": "8121386",
    "movie_id": "102143",
    "author": "dlwl****",
    "review": "제기랄 이게 최고다... 모든 복선을 처리하고 새 복선을 만든 엄청난 시즌",
    "rating": "10",
    "date": "13.11.07"
  },
  {
    "review_id": "7282758",
    "movie_id": "102143",
    "author": "zlat****",
    "review": "테닥ㅠㅠㅠㅠㅠㅠㅠㅠㅠㅠㅠ",
    "rating": "10",
    "date": "13.02.19"
  },
  {
    "review_id": "7259550",
    "movie_id": "102143",
    "author": "sjs5****",
    "review": "진짜..테닥돌아와요",
    "rating": "10",
    "date": "13.02.13"
  },
  {
    "review_id": "7238419",
    "movie_id": "102143",
    "author": "ljsh****",
    "review": "꿀재미",
    "rating": "10",
    "date": "13.02.08"
  },
  {
    "review_id": "7097848",
    "movie_id": "102143",
    "author": "choo****",
    "review": "이런드라마가 또 나올까.. 거기다 데이비드테넌트.. 테닥.. 돌아와주면 안되나..",
    "rating": "10",
    "date": "13.01.10"
  },
  {
    "review_id": "7050185",
    "movie_id": "102143",
    "author": "zizi****",
    "review": "재밌음",
    "rating": "10",
    "date": "12.12.26"
  }
]