[
  {
    "review": "보면 볼수록 핵대중과 뇌물연이 생각난다. 자신의 악행을 덮고 뻔뻔하게 다른 사람들에게 그 죄를 전가하던 그 모습들...",
    "date": "15.08.09",
    "rating": "8",
    "author": "hanj****",
    "review_id": "10207438",
    "movie_id": "10213"
  },
  {
    "review": "코스타 가브라스 감독의 시선은 대한민국의 21세기 초반....그..위..위..위에 있다!!",
    "date": "15.05.09",
    "rating": "9",
    "author": "y500****",
    "review_id": "9904940",
    "movie_id": "10213"
  },
  {
    "review": "다시 한번 더 봤는데 역시 명작이다",
    "date": "14.10.07",
    "rating": "9",
    "author": "clef****",
    "review_id": "9271307",
    "movie_id": "10213"
  },
  {
    "review": "... ㅜㅜ... 흐휴",
    "date": "14.06.28",
    "rating": "10",
    "author": "kglj****",
    "review_id": "8864820",
    "movie_id": "10213"
  },
  {
    "review": "내가 본 법정영화들 중에서 최고",
    "date": "14.01.07",
    "rating": "10",
    "author": "318s****",
    "review_id": "8357714",
    "movie_id": "10213"
  },
  {
    "review": "인간이 왜 그런 잔인한 행동을 하고 현재는 부정할까...",
    "date": "13.10.13",
    "rating": "9",
    "author": "meye****",
    "review_id": "8057998",
    "movie_id": "10213"
  },
  {
    "review": "누구에게나 크고작은 뮤직박스는 있지않을까 그러나 반드시 진실은  드러나야하는법",
    "date": "13.03.19",
    "rating": "8",
    "author": "jjcv****",
    "review_id": "7368091",
    "movie_id": "10213"
  },
  {
    "review": "인간의 양면성에 대한 질문, 우리는 언제나 악해질 수 있는 그런 존재일까",
    "date": "13.02.23",
    "rating": "10",
    "author": "donn****",
    "review_id": "7294934",
    "movie_id": "10213"
  },
  {
    "review": "간만에 몰입되었다. 완벽하다.",
    "date": "13.01.14",
    "rating": "10",
    "author": "lotu****",
    "review_id": "7114333",
    "movie_id": "10213"
  },
  {
    "review": "어떤돈많고말못하며아는것없는..정말없어도너무없는..그러나지금껏로얄페밀리로존대받는..아버지의흠결도인지못하는..어느권력욕에휩싸인..영화속의제시카랭보다너무나도한참밑바닥인 그녀가꼭!봤으면하는영화",
    "date": "12.12.06",
    "rating": "9",
    "author": "work****",
    "review_id": "6976689",
    "movie_id": "10213"
  },
  {
    "review": "굿~",
    "date": "12.12.02",
    "rating": "9",
    "author": "cyl0****",
    "review_id": "6959792",
    "movie_id": "10213"
  },
  {
    "review": "요즈음..박그네를 보면 이 영화가 오버랩 된다.스스로 대선에 뛰어들어 뮤직박스에 감춰진 박정희의 만행의 사건들이 하나둘 수면위로 떠오른다.그 누구도 아닌 그네 스스로 뮤직박스를 열었다.진실은 뮤직박스안에서 누군가 열기만 기다리고 있었다.",
    "date": "12.09.22",
    "rating": "10",
    "author": "come****",
    "review_id": "6719598",
    "movie_id": "10213"
  },
  {
    "review": "필라델피아,데이비드게일을 뛰어넘는 법정영화 중 최고!",
    "date": "11.12.18",
    "rating": "10",
    "author": "nkot****",
    "review_id": "5912402",
    "movie_id": "10213"
  },
  {
    "review": "흠 잡기 힘든 영화..단지 정신연령 낮은 사람은 이해하기 힘든 영화.",
    "date": "11.11.28",
    "rating": "9",
    "author": "gipi****",
    "review_id": "5875205",
    "movie_id": "10213"
  },
  {
    "review": "이런영화가있었다뉘!인간의본질에대해다시한번생각케함!배우제시카랭의재발견^^!",
    "date": "11.11.27",
    "rating": "10",
    "author": "love****",
    "review_id": "5874679",
    "movie_id": "10213"
  },
  {
    "review": "개인의 믿음과 욕심이 덧붙은 혈육과 정의와 양심 사이에서의 갈등을 법정으로 연출",
    "date": "11.11.27",
    "rating": "10",
    "author": "kimg****",
    "review_id": "5874606",
    "movie_id": "10213"
  },
  {
    "review": "다시는 이런 비극이 없는 세상을 꿈꾸며...",
    "date": "11.11.27",
    "rating": "9",
    "author": "jky0****",
    "review_id": "5873742",
    "movie_id": "10213"
  },
  {
    "review": "지루하지 않아... 가슴이 찡한 영화",
    "date": "11.09.05",
    "rating": "8",
    "author": "psy9****",
    "review_id": "5709282",
    "movie_id": "10213"
  },
  {
    "review": "시나리오는 좋으나 지루하다",
    "date": "11.08.14",
    "rating": "1",
    "author": "mara****",
    "review_id": "5648157",
    "movie_id": "10213"
  },
  {
    "review": "20년이 지난 지금, 다시 봐도 최고의 영화라는데 이견이 있을 수 없다.",
    "date": "11.08.07",
    "rating": "10",
    "author": "palr****",
    "review_id": "5617293",
    "movie_id": "10213"
  },
  {
    "review": "대반전을 예고하는 뮤직 박스를 통하여 정의를 일깨워 주는 작품.",
    "date": "11.08.04",
    "rating": "7",
    "author": "sco_****",
    "review_id": "5598409",
    "movie_id": "10213"
  },
  {
    "review": "red river, blue body",
    "date": "11.03.10",
    "rating": "7",
    "author": "bbq2****",
    "review_id": "5302553",
    "movie_id": "10213"
  },
  {
    "review": "좋은 시나리오..",
    "date": "10.09.04",
    "rating": "8",
    "author": "bitt****",
    "review_id": "4816304",
    "movie_id": "10213"
  },
  {
    "review": "잔혹한 진실을 밝힌 앤의용기에 찬사를 보낸다...",
    "date": "10.04.27",
    "rating": "10",
    "author": "dosl****",
    "review_id": "4460804",
    "movie_id": "10213"
  },
  {
    "review": "최고엿다..",
    "date": "10.04.26",
    "rating": "10",
    "author": "mono****",
    "review_id": "4456420",
    "movie_id": "10213"
  },
  {
    "review": "최고 난이도의 문제를 너무 성급하게 풀었다",
    "date": "10.03.19",
    "rating": "7",
    "author": "cius****",
    "review_id": "4366463",
    "movie_id": "10213"
  },
  {
    "review": "국민을 내세우고 노예 부리듯 하는 정치꾼들이 봐야 할 영화임.",
    "date": "10.02.28",
    "rating": "8",
    "author": "jjyn****",
    "review_id": "4323530",
    "movie_id": "10213"
  },
  {
    "review": "세상에나..너무 썸뜩하고 슬프다....",
    "date": "10.02.13",
    "rating": "10",
    "author": "dj16****",
    "review_id": "4276377",
    "movie_id": "10213"
  },
  {
    "review": "10년전에 비디오로 여러번 보고 10년후 정말 다시 봐도 최고인 영화",
    "date": "10.01.30",
    "rating": "10",
    "author": "nhcy****",
    "review_id": "4223636",
    "movie_id": "10213"
  },
  {
    "review": "아찔하고 불편한 진실...",
    "date": "09.12.13",
    "rating": "10",
    "author": "jmp0****",
    "review_id": "4041071",
    "movie_id": "10213"
  },
  {
    "review": "너무 잘 만든 영화..제시카 랭은 요즘 많이 안나오던데..정말 많이 보고 싶은 배우",
    "date": "09.06.26",
    "rating": "10",
    "author": "foro****",
    "review_id": "3592209",
    "movie_id": "10213"
  },
  {
    "review": "그저 너무 잘 만든 영화다",
    "date": "09.05.29",
    "rating": "10",
    "author": "92ba****",
    "review_id": "3531387",
    "movie_id": "10213"
  },
  {
    "review": "도덕성와 윤리관이 부재한 우리나라 법조인들이 꼭봐야할 영화",
    "date": "09.05.24",
    "rating": "10",
    "author": "i_no****",
    "review_id": "3517399",
    "movie_id": "10213"
  },
  {
    "review": "피한방울 안나오는데 소름끼치네",
    "date": "09.05.22",
    "rating": "10",
    "author": "lth1****",
    "review_id": "3513970",
    "movie_id": "10213"
  },
  {
    "review": "극장에서 보았는데 아버지를 항변하는 딸 마지막 그 뮤직박스 모든 진실을 말한다",
    "date": "08.09.29",
    "rating": "9",
    "author": "deff****",
    "review_id": "2974455",
    "movie_id": "10213"
  },
  {
    "review": "뮤직박스열고 음악이 흘르면서 사진이 나올때... 아직도 기억난다.",
    "date": "08.08.27",
    "rating": "10",
    "author": "hein****",
    "review_id": "2905337",
    "movie_id": "10213"
  },
  {
    "review": "내생에 최고의 감동을 준 영화, 마지막 OST음악은 아직도 지존",
    "date": "08.07.20",
    "rating": "10",
    "author": "darn****",
    "review_id": "2785875",
    "movie_id": "10213"
  },
  {
    "review": "내 생에 크나큰 감동을 줬던 영화로 3위 안에 드는 영화",
    "date": "08.06.29",
    "rating": "10",
    "author": "pres****",
    "review_id": "2729827",
    "movie_id": "10213"
  },
  {
    "review": "많은 것을 생각케 해주는 영화.",
    "date": "08.06.28",
    "rating": "10",
    "author": "chol****",
    "review_id": "2725407",
    "movie_id": "10213"
  },
  {
    "review": "내생에 최고의 영화",
    "date": "08.02.11",
    "rating": "10",
    "author": "h173****",
    "review_id": "2436976",
    "movie_id": "10213"
  },
  {
    "review": "걸작이 되고 싶어서 오버하는 소품.그래도 훌륭하다",
    "date": "07.09.05",
    "rating": "8",
    "author": "baks****",
    "review_id": "2002707",
    "movie_id": "10213"
  },
  {
    "review": "킹콩의 에로틱했던 히로인의 분발",
    "date": "07.06.27",
    "rating": "7",
    "author": "gold****",
    "review_id": "1724591",
    "movie_id": "10213"
  },
  {
    "review": "우리 나라에선 좀처럼 볼 수 없겠지",
    "date": "07.06.24",
    "rating": "8",
    "author": "lead****",
    "review_id": "1719383",
    "movie_id": "10213"
  },
  {
    "review": "진정 정의가 사랑을 이길 수 있단 말인가...",
    "date": "07.06.09",
    "rating": "8",
    "author": "kihy****",
    "review_id": "1692947",
    "movie_id": "10213"
  },
  {
    "review": "꼭 한번 보세요.",
    "date": "07.01.23",
    "rating": "10",
    "author": "zeus****",
    "review_id": "1409130",
    "movie_id": "10213"
  },
  {
    "review": "씻을수 없는 상처지만 진실을 밝힌 앤의 마지막 결단에 박수를~",
    "date": "06.10.13",
    "rating": "8",
    "author": "hye5****",
    "review_id": "1178298",
    "movie_id": "10213"
  },
  {
    "review": "타인의 뿌리를 아프게 했다면 자신의 뿌리가 아파도 할말없지",
    "date": "06.10.07",
    "rating": "10",
    "author": "choc****",
    "review_id": "1166808",
    "movie_id": "10213"
  },
  {
    "review": "정의에 한표를 던집니다.",
    "date": "06.07.05",
    "rating": "10",
    "author": "yoki****",
    "review_id": "872087",
    "movie_id": "10213"
  },
  {
    "review": "저 행복한 가정을 파탄내는 것이 과연 옳은 일인가 말인가?",
    "date": "06.01.15",
    "rating": "7",
    "author": "okjo****",
    "review_id": "589835",
    "movie_id": "10213"
  },
  {
    "review": "과거청산. 생각보다 어려운 일일수있음을 보여준다.",
    "date": "05.10.11",
    "rating": "9",
    "author": "odil****",
    "review_id": "439851",
    "movie_id": "10213"
  },
  {
    "review": "지금 봐도 재밌습니다 어디하나 빠지는것 없어요",
    "date": "05.05.30",
    "rating": "10",
    "author": "dark****",
    "review_id": "290458",
    "movie_id": "10213"
  },
  {
    "review": "다시봐도 최고인 영화",
    "date": "05.05.09",
    "rating": "10",
    "author": "cold****",
    "review_id": "274468",
    "movie_id": "10213"
  },
  {
    "review": "인류적 양심과 가족애 사이. 그녀의 용기있는 행동에 박수를...",
    "date": "05.03.07",
    "rating": "9",
    "author": "hadl****",
    "review_id": "236932",
    "movie_id": "10213"
  },
  {
    "review": "우리 나라에서는 여전히 아쉬운, 그러나 정말 필요한 그 모습.",
    "date": "04.10.10",
    "rating": "9",
    "author": "litt****",
    "review_id": "123010",
    "movie_id": "10213"
  },
  {
    "review": "최고 최고 한뭐당 박모씨와 너무나 비교되는 모습...",
    "date": "04.08.03",
    "rating": "5",
    "author": "wima****",
    "review_id": "82842",
    "movie_id": "10213"
  },
  {
    "review": "어린 시절 받았던 감동이 여전히 잊혀지지 않는 영화",
    "date": "04.07.27",
    "rating": "9",
    "author": "at_w****",
    "review_id": "77690",
    "movie_id": "10213"
  },
  {
    "review": "마지막 앤의 결단을 보면서, 나도 눈물이 났다. 누구와 무척 비교된다.",
    "date": "04.04.24",
    "rating": "10",
    "author": "sket****",
    "review_id": "38779",
    "movie_id": "10213"
  },
  {
    "review": "어릴적 전쟁의 참혹함을 일깨워준 영화",
    "date": "03.12.23",
    "rating": "8",
    "author": "hihi****",
    "review_id": "5512",
    "movie_id": "10213"
  }
]