[
  {
    "review_id": "9314338",
    "movie_id": "102118",
    "author": "akrs****",
    "review": "언제봐도 웃김 ㅋㅋㅋ 풋풋함",
    "rating": "10",
    "date": "14.10.25"
  },
  {
    "review_id": "9313679",
    "movie_id": "102118",
    "author": "yu_i****",
    "review": "깨플도재미있고서열왕도재미있음ㅎㅎ",
    "rating": "10",
    "date": "14.10.24"
  },
  {
    "review_id": "9004582",
    "movie_id": "102118",
    "author": "leek****",
    "review": "1234567891",
    "rating": "1",
    "date": "14.08.02"
  },
  {
    "review_id": "8923830",
    "movie_id": "102118",
    "author": "xo2x****",
    "review": "깨플 이후에 내가 본 아이돌 예능 중에선 제일 재미있었다",
    "rating": "10",
    "date": "14.07.17"
  }
]