[
  {
    "review_id": "9892919",
    "movie_id": "102119",
    "author": "ske4****",
    "review": "예전 웃찾사 암흑 시절을 이끌던 애덜은 진짜 노잼",
    "rating": "1",
    "date": "15.05.04"
  },
  {
    "review_id": "9574931",
    "movie_id": "102119",
    "author": "rkfm****",
    "review": "예전에 보다가 노잼이어서 안봄.솔까 깔수도있는거지 까면 역으로까니 ㅉㅉ",
    "rating": "3",
    "date": "15.01.08"
  },
  {
    "review_id": "9505476",
    "movie_id": "102119",
    "author": "devi****",
    "review": "사람들은 재밌다고 하는데 억지가 심하고 어디서 웃어야 될지 모르겟다. .. 왜 인기 많은거여>? ㅋㅋ",
    "rating": "1",
    "date": "14.12.23"
  },
  {
    "review_id": "9498850",
    "movie_id": "102119",
    "author": "qkrw****",
    "review": "코빅점점더재미있어지는거같아요!!♡♡",
    "rating": "10",
    "date": "14.12.21"
  },
  {
    "review_id": "9484396",
    "movie_id": "102119",
    "author": "winn****",
    "review": "한코너도빠짐없이 다 너무재밌어요 !♥♥♥",
    "rating": "10",
    "date": "14.12.18"
  },
  {
    "review_id": "9481422",
    "movie_id": "102119",
    "author": "wsle****",
    "review": "솔직히 코미디 빅리그 진짜 재미잇다 하지만 남을 비방하고 하는 것은 예의가 아니다 그리고 자기보다 대 선배인 사람들을 그렇게 비난하거나 하는것은 연예인으로서 아닌거같다 사과해야 된다고 생각합니다",
    "rating": "3",
    "date": "14.12.17"
  },
  {
    "review_id": "9475746",
    "movie_id": "102119",
    "author": "ckpo****",
    "review": "쓰레기프로 너무 막나감 어느정도선은지켜야지",
    "rating": "1",
    "date": "14.12.15"
  },
  {
    "review_id": "9474469",
    "movie_id": "102119",
    "author": "minj****",
    "review": "무도를 건드리는건 심했다",
    "rating": "1",
    "date": "14.12.14"
  },
  {
    "review_id": "9433026",
    "movie_id": "102119",
    "author": "ghjk****",
    "review": "진짜재밌어요! 요즘코빅덕분에 웃습니다 화이팅!!!",
    "rating": "10",
    "date": "14.11.29"
  },
  {
    "review_id": "9432635",
    "movie_id": "102119",
    "author": "bumd****",
    "review": "코빅은 다 재미있어서 조아요 근데 용명왈이 순위권에 못 드는게 아쉽네 난 개인적으로 되게 재밌던데♥♥♥",
    "rating": "10",
    "date": "14.11.29"
  },
  {
    "review_id": "9365595",
    "movie_id": "102119",
    "author": "hitj****",
    "review": "부들부들 왜 안하나요 ㅜㅜ 부들부들 보는게 제일 재밌어서 챙겨봤는데.. ㅜㅜ정주리짱 ..",
    "rating": "1",
    "date": "14.11.10"
  },
  {
    "review_id": "9337540",
    "movie_id": "102119",
    "author": "ljw9****",
    "review": "밑에분 \"애들이 보면...\" 이라 하셨는데 이 프로는 15세 관람가 입니다. 녹화장에도 15세 미만은 일체 입장 금지고요. 이 프로가 왜 15세 관람가인지를 아신다음에 평 올리셨으면 합니다. 전 개인적으로 개콘보다 잼있네요^^",
    "rating": "10",
    "date": "14.11.02"
  },
  {
    "review_id": "9337434",
    "movie_id": "102119",
    "author": "q239****",
    "review": "갑과을 코너 뺨때리는 장면 너무하네요 한번도 아니라 계속이라니 아이들이랑 같이 보는데 배울까봐 겁나네요 뺨때리는 장면에서 웃으라는 건가요?? 이건 정말 아니라고 생각합니다 없애주세요",
    "rating": "2",
    "date": "14.11.02"
  },
  {
    "review_id": "9337238",
    "movie_id": "102119",
    "author": "jimo****",
    "review": "꿀잼완잼ㅎㅎ창업의신은 좀더분발해야할듯..",
    "rating": "10",
    "date": "14.11.02"
  },
  {
    "review_id": "9327627",
    "movie_id": "102119",
    "author": "wlgu****",
    "review": "항상 볼때마다 느끼는데 갑과을이나썸앤쌈이나 다 때리는거 너무 심하게 과격하게때리시는듯. 애들도 마니보는데 좀 조절해주셨으면해요 아무리 잼있고 호흥이 좋아도 때리는 개그는이제 그만해도 될듯해서 남갑니다.",
    "rating": "1",
    "date": "14.10.29"
  },
  {
    "review_id": "9324786",
    "movie_id": "102119",
    "author": "jwg9****",
    "review": "개그에 취향은 누구나 다른겁니다 여기서 개콘까지마세요 코빅좋아하시는분은 그냥 적고 가세요 개콘까는거 보기 안좋습니다",
    "rating": "5",
    "date": "14.10.28"
  },
  {
    "review_id": "9315801",
    "movie_id": "102119",
    "author": "cook****",
    "review": "갑과을 엄청재밌다진짜싸대기때릴때마다 내 속이시원해 흥해라",
    "rating": "10",
    "date": "14.10.25"
  },
  {
    "review_id": "9310479",
    "movie_id": "102119",
    "author": "hsmj****",
    "review": "갑과을.. 따귀를 너무 심하게 때림 ㅡㅡ요즘 페이스북으로 학생들도 다 보는데..진짜 혐오.. 보는 내내 인상찌푸림코너는 재밌고 좋아요..",
    "rating": "3",
    "date": "14.10.23"
  },
  {
    "review_id": "9286753",
    "movie_id": "102119",
    "author": "kwak****",
    "review": "완전 재미써 굿 굿!!캐스팅 썸앤쌈 10년째연애중 재미써!",
    "rating": "10",
    "date": "14.10.12"
  },
  {
    "review_id": "9281708",
    "movie_id": "102119",
    "author": "mans****",
    "review": "코빅 재밌는데 행동학개론 너무 재미없어..",
    "rating": "7",
    "date": "14.10.10"
  },
  {
    "review_id": "9275248",
    "movie_id": "102119",
    "author": "sse4****",
    "review": "나는 개콘보다 코빅이 가장 재밌음.캐스팅 개 꿀잼!",
    "rating": "10",
    "date": "14.10.08"
  },
  {
    "review_id": "9266542",
    "movie_id": "102119",
    "author": "ynu0****",
    "review": "코미디빅리그 재미없음  인기가없다코미디빅리그 내려라코미딕빅리그없으면 SNL코리아하면됨SNL코리아재밌음 snl코리아잘만들었음  코미딕빅리그 언제적꺼임 종료 해야겠너 ㅋㅋ",
    "rating": "1",
    "date": "14.10.05"
  },
  {
    "review_id": "9249693",
    "movie_id": "102119",
    "author": "tnal****",
    "review": "코빅하는시간이내가유일하게웃는시간",
    "rating": "10",
    "date": "14.09.29"
  },
  {
    "review_id": "9237318",
    "movie_id": "102119",
    "author": "park****",
    "review": "코빅하는시간=나의힐링시간",
    "rating": "10",
    "date": "14.09.23"
  },
  {
    "review_id": "9214906",
    "movie_id": "102119",
    "author": "slow****",
    "review": "개잼꿀잼졸잼ㅎㅎㅎㅋ",
    "rating": "10",
    "date": "14.09.14"
  },
  {
    "review_id": "9185521",
    "movie_id": "102119",
    "author": "anrn****",
    "review": "코빅찌찌뽕 코빅찌찌뽕",
    "rating": "1",
    "date": "14.09.08"
  },
  {
    "review_id": "9130276",
    "movie_id": "102119",
    "author": "maya****",
    "review": "진짜 재밌음!!!옛날엔 개콘이 재밌었는데 코빅이 더 재미있는것 같아요!!화이팅",
    "rating": "9",
    "date": "14.08.24"
  },
  {
    "review_id": "9130220",
    "movie_id": "102119",
    "author": "taeb****",
    "review": "점~ 점 더 재밋게한다. 재밋게 보고 있습니다",
    "rating": "10",
    "date": "14.08.24"
  },
  {
    "review_id": "9121706",
    "movie_id": "102119",
    "author": "heej****",
    "review": "너무 재밌음.개그맨들이 연기도 잘하고 코미디빅리그짱!",
    "rating": "10",
    "date": "14.08.22"
  },
  {
    "review_id": "9118173",
    "movie_id": "102119",
    "author": "tos9****",
    "review": "꿀잼이다♥♥♥♥절대 끝나지 마라 사랑한다♥♥♥♥근데 순위권 못드는건 너무 잼 없다 다시 코너 짜시길",
    "rating": "10",
    "date": "14.08.21"
  },
  {
    "review_id": "9104448",
    "movie_id": "102119",
    "author": "dusg****",
    "review": "썸&쌈 / 캐스팅 흥해라ㅠㅠ이진호♥양세찬♥이용진♥오인택",
    "rating": "10",
    "date": "14.08.17"
  },
  {
    "review_id": "9095718",
    "movie_id": "102119",
    "author": "doo5****",
    "review": "아3인의 JSA 까푸치노의 개그가아니야 원달라의 원달라 이게 진리다 그외엔 그닥...ㅎ",
    "rating": "1",
    "date": "14.08.16"
  },
  {
    "review_id": "9064473",
    "movie_id": "102119",
    "author": "hyes****",
    "review": "캐스팅 화이팅!!!!",
    "rating": "10",
    "date": "14.08.10"
  },
  {
    "review_id": "9064394",
    "movie_id": "102119",
    "author": "2631****",
    "review": "10년째 열애중  김여운  넘 좋아",
    "rating": "10",
    "date": "14.08.10"
  },
  {
    "review_id": "9052471",
    "movie_id": "102119",
    "author": "yeli****",
    "review": "이진호♥♥짱 잼있어요~^^",
    "rating": "9",
    "date": "14.08.08"
  },
  {
    "review_id": "9042716",
    "movie_id": "102119",
    "author": "rhkr****",
    "review": "개그콘서트같이 재미도없고 감동도없는것보다 코빅이 훨배 났다 코빅을 보다보면 개콘이 얼마나 형편없는 프로그램인지 알게된다",
    "rating": "10",
    "date": "14.08.07"
  },
  {
    "review_id": "8937274",
    "movie_id": "102119",
    "author": "lijo****",
    "review": "코빅>>>>개콘 코빅이 대세지 코빅 흥해라!!",
    "rating": "10",
    "date": "14.07.21"
  },
  {
    "review_id": "8919392",
    "movie_id": "102119",
    "author": "ooo1****",
    "review": "다재밋는대 10년째연애중 김진아 입좀열고이야기햇으면좋겟는대ㅡㅡ속터져디지겟어 으응~으빠 츠다보믄으뜩해 이래들림 볼때마다짜증",
    "rating": "9",
    "date": "14.07.15"
  },
  {
    "review_id": "8916324",
    "movie_id": "102119",
    "author": "andy****",
    "review": "코미디 빅리그 진짜 짱잼 꿀잼",
    "rating": "10",
    "date": "14.07.14"
  },
  {
    "review_id": "8914313",
    "movie_id": "102119",
    "author": "rlfd****",
    "review": "아진짜재밌다 개콘퇴물 코빅짱임걍",
    "rating": "10",
    "date": "14.07.13"
  },
  {
    "review_id": "8893645",
    "movie_id": "102119",
    "author": "knh5****",
    "review": "계속코빅만보니까개콘재미없다ㅎ.ㅎ용진오빠세찬오빠진호오빠사랑해요~!!♥",
    "rating": "10",
    "date": "14.07.07"
  },
  {
    "review_id": "8891237",
    "movie_id": "102119",
    "author": "dos0****",
    "review": "재밌긴한데코빅치면현재순위나오면좋을거같아요",
    "rating": "10",
    "date": "14.07.06"
  },
  {
    "review_id": "8890877",
    "movie_id": "102119",
    "author": "dlwn****",
    "review": "재밋어요 개콘의2배정도재밋어요",
    "rating": "10",
    "date": "14.07.06"
  },
  {
    "review_id": "8890874",
    "movie_id": "102119",
    "author": "dong****",
    "review": "재미있다 하지만개콘도재미있다",
    "rating": "10",
    "date": "14.07.06"
  },
  {
    "review_id": "8863559",
    "movie_id": "102119",
    "author": "mapl****",
    "review": "열차 빼고 별로임...",
    "rating": "2",
    "date": "14.06.28"
  },
  {
    "review_id": "8848157",
    "movie_id": "102119",
    "author": "ahnc****",
    "review": "복고개그라서 더 잼잇는것같아요^^ 홧팅요!!",
    "rating": "10",
    "date": "14.06.22"
  },
  {
    "review_id": "8834028",
    "movie_id": "102119",
    "author": "yuli****",
    "review": "개콘보다훨잼잇어요^^ 깔끔기획잼잇는데 왜순위에안오르지? 깔끔기획화이링!!",
    "rating": "10",
    "date": "14.06.16"
  },
  {
    "review_id": "8833289",
    "movie_id": "102119",
    "author": "udt7****",
    "review": "정말 매일 시청하고 있어요^^♥♥코빅화이팅!!",
    "rating": "10",
    "date": "14.06.15"
  },
  {
    "review_id": "8814135",
    "movie_id": "102119",
    "author": "leno****",
    "review": "개콘보다 재밌다 추강추강",
    "rating": "10",
    "date": "14.06.08"
  },
  {
    "review_id": "8635703",
    "movie_id": "102119",
    "author": "2770****",
    "review": "클라스다르다 개콘보다 잼난거 많아 ㅠ",
    "rating": "10",
    "date": "14.04.08"
  },
  {
    "review_id": "8611426",
    "movie_id": "102119",
    "author": "hera****",
    "review": "개콘보다 재미있는 코너도 많고 3사 개그맨 출신들이 나오는 프로라서 확실히 내공이 보인다",
    "rating": "8",
    "date": "14.03.27"
  },
  {
    "review_id": "8606948",
    "movie_id": "102119",
    "author": "lsa0****",
    "review": "잘보구있어욤~~~^^♥재미나요ㅎ",
    "rating": "10",
    "date": "14.03.26"
  },
  {
    "review_id": "8557838",
    "movie_id": "102119",
    "author": "youk****",
    "review": "우연히지금봤는데재밌네요ㅋㅋ",
    "rating": "10",
    "date": "14.03.05"
  },
  {
    "review_id": "8552290",
    "movie_id": "102119",
    "author": "didt****",
    "review": "코미디빅리그짱재밌어요!!!개콘,웃찾사등등봤어도 코빅이짱임!♥(그리고..인택이오빠쫌 분량많이나오게해주세요...ㅠ 진라인짱♥)",
    "rating": "9",
    "date": "14.03.02"
  },
  {
    "review_id": "8552124",
    "movie_id": "102119",
    "author": "ance****",
    "review": "요즘 재미없다.ㅅㅂ.",
    "rating": "1",
    "date": "14.03.02"
  },
  {
    "review_id": "8514324",
    "movie_id": "102119",
    "author": "riri****",
    "review": "점점 더 재미져가고 잇다",
    "rating": "10",
    "date": "14.02.16"
  },
  {
    "review_id": "8493247",
    "movie_id": "102119",
    "author": "youa****",
    "review": "바보사랑 완전 귀여움ㅋㅋㅋ김명선하고 임종혁 졸귀ㅋㅋㅋ안가연은 이쁘고 이 코너 쫌 컷으면함",
    "rating": "10",
    "date": "14.02.09"
  },
  {
    "review_id": "8474889",
    "movie_id": "102119",
    "author": "oo12****",
    "review": "아진심 mc혜령? 보는데 불편해죽겠네 어색함좀바꿔주세여",
    "rating": "2",
    "date": "14.02.04"
  },
  {
    "review_id": "8472045",
    "movie_id": "102119",
    "author": "simo****",
    "review": "개불♥♥♥ 이용진♥양세찬♥이진호♥ 화이♥♥♥ 코미디빅리그 완전 사랑합니다♥♥♥",
    "rating": "10",
    "date": "14.02.03"
  },
  {
    "review_id": "8404631",
    "movie_id": "102119",
    "author": "rlaa****",
    "review": "완젼재밌엌ㅋㅋㄲ 너무좋아",
    "rating": "10",
    "date": "14.01.20"
  },
  {
    "review_id": "8380692",
    "movie_id": "102119",
    "author": "mini****",
    "review": "졸탄하고 아삼인팬이에여.. ♥♥♥",
    "rating": "10",
    "date": "14.01.13"
  },
  {
    "review_id": "8377138",
    "movie_id": "102119",
    "author": "ihop****",
    "review": "라임의왕 레벨업 흥해라ㅠㅠ양세찬완전좋아ㅏㅠ",
    "rating": "10",
    "date": "14.01.12"
  },
  {
    "review_id": "8372837",
    "movie_id": "102119",
    "author": "pbih****",
    "review": "사람을 웃게 만드는것 정말 대단하다! 개그프로중 가장 세련되는 개그프로.",
    "rating": "10",
    "date": "14.01.12"
  },
  {
    "review_id": "8323577",
    "movie_id": "102119",
    "author": "thgu****",
    "review": "완전 재밌어요 !! 이용진 짱 양세찬 짱 이진호 짱 개불 b 라임의왕 b ♥♥♥",
    "rating": "10",
    "date": "13.12.30"
  },
  {
    "review_id": "8151554",
    "movie_id": "102119",
    "author": "rim7****",
    "review": "졸잼ㅋ 모두 시청 고고고",
    "rating": "10",
    "date": "13.11.18"
  },
  {
    "review_id": "7907473",
    "movie_id": "102119",
    "author": "road****",
    "review": "재밌음",
    "rating": "10",
    "date": "13.08.20"
  },
  {
    "review_id": "7834223",
    "movie_id": "102119",
    "author": "zz35****",
    "review": "잼있음진짜 재미땅~~~~",
    "rating": "10",
    "date": "13.08.04"
  },
  {
    "review_id": "7798273",
    "movie_id": "102119",
    "author": "wlst****",
    "review": "코빅  개  잼있어요!!",
    "rating": "10",
    "date": "13.07.29"
  },
  {
    "review_id": "7767898",
    "movie_id": "102119",
    "author": "yuji****",
    "review": "진짜잼있음♥♥",
    "rating": "10",
    "date": "13.07.20"
  },
  {
    "review_id": "7711447",
    "movie_id": "102119",
    "author": "tjdd****",
    "review": "코빅꿀잼~~♥개불졸잼~~♥양세찬짱♥",
    "rating": "10",
    "date": "13.07.06"
  },
  {
    "review_id": "7677294",
    "movie_id": "102119",
    "author": "wnsg****",
    "review": "코빅 짱!!!!",
    "rating": "10",
    "date": "13.06.24"
  },
  {
    "review_id": "7671408",
    "movie_id": "102119",
    "author": "issu****",
    "review": "매주똑같아",
    "rating": "1",
    "date": "13.06.23"
  },
  {
    "review_id": "7554449",
    "movie_id": "102119",
    "author": "wjsa****",
    "review": "굿~~~",
    "rating": "10",
    "date": "13.05.25"
  },
  {
    "review_id": "7529385",
    "movie_id": "102119",
    "author": "oxen****",
    "review": "박충수?김충수인가 하시는 분. 짜증내는 모습이 리얼 밉상이라 안영미, 강유미,김미려 개그가 묻힐정도다.개그맨이 웃겨야하지 않나? 안 웃긴 개그맨 1등일것 같다. 짜증내고 인상쓰는 모습이 사람을 불편하게 한다. 다른 개그맨이라면 잘 살려서재밌게살렸을텐데",
    "rating": "1",
    "date": "13.05.15"
  },
  {
    "review_id": "7527926",
    "movie_id": "102119",
    "author": "kimm****",
    "review": "짱♥♥♥♥♥♥♥♥♥~",
    "rating": "10",
    "date": "13.05.14"
  },
  {
    "review_id": "7282572",
    "movie_id": "102119",
    "author": "apwl****",
    "review": "사랑해요~ 코빅",
    "rating": "10",
    "date": "13.02.19"
  },
  {
    "review_id": "7116936",
    "movie_id": "102119",
    "author": "ange****",
    "review": "난 유부남 성민~난 뚱뚱한 규선~난 개그맨 충수~야,가게 문 닫어.짜릿짜릿한 전기맛 조으디?내가 정말 사랑하는 만호, 오빠,뽀뽀..왜 죄없는 설령한 시민을 잡아온 거야...햇반스님...쏘우방에 온 걸 환영한다..다 보장해드립니다.조용히 해!사마귀야.",
    "rating": "10",
    "date": "13.01.14"
  }
]