[
  {
    "review_id": "10275789",
    "movie_id": "102160",
    "author": "addo****",
    "review": "And I will always love you..",
    "rating": "9",
    "date": "15.08.26"
  },
  {
    "review_id": "10257778",
    "movie_id": "102160",
    "author": "pihw****",
    "review": "중반부까지 흥미진진..후반부가 좀.부족했어요",
    "rating": "7",
    "date": "15.08.21"
  },
  {
    "review_id": "10069168",
    "movie_id": "102160",
    "author": "se2n****",
    "review": "뻔한 엔딩이 아니여서 좋았다. 원래 정말 괜찮은 드라마들도 엔딩이 너무 재미없어서 전체 드라마를 망치는데, 나인은 엔딩이 더욱 드라마의 가치를 플러스 시킴.",
    "rating": "10",
    "date": "15.07.04"
  },
  {
    "review_id": "9981061",
    "movie_id": "102160",
    "author": "kwan****",
    "review": "아직 안 본 사람있냐???",
    "rating": "10",
    "date": "15.06.07"
  },
  {
    "review_id": "9833388",
    "movie_id": "102160",
    "author": "taij****",
    "review": "17편 중간 결혼식 전까지 봤다  딱 해피엔딩 그 후 는 난  모르고 싶다",
    "rating": "10",
    "date": "15.04.07"
  },
  {
    "review_id": "9833219",
    "movie_id": "102160",
    "author": "ditn****",
    "review": "내가 이드라마를 본방으로 봤다는것 자체가 나의 삶에서 큰 행복이되었다. 진짜 시간이 아깝지않다 3번봤다 고맙당",
    "rating": "10",
    "date": "15.04.07"
  },
  {
    "review_id": "9805936",
    "movie_id": "102160",
    "author": "kimj****",
    "review": "보기전 꼭알아두어야할것 주인공형이 주인공아버지죽임 그리고 주인공도 결국죽음",
    "rating": "10",
    "date": "15.03.25"
  },
  {
    "review_id": "9731898",
    "movie_id": "102160",
    "author": "kusa****",
    "review": "최고의 드라마. 포카라에서의 기억이 벌써 아른거린다.",
    "rating": "10",
    "date": "15.02.23"
  },
  {
    "review_id": "9646279",
    "movie_id": "102160",
    "author": "aori****",
    "review": "보는 내내 눈을 땔 수 없었던 드라마.",
    "rating": "10",
    "date": "15.01.28"
  },
  {
    "review_id": "9618610",
    "movie_id": "102160",
    "author": "kimm****",
    "review": "별점 10점으로 평가가됨? 몇만개줘도 아깝다 내인생 최고의드라마 한번볼때 제대로 봐야됨 제탕하면  이드라마가 어떻게 흘러가는지알기때메  한번볼때 제대로 봐야되고 진심 내인생 탑1드라마",
    "rating": "10",
    "date": "15.01.21"
  },
  {
    "review_id": "9595240",
    "movie_id": "102160",
    "author": "tjdn****",
    "review": "스토리 나름 흥미로웠다 . 영화 '나비효과' 의 영향으로 기대가됬다. 나인 스토리 볼만 했다. 하지만 박선우역을 맡은 이진욱 . 잘생겼지만 연기 드럽게 못한다.  그나마 박형식보다는 조금 나은 정도.",
    "rating": "6",
    "date": "15.01.15"
  },
  {
    "review_id": "9504136",
    "movie_id": "102160",
    "author": "bioc****",
    "review": "타임리프라는 큰 틀은 모방했을지 몰라도 개인적으로는  국내 이런 소재 드라마 중엔 원탑이라고 자부한다.  볼거없어서 정주행했는데 매회마다 신선한 충격이었고 특히 19,20화는   ..  말이 필요 없다",
    "rating": "10",
    "date": "14.12.23"
  },
  {
    "review_id": "9502593",
    "movie_id": "102160",
    "author": "with****",
    "review": "다모 이전과 이후로 나뉜다는데, 아님. 나인 그 이전과 그 이후로 나뉨.",
    "rating": "10",
    "date": "14.12.22"
  },
  {
    "review_id": "9497040",
    "movie_id": "102160",
    "author": "taur****",
    "review": "와~네이버 검색해서 종영드라마 추천으로 많이들 하길래 봤는데 최고다 정말! 스토리도 최고! 연기력도 최고라 흡입력이 뛰어났어요! 이진욱 이 이렇게 멋진지 첨 깨달음.이거 안보신 분은 정말 강추*100",
    "rating": "10",
    "date": "14.12.21"
  },
  {
    "review_id": "9483751",
    "movie_id": "102160",
    "author": "kies****",
    "review": "재밌음! 인현왕후남자를 너무 재밌게봐서 같은 작가님의 작품이라기에 밤새가며 봤는데... 아..이진욱이 이리 멋있는 남자였나.. 드라마끝나고 한참뒤에 뒷북치는게 아쉬울뿐... 한번더봐야겠다♥",
    "rating": "10",
    "date": "14.12.18"
  },
  {
    "review_id": "9479926",
    "movie_id": "102160",
    "author": "kwh1****",
    "review": "아...쩔어 소름에 진욱형님 연기에....시나리오 대박  진짜 초 강추 무조건 보세요이틀간 미친듯이 몰아봣어요 진짜 대박입니다시나리오 짱 작가님 짱!!!",
    "rating": "10",
    "date": "14.12.17"
  },
  {
    "review_id": "9479809",
    "movie_id": "102160",
    "author": "caky****",
    "review": "미안해요  ㅠㅠ  이제서야 봤어요~~ 아 진짜 로필에서부터 이진욱 너무 좋아하게됐는데  연기도 잘하고 감성도 풍부하고 넘 멋져요~~~~나인 작가도 넘 훌륭하시네요~~~감탄했습니다!!",
    "rating": "10",
    "date": "14.12.17"
  },
  {
    "review_id": "9463776",
    "movie_id": "102160",
    "author": "asd1****",
    "review": "지금 이순간 할게없다면 아니 바쁘더라도 이 드라마는 꼭 봐야돼는 명작이다.",
    "rating": "10",
    "date": "14.12.10"
  },
  {
    "review_id": "9463734",
    "movie_id": "102160",
    "author": "yh19****",
    "review": "약도 없는 이진욱 홀릭~~~!!!! 내 인생 최고의 드라마! 2일동안 애기 돌보면서 잠 안자고 다 봤어요! 최고!!",
    "rating": "10",
    "date": "14.12.10"
  },
  {
    "review_id": "9457510",
    "movie_id": "102160",
    "author": "show****",
    "review": "정말 미쳤다 역대급 드라마를 왜 이제야 봤는지.... 1화부터 완결까지 잠도안자고 몰입해서 끝까지 봤습니다. 최고에요 ㅠㅠ ㅠ 휴우증이 가시지 않네요 아..머리띵해",
    "rating": "10",
    "date": "14.12.08"
  },
  {
    "review_id": "9452746",
    "movie_id": "102160",
    "author": "ekin****",
    "review": "흥미진진하고 아련하기도 하고.. 완젼 홀릭이에요.. 쉬는날 날잡아서 보는데 끊을수가 없어ㅠ 이진욱 넘 멋지고 연기도 잘하시네요 다시 봤어요ㅎ",
    "rating": "10",
    "date": "14.12.06"
  },
  {
    "review_id": "9444552",
    "movie_id": "102160",
    "author": "buzz****",
    "review": "밥먹는시간,화장실가는시간도 아까움 눈이 침침해 지도록 뚫어지게 봄! 팩트와 판타지를 동시에 느낌! 어떤 드라마도 이보다 훌륭할순 없다. 천재작가님이 분명함!",
    "rating": "10",
    "date": "14.12.03"
  },
  {
    "review_id": "9442758",
    "movie_id": "102160",
    "author": "joyu****",
    "review": "내가본 드라마중 가장 재밌었음 역대급드라마 ㄷㄷ",
    "rating": "10",
    "date": "14.12.03"
  },
  {
    "review_id": "9442262",
    "movie_id": "102160",
    "author": "sjho****",
    "review": "정말 재밌어요~지루할틈이없네요~",
    "rating": "10",
    "date": "14.12.03"
  },
  {
    "review_id": "9442131",
    "movie_id": "102160",
    "author": "wndr****",
    "review": "첨으로 마지막회까지 본드라마...다른 드라마들이랑은 차원이다르네요하....진심 말로 설명할수가없네꼭 보세요 두번보세요!!!!저도 2번째임ㅋㅋ",
    "rating": "10",
    "date": "14.12.02"
  },
  {
    "review_id": "9430164",
    "movie_id": "102160",
    "author": "kdgu****",
    "review": "이거 별점 20은없나요ㅜ 내가 왜 이걸 지금봤을까요ㅜㅜ 진짜로 갑중에 갑 퀄리티도 높고 매번 볼때마다 와,,, 진짜 감탄이절로나옵니다ㅠㅠ 진짜 너무 재밌어요ㅠㅠ",
    "rating": "10",
    "date": "14.11.28"
  },
  {
    "review_id": "9413072",
    "movie_id": "102160",
    "author": "dmsw****",
    "review": "진짜 평점 안남기는 사람인데 남깁니다... 지금 18회까지 봤는데 진짜 입벌리고 봤습니다 최고...진심",
    "rating": "10",
    "date": "14.11.23"
  },
  {
    "review_id": "9412551",
    "movie_id": "102160",
    "author": "jinj****",
    "review": "대박이란 말 밖엔...",
    "rating": "10",
    "date": "14.11.23"
  },
  {
    "review_id": "9405787",
    "movie_id": "102160",
    "author": "4blo****",
    "review": "멘붕의 연속이다 왜 이걸 이제야 봤을까 싶을 정도로 기억에 남을것같다 결말은 정말 소름이 돋을정도로 첫화부터 마지막화까지 시간가는줄 모르는 스토리였다",
    "rating": "10",
    "date": "14.11.21"
  },
  {
    "review_id": "9401263",
    "movie_id": "102160",
    "author": "sara****",
    "review": "짜임새 있고 매 회 긴장감을 놓지 못하게 만든 드라마네요!! 이 드라마는 꼭 봐야할 명작입니다. 이틀만에 정주행하면서 봤는데 또 보고싶은 작품입니다!",
    "rating": "10",
    "date": "14.11.19"
  },
  {
    "review_id": "9399103",
    "movie_id": "102160",
    "author": "amaz****",
    "review": "이 드라마를 왜 이제야 봤을까? 지인이 하도 보라고 성화여서 미루다 보게됐는데.. 헐~ 대박 할말을 잃음..말로 표현하기 힘들정도로 몰입도 최고다ㅜㅜ 지금 반정도 봤는데 짜임새있는 스토리에 시간 가는줄 모르고 보게 된다..완벽하다 스토리도 연기자들도!",
    "rating": "10",
    "date": "14.11.18"
  },
  {
    "review_id": "9396468",
    "movie_id": "102160",
    "author": "leea****",
    "review": "아직도 주민영의  정체가 밝혀지던 그순간의 충격을 잊을수가없다... 타임슬립의 연쇄작용이라는걸 단연 최고로 풀어냈던드라마.",
    "rating": "10",
    "date": "14.11.17"
  },
  {
    "review_id": "9388502",
    "movie_id": "102160",
    "author": "gngh****",
    "review": "드라마를거의안보는데 나인은 꼭. 봐야할드라마다",
    "rating": "10",
    "date": "14.11.15"
  },
  {
    "review_id": "9385044",
    "movie_id": "102160",
    "author": "az86****",
    "review": "나인:아홉번째 다시보기",
    "rating": "10",
    "date": "14.11.15"
  },
  {
    "review_id": "9383359",
    "movie_id": "102160",
    "author": "gkwl****",
    "review": "1년동안 나인 8번째다시보는중 볼때마다놀랍고새롭다내인생최고드라마",
    "rating": "10",
    "date": "14.11.14"
  },
  {
    "review_id": "9379155",
    "movie_id": "102160",
    "author": "wjdd****",
    "review": "9화까지는책으로읽다가 드라마로옮겨ㄴ봤는데 어제11편보고 방금최종회까지다보고옴..진짜 대박 지상파에서했음 시청률30은찍었을것같음",
    "rating": "10",
    "date": "14.11.13"
  },
  {
    "review_id": "9378837",
    "movie_id": "102160",
    "author": "sumi****",
    "review": "평점 쓰게 로긴하게 하는 드라마!!평이 워낙 좋긴 했지만 설마 하는 맘으로 보게된 드라마인데 완벽 그 자체다..왜 이제야 보게 됐는지....완전강추!!!",
    "rating": "10",
    "date": "14.11.13"
  },
  {
    "review_id": "9378148",
    "movie_id": "102160",
    "author": "chri****",
    "review": "완성도높은 한편의 영화를 20조각으로 쪼개따 ..완벽하다. 한국드라마중 최고..",
    "rating": "10",
    "date": "14.11.13"
  },
  {
    "review_id": "9364854",
    "movie_id": "102160",
    "author": "msh8****",
    "review": "난 초1개를 나인보기전으로 돌아가는데에 쓰겟다",
    "rating": "10",
    "date": "14.11.09"
  },
  {
    "review_id": "9354558",
    "movie_id": "102160",
    "author": "tngu****",
    "review": "이드라마가 그렇게 유명해서 이제서야 봤는데 절대후회안함 진짜 진심으로 작가가 천재인듯...원래 드라마 솔직히 내용이 거기서 거기인데 이건진짜 클래스가다름로맨스가필요해에 의해서 이진욱병 걸린 저에게는 또한번 이진욱병을 돋게한 이드라마...최고입니다!",
    "rating": "10",
    "date": "14.11.08"
  },
  {
    "review_id": "9342997",
    "movie_id": "102160",
    "author": "chzh****",
    "review": "...진짜보면서 한치의결말도 예상할수없는 전개였다 뻔하지도않았고 예상이뒤집어질때마다 소름이;;진짜 짱이라는말밖에는못하겠음ㅜㅜㅜ",
    "rating": "10",
    "date": "14.11.05"
  },
  {
    "review_id": "9338346",
    "movie_id": "102160",
    "author": "70jr****",
    "review": "진심 최고의드라마ㅜㅜ",
    "rating": "10",
    "date": "14.11.03"
  },
  {
    "review_id": "9336344",
    "movie_id": "102160",
    "author": "kksa****",
    "review": "진짜  이드라마 최고다 매회마다 생각하게끔 스토리를 만드는거 보면 대단하다 라고 생각할수 밖에 없네요작가님 정말 고맙습니다ㅜㅜ앞으로 더 멋진 작품을 많이 만들어주세요♥♥",
    "rating": "10",
    "date": "14.11.02"
  },
  {
    "review_id": "9334475",
    "movie_id": "102160",
    "author": "hans****",
    "review": "별10개도아까움 더주고싶다",
    "rating": "10",
    "date": "14.11.01"
  },
  {
    "review_id": "9333088",
    "movie_id": "102160",
    "author": "ksj2****",
    "review": "한번 시작했더니 끊을 수가 없어서 20화 틈나는대로 몰아서 다 봤어요. 최고!!",
    "rating": "10",
    "date": "14.11.01"
  },
  {
    "review_id": "9326839",
    "movie_id": "102160",
    "author": "unle****",
    "review": "최고네요.. 이진욱씨 다시보면 절 기억하시려나  언젠가 꼭 다시 만나요  넘멋있어요♡",
    "rating": "10",
    "date": "14.10.29"
  },
  {
    "review_id": "9324501",
    "movie_id": "102160",
    "author": "arti****",
    "review": "보는 동안 내 시간을 훔쳐간다.",
    "rating": "10",
    "date": "14.10.28"
  },
  {
    "review_id": "9321092",
    "movie_id": "102160",
    "author": "perc****",
    "review": "한편 한편 볼때마다 초 하나씩 쓰는 느낌이다드라마하나볼시간도 없었던 시간이였다작년에는 ㅡㅡ 야금야금 기다릴필요없이드라마종영한거라 내마음대로 꺼내볼수있어좋으네",
    "rating": "10",
    "date": "14.10.27"
  },
  {
    "review_id": "9320612",
    "movie_id": "102160",
    "author": "12mm****",
    "review": "진심 최고의드리마! 주위에서 재밌다고 추천은 많이 받았는데 막상 끌리진않더라구요 그래서 안보다가 우연히 봤는데...이틀에 걸쳐 전편을 다봤네요 한마디로 최고입니다 시간되시면 꼭 보시라고 추천해드리고싶네요~^^",
    "rating": "10",
    "date": "14.10.26"
  },
  {
    "review_id": "9319855",
    "movie_id": "102160",
    "author": "sm97****",
    "review": "드라마 내용 캐스팅 둘다 최고!",
    "rating": "10",
    "date": "14.10.26"
  },
  {
    "review_id": "9311649",
    "movie_id": "102160",
    "author": "win3****",
    "review": "대박중의 왕대박 새벽에 잠안자고 평점 주고 자빠져있음ㅜㅜ",
    "rating": "10",
    "date": "14.10.24"
  },
  {
    "review_id": "9290166",
    "movie_id": "102160",
    "author": "qnqk****",
    "review": "이걸왜이제야본건지.. 3일동안정주행하며봤는데걍최고!!한국드라마중 걍 대박!!♥ 20회중 한회도지루한게없고모든게탄탄..걍최고..말필요없다",
    "rating": "10",
    "date": "14.10.13"
  },
  {
    "review_id": "9282297",
    "movie_id": "102160",
    "author": "sjh1****",
    "review": "진짜 짱인듯 다음회가너무 궁금해서 잠을 잘수없음!! 이틀만에 다봤는데 진짜 최고",
    "rating": "10",
    "date": "14.10.10"
  },
  {
    "review_id": "9276924",
    "movie_id": "102160",
    "author": "taeh****",
    "review": "ㅈ진짜 말이필요없다.",
    "rating": "10",
    "date": "14.10.09"
  },
  {
    "review_id": "9272411",
    "movie_id": "102160",
    "author": "kojj****",
    "review": "2틀동안 다 봤어요 ㅋㅋㅋ",
    "rating": "10",
    "date": "14.10.07"
  },
  {
    "review_id": "9268169",
    "movie_id": "102160",
    "author": "kty1****",
    "review": "지금이라서 나인을 봐서 다행이에요. ㅠㅠ 나중에 다시 정주행할게요 ㅠㅠ! 작가님천재신거같아요 ㅠㅠ",
    "rating": "10",
    "date": "14.10.05"
  },
  {
    "review_id": "9264580",
    "movie_id": "102160",
    "author": "qheo****",
    "review": "내 인생 최고의 드라마. 진짜 명품이라는 말이 아깝지 않다.",
    "rating": "10",
    "date": "14.10.05"
  },
  {
    "review_id": "9263808",
    "movie_id": "102160",
    "author": "ceya****",
    "review": "감히 이드라마를 평하다니 ..^^ 내인생 최고의드라마!!!",
    "rating": "10",
    "date": "14.10.04"
  },
  {
    "review_id": "9261808",
    "movie_id": "102160",
    "author": "kjh0****",
    "review": "우리나라 드라마에서 보기 힘든 명작어설픈 부분이 없잖아 있지만 허용해줄만한 정도다.3사중 하나인 sbs에서 한 비슷한 장르 드라마인 세븐데이즈보다 좀더 체계적이고 잘 만들었다.",
    "rating": "10",
    "date": "14.10.04"
  },
  {
    "review_id": "9258229",
    "movie_id": "102160",
    "author": "wish****",
    "review": "말이 필요없는 최고의 드라마",
    "rating": "10",
    "date": "14.10.03"
  },
  {
    "review_id": "9257188",
    "movie_id": "102160",
    "author": "csym****",
    "review": "드디어 말로만 듣던 나인을 봤다. 작가는 천재인듯.. 이제 다른드라마 시시해서 못보러같다. 큰일이다",
    "rating": "10",
    "date": "14.10.03"
  },
  {
    "review_id": "9250971",
    "movie_id": "102160",
    "author": "park****",
    "review": "반전에 반전 하루만에 다본 드라마근데 최진철 놀랄때 눈이랑 특히  입술 겁나 거슬린사람 나뿐임..?하 그 입모양..하...",
    "rating": "10",
    "date": "14.09.30"
  },
  {
    "review_id": "9249281",
    "movie_id": "102160",
    "author": "hope****",
    "review": "소문이 무성해서 봤는데 역시 재미있네요..",
    "rating": "10",
    "date": "14.09.29"
  },
  {
    "review_id": "9248274",
    "movie_id": "102160",
    "author": "nare****",
    "review": "하루만에 다봣다 꼭보셈",
    "rating": "10",
    "date": "14.09.29"
  },
  {
    "review_id": "9243199",
    "movie_id": "102160",
    "author": "kejj****",
    "review": "주위에서 하도 극찬하길래 봤는데 이드라마 진짜 뭐예요..태어나서 본 드라마중 최고!! 이진욱이란 배우 다시봤네요 아 진짜 대박ㅠㅠㅠㅠ",
    "rating": "10",
    "date": "14.09.27"
  },
  {
    "review_id": "9217274",
    "movie_id": "102160",
    "author": "djv_****",
    "review": "최고의 드라마!!! 추천합니다.",
    "rating": "10",
    "date": "14.09.15"
  },
  {
    "review_id": "9203588",
    "movie_id": "102160",
    "author": "ijws****",
    "review": "그냥 평점 낮춰야겠어요 ㅎㅎㅎ 9점으로 ㅎㅎ 재미는 있지만  넘기대하면 실망이....",
    "rating": "1",
    "date": "14.09.11"
  },
  {
    "review_id": "9180547",
    "movie_id": "102160",
    "author": "cy_b****",
    "review": "시간여행이라는 소재를 사용한 드라마 영화 소설 치고 정말 논리적으로 완전무결하다 느낀 작품은 하나도 없는 거 같습니다. 나인 역시도 예외는 아니고요. 하지만 그런 점을 감안하고서도 충분히 재밌는 드라마.",
    "rating": "8",
    "date": "14.09.07"
  },
  {
    "review_id": "9173896",
    "movie_id": "102160",
    "author": "gaie****",
    "review": "살아계시다면꼭봐야하는드라마지금숨쉬고있다면꼭봐야하는드라마죽기전에꼭봐야하는드라마내생에이런드라마볼수있어서행복했습니다",
    "rating": "10",
    "date": "14.09.06"
  },
  {
    "review_id": "9155758",
    "movie_id": "102160",
    "author": "ost3****",
    "review": "최고입니다. 강력추천합니다!!!",
    "rating": "10",
    "date": "14.09.02"
  },
  {
    "review_id": "9155245",
    "movie_id": "102160",
    "author": "altj****",
    "review": "진째대박입니다..너무재미있어요!작가님.천재",
    "rating": "10",
    "date": "14.09.02"
  },
  {
    "review_id": "9114283",
    "movie_id": "102160",
    "author": "ji02****",
    "review": "무슨 말이 필요할까요? 아직까지 이보다 완벽한 드라마는 본 적이 없습니다. 제작진과 배우의 완벽한 조화! 상상을 초월하는스토리! 꼭 보세요.",
    "rating": "10",
    "date": "14.08.20"
  },
  {
    "review_id": "9094592",
    "movie_id": "102160",
    "author": "dave****",
    "review": "우리나라에도 이런 드라마가..지상파에서 한다면 40프로 돌파",
    "rating": "10",
    "date": "14.08.16"
  },
  {
    "review_id": "9074025",
    "movie_id": "102160",
    "author": "cool****",
    "review": "영원히 가슴 어딘가 남아있을 여운형 쾌속오락 서스펜스 에스에프 트윙클트윙클 리틀스타 플라이투더 스카이 다크나이트 장르 드라마",
    "rating": "10",
    "date": "14.08.12"
  },
  {
    "review_id": "9072937",
    "movie_id": "102160",
    "author": "jang****",
    "review": "굳! 최고의 드라마!!",
    "rating": "10",
    "date": "14.08.12"
  },
  {
    "review_id": "9071552",
    "movie_id": "102160",
    "author": "pgs0****",
    "review": "와 정말 재밌다 마지막에 누가 해석좀 ㅠㅠ",
    "rating": "9",
    "date": "14.08.12"
  },
  {
    "review_id": "9054038",
    "movie_id": "102160",
    "author": "almo****",
    "review": "신선한 획을 그었다 앞으로 이런 드라마 많이 발전하길",
    "rating": "10",
    "date": "14.08.09"
  },
  {
    "review_id": "9052138",
    "movie_id": "102160",
    "author": "rach****",
    "review": "정말 스토리 탄탄하고 약간의 해석도 필요할만큼 재밌는 드라마이다ㅜ다른 드라마 재미없어서 못 보겠다",
    "rating": "10",
    "date": "14.08.08"
  },
  {
    "review_id": "9022583",
    "movie_id": "102160",
    "author": "park****",
    "review": "어설픈 미드나 공중파 막장드라마보다 훨씬 낫다",
    "rating": "10",
    "date": "14.08.04"
  },
  {
    "review_id": "9005246",
    "movie_id": "102160",
    "author": "ilov****",
    "review": "올래 평점같은거 귀찮아서 안적는데 내생에 최고의 드라마 여운이 너무 강함ㅋㅋ",
    "rating": "10",
    "date": "14.08.02"
  },
  {
    "review_id": "9005100",
    "movie_id": "102160",
    "author": "rooi****",
    "review": "드라마가 끝난 아직까지도 여운이 남는드라마...",
    "rating": "10",
    "date": "14.08.02"
  },
  {
    "review_id": "9000357",
    "movie_id": "102160",
    "author": "milk****",
    "review": "이제야 이 드라마를 보다니... OST에 빠져서 결국 보게된 ..최고다!",
    "rating": "10",
    "date": "14.08.01"
  },
  {
    "review_id": "8997253",
    "movie_id": "102160",
    "author": "wnr0****",
    "review": "두번보고세번봐도재밌고신선한드라마..수능끝나면다시봐야지",
    "rating": "10",
    "date": "14.08.01"
  },
  {
    "review_id": "8954181",
    "movie_id": "102160",
    "author": "dlgm****",
    "review": "최고의 명작 드라마 나인♥",
    "rating": "10",
    "date": "14.07.25"
  },
  {
    "review_id": "8953726",
    "movie_id": "102160",
    "author": "giyi****",
    "review": "본방을 봤다면...다음회 기다리기 힘들었을듯...지인한테 추천해주다 한번더 보니..인물들이 새롭네최고~",
    "rating": "10",
    "date": "14.07.24"
  },
  {
    "review_id": "8942007",
    "movie_id": "102160",
    "author": "zlrz****",
    "review": "최고의드라마ㅠㅠ♥♥♥♥★★★★",
    "rating": "10",
    "date": "14.07.23"
  },
  {
    "review_id": "8940896",
    "movie_id": "102160",
    "author": "arac****",
    "review": "최고의 드라마이걸 이제야보게되다니머리가 아프긴합니다만 몰입하게되는 드라마!추천합니다:)",
    "rating": "10",
    "date": "14.07.22"
  },
  {
    "review_id": "8936805",
    "movie_id": "102160",
    "author": "ansd****",
    "review": "와...드라마중에 자이언트 이후로 최고의 드라마",
    "rating": "10",
    "date": "14.07.21"
  },
  {
    "review_id": "8936803",
    "movie_id": "102160",
    "author": "updd****",
    "review": "시간가는줄 모르고보는 시간여행드라마",
    "rating": "10",
    "date": "14.07.21"
  },
  {
    "review_id": "8933124",
    "movie_id": "102160",
    "author": "ckck****",
    "review": "미쳣다 작가필력에 빠져버렸다....",
    "rating": "10",
    "date": "14.07.20"
  },
  {
    "review_id": "8932456",
    "movie_id": "102160",
    "author": "leey****",
    "review": "내가 이 자리에 와서 10점을 줄 수 있다는 것 자체가 나에게 영광스러운 일이다.",
    "rating": "10",
    "date": "14.07.20"
  },
  {
    "review_id": "8927126",
    "movie_id": "102160",
    "author": "xfil****",
    "review": "내용은 충분히 흥미와 재미를 느꼈지만 너무 앞뒤가 안맞고 코에걸면 코걸이 귀에걸면 귀걸이...",
    "rating": "8",
    "date": "14.07.18"
  },
  {
    "review_id": "8926723",
    "movie_id": "102160",
    "author": "alsq****",
    "review": "최고의 드라마 대박 최고",
    "rating": "10",
    "date": "14.07.18"
  },
  {
    "review_id": "8926163",
    "movie_id": "102160",
    "author": "ergx****",
    "review": "왠만한 미드 뺨 후려질 정도의 드라마..한국 드라마  퀄리티 상승의 신호탄",
    "rating": "10",
    "date": "14.07.17"
  },
  {
    "review_id": "8925225",
    "movie_id": "102160",
    "author": "jjyj****",
    "review": "이건 정말 소름돋게 흥미진진 최고최고!!",
    "rating": "10",
    "date": "14.07.17"
  },
  {
    "review_id": "8907013",
    "movie_id": "102160",
    "author": "istg****",
    "review": "진짜 최고.. 감동을 넘어 섰어요정말 작가님 천재인듯 지금까지 내생애 이런드라마는 처음..",
    "rating": "10",
    "date": "14.07.12"
  },
  {
    "review_id": "8904368",
    "movie_id": "102160",
    "author": "nokb****",
    "review": "드라마 잘안보는데 이건 안봤으면 후회했을듯하다~",
    "rating": "10",
    "date": "14.07.11"
  },
  {
    "review_id": "8900140",
    "movie_id": "102160",
    "author": "payn****",
    "review": "진짜 최고 말이 필요 없다 ㅠㅠㅠ",
    "rating": "10",
    "date": "14.07.10"
  },
  {
    "review_id": "8893998",
    "movie_id": "102160",
    "author": "psyc****",
    "review": "정말 완벽합니다 이거보고 이진욱한테빠졌는데 공효진님과 열애라니..ㅎㅎ두분 잘되시길 바랄께용~^^",
    "rating": "10",
    "date": "14.07.07"
  },
  {
    "review_id": "8893304",
    "movie_id": "102160",
    "author": "hoin****",
    "review": "레알 최고의드라마다ㅋㅋㅋ이런걸 작품이라고 하는거지",
    "rating": "10",
    "date": "14.07.07"
  }
]