[
  {
    "review": "어떤 사람은 자본주의 청년이 사회주의 사회를 위하여 왜 싸우느냐 하지만 중요한 것은 그게 아니라 독재와 폭력에 저항하며 인간의 가치를 보호하기 위한 전쟁에 참여한다면 사상적인 문제가 아니라 인간을 위한 문제이다.",
    "date": "15.02.19",
    "rating": "10",
    "author": "mcsa****",
    "review_id": "9714530",
    "movie_id": "10212"
  },
  {
    "review": "원작의 의도와는 차이가 존재하지만, 영화적으로 잘 풀어내서 감동을 전달한다.",
    "date": "15.02.12",
    "rating": "9",
    "author": "rush****",
    "review_id": "9689945",
    "movie_id": "10212"
  },
  {
    "review": "소설도 그렇고 감동적인 영화이다",
    "date": "15.02.06",
    "rating": "10",
    "author": "like****",
    "review_id": "9673568",
    "movie_id": "10212"
  },
  {
    "review": "자본주의 미국청년이 어째서 공산당을 위해 나찌파쇼와 싸우러 가는지 지금보니 참 영화가 정치에 이런식으로 쓰이는구나 라는 생각이 듬",
    "date": "15.01.30",
    "rating": "1",
    "author": "2gud****",
    "review_id": "9650039",
    "movie_id": "10212"
  }
]