[
  {
    "review_id": "9762784",
    "movie_id": "102142",
    "author": "ske4****",
    "review": "믿고보는 닥처후 시리즈!!",
    "rating": "10",
    "date": "15.03.07"
  },
  {
    "review_id": "9666455",
    "movie_id": "102142",
    "author": "osow****",
    "review": "닥터 후의 상상력이란 정말... 시간에 대한 고증을 정말 잘 나타낸 드라마",
    "rating": "10",
    "date": "15.02.04"
  },
  {
    "review_id": "8345041",
    "movie_id": "102142",
    "author": "moun****",
    "review": "우는 천사와 마스터가 나오는 시즌3는 단연 최고였던 듯.",
    "rating": "10",
    "date": "14.01.03"
  },
  {
    "review_id": "8171387",
    "movie_id": "102142",
    "author": "gree****",
    "review": "후손에게 물려줘야할 보물",
    "rating": "10",
    "date": "13.11.27"
  },
  {
    "review_id": "7290969",
    "movie_id": "102142",
    "author": "tyza****",
    "review": "짱",
    "rating": "10",
    "date": "13.02.22"
  },
  {
    "review_id": "7239552",
    "movie_id": "102142",
    "author": "lsh7****",
    "review": "짱짱맨",
    "rating": "10",
    "date": "13.02.08"
  },
  {
    "review_id": "7122459",
    "movie_id": "102142",
    "author": "doct****",
    "review": "닥터후의 빛 도나 존스가 첫등장하는 시즌이라는 것만 해도 가치가 있다. 거기에다가 컴패니언이 로즈에서 마사 존스가 바뀌므로써 로맨스는 줄어들었지만 더 많은 외계인 코드가 등장한다...무엇보다도 달렉이 아니라 마스터(존 심) 느님께서 최종보스로 등장함ㅠ",
    "rating": "10",
    "date": "13.01.16"
  },
  {
    "review_id": "7077697",
    "movie_id": "102142",
    "author": "kang****",
    "review": "굳",
    "rating": "10",
    "date": "13.01.03"
  }
]