[
  {
    "review_id": "8589026",
    "movie_id": "102163",
    "author": "qweo****",
    "review": "마지막까지 정말 못끈게 하고 끝까지 끌고감 개잼 개막장ㅋㅋㅋㅋ",
    "rating": "10",
    "date": "14.03.20"
  },
  {
    "review_id": "8129617",
    "movie_id": "102163",
    "author": "sjh8****",
    "review": "재밌던데ㅎㅎ지금 다시보는중 마지막은...자살이 쫌...",
    "rating": "10",
    "date": "13.11.10"
  },
  {
    "review_id": "7856801",
    "movie_id": "102163",
    "author": "fkdl****",
    "review": "진짜 개별로 노잼",
    "rating": "1",
    "date": "13.08.08"
  },
  {
    "review_id": "7722014",
    "movie_id": "102163",
    "author": "odjs****",
    "review": "강경준과 서도영 두남자 완전 훈남이다.",
    "rating": "10",
    "date": "13.07.10"
  },
  {
    "review_id": "7474245",
    "movie_id": "102163",
    "author": "akff****",
    "review": "zzzzz",
    "rating": "9",
    "date": "13.04.22"
  },
  {
    "review_id": "7334312",
    "movie_id": "102163",
    "author": "yjh4****",
    "review": "강경준씨때문에봄ㅎㅎ♥",
    "rating": "10",
    "date": "13.03.09"
  },
  {
    "review_id": "7304939",
    "movie_id": "102163",
    "author": "serw****",
    "review": "재밌음",
    "rating": "10",
    "date": "13.02.26"
  }
]