[
  {
    "review_id": "10063720",
    "movie_id": "102145",
    "author": "1222****",
    "review": "역시 10점은 당연하지",
    "rating": "10",
    "date": "15.07.03"
  },
  {
    "review_id": "9809208",
    "movie_id": "102145",
    "author": "ske4****",
    "review": "닥터후 시리즈는 뭐다??? 사랑이다!!",
    "rating": "10",
    "date": "15.03.27"
  },
  {
    "review_id": "9703046",
    "movie_id": "102145",
    "author": "jjh2****",
    "review": "우유내4랑 아무도못건들ㅇ",
    "rating": "10",
    "date": "15.02.16"
  },
  {
    "review_id": "8481014",
    "movie_id": "102145",
    "author": "prin****",
    "review": "Geromino!!!!",
    "rating": "10",
    "date": "14.02.06"
  },
  {
    "review_id": "8014699",
    "movie_id": "102145",
    "author": "pret****",
    "review": "너무 좋아요^^",
    "rating": "10",
    "date": "13.09.25"
  },
  {
    "review_id": "7826159",
    "movie_id": "102145",
    "author": "bg13****",
    "review": "닥터짱짱맨",
    "rating": "10",
    "date": "13.08.03"
  },
  {
    "review_id": "7024567",
    "movie_id": "102145",
    "author": "nan7****",
    "review": "너무재밌어요 이드라마에 푹빠졌답니다^^",
    "rating": "10",
    "date": "12.12.20"
  }
]