[
  {
    "review_id": "10267461",
    "movie_id": "102203",
    "author": "kpcc****",
    "review": "기억 탐험 이야기. 스케일이 작고 사건도 작은 느낌.",
    "rating": "2",
    "date": "15.08.23"
  },
  {
    "review_id": "10253354",
    "movie_id": "102203",
    "author": "lush****",
    "review": "만화에서나 나왔던 기억속으로 침투~ 독특하네요~ 그런데 마무리가 좀 ㅋㅋ",
    "rating": "9",
    "date": "15.08.20"
  },
  {
    "review_id": "10155115",
    "movie_id": "102203",
    "author": "chos****",
    "review": "실험결과로도 나오듯이, 사람의 기억이란  조작이 쉽다.저런 발명품이 나오더라도 믿거나 말거나라는 것을 알아야한다",
    "rating": "10",
    "date": "15.07.28"
  },
  {
    "review_id": "10128580",
    "movie_id": "102203",
    "author": "wlst****",
    "review": "아무 생각없이 봤는데 재밌어요~~^^",
    "rating": "10",
    "date": "15.07.22"
  },
  {
    "review_id": "10126821",
    "movie_id": "102203",
    "author": "milk****",
    "review": "스토리라인인 뛰어나다...단지... 투자자들이 없어 미술이나 효과적인면이 엉성하다는게 아쉽... 돈을 좀 들였더라면 여러가지 면에서 훌륭한 영회로 거듭 날 것을...",
    "rating": "7",
    "date": "15.07.21"
  },
  {
    "review_id": "10094250",
    "movie_id": "102203",
    "author": "shim****",
    "review": "저예산 영화로 최대로 뽑을 때로 뽑은 영화~!!",
    "rating": "8",
    "date": "15.07.12"
  },
  {
    "review_id": "10065646",
    "movie_id": "102203",
    "author": "mdee****",
    "review": "소재나 굉장히 독특하고 흥미로운 영화인데 뭔가 좀 매끄럽지가 못하고 너무 생각을 많이하게 하려는 듯한 느낌이랄까... 아쉽지만 7.5점",
    "rating": "7",
    "date": "15.07.03"
  },
  {
    "review_id": "10007441",
    "movie_id": "102203",
    "author": "soma****",
    "review": "근데 결말이 뭔가요? 되게 애매하네요.",
    "rating": "6",
    "date": "15.06.18"
  },
  {
    "review_id": "9978344",
    "movie_id": "102203",
    "author": "dlwn****",
    "review": "집중해서몰입하게되네요 짱",
    "rating": "10",
    "date": "15.06.06"
  },
  {
    "review_id": "9963762",
    "movie_id": "102203",
    "author": "busc****",
    "review": "기대않고 봤는데 재밌어요 진한여운이남는..",
    "rating": "10",
    "date": "15.05.30"
  },
  {
    "review_id": "9958159",
    "movie_id": "102203",
    "author": "arti****",
    "review": "기억은 기록이 아니다.",
    "rating": "8",
    "date": "15.05.28"
  },
  {
    "review_id": "9956710",
    "movie_id": "102203",
    "author": "miho****",
    "review": "볼만한데 난해함....",
    "rating": "6",
    "date": "15.05.28"
  },
  {
    "review_id": "9949157",
    "movie_id": "102203",
    "author": "lspf****",
    "review": "예전에 흥미롭게 감상 했던~^^",
    "rating": "9",
    "date": "15.05.25"
  },
  {
    "review_id": "9944428",
    "movie_id": "102203",
    "author": "dlat****",
    "review": "소재도 참신하고 시나리오도 괜찮은듯한데..뭔가 아쉽",
    "rating": "6",
    "date": "15.05.24"
  },
  {
    "review_id": "9937090",
    "movie_id": "102203",
    "author": "love****",
    "review": "우와....우와....우와....쩐다....그냥..와... 꼭 보세요....",
    "rating": "10",
    "date": "15.05.21"
  },
  {
    "review_id": "9934757",
    "movie_id": "102203",
    "author": "sean****",
    "review": "2015.00.00",
    "rating": "7",
    "date": "15.05.21"
  },
  {
    "review_id": "9907193",
    "movie_id": "102203",
    "author": "asfh****",
    "review": "몰입해서 본 영화입니다",
    "rating": "9",
    "date": "15.05.09"
  },
  {
    "review_id": "9901865",
    "movie_id": "102203",
    "author": "gerr****",
    "review": "개인적으로 재밋게봄 굿구ㅠㅅ",
    "rating": "10",
    "date": "15.05.07"
  },
  {
    "review_id": "9899073",
    "movie_id": "102203",
    "author": "lang****",
    "review": "와 넘 잼있다  이런 영화 넘 좋다  영화관에서 봤었어야했는데ㅠ",
    "rating": "10",
    "date": "15.05.06"
  },
  {
    "review_id": "9883359",
    "movie_id": "102203",
    "author": "orry****",
    "review": "재미있음. 평가는 보고 난 후 각자 알아서합시다.",
    "rating": "9",
    "date": "15.05.01"
  },
  {
    "review_id": "9854914",
    "movie_id": "102203",
    "author": "susi****",
    "review": "하하.. 기발한 소재와 잘 짜여진 스토리는 보는내내 긴장속으로 몰아넣는다. 굿^^",
    "rating": "10",
    "date": "15.04.20"
  },
  {
    "review_id": "9853920",
    "movie_id": "102203",
    "author": "wlst****",
    "review": "스릴러 평소에 좋아하는데기대없이봤는데 흡입력있고 몰입도 좋네요ㅎ저는  재밌었어요 평점 처음남겨보는데추천해줄만해요! 그래서 평점남겨요~^^마지막이 왠지 찡하네요 ㅎ",
    "rating": "10",
    "date": "15.04.20"
  },
  {
    "review_id": "9851214",
    "movie_id": "102203",
    "author": "just****",
    "review": "결말은 살짝아쉬웠지만 개인적으로 아주 만족!!여운이 남네요",
    "rating": "9",
    "date": "15.04.18"
  },
  {
    "review_id": "9835126",
    "movie_id": "102203",
    "author": "gogo****",
    "review": "다이나믹하고 우당탕하는 영화좋아하면 싫을수 있는데 드라마를 보는 느낌들면서 몰입됨. 괜찮은 영화. 쪼금 아쉬운건 10점급 시나리오에 7점급 연출력이 붙었다는것 정도.",
    "rating": "8",
    "date": "15.04.08"
  },
  {
    "review_id": "9835036",
    "movie_id": "102203",
    "author": "jinb****",
    "review": "이런 영화좋아~~ㅋㅋㅋ",
    "rating": "10",
    "date": "15.04.08"
  },
  {
    "review_id": "9827227",
    "movie_id": "102203",
    "author": "yana****",
    "review": "무난하다고 본다...",
    "rating": "7",
    "date": "15.04.04"
  },
  {
    "review_id": "9791997",
    "movie_id": "102203",
    "author": "gall****",
    "review": "예산의 한계를 스릴러가 아닌 드라마로 풀어 낸 느낌. 새로울건 없지만 어쨌든 소재가 이 영화의 장점이고 결말은 아쉽다",
    "rating": "6",
    "date": "15.03.18"
  },
  {
    "review_id": "9730035",
    "movie_id": "102203",
    "author": "pepe****",
    "review": "재미있음 볼만함! ㅋㅋ",
    "rating": "10",
    "date": "15.02.22"
  },
  {
    "review_id": "9724008",
    "movie_id": "102203",
    "author": "dkal****",
    "review": "재미있게 봤지만 좀 아쉬웠던게 몇 번 있었음",
    "rating": "9",
    "date": "15.02.21"
  },
  {
    "review_id": "9716200",
    "movie_id": "102203",
    "author": "jhj1****",
    "review": "인샙션만큼은 아니지만 정말 재미난 영화. 교훈?이랄까 의미도 주고.",
    "rating": "10",
    "date": "15.02.20"
  },
  {
    "review_id": "9711189",
    "movie_id": "102203",
    "author": "tutu****",
    "review": "기대안하고봤는데 몰입해서봤네요",
    "rating": "9",
    "date": "15.02.18"
  },
  {
    "review_id": "9691643",
    "movie_id": "102203",
    "author": "miga****",
    "review": "이건좀 심했다 겁나 재미없음 ㅡㅡ",
    "rating": "1",
    "date": "15.02.13"
  },
  {
    "review_id": "9668958",
    "movie_id": "102203",
    "author": "shss****",
    "review": "사람의 기억이란 만들어지는 것",
    "rating": "10",
    "date": "15.02.05"
  },
  {
    "review_id": "9665888",
    "movie_id": "102203",
    "author": "kss2****",
    "review": "와...몰입도최고에 진짜기대이상으로 재밋어요!!!!",
    "rating": "10",
    "date": "15.02.04"
  },
  {
    "review_id": "9657531",
    "movie_id": "102203",
    "author": "dkal****",
    "review": "조금만 더 정교하게 만들면 전설이 될 수 있는 영화였는데... 예산이 너무 부족했던 게 보인다.",
    "rating": "9",
    "date": "15.02.01"
  },
  {
    "review_id": "9560199",
    "movie_id": "102203",
    "author": "seun****",
    "review": "설정은 그럴듯하지만 다른 요소는 특별할 게 없음",
    "rating": "7",
    "date": "15.01.04"
  },
  {
    "review_id": "9554726",
    "movie_id": "102203",
    "author": "worl****",
    "review": "이런 영화도 알바푸나....",
    "rating": "1",
    "date": "15.01.03"
  },
  {
    "review_id": "9535945",
    "movie_id": "102203",
    "author": "h1gh****",
    "review": "그래!! 내가 찾던 영화가 바로 이런거였어!! 이런영화 찾아 헤메느라 얼마나 여기저기 검색하고, 아까운 돈 날렸던지 ㅠ.ㅠ",
    "rating": "10",
    "date": "14.12.29"
  },
  {
    "review_id": "9531047",
    "movie_id": "102203",
    "author": "mr_f****",
    "review": "최고다... 마지막 결말이 조금 이해가 안감",
    "rating": "10",
    "date": "14.12.28"
  },
  {
    "review_id": "9520359",
    "movie_id": "102203",
    "author": "marc****",
    "review": "이해하기는 조금 어려우나 주제는 좋다.",
    "rating": "7",
    "date": "14.12.26"
  },
  {
    "review_id": "9519884",
    "movie_id": "102203",
    "author": "sylv****",
    "review": "이게 극장에서 개봉할 영화임? 이런 B급이? 참 요즘 볼영화가 그렇게 없나?  이건 아니지... 그냥 돈주고 볼 영화는 아님. 재미없음. 간혹 인셉션하고 비교하는 족속들.. 불쌍함. 진심. ㅜ.ㅜ",
    "rating": "1",
    "date": "14.12.26"
  },
  {
    "review_id": "9508041",
    "movie_id": "102203",
    "author": "pass****",
    "review": "집중해야만 이해가 가는 진행이지만 추천 !!",
    "rating": "9",
    "date": "14.12.24"
  },
  {
    "review_id": "9495958",
    "movie_id": "102203",
    "author": "vips****",
    "review": "좋은 소재였는데 진행될수록 내용이 그냥 B급 애니로됨",
    "rating": "1",
    "date": "14.12.21"
  },
  {
    "review_id": "9448496",
    "movie_id": "102203",
    "author": "bcwh****",
    "review": "tv 시리즈물 보는듯.. 소재는 괜찮지만",
    "rating": "1",
    "date": "14.12.05"
  },
  {
    "review_id": "9417549",
    "movie_id": "102203",
    "author": "edc1****",
    "review": "신선한 소재를 가지고 꾸며낸영화",
    "rating": "8",
    "date": "14.11.24"
  },
  {
    "review_id": "9399841",
    "movie_id": "102203",
    "author": "star****",
    "review": "신선한 세계관과 엄청난 스토리...정말 몰입해서 봤다. 진흙 속 감추어진 진주같은 알짜 명작",
    "rating": "10",
    "date": "14.11.19"
  },
  {
    "review_id": "9368857",
    "movie_id": "102203",
    "author": "0411****",
    "review": "분명 재밌게봤는데, 잘은 기억안남..",
    "rating": "9",
    "date": "14.11.10"
  },
  {
    "review_id": "9354338",
    "movie_id": "102203",
    "author": "jsga****",
    "review": "재미있음 이해는 하지말고 보는게 좋음",
    "rating": "10",
    "date": "14.11.08"
  },
  {
    "review_id": "9351657",
    "movie_id": "102203",
    "author": "nine****",
    "review": "소재는 흥미로운데 밋밋한 이야기..",
    "rating": "6",
    "date": "14.11.07"
  },
  {
    "review_id": "9330077",
    "movie_id": "102203",
    "author": "nano****",
    "review": "작가(감독)에게 다 같이 박수를...  딱 한 작품뿐이군!",
    "rating": "10",
    "date": "14.10.30"
  },
  {
    "review_id": "9323074",
    "movie_id": "102203",
    "author": "ykdi****",
    "review": "이건 올해의 발견이다. 치밀하고 멋진 각본. 음... 규모가 작은 인셉션이라 할까?",
    "rating": "10",
    "date": "14.10.27"
  },
  {
    "review_id": "9308726",
    "movie_id": "102203",
    "author": "ruka****",
    "review": "주제 좋고 몰입도 좋고 스릴좋고 소재 좋고 재미 좋고 결말 좋고 여운 좋고",
    "rating": "10",
    "date": "14.10.23"
  },
  {
    "review_id": "9307244",
    "movie_id": "102203",
    "author": "qhfk****",
    "review": "내가   첫덧글단  영화다 그만큼   주제도  신선했고   색다른   음....착잡하지만    좋은교훈을  마음깊이  새길수있는영화임은  틀림없다   아직도   이영화생각하면   복잡미묘   뭐라설명이안된다는게  단점이라면  단점이랄까....",
    "rating": "10",
    "date": "14.10.22"
  },
  {
    "review_id": "9306215",
    "movie_id": "102203",
    "author": "bitt****",
    "review": "끝이 너무 안좋다.  기억기계도 조폭들에게 넘기기로했는데 그 이야기도 생략되고 기억의 주인도 주인공을 빼내주기위해 병원도 안가고 희생되어버림. 기억도 최면이나 주입으로 조작이 된다는사실을 일깨워주고 잘가다가 자본이 없는지 갑자기.. 급 결말지어버림",
    "rating": "5",
    "date": "14.10.21"
  },
  {
    "review_id": "9303478",
    "movie_id": "102203",
    "author": "jung****",
    "review": "와....정말 좋은 소재에 몰입도 전개방식 최고였음",
    "rating": "10",
    "date": "14.10.19"
  },
  {
    "review_id": "9276101",
    "movie_id": "102203",
    "author": "dhkd****",
    "review": "소재는 기발하나 잘 살리지 못하였다 지루하다 난해하다",
    "rating": "2",
    "date": "14.10.09"
  },
  {
    "review_id": "9265033",
    "movie_id": "102203",
    "author": "lene****",
    "review": "처음에는 기대없이 봤는데...오오...정말 볼만한 영화입니다. 소재도 신선해서 더 기억에 남네요",
    "rating": "10",
    "date": "14.10.05"
  },
  {
    "review_id": "9261065",
    "movie_id": "102203",
    "author": "the0****",
    "review": "나 역시 내 위주로 만들어진 기억이 있지 않을까 하고 생각하게 되는 영화 였다",
    "rating": "8",
    "date": "14.10.04"
  },
  {
    "review_id": "9255982",
    "movie_id": "102203",
    "author": "olle****",
    "review": "이거 2년전엔가 본건데 지금 개봉하네.재미는 보장합니다.",
    "rating": "9",
    "date": "14.10.02"
  },
  {
    "review_id": "9247685",
    "movie_id": "102203",
    "author": "kwan****",
    "review": "엔딩소름....진짜쟈밋다..",
    "rating": "10",
    "date": "14.09.28"
  },
  {
    "review_id": "9241108",
    "movie_id": "102203",
    "author": "yspk****",
    "review": "롤러코스트를 탄 것같은 영화",
    "rating": "10",
    "date": "14.09.25"
  },
  {
    "review_id": "9236312",
    "movie_id": "102203",
    "author": "dw27****",
    "review": "쩐다.... 후반부로 갈수록 몰입감 장난아님..",
    "rating": "9",
    "date": "14.09.23"
  },
  {
    "review_id": "9234355",
    "movie_id": "102203",
    "author": "zhdd****",
    "review": "그 기억이 확실한 겁니까? - 당신은?",
    "rating": "10",
    "date": "14.09.22"
  },
  {
    "review_id": "9231130",
    "movie_id": "102203",
    "author": "almo****",
    "review": "여느 것과는 다르게 끝으로 갈수록 흥미진진하다. 기억의 단서를 쫒는 과정과 컴퓨터 게임 베타테스트 마냥 환경을 꾸민 것도 참신하고..",
    "rating": "7",
    "date": "14.09.21"
  },
  {
    "review_id": "9212138",
    "movie_id": "102203",
    "author": "adis****",
    "review": "평점8.5정도는 되야지",
    "rating": "10",
    "date": "14.09.13"
  },
  {
    "review_id": "9205347",
    "movie_id": "102203",
    "author": "yang****",
    "review": "참신하다 개인적으로 인셉션 만큼 재밌었다.",
    "rating": "10",
    "date": "14.09.11"
  },
  {
    "review_id": "9201497",
    "movie_id": "102203",
    "author": "taew****",
    "review": "인셉션하고 비교많이 되는데 인셉션은 꿈속 세계에서의 상황이 주를 이루는 반면 이 영화는 실제 기억을 바탕으로  계속 현재시점과 과거시점, 기억속 세계와 현실세계를 교차하면서 편집한 기법이 참신했다고 본다.",
    "rating": "10",
    "date": "14.09.10"
  },
  {
    "review_id": "9181768",
    "movie_id": "102203",
    "author": "park****",
    "review": "조금은 씁쓸하다. 인생에 대해 다시금 생각해보게 만드는 영화.",
    "rating": "10",
    "date": "14.09.08"
  },
  {
    "review_id": "9171112",
    "movie_id": "102203",
    "author": "0718****",
    "review": "와 마지막에 소름 ㄷㄷㄷ소재도 참신하고 한번쯤 기억의 세뇌에 대해 고민해보게 된 시간이었음",
    "rating": "9",
    "date": "14.09.05"
  },
  {
    "review_id": "9157786",
    "movie_id": "102203",
    "author": "goqm****",
    "review": "단언컨데 이영화는 끝나기 10분전이 정말 잼있습니다물론 그전에도 잼있지만요",
    "rating": "10",
    "date": "14.09.03"
  },
  {
    "review_id": "9127481",
    "movie_id": "102203",
    "author": "lshb****",
    "review": "인셉션과 동급이라하긴 뭐하지만. 이정도면 진짜 수작이다. 놀란감독의 트랜센던스 포스터가 이영화의 포스터를 배낀듯... 이영화에서 뭔가영감을 얻은듯하다. 아무튼 진짜 재밌게봤다. 기대하고봤는데도 기대이상",
    "rating": "10",
    "date": "14.08.24"
  },
  {
    "review_id": "9121465",
    "movie_id": "102203",
    "author": "http****",
    "review": "이미 흔해빠진 소재에 저예산으로 제작됐기 때문에 기대 안하고 본다면 단편 미드 정도의 재미는 있음. 내 평점은 6점이지만 평점 조절을 위해 1점.",
    "rating": "1",
    "date": "14.08.22"
  },
  {
    "review_id": "9113949",
    "movie_id": "102203",
    "author": "zhde****",
    "review": "기억을 공유한다는게 매력적임 과정이  박진감 넘칠줄 알았는데  매우 감성적이라 개인적으로는 흥이 안났던",
    "rating": "6",
    "date": "14.08.20"
  },
  {
    "review_id": "9109366",
    "movie_id": "102203",
    "author": "dusa****",
    "review": "조작도 정도껏....",
    "rating": "1",
    "date": "14.08.19"
  },
  {
    "review_id": "9104902",
    "movie_id": "102203",
    "author": "bles****",
    "review": "꽤 괜찮은 신선한 상상력",
    "rating": "7",
    "date": "14.08.18"
  },
  {
    "review_id": "9095827",
    "movie_id": "102203",
    "author": "pdia****",
    "review": "무심코 보면 단순한 스토리에 지나지 않지만 잘보면 하나 하나 숨겨진 의미와 단서들을 찾는 맛이 있다",
    "rating": "9",
    "date": "14.08.16"
  },
  {
    "review_id": "9064964",
    "movie_id": "102203",
    "author": "sort****",
    "review": "평점조작위원회에서 나왔슴다.,",
    "rating": "1",
    "date": "14.08.10"
  },
  {
    "review_id": "9064653",
    "movie_id": "102203",
    "author": "sdm1****",
    "review": "SF지만 허무맹랑하지 않다. 진심 괜찮음",
    "rating": "9",
    "date": "14.08.10"
  },
  {
    "review_id": "9054531",
    "movie_id": "102203",
    "author": "cch0****",
    "review": "저예산단편영화2저예산단편영화2",
    "rating": "1",
    "date": "14.08.09"
  },
  {
    "review_id": "9052836",
    "movie_id": "102203",
    "author": "jss4****",
    "review": "나쁘지않음나쁘지않음",
    "rating": "10",
    "date": "14.08.09"
  },
  {
    "review_id": "9048584",
    "movie_id": "102203",
    "author": "lyh6****",
    "review": "로그인하게만드네...밑에놈들 전부다 나만당할순없단 마인드로 10점씩 찔러놨네...그냥 정말 볼꺼없고 심심해죽을꺼같을때 눈요깃꺼리도 안되는 저예산 단편영화.,..더도 없고 깊게 생각하는것도 없고 그냥 그걸로 끝...",
    "rating": "1",
    "date": "14.08.08"
  },
  {
    "review_id": "9043395",
    "movie_id": "102203",
    "author": "lovu****",
    "review": "소재,아이디어 발상 대단하다고 해주지만, 연출이..특히 영상구성, 편집이 아쉬웠다.",
    "rating": "7",
    "date": "14.08.07"
  },
  {
    "review_id": "9028540",
    "movie_id": "102203",
    "author": "lily****",
    "review": "인간의 기억에 대해 이렇게  쉽게 풀다니  ㅋㅋ 대박 괜히  꼬지도 않구 전반적인 임팩트는 좀 약한 느낌이 있지만 아이디어랑 이야기를 풀어 가는데 있어 아주 친절하다 ^^  연출력이 조금 아쉽지만 재밌게 봤다 추천",
    "rating": "8",
    "date": "14.08.05"
  },
  {
    "review_id": "9026914",
    "movie_id": "102203",
    "author": "dhwo****",
    "review": "간만에 재밌게 본영화!",
    "rating": "10",
    "date": "14.08.04"
  },
  {
    "review_id": "9026205",
    "movie_id": "102203",
    "author": "qkre****",
    "review": "이거야말로 대박영화다...난 .인셉션보다 이걸 더 재밌게봤다.",
    "rating": "10",
    "date": "14.08.04"
  },
  {
    "review_id": "9022259",
    "movie_id": "102203",
    "author": "sh00****",
    "review": "와....진짜 잼있네요 지인짜 너무 재밌어요!. 이러한 영화를 볼수있었다니 영광이네요. 여러분 진짜로 보세요;;;",
    "rating": "10",
    "date": "14.08.04"
  },
  {
    "review_id": "9007919",
    "movie_id": "102203",
    "author": "chek****",
    "review": "중반까지는 다 좋앗다..근데 후반부부터 뭔가 내용이 이상해짐..결말도 그렇고..감독의 한계가 보이는데 그래도 소재는 정말 좋았다",
    "rating": "7",
    "date": "14.08.02"
  },
  {
    "review_id": "8996823",
    "movie_id": "102203",
    "author": "odg7****",
    "review": "개쩜요;;; 진짜 재밌음 몰입도",
    "rating": "10",
    "date": "14.07.31"
  },
  {
    "review_id": "8976428",
    "movie_id": "102203",
    "author": "shcl****",
    "review": "1시간28분 동안 이렇게 집중한 적은 처음이랄까, 내용이 신선하고 배우들 연기의 소울이 느껴집니다ㅋㅋ 진짜 재미있엇어요, 다만 복잡한 느낌이 든달까, 내용이 아니라 마음이 복잡해지는 영화 인것 같아요 ㅇㅇ;;",
    "rating": "10",
    "date": "14.07.29"
  },
  {
    "review_id": "8936734",
    "movie_id": "102203",
    "author": "lthd****",
    "review": "참신하진 않지만 좋은 소재를 잘 살렸다. 잘 만든 저예산 SF 영화.",
    "rating": "8",
    "date": "14.07.21"
  },
  {
    "review_id": "8930360",
    "movie_id": "102203",
    "author": "dheh****",
    "review": "오오... 마지막 반전이 엔딩크레딧 나오는 내내 혼자서 골똘이 생각하게 되는구나",
    "rating": "10",
    "date": "14.07.19"
  },
  {
    "review_id": "8929193",
    "movie_id": "102203",
    "author": "gold****",
    "review": "재밋게봤어요~조용하지만 지루하지않네요ㅎ",
    "rating": "10",
    "date": "14.07.19"
  },
  {
    "review_id": "8927529",
    "movie_id": "102203",
    "author": "doku****",
    "review": "진짜 몰입도 최고네요.  할리우드 대작이었다면 더 대박났을것 같은데  정말 아쉽습니다~~~!!!",
    "rating": "10",
    "date": "14.07.18"
  },
  {
    "review_id": "8927033",
    "movie_id": "102203",
    "author": "pass****",
    "review": "하품 안 하고 볼 정도..",
    "rating": "7",
    "date": "14.07.18"
  },
  {
    "review_id": "8926574",
    "movie_id": "102203",
    "author": "ihat****",
    "review": "나름의 액션을 기대하고 봤고, 그렇진 않았지만  나쁘지않았다",
    "rating": "8",
    "date": "14.07.18"
  },
  {
    "review_id": "8910322",
    "movie_id": "102203",
    "author": "rnfk****",
    "review": "그럼 앤서니의 기억은 세뇌와 강압으로 만들어진 기억이고 아버지의 기억이 다 맞다는건가?앤서니 마약친구는 그저 마약을 줬을뿐이고 여자친구는 자살?뭔가 착잡하네",
    "rating": "10",
    "date": "14.07.13"
  },
  {
    "review_id": "8897735",
    "movie_id": "102203",
    "author": "drea****",
    "review": "생각하게 만드는 스릴러 영화류 좋아하는 사람이면 다 좋아할거 같은 영화임~!! 영화 괜찮던데~ 사람들 많이 안봤나 보네~!!",
    "rating": "10",
    "date": "14.07.09"
  },
  {
    "review_id": "8885924",
    "movie_id": "102203",
    "author": "blue****",
    "review": "웹하드에 널려있던게 개봉하면 뭐하냐? 나름 볼만은 함..",
    "rating": "8",
    "date": "14.07.05"
  },
  {
    "review_id": "8878642",
    "movie_id": "102203",
    "author": "rhee****",
    "review": "기대했던만큼보다 훨신 재미있네요",
    "rating": "10",
    "date": "14.07.03"
  },
  {
    "review_id": "8872514",
    "movie_id": "102203",
    "author": "gusa****",
    "review": "영화는 많이 안봅니다만 최근 봤던 영화 중, 인셉션,엣지 오브 투모로우 이후로 최고로 재밌게 봤습니다. 반전 또한 어떤 영화보다 신선했고 소재 또한 인셉션 다음으로 참신하다 생각 합니다.",
    "rating": "10",
    "date": "14.07.01"
  }
]