[
  {
    "review_id": "10233659",
    "movie_id": "102214",
    "author": "leej****",
    "review": "마음이 따듯해지는 영화입니다이런 소제영화는 보통 약간 흥미가 떨어지는편인데 이 영화는 좀 다른듯해요",
    "rating": "9",
    "date": "15.08.15"
  },
  {
    "review_id": "10065145",
    "movie_id": "102214",
    "author": "wjsr****",
    "review": "대체적으로 평이함에도 히마와리가 되살린 인간과의 좋은기억이 특별한 감동을 자아낸다. 비인간적인 모습 반대편의 따스한 인간의 모습... 영화 속 대사처럼 나쁜 기억과는 달리 쉽게 잊고 지내던 좋은 기억을 되살려 인간성에 대한 희망을 발견할 수 있었다",
    "rating": "7",
    "date": "15.07.03"
  },
  {
    "review_id": "9899902",
    "movie_id": "102214",
    "author": "love****",
    "review": "이제보다니..  정말눈물이 그렁그렁ㅠㅠ인간이 나쁘다  에휴",
    "rating": "9",
    "date": "15.05.06"
  },
  {
    "review_id": "9839093",
    "movie_id": "102214",
    "author": "hosa****",
    "review": "동물 유기하는 사람들이 꼭 봤으면 하는 영화!",
    "rating": "9",
    "date": "15.04.11"
  },
  {
    "review_id": "9817166",
    "movie_id": "102214",
    "author": "1231****",
    "review": "유기견 살처분 문제에 관해서 생각해보게 되는 영화. 어렸을때부터 동물과 함께 사랑을 주고받고 자란다면, 좀 더 제대로 된 어른이 될 수 있을것 같다. 나도 여렸을 때 늘 멍멍이와 함께 해서 다행이었다",
    "rating": "8",
    "date": "15.03.30"
  },
  {
    "review_id": "9602953",
    "movie_id": "102214",
    "author": "luv_****",
    "review": "시작부터 너무나 잔인하게 슬픈 애잔한 영화.. 이런 제길!!",
    "rating": "10",
    "date": "15.01.17"
  },
  {
    "review_id": "9455995",
    "movie_id": "102214",
    "author": "fore****",
    "review": "아~ 눈물 나네요ㅠㅠㅠㅠ",
    "rating": "10",
    "date": "14.12.07"
  },
  {
    "review_id": "9294927",
    "movie_id": "102214",
    "author": "bles****",
    "review": "개를 키울 자격없는 사람들이 개를 키우는 일이 없어지길...",
    "rating": "6",
    "date": "14.10.16"
  },
  {
    "review_id": "9294605",
    "movie_id": "102214",
    "author": "wlsg****",
    "review": "필름포럼 상영 마지막날 잘보고왔습니다 :) 도그 트레이닝 힘들었을거같네요..",
    "rating": "10",
    "date": "14.10.15"
  },
  {
    "review_id": "9293502",
    "movie_id": "102214",
    "author": "kbs3****",
    "review": "가슴이 따뜻해 지는 영화!",
    "rating": "10",
    "date": "14.10.15"
  },
  {
    "review_id": "9292174",
    "movie_id": "102214",
    "author": "stev****",
    "review": "좋은배우와 명연기! 좋았습니다",
    "rating": "9",
    "date": "14.10.14"
  },
  {
    "review_id": "9288908",
    "movie_id": "102214",
    "author": "sool****",
    "review": "반려동물에 대해서 생각해볼 수 있는 계기를 만들어주는 영화",
    "rating": "9",
    "date": "14.10.13"
  },
  {
    "review_id": "9285457",
    "movie_id": "102214",
    "author": "jmpr****",
    "review": "가슴이 찡합니다....",
    "rating": "10",
    "date": "14.10.11"
  },
  {
    "review_id": "9278748",
    "movie_id": "102214",
    "author": "bigy****",
    "review": "집중을 하게만드는 영화다.",
    "rating": "8",
    "date": "14.10.09"
  },
  {
    "review_id": "9276723",
    "movie_id": "102214",
    "author": "dgqr****",
    "review": "사카이 마사토란 배우가 이리 매력적인 배우였나.. 감동 그자체",
    "rating": "9",
    "date": "14.10.09"
  },
  {
    "review_id": "9254694",
    "movie_id": "102214",
    "author": "2406****",
    "review": "마지막이 감동적이네요",
    "rating": "5",
    "date": "14.10.02"
  },
  {
    "review_id": "9249597",
    "movie_id": "102214",
    "author": "iieu****",
    "review": "이게 언제적인데 이제 개봉하나 ㅋㅋ 여튼 나쁘지는 않은 영화",
    "rating": "7",
    "date": "14.09.29"
  },
  {
    "review_id": "9248714",
    "movie_id": "102214",
    "author": "rh_t****",
    "review": "잔잔하고  감동적인  인간의 행동들에 대해 생각하게 만드는 영화",
    "rating": "7",
    "date": "14.09.29"
  },
  {
    "review_id": "9245110",
    "movie_id": "102214",
    "author": "wh77****",
    "review": "잔잔하게 감동적이다.아이와 함께 봤는데 애완동물에  대해 많은 생각을 하게된다.많은 극장에서 상영을 안하는게 너무 아쉽다.",
    "rating": "10",
    "date": "14.09.27"
  },
  {
    "review_id": "9241919",
    "movie_id": "102214",
    "author": "gosk****",
    "review": "@김혜영          봤니 알겠냐",
    "rating": "1",
    "date": "14.09.26"
  },
  {
    "review_id": "9241054",
    "movie_id": "102214",
    "author": "sing****",
    "review": "믿고보는 사카이마사토",
    "rating": "10",
    "date": "14.09.25"
  },
  {
    "review_id": "9240614",
    "movie_id": "102214",
    "author": "534k****",
    "review": "이게 누구신가 사카이 마사토아니신가",
    "rating": "10",
    "date": "14.09.25"
  }
]