[
  {
    "review": "내용은 잘모르겠고 자폐아 연기 진짜 잘하심 톰크루즈는 존잘생",
    "date": "15.08.23",
    "rating": "7",
    "author": "dwys****",
    "review_id": "10268663",
    "movie_id": "10238"
  },
  {
    "review": "평점 보고 영화봤는데 왜 이렇게 아쉽지.. 애석하게도 나한테는 그냥저냥 그랬다ㅠㅠ",
    "date": "15.07.28",
    "rating": "8",
    "author": "tjgu****",
    "review_id": "10155035",
    "movie_id": "10238"
  },
  {
    "review": "지루할 틈이 없는 감동적인 영화",
    "date": "15.07.10",
    "rating": "9",
    "author": "keal****",
    "review_id": "10089300",
    "movie_id": "10238"
  },
  {
    "review": "잔잔하니 보기 좋은 영화.",
    "date": "15.05.24",
    "rating": "8",
    "author": "phea****",
    "review_id": "9946439",
    "movie_id": "10238"
  },
  {
    "review": "헐리웃 역사에 길이 남을 더스틴 호프만의 신들린 자폐 연기",
    "date": "15.05.17",
    "rating": "8",
    "author": "sipj****",
    "review_id": "9925433",
    "movie_id": "10238"
  },
  {
    "review": "마지막이 뭔가 아쉬웠던 영화... 2% 부족한 느낌",
    "date": "15.05.07",
    "rating": "9",
    "author": "jmp0****",
    "review_id": "9901301",
    "movie_id": "10238"
  },
  {
    "review": "감동적이고 재미도 있고 정말 최고네요",
    "date": "15.05.06",
    "rating": "10",
    "author": "love****",
    "review_id": "9899302",
    "movie_id": "10238"
  },
  {
    "review": "rain man rain man",
    "date": "15.04.29",
    "rating": "10",
    "author": "tran****",
    "review_id": "9877447",
    "movie_id": "10238"
  },
  {
    "review": "재미없음 뭐가 명작이라는건지",
    "date": "15.04.29",
    "rating": "5",
    "author": "broy****",
    "review_id": "9877317",
    "movie_id": "10238"
  },
  {
    "review": "남우주연상 받을만 했다",
    "date": "15.02.18",
    "rating": "10",
    "author": "ssws****",
    "review_id": "9709417",
    "movie_id": "10238"
  },
  {
    "review": "잔잔한 감동이네요..",
    "date": "15.02.14",
    "rating": "9",
    "author": "movi****",
    "review_id": "9694337",
    "movie_id": "10238"
  },
  {
    "review": "더스틴형 사랑해요 또 봤어요",
    "date": "15.02.08",
    "rating": "10",
    "author": "zhzn****",
    "review_id": "9678095",
    "movie_id": "10238"
  },
  {
    "review": "형을 너무 갑작스럽게 이해하는 부분빼고는 잔잔하면서도 좋았다",
    "date": "15.01.29",
    "rating": "8",
    "author": "misu****",
    "review_id": "9648618",
    "movie_id": "10238"
  },
  {
    "review": "\"하나는 나쁘고 둘은 좋아.\"이 대사는 아직까지도 기억난다.",
    "date": "15.01.27",
    "rating": "10",
    "author": "silk****",
    "review_id": "9643567",
    "movie_id": "10238"
  },
  {
    "review": "잔잔하면서도 유쾌하고 감명깊은",
    "date": "15.01.22",
    "rating": "10",
    "author": "gmdq****",
    "review_id": "9623584",
    "movie_id": "10238"
  },
  {
    "review": "더스틴 호프만의 연기에 푹 빠졌다.",
    "date": "15.01.18",
    "rating": "8",
    "author": "adiv****",
    "review_id": "9607417",
    "movie_id": "10238"
  },
  {
    "review": "정말 감동입니다...",
    "date": "15.01.07",
    "rating": "8",
    "author": "alem****",
    "review_id": "9571227",
    "movie_id": "10238"
  },
  {
    "review": "중간에 전개가 좀 늘어지는경향이있지만 재미있었다... 마지막에 레이가 내렸으면 좋겠다고 생각했는데 안타깝네 ㅠㅠㅠ 아무튼 두사람연기는 수준급에 톰크루즈외모는쩐다",
    "date": "15.01.04",
    "rating": "9",
    "author": "fmaq****",
    "review_id": "9560460",
    "movie_id": "10238"
  },
  {
    "review": "안타깝기만 하다... 그들만의 세계는 인정될수 없을까",
    "date": "14.12.30",
    "rating": "10",
    "author": "kimd****",
    "review_id": "9538390",
    "movie_id": "10238"
  },
  {
    "review": "제목이 왜 \"레인맨\"인가...궁금했는데...중후반에 궁금증이 풀리네요. 그 장면이 가장 기억에 남습니다.",
    "date": "14.12.18",
    "rating": "8",
    "author": "qhrt****",
    "review_id": "9485169",
    "movie_id": "10238"
  },
  {
    "review": "최고 영화!! 더이살 설명이 필요없는....",
    "date": "14.11.30",
    "rating": "10",
    "author": "dlqj****",
    "review_id": "9435264",
    "movie_id": "10238"
  },
  {
    "review": "톰 크루즈는 진짜 잘생겼고 더스틴 호프만의 연기력은 갑이다",
    "date": "14.11.23",
    "rating": "8",
    "author": "ac67****",
    "review_id": "9415578",
    "movie_id": "10238"
  },
  {
    "review": "다시 봐도 그 감동을 느낄 수 있는 명작. 더스틴 호프만의 연기는 역시 명품이다.",
    "date": "14.11.21",
    "rating": "10",
    "author": "cont****",
    "review_id": "9408177",
    "movie_id": "10238"
  },
  {
    "review": "현실적인 결말 좋았음. ㅋ  그나저나 톰 크루즈 진짜 잘생겼네",
    "date": "14.10.29",
    "rating": "8",
    "author": "fghy****",
    "review_id": "9325603",
    "movie_id": "10238"
  },
  {
    "review": "연기력 빼곤 그닥 모르겠음.. 명작이라기에 봤는데 흠...",
    "date": "14.10.26",
    "rating": "7",
    "author": "nam0****",
    "review_id": "9318615",
    "movie_id": "10238"
  },
  {
    "review": "한스짐머의 배경음악도 좋고, 탐크루즈의 리즈시절과 호프만의 명연기를 동시에 볼수있어 행복했다. 톰크루즈의 웃는 얼굴은 남자가 봐도 설레일 정도. 마지막에 머리를 맞대는 장면은 정말 감동적이다.",
    "date": "14.10.24",
    "rating": "10",
    "author": "kjk9****",
    "review_id": "9311734",
    "movie_id": "10238"
  },
  {
    "review": "하나는 나쁘고 둘은 좋다= 피는 물보다 진하다 = 뭉치면 살고 흩어지면 죽습네다!",
    "date": "14.10.16",
    "rating": "8",
    "author": "obed****",
    "review_id": "9296909",
    "movie_id": "10238"
  },
  {
    "review": "영화 괜찮네요. 호프만 연기도 ㄷㄷ",
    "date": "14.10.04",
    "rating": "8",
    "author": "liqu****",
    "review_id": "9261885",
    "movie_id": "10238"
  },
  {
    "review": "정말 감동적이다. 두 주연배우 연기 대박!!",
    "date": "14.10.03",
    "rating": "10",
    "author": "wjda****",
    "review_id": "9258253",
    "movie_id": "10238"
  },
  {
    "review": "이영화만의 개성이 강햇지만 지루했던것두 사실이다",
    "date": "14.09.30",
    "rating": "6",
    "author": "dudr****",
    "review_id": "9250696",
    "movie_id": "10238"
  },
  {
    "review": "더스틴호프만의 명연기..걸작입니다",
    "date": "14.09.12",
    "rating": "10",
    "author": "zmfp****",
    "review_id": "9208594",
    "movie_id": "10238"
  },
  {
    "review": "누군가 진부한 스토리라서 9점준다고 해서 답답해 평점씁니다. 그렇게 따지면 요즘 영화중에 진부하지 않고 제대로된 영화가 몇이나됩니까? 이미 보여주고 나올만한 시나리오는 다 나왔고 거기에 캐릭터나 기타 다른 미장센들을 바꿀분.. 결국 배우들의 연기와",
    "date": "14.09.04",
    "rating": "10",
    "author": "rain****",
    "review_id": "9165983",
    "movie_id": "10238"
  },
  {
    "review": "와 내용도 좋고 연기도좋고 다좋았다",
    "date": "14.08.25",
    "rating": "10",
    "author": "balt****",
    "review_id": "9133468",
    "movie_id": "10238"
  },
  {
    "review": "지금 다시봐도 전혀 촌스럽지 않은 세련된 영화",
    "date": "14.08.24",
    "rating": "10",
    "author": "chlg****",
    "review_id": "9130928",
    "movie_id": "10238"
  },
  {
    "review": "울적할 때 꼭 보게 되는 영화! 글고 보고나면 기분 좋아지는 희한한 영화~엔딩 크레딧에 나오는 레이몬드 시각에 비친 세상 풍경이 묘하게 사람을 편안하게 해준다",
    "date": "14.08.12",
    "rating": "10",
    "author": "nasu****",
    "review_id": "9075031",
    "movie_id": "10238"
  },
  {
    "review": "결말이 다소 현실적이어서 닿았던 영화..",
    "date": "14.08.12",
    "rating": "10",
    "author": "i971****",
    "review_id": "9074606",
    "movie_id": "10238"
  },
  {
    "review": "비슷한 느낌의 영화 아이 엠 샘이 좀 더 몰입도도 높고 감동적임. 솔직히 다소 지루했음.",
    "date": "14.08.12",
    "rating": "1",
    "author": "jjaj****",
    "review_id": "9071334",
    "movie_id": "10238"
  },
  {
    "review": "자폐증 환자로 나온 더스틴 호프만의 연기는 훌륭하고, 가족의 사랑을 느끼며 가치관에 변화가 오는 주인공도 좋다. 안타까운 건 비슷한 영화들이 많은 현재의 관점에선 다소 평범하다는 것.",
    "date": "14.08.08",
    "rating": "7",
    "author": "zxc1****",
    "review_id": "9050860",
    "movie_id": "10238"
  },
  {
    "review": "죽기 전에 꼭 봐야하는 영화라고들 하고제가 제일 좋아하는 명품배우인 톰 크루즈가 나와서봐봤는데 왜 죽기 전에 꼭 봐야하는 영화인지를 알게 되었네요 ㅎ 영화 보면서 동생 생각도 나고 중간중간에 웃긴 부분도 있고 마지막은 감동이었네요 ㅎ꼭 보세요~~",
    "date": "14.08.07",
    "rating": "10",
    "author": "seo9****",
    "review_id": "9042430",
    "movie_id": "10238"
  },
  {
    "review": "감동적이네 동생생각도나고 역시 피는물고다진하다",
    "date": "14.07.30",
    "rating": "10",
    "author": "yjh1****",
    "review_id": "8987781",
    "movie_id": "10238"
  },
  {
    "review": "더스틴호프만과 톰크루즈의 명연기",
    "date": "14.07.23",
    "rating": "10",
    "author": "rlad****",
    "review_id": "8946852",
    "movie_id": "10238"
  },
  {
    "review": "지금은 진부하지만 그때는 괜찮았을듯 톰크루즈존잘",
    "date": "14.07.21",
    "rating": "10",
    "author": "mtt3****",
    "review_id": "8938716",
    "movie_id": "10238"
  },
  {
    "review": "톰크루즈 정말 잘생김...ㄷㄷ",
    "date": "14.06.21",
    "rating": "10",
    "author": "gira****",
    "review_id": "8843658",
    "movie_id": "10238"
  },
  {
    "review": "잔잔하지만 왠지모르게 울컥하게 되는영화",
    "date": "14.06.20",
    "rating": "10",
    "author": "gjdp****",
    "review_id": "8843391",
    "movie_id": "10238"
  },
  {
    "review": "많은 여운 못지않게 허전함도 같이 안겨주는 영화, 호프먼의 연기는 역시 탁월하다",
    "date": "14.06.15",
    "rating": "7",
    "author": "trac****",
    "review_id": "8832615",
    "movie_id": "10238"
  },
  {
    "review": "현실적인 엔딩, 잔잔한 완성",
    "date": "14.05.28",
    "rating": "9",
    "author": "dnfl****",
    "review_id": "8772761",
    "movie_id": "10238"
  },
  {
    "review": "더스틴 호프만 연기력 명품이네요. 대전인데 DVD 싸게 파는데 없나요?",
    "date": "14.05.19",
    "rating": "10",
    "author": "jopa****",
    "review_id": "8746358",
    "movie_id": "10238"
  },
  {
    "review": "스토리가 진부하다고? 이영화가 언제 개봉했는지 떠올려봐라. 89년작. 영화속에서 시골의사가 자폐증이뭔지도 모르는 장면을 보면 절대 진부한 스토리라고 할 수 없다. 또한 현실적인 결말은 작품의 격을 높였다.",
    "date": "14.04.29",
    "rating": "10",
    "author": "skyy****",
    "review_id": "8682603",
    "movie_id": "10238"
  },
  {
    "review": "톰크루즈와 더스틴호프만 두 배우의 연기는 연기라고 느껴지지 않을만큼 완벽한 영화!!!",
    "date": "14.04.06",
    "rating": "10",
    "author": "minw****",
    "review_id": "8631354",
    "movie_id": "10238"
  },
  {
    "review": "처음에는 자신의 이득을 위해 접근했지만 점점 형재애를 느껴가며 환상속의 \"레인맨\"을 깨닫게 되며 변해가는 찰리. 결국은 가족은 어쩔 수 없는 가족인듯 하다.",
    "date": "14.03.25",
    "rating": "9",
    "author": "shmi****",
    "review_id": "8605815",
    "movie_id": "10238"
  },
  {
    "review": "좋은 배우  좋은 영화....",
    "date": "14.03.21",
    "rating": "10",
    "author": "madr****",
    "review_id": "8593080",
    "movie_id": "10238"
  },
  {
    "review": "형제가 없는 내게 가슴 뭉클한 형제애를 알려준 영화  one for bad, two for good.",
    "date": "14.02.26",
    "rating": "10",
    "author": "kinl****",
    "review_id": "8538097",
    "movie_id": "10238"
  },
  {
    "review": "one for bad, two for good.",
    "date": "14.02.06",
    "rating": "7",
    "author": "swee****",
    "review_id": "8480501",
    "movie_id": "10238"
  },
  {
    "review": "명작이라는데... 그동안 영화에 익숙해졌는가?  이전영화가  별로인것 같다.",
    "date": "14.02.04",
    "rating": "6",
    "author": "sua9****",
    "review_id": "8474022",
    "movie_id": "10238"
  },
  {
    "review": "더스틴 호프만씨가 매우 재미있고 연기를 잘하는 것 같아요!!!최고의 영화~추천합니다!!",
    "date": "14.02.02",
    "rating": "10",
    "author": "kshm****",
    "review_id": "8464791",
    "movie_id": "10238"
  },
  {
    "review": "하나는 나쁘고 둘은 좋은거",
    "date": "14.01.17",
    "rating": "9",
    "author": "nut7****",
    "review_id": "8389960",
    "movie_id": "10238"
  },
  {
    "review": "나도 가끔은 형이 있었으면 좋겠다.",
    "date": "14.01.08",
    "rating": "10",
    "author": "seun****",
    "review_id": "8360732",
    "movie_id": "10238"
  },
  {
    "review": "형제가 없어 형제애를 100% 이해할 수 없는 나도 모텔에서의 장면에 눈물이 흘렀다. 그 장면 만으로 충분하다.",
    "date": "14.01.03",
    "rating": "9",
    "author": "apol****",
    "review_id": "8342946",
    "movie_id": "10238"
  },
  {
    "review": "억지로 감동 짜내는 영화 굉장히 싫어하는데 오랜만에 진짜배기 감동 영화화를 한편 발견해서 기분이 좋다. 더스틴 호프만의 연기가 정말 놀라울 정도다. 자폐아를 정말 완벽하게 표현 해냈다. 간간히 터지는 웃음 또한 소소한 재미가 있다.",
    "date": "13.12.31",
    "rating": "9",
    "author": "supe****",
    "review_id": "8329540",
    "movie_id": "10238"
  },
  {
    "review": "배우도 멋있고 영화도 정말 멋있었다",
    "date": "13.12.25",
    "rating": "9",
    "author": "lkyl****",
    "review_id": "8294812",
    "movie_id": "10238"
  },
  {
    "review": "이해가 가지 않는 현재 평점,  톰 크루즈의 변화를 이해 할 수 없다.",
    "date": "13.12.15",
    "rating": "7",
    "author": "jong****",
    "review_id": "8216403",
    "movie_id": "10238"
  },
  {
    "review": "88년도 영화지만 너무 감동적으로 봄 형제애를 느낌",
    "date": "13.12.07",
    "rating": "9",
    "author": "gusd****",
    "review_id": "8195824",
    "movie_id": "10238"
  },
  {
    "review": "가장 인간다움이 무엇인지, 인간다움을 찾아가는 여정을 그린 영화. 호프만의 연기는 그가 진짜 자폐증 환자가 아닐까 의심하게 만듭니다.",
    "date": "13.11.13",
    "rating": "10",
    "author": "jimr****",
    "review_id": "8135963",
    "movie_id": "10238"
  },
  {
    "review": "지금까지본영화중 탐크루즈가 젤멋있게나온건 이 레인맨에서군 더스틴호프만은 정말천재연기자다",
    "date": "13.11.10",
    "rating": "10",
    "author": "clpo****",
    "review_id": "8128872",
    "movie_id": "10238"
  },
  {
    "review": "영화 자체는 지루하다. 그러나 더스틴호프만의 멋진 연기와 톰크루즈가 작중에서 형을 대하는 모습의 변화는 충분히 여운이 남게 한다.",
    "date": "13.11.06",
    "rating": "7",
    "author": "wlgh****",
    "review_id": "8118466",
    "movie_id": "10238"
  },
  {
    "review": "아주 어렸을 때 봤는데도 기억에 남아있는... 정말 감동적인 영화입니다 ㅠㅠ 꼭 보세여",
    "date": "13.11.02",
    "rating": "10",
    "author": "lees****",
    "review_id": "8108767",
    "movie_id": "10238"
  },
  {
    "review": "각본은 사실 어느정도 예측 가능한 스토리다, 하지만 그 이상을 보여준 영화.",
    "date": "13.10.21",
    "rating": "8",
    "author": "keep****",
    "review_id": "8076843",
    "movie_id": "10238"
  },
  {
    "review": "볼만하네요~ 마지막 음악이 좋네요~",
    "date": "13.10.17",
    "rating": "4",
    "author": "yama****",
    "review_id": "8064325",
    "movie_id": "10238"
  },
  {
    "review": "형제들의 얼굴이 자꾸 떠 오르고 옜날 생각이 나더군요.",
    "date": "13.09.23",
    "rating": "9",
    "author": "cosc****",
    "review_id": "8011574",
    "movie_id": "10238"
  },
  {
    "review": "어찌보면 너무나 진부한 소재에 진부한 이야기 그나마 배우들의 연기력에는 높은 점수를 줄 수 있으나 결국 어쩡쩡한 마무리는 이 영화를 평범하게 만들어 놓았다.",
    "date": "13.09.23",
    "rating": "6",
    "author": "mr_p****",
    "review_id": "8011131",
    "movie_id": "10238"
  },
  {
    "review": "어떻게 그렇게 빨리외울수있고 계산이빠른지 머리속에 들어가보고싶다",
    "date": "13.09.20",
    "rating": "9",
    "author": "real****",
    "review_id": "8001852",
    "movie_id": "10238"
  },
  {
    "review": "가슴이 먹먹해진다",
    "date": "13.09.13",
    "rating": "9",
    "author": "stj1****",
    "review_id": "7972198",
    "movie_id": "10238"
  },
  {
    "review": "걍 그럭저럭 ㅋ  카지노 장면에서 잼났음",
    "date": "13.09.11",
    "rating": "8",
    "author": "gust****",
    "review_id": "7965204",
    "movie_id": "10238"
  },
  {
    "review": "괜히 히스테리 부리는 사람 보면, 그 사람도 혹시 어릴 때 잊었던 레인맨이 있었을지 않을까 생각한다",
    "date": "13.08.22",
    "rating": "10",
    "author": "hwr0****",
    "review_id": "7910570",
    "movie_id": "10238"
  },
  {
    "review": "짱",
    "date": "13.08.21",
    "rating": "10",
    "author": "cym0****",
    "review_id": "7908849",
    "movie_id": "10238"
  },
  {
    "review": "하나는 나쁘고 둘은 좋다 ㅎㅎ",
    "date": "13.08.15",
    "rating": "10",
    "author": "arso****",
    "review_id": "7883982",
    "movie_id": "10238"
  },
  {
    "review": "재미도 없고 감동도  그다지 ........졸라 지루하기만 하구만 배우들 연기만 좋다 ...........",
    "date": "13.08.09",
    "rating": "6",
    "author": "jjan****",
    "review_id": "7863120",
    "movie_id": "10238"
  },
  {
    "review": "더스틴 호프만 연기력진짜..",
    "date": "13.08.06",
    "rating": "10",
    "author": "koko****",
    "review_id": "7851795",
    "movie_id": "10238"
  },
  {
    "review": "0",
    "date": "13.08.06",
    "rating": "1",
    "author": "scto****",
    "review_id": "7850511",
    "movie_id": "10238"
  },
  {
    "review": "나름 감명깊게 볼 수 있는 영화",
    "date": "13.08.06",
    "rating": "10",
    "author": "free****",
    "review_id": "7850498",
    "movie_id": "10238"
  },
  {
    "review": "호프만 연기력 보소... ㅎㄷㄷ",
    "date": "13.08.06",
    "rating": "10",
    "author": "auto****",
    "review_id": "7850488",
    "movie_id": "10238"
  },
  {
    "review": ".",
    "date": "13.08.06",
    "rating": "10",
    "author": "wjdg****",
    "review_id": "7850287",
    "movie_id": "10238"
  },
  {
    "review": "톰크루즈...리즈시절....물론 연기력은 호프만이 甲중의 甲",
    "date": "13.08.05",
    "rating": "10",
    "author": "ment****",
    "review_id": "7845445",
    "movie_id": "10238"
  },
  {
    "review": "ㄹㅇㄴㅁ",
    "date": "13.08.04",
    "rating": "10",
    "author": "akfd****",
    "review_id": "7838031",
    "movie_id": "10238"
  },
  {
    "review": "더스틴호프만 연기만 빛나보이고 스토리는 그닥..",
    "date": "13.07.27",
    "rating": "6",
    "author": "shss****",
    "review_id": "7790762",
    "movie_id": "10238"
  },
  {
    "review": "톰아저씨 지금 모습이 30대로 보였는데 역시 젊을 때 영화보니 늙긴 늙으셨구려... 그래도 좋구려..",
    "date": "13.07.26",
    "rating": "10",
    "author": "mole****",
    "review_id": "7786546",
    "movie_id": "10238"
  },
  {
    "review": "오랜만에 또 봤는데 또보는건 별루네 첨봤을땐 재밌었음",
    "date": "13.07.22",
    "rating": "8",
    "author": "psh4****",
    "review_id": "7773210",
    "movie_id": "10238"
  },
  {
    "review": "두 주연 배우의 연기력은 정말 탁월했다. 다만, 영화의 명성에 비해서 스토리가 주는 감동은 그리 높지 않았다. 형제애를 나타내기 위한 영화의 큰 줄기는 공감을 할 수 없었다. 연기력 외에는 영화에 높은 점수를 주고 싶지가 않다.",
    "date": "13.07.21",
    "rating": "7",
    "author": "yell****",
    "review_id": "7772690",
    "movie_id": "10238"
  },
  {
    "review": "둘이 연기는 잘하는데 왜케 졸리냐",
    "date": "13.07.05",
    "rating": "5",
    "author": "gree****",
    "review_id": "7707121",
    "movie_id": "10238"
  },
  {
    "review": "굿",
    "date": "13.06.29",
    "rating": "10",
    "author": "chan****",
    "review_id": "7688601",
    "movie_id": "10238"
  },
  {
    "review": "아기가 다치면 안된다. 찰리 배빗이 다치면 안돼.",
    "date": "13.06.24",
    "rating": "9",
    "author": "kiek****",
    "review_id": "7674416",
    "movie_id": "10238"
  },
  {
    "review": "명성에 비해 너무 진부",
    "date": "13.06.14",
    "rating": "4",
    "author": "gnoe****",
    "review_id": "7636880",
    "movie_id": "10238"
  },
  {
    "review": "진부하다. 하지만 그점이 좋다.",
    "date": "13.06.12",
    "rating": "9",
    "author": "miss****",
    "review_id": "7631227",
    "movie_id": "10238"
  },
  {
    "review": "감동적이네요... 훌쩍~",
    "date": "13.06.09",
    "rating": "9",
    "author": "swee****",
    "review_id": "7617219",
    "movie_id": "10238"
  },
  {
    "review": "상당히미국스런영화..지만여운이남는 흔치않은명작~",
    "date": "13.06.04",
    "rating": "10",
    "author": "sdj9****",
    "review_id": "7578439",
    "movie_id": "10238"
  },
  {
    "review": "도박으로 돈 딸려고 장애인 형 이용해먹는 영화가 왜 평점이 9점이 넘어가는지이해할수가 없네요 , 딱 클레멘타인 갈갈이와 드라큘라 불괴리 수준   아빠 !!!!!!! 일어나~!~~~~~~~~~~~!!!!!!!!!!!!!!!!!!!!",
    "date": "13.05.30",
    "rating": "1",
    "author": "dhzm****",
    "review_id": "7563240",
    "movie_id": "10238"
  },
  {
    "review": "결국 형을 좋아하게 된것도 카지노 에서 돈딴것 이라는 생각이 드네요. 그전까진 전혀 형을 좋아할만한 일도 없었고요. 뭔가 뒷맛도 씁쓸하고.. 별로 명작같지도 않고요.게다가 너무 지루하게 진행됨 .",
    "date": "13.05.17",
    "rating": "6",
    "author": "rla4****",
    "review_id": "7532611",
    "movie_id": "10238"
  },
  {
    "review": "확실히 진부하긴 하지만 더스틴 호프만과 톰 크루즈의 연기 호흡만 보더라도 이 영화가 명작이란건 부인할 수 없다.",
    "date": "13.05.08",
    "rating": "9",
    "author": "floo****",
    "review_id": "7514936",
    "movie_id": "10238"
  },
  {
    "review": "[아카데미]1989년61회 작품,남우주연,감독,각본 4개부문수상작.크레이머대크레이머 이후로2번째 남우주연상(더스틴호프만)수상.아버지의재산을물려받은 자폐증환자에게그의동생이접근보호자가된뒤 긴여정을거치다가 비로서 형제의 우애를되살리게된다는내용으로무난히볼만함",
    "date": "13.04.25",
    "rating": "8",
    "author": "new7****",
    "review_id": "7479273",
    "movie_id": "10238"
  },
  {
    "review": "이제서야 보게 되다니. 한 번은 나쁘니 두 번을 봐야겠다.",
    "date": "13.04.23",
    "rating": "10",
    "author": "bomy****",
    "review_id": "7476238",
    "movie_id": "10238"
  }
]