[
  {
    "review_id": "10216986",
    "movie_id": "102366",
    "author": "spdl****",
    "review": "신선하고 재미있는 영화다  한번쯤 보시길~",
    "rating": "10",
    "date": "15.08.11"
  },
  {
    "review_id": "9472483",
    "movie_id": "102366",
    "author": "imju****",
    "review": "화면자체가 마음에 들지 않는다..",
    "rating": "1",
    "date": "14.12.14"
  },
  {
    "review_id": "9121034",
    "movie_id": "102366",
    "author": "dung****",
    "review": "마케도니아,체코.. 흥미로운 나라의 영화인 만큼 영화도 신선하고 재밌네요. 추천합니다.",
    "rating": "10",
    "date": "14.08.22"
  },
  {
    "review_id": "9109100",
    "movie_id": "102366",
    "author": "wjsr****",
    "review": "홀로코스트란 소재란게 일정이상의 감동을 보장하지만 냉정히 말해 평범한 완성도와 재미..  단지 당시 세르비아나 나치치하의 마케도니아의 시대적 상황과 그와 얽힌 축구팀이란 소재에서 오는 흥미로움 그리고 실화라는 감동",
    "rating": "6",
    "date": "14.08.18"
  }
]