[
  {
    "review": "정말재밌게봤다 또보고싶음",
    "date": "15.08.02",
    "rating": "10",
    "author": "qkfb****",
    "review_id": "10174726",
    "movie_id": "10231"
  },
  {
    "review": "정말 유쾌한 정통 코미디",
    "date": "13.01.06",
    "rating": "9",
    "author": "hank****",
    "review_id": "7085824",
    "movie_id": "10231"
  },
  {
    "review": "재미있게 봤던 영화.기독교에 대한 비판적 대사가 공감됨.좋은 격언도 한마디 언급됨",
    "date": "11.03.29",
    "rating": "10",
    "author": "ejin****",
    "review_id": "5341436",
    "movie_id": "10231"
  },
  {
    "review": "후반부로 가면 갈수록 재밌다.",
    "date": "11.03.28",
    "rating": "8",
    "author": "k90c****",
    "review_id": "5339048",
    "movie_id": "10231"
  },
  {
    "review": "나름 재밌었던 영화. 천사탈주에 비하면 훨씬 유쾌하다.",
    "date": "10.06.02",
    "rating": "7",
    "author": "stit****",
    "review_id": "4538415",
    "movie_id": "10231"
  },
  {
    "review": "수녀 코미디의 할아버지격...",
    "date": "09.09.20",
    "rating": "5",
    "author": "imf0****",
    "review_id": "3841754",
    "movie_id": "10231"
  },
  {
    "review": "첨 나왔을땐 볼만했었다.. 미국서 후에 나온 시스터 액터가 대박이었지만",
    "date": "08.12.19",
    "rating": "7",
    "author": "gall****",
    "review_id": "3131086",
    "movie_id": "10231"
  },
  {
    "review": "평범한 여장남자 이야기",
    "date": "08.12.09",
    "rating": "7",
    "author": "seun****",
    "review_id": "3101960",
    "movie_id": "10231"
  },
  {
    "review": "너무 많은것을 바란 자들의 최후.",
    "date": "08.11.27",
    "rating": "7",
    "author": "baks****",
    "review_id": "3074472",
    "movie_id": "10231"
  },
  {
    "review": "천사탈주와 비슷한 소재의 영화 그냥 웃으면 된다",
    "date": "08.09.02",
    "rating": "6",
    "author": "deff****",
    "review_id": "2917384",
    "movie_id": "10231"
  },
  {
    "review": "망한영화 안웃깁니다 보지마세요",
    "date": "08.08.09",
    "rating": "1",
    "author": "wnst****",
    "review_id": "2853155",
    "movie_id": "10231"
  },
  {
    "review": "유치하지만 둘의 연기는 정말 귀엽고 웃긴다. 특히 해그리드.ㅋㅋ",
    "date": "07.03.12",
    "rating": "7",
    "author": "bbq2****",
    "review_id": "1530625",
    "movie_id": "10231"
  },
  {
    "review": "시스터액트보다는 못하지만 그래도 소재가 참신했다",
    "date": "07.01.08",
    "rating": "8",
    "author": "nala****",
    "review_id": "1367931",
    "movie_id": "10231"
  },
  {
    "review": "맙소사;;시스터 액트가 더 늦게 나왔군;;",
    "date": "07.01.08",
    "rating": "1",
    "author": "ppp0****",
    "review_id": "1367074",
    "movie_id": "10231"
  },
  {
    "review": "이게 시스터 액트의 원조격이라니",
    "date": "07.01.06",
    "rating": "2",
    "author": "okjo****",
    "review_id": "1362314",
    "movie_id": "10231"
  },
  {
    "review": "큭.... 신나게 웃었습니다 ^^ 찰리씨 지대!",
    "date": "04.07.03",
    "rating": "10",
    "author": "8282****",
    "review_id": "64593",
    "movie_id": "10231"
  }
]