[
  {
    "review_id": "10072263",
    "movie_id": "102357",
    "author": "peng****",
    "review": "꿈에 대한 이야기. 가려진 자리에서 빛나기 위한 자들의 치열한 삶의 이야기. 음악이 아름다운 인생 이야기다.",
    "rating": "10",
    "date": "15.07.05"
  },
  {
    "review_id": "9968422",
    "movie_id": "102357",
    "author": "milk****",
    "review": "내가 좋아하는  70년 80년 대 흑인 음악... 이 영화를 통해 알게된 코러스... 그들도 처음 부터 코로스가 되고 습진 않았을 껀데... 띄워 주기는...",
    "rating": "6",
    "date": "15.06.01"
  },
  {
    "review_id": "9935724",
    "movie_id": "102357",
    "author": "land****",
    "review": "어두운곳에 있지만 빛나는 그들",
    "rating": "10",
    "date": "15.05.21"
  },
  {
    "review_id": "9931837",
    "movie_id": "102357",
    "author": "tear****",
    "review": "스타로부터 스무 발자국 떨어져 노래하는 그들의 꿈과 삶 보듬기.",
    "rating": "7",
    "date": "15.05.19"
  },
  {
    "review_id": "9745648",
    "movie_id": "102357",
    "author": "jose****",
    "review": "무대 뒤에 가려진 백업가수들의 희노애락을 생생하게 그려낸 다큐멘터리 영화. 오랜 여운이 남는, 멋진 영화였다.",
    "rating": "9",
    "date": "15.02.28"
  },
  {
    "review_id": "9737742",
    "movie_id": "102357",
    "author": "arde****",
    "review": "예술과 삶에 대해 아주 특별한 이야기 동시에 우리와 다르지 않은 삶과 시간에 대한 이야기",
    "rating": "10",
    "date": "15.02.25"
  },
  {
    "review_id": "9727308",
    "movie_id": "102357",
    "author": "lead****",
    "review": "기호와 상관없이 cd 2장 연속 듣는 기분",
    "rating": "5",
    "date": "15.02.22"
  },
  {
    "review_id": "9706969",
    "movie_id": "102357",
    "author": "ely1****",
    "review": "스무 발자국 앞으로 걸어나가는 과정에 대한 이야기가 아니라, 스무 발자국 뒤에서도 충분히 빛날 수 있음을 깨달아 가는 과정에 대한 이야기",
    "rating": "10",
    "date": "15.02.17"
  },
  {
    "review_id": "9464226",
    "movie_id": "102357",
    "author": "setm****",
    "review": "무대 위 그들은 별보다 영롱했다",
    "rating": "7",
    "date": "14.12.10"
  },
  {
    "review_id": "9333784",
    "movie_id": "102357",
    "author": "solc****",
    "review": "코러스의 슬픈 인생을 다룬 인상적인 영화",
    "rating": "9",
    "date": "14.11.01"
  },
  {
    "review_id": "9306861",
    "movie_id": "102357",
    "author": "knep****",
    "review": "굳굳 또보고싶네여 ㅋㅋ",
    "rating": "10",
    "date": "14.10.21"
  },
  {
    "review_id": "9259990",
    "movie_id": "102357",
    "author": "grom****",
    "review": "무대 뒤로 한발짝 물러나 있지만,  모두가 빛나는 인생의 주인공인  그녀들의 노래와 이야기.",
    "rating": "10",
    "date": "14.10.03"
  },
  {
    "review_id": "9225553",
    "movie_id": "102357",
    "author": "tkfd****",
    "review": "영화관에서 두번봤어요. 음향 시스템이 잘 갖춰진 상태로 보면 더 괜찮을듯!",
    "rating": "10",
    "date": "14.09.19"
  },
  {
    "review_id": "9213180",
    "movie_id": "102357",
    "author": "mwzz****",
    "review": "와....최고...정말  오랜만에 제대로된 영화를 봤다.",
    "rating": "10",
    "date": "14.09.14"
  },
  {
    "review_id": "9178404",
    "movie_id": "102357",
    "author": "mier****",
    "review": "잠깐 지루할지 몰라도 빠져들어요",
    "rating": "9",
    "date": "14.09.07"
  },
  {
    "review_id": "9173057",
    "movie_id": "102357",
    "author": "soll****",
    "review": "무대라는 삶을 대하는 자세에 대한. 우리 모두의 이야기.",
    "rating": "9",
    "date": "14.09.06"
  },
  {
    "review_id": "9156196",
    "movie_id": "102357",
    "author": "kbw1****",
    "review": "좋은영화네요....",
    "rating": "8",
    "date": "14.09.02"
  },
  {
    "review_id": "9131489",
    "movie_id": "102357",
    "author": "elwl****",
    "review": "성공하면 가치 있고 성공하지 못하면 가치가 없는 걸까?  가치있는 사람들 이야기",
    "rating": "10",
    "date": "14.08.25"
  },
  {
    "review_id": "9121609",
    "movie_id": "102357",
    "author": "semi****",
    "review": "처음엔 지루한가 싶었지만.... 보다보면 노래고 멋있고 감동적이다",
    "rating": "9",
    "date": "14.08.22"
  },
  {
    "review_id": "9106432",
    "movie_id": "102357",
    "author": "jene****",
    "review": "대단하가개단해대단하다대단해",
    "rating": "10",
    "date": "14.08.18"
  },
  {
    "review_id": "9029062",
    "movie_id": "102357",
    "author": "hac6****",
    "review": "포기하지 말자. 넘어지자 마자 쓰러져도 Carry on.",
    "rating": "10",
    "date": "14.08.05"
  },
  {
    "review_id": "9027601",
    "movie_id": "102357",
    "author": "tumb****",
    "review": "건물들에 가려졌지만 그 사이로 빛을 뿜는 석양처럼 아름답다",
    "rating": "7",
    "date": "14.08.04"
  },
  {
    "review_id": "9000780",
    "movie_id": "102357",
    "author": "wond****",
    "review": "진정성 있는 이야기. 현실과 이상 사이의 갈등.",
    "rating": "10",
    "date": "14.08.01"
  },
  {
    "review_id": "8991670",
    "movie_id": "102357",
    "author": "ange****",
    "review": "보는 내내 좋았던 영화! 멋진 꿈을 다시 꾸는 기분이였어요",
    "rating": "8",
    "date": "14.07.31"
  },
  {
    "review_id": "8963536",
    "movie_id": "102357",
    "author": "dali****",
    "review": "좋은 음악, 멋진 영화, 다시 보고 싶은 아름다운 영화",
    "rating": "8",
    "date": "14.07.26"
  },
  {
    "review_id": "8961462",
    "movie_id": "102357",
    "author": "bbq2****",
    "review": "어는 분야에서나 아름다운 조연은 그늘 뒤에 든든히 존재한다.  인정받아 마땅한 모든 조연들에게 바치는 음악 다큐",
    "rating": "7",
    "date": "14.07.26"
  },
  {
    "review_id": "8960214",
    "movie_id": "102357",
    "author": "rock****",
    "review": "음악 좋아하는 사람이라면 좋아할 다큐...",
    "rating": "10",
    "date": "14.07.26"
  },
  {
    "review_id": "8955435",
    "movie_id": "102357",
    "author": "dksv****",
    "review": "음악을 사랑하는 한사람으로서 보고 들을수록 매력적인 영화하지만  음악을 좋아하는 않는사람에겐 그닥 권하고싶진않다",
    "rating": "10",
    "date": "14.07.25"
  },
  {
    "review_id": "8949899",
    "movie_id": "102357",
    "author": "niki****",
    "review": "실제 백업가수들의 노래를 들을 수 있어서 참 좋았습니다",
    "rating": "9",
    "date": "14.07.24"
  },
  {
    "review_id": "8913341",
    "movie_id": "102357",
    "author": "viol****",
    "review": "간만에 기분 좋은 영화였네요",
    "rating": "10",
    "date": "14.07.13"
  },
  {
    "review_id": "8909139",
    "movie_id": "102357",
    "author": "oldf****",
    "review": "다큐멘터리 형식입니다 코러스에 대한 내용인데 전체적으로 임팩트가 약한듯하네요.. 기존평점이 좀 아쉽네요",
    "rating": "6",
    "date": "14.07.12"
  },
  {
    "review_id": "8904926",
    "movie_id": "102357",
    "author": "wnls****",
    "review": "성공을 넓은 시선으로 볼 수있게끔 하는 영화",
    "rating": "10",
    "date": "14.07.11"
  },
  {
    "review_id": "8898179",
    "movie_id": "102357",
    "author": "mado****",
    "review": "상영관이 많지 않아서 시간과 장소를 맞춰서 겨우 봤네요^^ 노력이 아깝지 않은 즐거운 영화였습니다.",
    "rating": "10",
    "date": "14.07.09"
  },
  {
    "review_id": "8893868",
    "movie_id": "102357",
    "author": "sadd****",
    "review": "단지 노래를 들었을뿐인데 온몸에 소름이 끼치네요",
    "rating": "9",
    "date": "14.07.07"
  },
  {
    "review_id": "8868931",
    "movie_id": "102357",
    "author": "blac****",
    "review": "내가 걷는 길을 사랑한다면, 그 삶은 어느누구에게나 박수받을 만한 가치가 있습니다. 정말 좋은 영화네요!",
    "rating": "10",
    "date": "14.06.29"
  },
  {
    "review_id": "8864794",
    "movie_id": "102357",
    "author": "clie****",
    "review": "미국인들에게는 잘 이해되고, 또 팝을 좋아하는 분들은 즐기겠지만, 나는 노래들을 모르니 그저그렇고.또 제목의 번역이 스타를 그대로 스타덤으로해야 영화의 본래의미가 전달됨.",
    "rating": "7",
    "date": "14.06.28"
  },
  {
    "review_id": "8862368",
    "movie_id": "102357",
    "author": "sudr****",
    "review": "기대를 많이 하고 가서 생각보단 지루했지만",
    "rating": "8",
    "date": "14.06.27"
  },
  {
    "review_id": "8861813",
    "movie_id": "102357",
    "author": "yesg****",
    "review": "거의 끝나갈즈음에 보고싶던 영화를 보게되었네요.",
    "rating": "10",
    "date": "14.06.27"
  },
  {
    "review_id": "8848801",
    "movie_id": "102357",
    "author": "by_d****",
    "review": "Lean on me 의 감동",
    "rating": "8",
    "date": "14.06.23"
  },
  {
    "review_id": "8847339",
    "movie_id": "102357",
    "author": "nocu****",
    "review": "귀가 즐겁고 행복한 영화",
    "rating": "8",
    "date": "14.06.22"
  },
  {
    "review_id": "8845780",
    "movie_id": "102357",
    "author": "bora****",
    "review": "진솔한 이야기들...인생은 자기만족",
    "rating": "9",
    "date": "14.06.21"
  },
  {
    "review_id": "8845131",
    "movie_id": "102357",
    "author": "kuka****",
    "review": "노래늘 듣는 것만으로도 충분한 가치를 갖는 영화",
    "rating": "10",
    "date": "14.06.21"
  },
  {
    "review_id": "8838488",
    "movie_id": "102357",
    "author": "melo****",
    "review": "처음부터 끝까지 눈과 귀가 즐거웠습니다. 전설들의 공연 장면도 좋았고, 영화 보면서 소름 돋기는 처음인것 같네요. 편집도 좋았고요!",
    "rating": "10",
    "date": "14.06.18"
  },
  {
    "review_id": "8835585",
    "movie_id": "102357",
    "author": "kygo****",
    "review": "좋군요! 뒷부분에는 피곤한  탓인지 지루한 감이 있었지만 워낙 관심있고 좋아하는 소재라 아주 좋게 봤습니다.",
    "rating": "8",
    "date": "14.06.16"
  },
  {
    "review_id": "8834273",
    "movie_id": "102357",
    "author": "fgyu****",
    "review": "대중들에게 익숙하지 않은 미국음악을 재미요소로 삼았다는 점에서 그 한계가 명확.하지만, 똑같은 방향성으로 한국버전을 만든다면, 엄청난 성공을 거두지 않을까",
    "rating": "7",
    "date": "14.06.16"
  },
  {
    "review_id": "8833495",
    "movie_id": "102357",
    "author": "miki****",
    "review": "음악이 좋다. 대사도 좋고 *^^*",
    "rating": "10",
    "date": "14.06.15"
  },
  {
    "review_id": "8832572",
    "movie_id": "102357",
    "author": "lupi****",
    "review": "미국음악 스토리를 잘 모르면 초반에는 집중하기 힘들지만,곧 깃털이 날아가는 듯한 목소리,,, 전율을 느끼기에 충분, 그 이상이다",
    "rating": "7",
    "date": "14.06.15"
  },
  {
    "review_id": "8826239",
    "movie_id": "102357",
    "author": "reyt****",
    "review": "기대와는 약간 달랐던, 하지만 충분히 볼 만 했던 영화. 갈수록 늘어지는 구성은 단점",
    "rating": "8",
    "date": "14.06.13"
  },
  {
    "review_id": "8825248",
    "movie_id": "102357",
    "author": "lhjm****",
    "review": "독립영화는 처음이었는데 초반엔 좀 지루해서 괜히 봤다 싶었는데 중반부터 정말 집중해서 봤어요 마냥 철없이 하고싶은 것만 하며 사는 사람들인 줄 알았는데 그들의 사정과 현실을 아니 너무 안타까웠어요.. 재밌는 영화라기 보단 좋은 영화에요",
    "rating": "9",
    "date": "14.06.13"
  },
  {
    "review_id": "8823679",
    "movie_id": "102357",
    "author": "daas****",
    "review": "일어나서 좋아하는 일을 찾아가라고 응원하는 느낌을 주는 영화!",
    "rating": "10",
    "date": "14.06.12"
  },
  {
    "review_id": "8820768",
    "movie_id": "102357",
    "author": "muto****",
    "review": "잘 몰랐던 직업인들에 관해 알 수 있어 좋았고..특히 리사 피셔가 인상적이었어요. 자신에게 음악은 경쟁이 아니라 나누는 것이라는 말이 와닿았네요.",
    "rating": "8",
    "date": "14.06.11"
  },
  {
    "review_id": "8816936",
    "movie_id": "102357",
    "author": "inar****",
    "review": "프레임 안에서 보면 모든 사람의 인생이 영화입니다 자신의 인생에서 순간순간 최선을 다했다면 박수 받아 마땅합니다 여기 유명한 팝스타는 다 나오네요 그들의 인터뷰 만으로도 가치가 있는 다큐멘타리 입니다",
    "rating": "10",
    "date": "14.06.09"
  },
  {
    "review_id": "8816702",
    "movie_id": "102357",
    "author": "team****",
    "review": "목소리가 주는 감동은 어떤 악기와도 비교할 수 없다는걸 다시 느껴본다",
    "rating": "10",
    "date": "14.06.09"
  },
  {
    "review_id": "8816183",
    "movie_id": "102357",
    "author": "ugly****",
    "review": "그들의 포지션은 스타로부터  스무발자국 떨어져 있지만  목소리만큼은 스무발자국  앞서있다.",
    "rating": "10",
    "date": "14.06.09"
  },
  {
    "review_id": "8815478",
    "movie_id": "102357",
    "author": "junk****",
    "review": "음악에 취해 본 멋진영화",
    "rating": "10",
    "date": "14.06.09"
  },
  {
    "review_id": "8815086",
    "movie_id": "102357",
    "author": "spec****",
    "review": "Stay humble, Stay beautiful, Stay alive!",
    "rating": "7",
    "date": "14.06.09"
  },
  {
    "review_id": "8814647",
    "movie_id": "102357",
    "author": "rlqh****",
    "review": "재밌었습니당 ㅎㅎ 꼭 추천해요",
    "rating": "10",
    "date": "14.06.08"
  },
  {
    "review_id": "8812847",
    "movie_id": "102357",
    "author": "lej8****",
    "review": "좋아요 팝의 역사에대해 한방에 정리",
    "rating": "10",
    "date": "14.06.08"
  },
  {
    "review_id": "8809180",
    "movie_id": "102357",
    "author": "hiph****",
    "review": "아름답고 벅찬 영화입니다",
    "rating": "10",
    "date": "14.06.07"
  },
  {
    "review_id": "8808755",
    "movie_id": "102357",
    "author": "vamp****",
    "review": "영화보는 내내 귀가 즐거운 기분이네요~한동안 잊고 살았던 음악에 대한 나의 욕망을 채우는 기분이라 정말 좋게 보고 나왔습니다!",
    "rating": "10",
    "date": "14.06.07"
  },
  {
    "review_id": "8808385",
    "movie_id": "102357",
    "author": "boso****",
    "review": "팝에 문외한이지만, 이런저런 이야기를 알 수 있어서 좋았어요.",
    "rating": "8",
    "date": "14.06.07"
  },
  {
    "review_id": "8808073",
    "movie_id": "102357",
    "author": "sway****",
    "review": "뭣보다 음악이 최고. 백업보컬이라는건 기계가 대신할수 있는거라 생각했는데 달라졌어요 음악 좋아하는분들 꼭 보세요 진짜 쏘울 진짜 알앤비 정말 좋았어요!!^*^",
    "rating": "8",
    "date": "14.06.07"
  },
  {
    "review_id": "8804367",
    "movie_id": "102357",
    "author": "kjum****",
    "review": "초반엔 조금 집중이 안됐지만 마지막에 눈물 줄줄나던...  감동적인 대사들도 많고 좋은 음악도 한몫",
    "rating": "8",
    "date": "14.06.06"
  },
  {
    "review_id": "8804350",
    "movie_id": "102357",
    "author": "ally****",
    "review": "음악을 사랑하는 사람들의 말을 들을 수 있어 좋았다",
    "rating": "7",
    "date": "14.06.06"
  },
  {
    "review_id": "8803460",
    "movie_id": "102357",
    "author": "tkj3****",
    "review": "흑인의우월함을 느낀영화",
    "rating": "10",
    "date": "14.06.06"
  },
  {
    "review_id": "8802972",
    "movie_id": "102357",
    "author": "maze****",
    "review": "각자의 자리에서 최선을‥?!",
    "rating": "10",
    "date": "14.06.06"
  },
  {
    "review_id": "8802641",
    "movie_id": "102357",
    "author": "hamm****",
    "review": "몸은 흔들흔들, 마음은 뭉클뭉클, 눈물은 그렁그렁.나 아닌 타인이 무언가에 미쳐사는 모습, 오랜 동경!",
    "rating": "8",
    "date": "14.06.06"
  },
  {
    "review_id": "8797928",
    "movie_id": "102357",
    "author": "pppp****",
    "review": "말이 필요 없어요. 너무 좋았습니다 !",
    "rating": "10",
    "date": "14.06.05"
  },
  {
    "review_id": "8796039",
    "movie_id": "102357",
    "author": "dpro****",
    "review": "마지막엔 결국 눈물이...",
    "rating": "10",
    "date": "14.06.04"
  },
  {
    "review_id": "8791343",
    "movie_id": "102357",
    "author": "sunn****",
    "review": "인간의 목소리라는게 얼마나 아름다운지 다시한번 생각하게 하는 영화에요!! OST도 있으니 찾아들어보시면 좋을 것 같습니다:)",
    "rating": "10",
    "date": "14.06.03"
  },
  {
    "review_id": "8789697",
    "movie_id": "102357",
    "author": "panj****",
    "review": "엄밀히 말해 영화가 아닌 다큐! 잘 감상했습니다.",
    "rating": "9",
    "date": "14.06.03"
  },
  {
    "review_id": "8789682",
    "movie_id": "102357",
    "author": "ball****",
    "review": "스타로 부터 스무발자국, 관객으로 부터는 그것보다 좀 더 가까운 분들의 이야기",
    "rating": "9",
    "date": "14.06.03"
  },
  {
    "review_id": "8789542",
    "movie_id": "102357",
    "author": "path****",
    "review": "좋늡니다.좋습니다.좋아요",
    "rating": "10",
    "date": "14.06.03"
  },
  {
    "review_id": "8788753",
    "movie_id": "102357",
    "author": "pjy7****",
    "review": "상영하는극장찾기힘들엇지만 소울충만한영화!!",
    "rating": "9",
    "date": "14.06.02"
  },
  {
    "review_id": "8788534",
    "movie_id": "102357",
    "author": "unis****",
    "review": "무언가에 열심일 수 있다는 건 그 자체가 재능이다_강철의 연금술사 중에서... 영화의 백업가수들은 이미 타고난 재능을 가졌고 그 재능 위에 열정이라는 제2의 재능을 더하였다. 그러므로 그들은 이미 진정한 스타다! 리사 피셔의 표정을 잊을 수 없다.",
    "rating": "10",
    "date": "14.06.02"
  },
  {
    "review_id": "8784330",
    "movie_id": "102357",
    "author": "csy_****",
    "review": "음악을 잘 안다면 더 재미있을 것같은 영화",
    "rating": "8",
    "date": "14.06.01"
  },
  {
    "review_id": "8784329",
    "movie_id": "102357",
    "author": "dlal****",
    "review": "좋았어요 전부 다bbb",
    "rating": "9",
    "date": "14.06.01"
  },
  {
    "review_id": "8780742",
    "movie_id": "102357",
    "author": "cind****",
    "review": "나를 돌아보게 했고, 지금의 나, 앞으로의 나 자신에 대해서 생각하게 해주었다.",
    "rating": "9",
    "date": "14.05.31"
  },
  {
    "review_id": "8780230",
    "movie_id": "102357",
    "author": "hune****",
    "review": "백업가수들의 빛과 어두운면을 짧은 영상에 깊이있게 잘 담은것 같습니다. 재능이 있어도 기회가 주어져도 성공은 정말 모든 조건이 찰나의순간에 맞어야 하는 것 같습니다. 모든 이름모를 백업가수들에게 격려에 박수를 보냅니다.",
    "rating": "8",
    "date": "14.05.31"
  },
  {
    "review_id": "8778761",
    "movie_id": "102357",
    "author": "mist****",
    "review": "기분 좋아지는 영화다. 뛰어난 가창력을 지닌 영화속 백업싱어들의 노래를 듣는것만으로도 티켓값은 충분히 할 정도. 믹 재거, 데이빗 보위등 락의 전설들이 그녀들을 위해 인터뷰했다는 것도 흥미롭고 역시나 보는 재미를 제공해준다. 올해의 음악 다큐멘터리!",
    "rating": "8",
    "date": "14.05.30"
  },
  {
    "review_id": "8775735",
    "movie_id": "102357",
    "author": "is00****",
    "review": "귀가 즐거운 영화였습니다!",
    "rating": "10",
    "date": "14.05.29"
  },
  {
    "review_id": "8772720",
    "movie_id": "102357",
    "author": "luci****",
    "review": "이들의 삶은 더없이 빛난다. 마치 별처럼.",
    "rating": "10",
    "date": "14.05.28"
  },
  {
    "review_id": "8771767",
    "movie_id": "102357",
    "author": "gj59****",
    "review": "쉴틈없이밀려오는 감동과 소름",
    "rating": "10",
    "date": "14.05.28"
  },
  {
    "review_id": "8771753",
    "movie_id": "102357",
    "author": "ehfk****",
    "review": "여운이 남은 영화였어요.. 재능있는 사람들의 무대가 점점 좁아지는 것 같아서 마음이 좋지 않았지만 그들은 모습은 감동이에요..",
    "rating": "10",
    "date": "14.05.28"
  },
  {
    "review_id": "8770351",
    "movie_id": "102357",
    "author": "hell****",
    "review": "자신이 좋아하는 일과 자신의 가치를 생각해보게 하는 영화",
    "rating": "10",
    "date": "14.05.27"
  },
  {
    "review_id": "8770328",
    "movie_id": "102357",
    "author": "ooni****",
    "review": "좋아서 두번 봤습니다~",
    "rating": "10",
    "date": "14.05.27"
  },
  {
    "review_id": "8768586",
    "movie_id": "102357",
    "author": "gara****",
    "review": "팝의 역사를 모르는 입장에서는 지루한 영화였습니다. 감동요소도 없어 아쉬움이 컸습니다",
    "rating": "4",
    "date": "14.05.26"
  },
  {
    "review_id": "8767826",
    "movie_id": "102357",
    "author": "hnym****",
    "review": "마지막에 감동이 느껴집니다. 음악에 대한 영화라기보다는 삶 그 자체에 바치는 헌사.",
    "rating": "7",
    "date": "14.05.26"
  },
  {
    "review_id": "8766957",
    "movie_id": "102357",
    "author": "a_e_****",
    "review": "좋은영화 재밋게 봣습니다~~",
    "rating": "9",
    "date": "14.05.26"
  },
  {
    "review_id": "8765594",
    "movie_id": "102357",
    "author": "ggwa****",
    "review": "개봉관도 별로 없고, 그나마도 일찍 닫는다는게 너무 안타까울 뿐...",
    "rating": "10",
    "date": "14.05.25"
  },
  {
    "review_id": "8765518",
    "movie_id": "102357",
    "author": "coco****",
    "review": "보는 내내 눈과 귀가 즐거웠던 영화.내면의 소리에 좀 더 귀 기울이기.",
    "rating": "8",
    "date": "14.05.25"
  },
  {
    "review_id": "8764725",
    "movie_id": "102357",
    "author": "dext****",
    "review": "팝음악에 관심이 있다면 필히 봐야할 영화.팝자체에 관심이 없어도 주류와 비주류로 대비되는스타와 백업싱어의 이야기는 한번쯤 우리 삶을 되새겨볼여지를 주는 다큐멘터리이다.",
    "rating": "10",
    "date": "14.05.25"
  },
  {
    "review_id": "8764419",
    "movie_id": "102357",
    "author": "silv****",
    "review": "음악영화로써 괜찮다고 하지만...마치 유명세를 이용 한 음악광고 같은 느낌",
    "rating": "5",
    "date": "14.05.25"
  },
  {
    "review_id": "8762768",
    "movie_id": "102357",
    "author": "you8****",
    "review": "즐기는 모습 자체만으로 화려하게 빛난다",
    "rating": "10",
    "date": "14.05.25"
  },
  {
    "review_id": "8761927",
    "movie_id": "102357",
    "author": "vene****",
    "review": "음악과 함께 하는 영화는 항상 즐겁네요 ^^ 무엇보다도 가수들에게 가려져 있어서 빛나기 어려운 백업가수들의 삶을 보여주니 더 흥미로웠습니다",
    "rating": "8",
    "date": "14.05.25"
  },
  {
    "review_id": "8758088",
    "movie_id": "102357",
    "author": "oblu****",
    "review": "차분한 다큐라기 보단 오히려 역동적인 영화였어요.. 처음엔 당황스러웠지만 기대했던 내용과 달리 백업가수들의 삶과, 그들의 생각을  잘 보여주어 좋았습니다. 팝을 잘 알고 있다면 더 즐길 수 있을 것 같은데, 몰라도 영화가 주는 메세지는 좋았습니다.",
    "rating": "8",
    "date": "14.05.23"
  },
  {
    "review_id": "8755241",
    "movie_id": "102357",
    "author": "yyou****",
    "review": "인생에 대해 다시 한번 도전할 수 있는 기회를 준 영화입니다. 이런 영화는 왜 상영관이 적어서보기 힘든걸까요 ㅠㅠ",
    "rating": "10",
    "date": "14.05.22"
  },
  {
    "review_id": "8754720",
    "movie_id": "102357",
    "author": "pesa****",
    "review": "음악에 대한 순수한 열정과 그들에 대한 따뜻한 시선",
    "rating": "9",
    "date": "14.05.22"
  },
  {
    "review_id": "8753548",
    "movie_id": "102357",
    "author": "nand****",
    "review": "기계음과 인스턴트 음악이 주류가된 요즘 진정한 고수들의 진짜!! 이야기. 음악 영화인줄 알고 봤는데 인생지침서 10권 읽은듯한 기분. 대전아트시네마에서 관객이 나까지 4명. ㅡㅡ;; 많이들 보세요.",
    "rating": "9",
    "date": "14.05.22"
  },
  {
    "review_id": "8753435",
    "movie_id": "102357",
    "author": "cnat****",
    "review": "자신의 가치를 찾고 싶으신분 꼭 보세요. 정말  좋은 영화^^~",
    "rating": "10",
    "date": "14.05.22"
  }
]