[
  {
    "review": "고등학교 2학년 때 주말의 명화인가 .. 토요일에 밤에 보고.. 보는 도중 녹화를 시작해서 시간이 날 때 마다 봤다.. 지금도 1년에 한 번은 보는 것 같다.. 정말 따뜻하고 푸근한 영화이다.. 지금 8살인 내 아이가 더 크면 꼭 같이 볼 것이다.",
    "date": "14.10.18",
    "rating": "10",
    "author": "thes****",
    "review_id": "9300868",
    "movie_id": "10230"
  },
  {
    "review": "응원해주고싶은 성장영화",
    "date": "14.09.01",
    "rating": "7",
    "author": "whia****",
    "review_id": "9154438",
    "movie_id": "10230"
  },
  {
    "review": "개인적으로 가장 인상깊게 봤던 영화",
    "date": "14.08.07",
    "rating": "10",
    "author": "jiny****",
    "review_id": "9043617",
    "movie_id": "10230"
  },
  {
    "review": "깨물어주고싶은 잉마르 ㅋㅋ 웃을때 너무 귀여워",
    "date": "14.07.10",
    "rating": "10",
    "author": "hmma****",
    "review_id": "8902834",
    "movie_id": "10230"
  },
  {
    "review": "마음이  찡한  영화네요.",
    "date": "14.07.06",
    "rating": "9",
    "author": "wy53****",
    "review_id": "8889464",
    "movie_id": "10230"
  },
  {
    "review": "고등학교때 시골영화관에서 2편상영할때 한참 유행하던 홍콩영화 한편에 꼽사리껴 상영할때 본건데 홍콩영화는 지금 기억도 안나는데  개같은 내인생은 가끔 옜생각날때(가슴이 먹먹  해질때) 생각나는 영화 음악은 황치훈의 추억속에그대",
    "date": "14.03.25",
    "rating": "10",
    "author": "vent****",
    "review_id": "8606070",
    "movie_id": "10230"
  },
  {
    "review": "어렸을 때 봤을 땐 참 지루했는데, 지금다시 보니 가슴이 먹먹해 진다.",
    "date": "14.01.03",
    "rating": "9",
    "author": "ykdi****",
    "review_id": "8345325",
    "movie_id": "10230"
  },
  {
    "review": "추천합니다 장난꾸러기지만 미워할 수없는~~",
    "date": "13.12.15",
    "rating": "10",
    "author": "ujin****",
    "review_id": "8215887",
    "movie_id": "10230"
  },
  {
    "review": "비슷한 주제의 성장영화들은 많이 있지만, 이만한 여운을 준 영화를 찾긴 힘들다.",
    "date": "13.12.14",
    "rating": "9",
    "author": "mygr****",
    "review_id": "8213289",
    "movie_id": "10230"
  },
  {
    "review": "성장의 달콤한 통증. 세기에 남을 명작이었다",
    "date": "13.11.27",
    "rating": "10",
    "author": "cine****",
    "review_id": "8170685",
    "movie_id": "10230"
  },
  {
    "review": "양철북과 쌍벽을 이룰,시대를 넘어선,영원한 고전이다",
    "date": "13.11.12",
    "rating": "10",
    "author": "baks****",
    "review_id": "8134113",
    "movie_id": "10230"
  },
  {
    "review": "한국같으면 몇 번을 혼났을 악동, 문화차이를 빨리 인식하고 평정을 찾아야 영화에 몰입 가능하다. 별을 보며 자신의 상황과 유사한 사회현상을 나름 분석하는 꼬마철학자는 현실을 다각도로 인식하고 적응하며 때로 표출하면서 성숙해진다. 북유럽 영화들이 좋다.",
    "date": "13.07.07",
    "rating": "7",
    "author": "acin****",
    "review_id": "7713843",
    "movie_id": "10230"
  },
  {
    "review": "강추..추천할수 있는 영화 중 손에 꼽음.. 잔잔하고 잉마르의 감정표현연기도 너무 좋음",
    "date": "13.05.31",
    "rating": "9",
    "author": "ji89****",
    "review_id": "7564654",
    "movie_id": "10230"
  },
  {
    "review": "글쎄요 전 참 지루하게봤어요. 지루한 나머지.. 뭔가 있겠지하며 끝까지 봤는데 결국 난해하더라고요./// 억지로 짜낸 감동이 없고 그냥 그대로 보여주는것은 좋았으나.. 너무 밋밋했어요.. 말그대로 주제의식없이 그냥 성장기네요. 평점 7적당한듯",
    "date": "13.02.03",
    "rating": "1",
    "author": "na00****",
    "review_id": "7220056",
    "movie_id": "10230"
  },
  {
    "review": "좋은 영화다.",
    "date": "13.02.03",
    "rating": "9",
    "author": "jfk2****",
    "review_id": "7218069",
    "movie_id": "10230"
  },
  {
    "review": "수작.....  근데 잉마르  인기의 비결은 무엇일까? 모든 여자들이 다 좋아함.",
    "date": "13.01.26",
    "rating": "9",
    "author": "yoon****",
    "review_id": "7175393",
    "movie_id": "10230"
  },
  {
    "review": "잉마르...연기도 너무 좋고 참 잘생겼네요. 걍 소소한 일상. 딱히 기억에 오래 남을 것 같진 않아요.",
    "date": "12.11.05",
    "rating": "7",
    "author": "fcup****",
    "review_id": "6856982",
    "movie_id": "10230"
  },
  {
    "review": "어린시절 무조건 미화하는거 참 싫은데 이 영화는 스웨덴 풍경처럼 자연스레 담담한 시선이 좋다.",
    "date": "12.09.29",
    "rating": "10",
    "author": "haut****",
    "review_id": "6742033",
    "movie_id": "10230"
  },
  {
    "review": "사람들이 어떻게 살아야 하는건지를 보여주는 영화라는 느낌?  강추합니다.",
    "date": "12.07.23",
    "rating": "10",
    "author": "you_****",
    "review_id": "6517688",
    "movie_id": "10230"
  },
  {
    "review": "마음이 따뜻해지고....한편으론 가슴뭉클하고...좋은 교훈을 많이 주는 영화네요..주인공 너무 사랑스러워요...정말 동심을 자극하는 최고의 영화입니다.",
    "date": "12.07.06",
    "rating": "9",
    "author": "fres****",
    "review_id": "6450337",
    "movie_id": "10230"
  },
  {
    "review": "그립고,따뜻하고,뭉클한영화. 가슴한켠에 계속 남아있는 영화",
    "date": "12.06.27",
    "rating": "10",
    "author": "sonm****",
    "review_id": "6420347",
    "movie_id": "10230"
  },
  {
    "review": "순박하고 훈훈한 인정, 탁월한 표정 연기, 불행을 꿋꿋이 이겨내는 잉마르에 격려를..",
    "date": "12.04.24",
    "rating": "8",
    "author": "sioh****",
    "review_id": "6242433",
    "movie_id": "10230"
  },
  {
    "review": "이런 말썽꾸러기를 따뜻하게 품을 수 있는 스웨덴이 부럽다.",
    "date": "12.04.22",
    "rating": "8",
    "author": "kusa****",
    "review_id": "6240253",
    "movie_id": "10230"
  },
  {
    "review": "잉그마의 풋풋한 성장영화.. 큰 굴곡없이 잔잔하게 이어지는 스토리..",
    "date": "12.04.21",
    "rating": "8",
    "author": "unli****",
    "review_id": "6237698",
    "movie_id": "10230"
  },
  {
    "review": "성장영화중 단연 최고인듯",
    "date": "12.02.20",
    "rating": "8",
    "author": "guev****",
    "review_id": "6090069",
    "movie_id": "10230"
  },
  {
    "review": "너무 개성있게 생겼어요 재밋다",
    "date": "12.02.09",
    "rating": "10",
    "author": "mnoo****",
    "review_id": "6063577",
    "movie_id": "10230"
  },
  {
    "review": "잉마르의 성장이야기.따뜻하고 잔잔했다.아날로그적 감성이 필요하다",
    "date": "12.01.03",
    "rating": "8",
    "author": "ljyj****",
    "review_id": "5956115",
    "movie_id": "10230"
  },
  {
    "review": "왠지 모르게 눈물이 나는 영화.",
    "date": "11.12.23",
    "rating": "10",
    "author": "smil****",
    "review_id": "5926745",
    "movie_id": "10230"
  },
  {
    "review": "개같은 니인생.. 그래도 끝은 해피엔딩이구나..",
    "date": "11.12.13",
    "rating": "9",
    "author": "samm****",
    "review_id": "5904406",
    "movie_id": "10230"
  },
  {
    "review": "이 영화는 최고다.. 본지 OO이 넘었는데도 기억에 남는다.. 아리다..",
    "date": "11.10.26",
    "rating": "10",
    "author": "inki****",
    "review_id": "5812067",
    "movie_id": "10230"
  },
  {
    "review": "성장영화계의 명작. 봐도 봐도 질리지 않는다.",
    "date": "11.09.20",
    "rating": "9",
    "author": "seef****",
    "review_id": "5743644",
    "movie_id": "10230"
  },
  {
    "review": "슬픈 현실속에서도 잔잔한 일상의 따뜻함과 훈훈함을 잃지않은 명작",
    "date": "11.09.03",
    "rating": "10",
    "author": "toon****",
    "review_id": "5706541",
    "movie_id": "10230"
  },
  {
    "review": "아이의 눈으로 본 성장 이야기.",
    "date": "11.08.25",
    "rating": "10",
    "author": "fres****",
    "review_id": "5687329",
    "movie_id": "10230"
  },
  {
    "review": "전후 스웨덴이 복지국가로 뿌리내려나갈 수 있는 근원을 잘 보여준다 부럽부럽",
    "date": "11.08.04",
    "rating": "9",
    "author": "dooc****",
    "review_id": "5597676",
    "movie_id": "10230"
  },
  {
    "review": "행복한 잉마르, 따듯한 사람들.",
    "date": "11.07.30",
    "rating": "8",
    "author": "wlfa****",
    "review_id": "5583427",
    "movie_id": "10230"
  },
  {
    "review": "너무 이쁘고 귀여워요~어렸을땐 몰랐던 감동이 잘 느껴지네요",
    "date": "11.05.22",
    "rating": "9",
    "author": "chee****",
    "review_id": "5442392",
    "movie_id": "10230"
  },
  {
    "review": "느낌이 좋았다 분명 해피엔딩인데 왠지 눈물이 난다",
    "date": "11.05.06",
    "rating": "8",
    "author": "ckda****",
    "review_id": "5409359",
    "movie_id": "10230"
  },
  {
    "review": "현실적인 내눈엔 너무 따뜻한영화. 그래서 더 짠한감이있음...",
    "date": "11.04.06",
    "rating": "10",
    "author": "chyk****",
    "review_id": "5357048",
    "movie_id": "10230"
  },
  {
    "review": "과학기술로 세상이 살기가 편해진다지만, 사람냄새나는 저 동네가 더 좋아보인다",
    "date": "11.03.11",
    "rating": "6",
    "author": "asun****",
    "review_id": "5304697",
    "movie_id": "10230"
  },
  {
    "review": "영화 참 좋다... 핸폰 영화로 보아서 좀 아쉬움 ^^",
    "date": "11.03.04",
    "rating": "10",
    "author": "dlhw****",
    "review_id": "5292486",
    "movie_id": "10230"
  },
  {
    "review": "내 나이 30..  너무 때가 묻은걸까.. 끝까지 보기 힘들다..",
    "date": "11.01.24",
    "rating": "2",
    "author": "ykm3****",
    "review_id": "5181869",
    "movie_id": "10230"
  },
  {
    "review": "분명 해피엔딩인데 왜 이렇게 짠할까",
    "date": "10.12.14",
    "rating": "8",
    "author": "sjsg****",
    "review_id": "5053770",
    "movie_id": "10230"
  },
  {
    "review": "9점 까지는 아닌듯..",
    "date": "10.12.12",
    "rating": "7",
    "author": "wlsm****",
    "review_id": "5048249",
    "movie_id": "10230"
  },
  {
    "review": "기대에는 좀 못 미쳤지만, 잉마르와 삼촌 가족 & 동네 사람들의 소박한 삶이 따스하다",
    "date": "10.08.30",
    "rating": "8",
    "author": "come****",
    "review_id": "4805001",
    "movie_id": "10230"
  },
  {
    "review": "오래 전에 본 영화. 다시 한번 꼭 보고 싶은 영화.",
    "date": "10.08.19",
    "rating": "10",
    "author": "ccpk****",
    "review_id": "4764315",
    "movie_id": "10230"
  },
  {
    "review": "마지막 장면의 느낌 너무 좋다",
    "date": "10.08.19",
    "rating": "10",
    "author": "rame****",
    "review_id": "4764313",
    "movie_id": "10230"
  },
  {
    "review": "최고의 성장영화",
    "date": "10.08.19",
    "rating": "10",
    "author": "kpcc****",
    "review_id": "4764312",
    "movie_id": "10230"
  },
  {
    "review": "사랑스러운성장영화. 주인공 소년 너무 귀여웠다! 안아주고싶었음ㅋ",
    "date": "10.07.14",
    "rating": "9",
    "author": "psy9****",
    "review_id": "4639000",
    "movie_id": "10230"
  },
  {
    "review": "평점을 믿고 봤다. 그럴만 했다!",
    "date": "10.04.29",
    "rating": "9",
    "author": "pth3****",
    "review_id": "4465176",
    "movie_id": "10230"
  },
  {
    "review": "막내 이모 손잡고 극장가서 본 영화. 내용은 기억안나지만 의미가 남다르다",
    "date": "10.04.22",
    "rating": "10",
    "author": "hsfa****",
    "review_id": "4448943",
    "movie_id": "10230"
  },
  {
    "review": "중학교때 본 영화인데 특별히 기억에 남는 장면이 없다.",
    "date": "10.02.14",
    "rating": "8",
    "author": "psyc****",
    "review_id": "4279551",
    "movie_id": "10230"
  },
  {
    "review": "불우한 아이의 형편을 담담하게 그려나가는 게 인상적이다.",
    "date": "10.01.25",
    "rating": "8",
    "author": "nabe****",
    "review_id": "4206247",
    "movie_id": "10230"
  },
  {
    "review": "드르렁 쿨쿨",
    "date": "10.01.24",
    "rating": "4",
    "author": "glas****",
    "review_id": "4205242",
    "movie_id": "10230"
  },
  {
    "review": "엄마는 왜 날 미워했을까.. 그래도 잉마르 옆에 좋은 사람들이 생겨서 좋았음..",
    "date": "10.01.13",
    "rating": "10",
    "author": "ssar****",
    "review_id": "4165612",
    "movie_id": "10230"
  },
  {
    "review": "성장영화계의 보석같은 존재. 독어도 아니고 불어도 아닌것 같더라니 스웨덴이었군..",
    "date": "09.12.17",
    "rating": "9",
    "author": "bepl****",
    "review_id": "4051438",
    "movie_id": "10230"
  },
  {
    "review": "한 장면 한 장면 내 어릴적을 상기시킨다.",
    "date": "09.12.12",
    "rating": "10",
    "author": "bbq2****",
    "review_id": "4036483",
    "movie_id": "10230"
  },
  {
    "review": "잔잔하고 아름다운 동화.....^^",
    "date": "09.11.14",
    "rating": "8",
    "author": "tpdl****",
    "review_id": "3961926",
    "movie_id": "10230"
  },
  {
    "review": "나름대로 생각 할 수 있도록 해 주는 영화......ㅎㅎ",
    "date": "09.10.25",
    "rating": "10",
    "author": "sora****",
    "review_id": "3915686",
    "movie_id": "10230"
  },
  {
    "review": "잉마르와 사가. 연기인지 실제인지 모르겠다. 대단한 영화... 보는 내내 즐겁다.",
    "date": "09.10.03",
    "rating": "10",
    "author": "roll****",
    "review_id": "3869569",
    "movie_id": "10230"
  },
  {
    "review": "보물같은 영화",
    "date": "09.09.19",
    "rating": "10",
    "author": "yszo****",
    "review_id": "3838712",
    "movie_id": "10230"
  },
  {
    "review": "잊고 있었는데..다시 보니 넘 반가웠다..이젠 잊지 않으려고 dvd주문했다..뿌듯하다",
    "date": "09.09.12",
    "rating": "10",
    "author": "ores****",
    "review_id": "3825380",
    "movie_id": "10230"
  },
  {
    "review": "내가 이거 보려고 일부러 않잤다. 좋은 영화다.",
    "date": "09.09.12",
    "rating": "10",
    "author": "odhh****",
    "review_id": "3825323",
    "movie_id": "10230"
  },
  {
    "review": "주인공 연기 최고!!",
    "date": "09.09.12",
    "rating": "10",
    "author": "jins****",
    "review_id": "3825315",
    "movie_id": "10230"
  },
  {
    "review": "20년이 지나 다시 봤는데도 재밌구나",
    "date": "09.09.12",
    "rating": "10",
    "author": "leek****",
    "review_id": "3825308",
    "movie_id": "10230"
  },
  {
    "review": "배우한명한명 장면 한개한개가 이렇게 미치도록 사랑스러울수가....행복하다",
    "date": "09.08.20",
    "rating": "10",
    "author": "plac****",
    "review_id": "3771804",
    "movie_id": "10230"
  },
  {
    "review": "가슴 따뜻하고 정이있는.... 삶의 소박한 행복을 되새겨보게 하는영화.",
    "date": "09.08.12",
    "rating": "9",
    "author": "jys4****",
    "review_id": "3738832",
    "movie_id": "10230"
  },
  {
    "review": "내 유년기의 기억에 각인된 영화... 20년 후 다시 봤을때 감동이 배가 되었다.",
    "date": "09.06.03",
    "rating": "10",
    "author": "neoc****",
    "review_id": "3541888",
    "movie_id": "10230"
  },
  {
    "review": "완전 소중한 영화! 너무 재밋다!!",
    "date": "09.04.15",
    "rating": "10",
    "author": "5292****",
    "review_id": "3422532",
    "movie_id": "10230"
  },
  {
    "review": "재미있다. 뭔가 느낌이 있다.",
    "date": "09.03.31",
    "rating": "10",
    "author": "yoon****",
    "review_id": "3398456",
    "movie_id": "10230"
  },
  {
    "review": "배경과 소품, 색감이 보기 좋다.",
    "date": "09.02.15",
    "rating": "8",
    "author": "vvww****",
    "review_id": "3306244",
    "movie_id": "10230"
  },
  {
    "review": "성장기 영화중 단연 돋보이는 작품.",
    "date": "09.02.06",
    "rating": "9",
    "author": "leh0****",
    "review_id": "3283679",
    "movie_id": "10230"
  },
  {
    "review": "나도 저런 곳에서 살아봤으면... 청소년기때의 심리묘사가 탁월한 작품.",
    "date": "09.01.22",
    "rating": "10",
    "author": "jrle****",
    "review_id": "3240167",
    "movie_id": "10230"
  },
  {
    "review": "성장과 성숙이라는 것을 배워가는 훈훈한 영화 ^^",
    "date": "09.01.12",
    "rating": "10",
    "author": "ded0****",
    "review_id": "3215612",
    "movie_id": "10230"
  },
  {
    "review": "안톤 글랜제리어스.. 어린앤데 연기를 왤케 잘하는지..ㅋ",
    "date": "08.12.06",
    "rating": "8",
    "author": "iras****",
    "review_id": "3095023",
    "movie_id": "10230"
  },
  {
    "review": "정말 잘만든 영화입니다 이런게 진짜 영화인듯 싶네요",
    "date": "08.11.26",
    "rating": "10",
    "author": "anzn****",
    "review_id": "3073877",
    "movie_id": "10230"
  },
  {
    "review": "이게 왜 18세가 되었지?",
    "date": "08.11.23",
    "rating": "10",
    "author": "fyce****",
    "review_id": "3068058",
    "movie_id": "10230"
  },
  {
    "review": "연출이 따뜻하고 좋네요.",
    "date": "08.11.18",
    "rating": "9",
    "author": "diri****",
    "review_id": "3058116",
    "movie_id": "10230"
  },
  {
    "review": "볼만한 성장기 영화..ㅇㅇ",
    "date": "08.11.18",
    "rating": "10",
    "author": "1pim****",
    "review_id": "3057660",
    "movie_id": "10230"
  },
  {
    "review": "스크린 앞에서 어린시절을 추억하다",
    "date": "08.11.15",
    "rating": "7",
    "author": "titi****",
    "review_id": "3051886",
    "movie_id": "10230"
  },
  {
    "review": "훈훈하고 미소짓게 만드는 휴식같은 영화",
    "date": "08.11.07",
    "rating": "8",
    "author": "vct0****",
    "review_id": "3038996",
    "movie_id": "10230"
  },
  {
    "review": "어렸을적에 동심으로 마음을 훈훈하게 했던영화",
    "date": "08.11.01",
    "rating": "10",
    "author": "yiy1****",
    "review_id": "3030206",
    "movie_id": "10230"
  },
  {
    "review": "잔잔허니 ... 잉마르 ~~~~",
    "date": "08.10.18",
    "rating": "10",
    "author": "maks****",
    "review_id": "3006312",
    "movie_id": "10230"
  },
  {
    "review": "동심으로 바라 본 그들만의 세상",
    "date": "08.09.21",
    "rating": "9",
    "author": "temt****",
    "review_id": "2961090",
    "movie_id": "10230"
  },
  {
    "review": "평온하고 잔잔했던 영화^^",
    "date": "08.09.21",
    "rating": "10",
    "author": "edle****",
    "review_id": "2960930",
    "movie_id": "10230"
  },
  {
    "review": "배경이 영국인줄 알았는데 스웨덴 영화였구나 따뜻한 영화다.",
    "date": "08.09.20",
    "rating": "10",
    "author": "ljy0****",
    "review_id": "2958917",
    "movie_id": "10230"
  },
  {
    "review": "좋은 영화인데 제목을 뭐 이따위로 지었는지...",
    "date": "08.09.20",
    "rating": "10",
    "author": "llpo****",
    "review_id": "2958913",
    "movie_id": "10230"
  },
  {
    "review": "뭔가를 유추해내긴 싫다. 있는그대로의 영화를 받아들여본다",
    "date": "08.08.29",
    "rating": "5",
    "author": "fore****",
    "review_id": "2910180",
    "movie_id": "10230"
  },
  {
    "review": "흥행용 영화가 아니라 작품성영화다",
    "date": "08.08.13",
    "rating": "10",
    "author": "dhfd****",
    "review_id": "2867673",
    "movie_id": "10230"
  },
  {
    "review": "굳",
    "date": "08.08.01",
    "rating": "10",
    "author": "sena****",
    "review_id": "2824432",
    "movie_id": "10230"
  },
  {
    "review": "잘봤다~",
    "date": "08.08.01",
    "rating": "10",
    "author": "char****",
    "review_id": "2823916",
    "movie_id": "10230"
  },
  {
    "review": "그럼에도 나의 인생은 행복하다... 라고 말해주는 듯 하다.",
    "date": "08.08.01",
    "rating": "8",
    "author": "napo****",
    "review_id": "2822242",
    "movie_id": "10230"
  },
  {
    "review": "찡하고 따뜻함이 가득",
    "date": "08.07.23",
    "rating": "10",
    "author": "koso****",
    "review_id": "2794434",
    "movie_id": "10230"
  },
  {
    "review": "개같이 지맘대로 안되는 인생 ㅋ",
    "date": "08.07.18",
    "rating": "8",
    "author": "drag****",
    "review_id": "2774279",
    "movie_id": "10230"
  },
  {
    "review": "순수하고 사랑스럽지만 마냥 웃을수없는 영화",
    "date": "08.06.07",
    "rating": "8",
    "author": "hmhd****",
    "review_id": "2684553",
    "movie_id": "10230"
  },
  {
    "review": "난 왜 이렇게 지루하지? 애들은 귀엽더만...",
    "date": "08.05.17",
    "rating": "1",
    "author": "oxen****",
    "review_id": "2645966",
    "movie_id": "10230"
  },
  {
    "review": "최고까지는 모르게지만 그냥 잔잔한 영화..",
    "date": "08.05.14",
    "rating": "8",
    "author": "dbsf****",
    "review_id": "2640718",
    "movie_id": "10230"
  },
  {
    "review": "정말 잔잔하게 쇼킹을 주는 영화",
    "date": "08.05.11",
    "rating": "8",
    "author": "hans****",
    "review_id": "2633331",
    "movie_id": "10230"
  },
  {
    "review": "라세 할스트롬의 유작과도 같은 작품",
    "date": "08.02.15",
    "rating": "10",
    "author": "mcdh****",
    "review_id": "2448857",
    "movie_id": "10230"
  },
  {
    "review": "가슴찡하게 사랑스러운 영화.",
    "date": "08.02.09",
    "rating": "10",
    "author": "shcj****",
    "review_id": "2424728",
    "movie_id": "10230"
  },
  {
    "review": "그런 동네 또 잇을까",
    "date": "08.02.02",
    "rating": "10",
    "author": "no_n****",
    "review_id": "2398417",
    "movie_id": "10230"
  }
]