[
  {
    "review_id": "10246099",
    "movie_id": "102392",
    "author": "pete****",
    "review": "이상하다 나카타 감독 링은 잘 만들었는데 이건 왠지...;;.",
    "rating": "1",
    "date": "15.08.17"
  },
  {
    "review_id": "9990698",
    "movie_id": "102392",
    "author": "abd3****",
    "review": "한개도 아깝다. 보는 내내 답답한 영화 욕하고싶다. 여주인공 소리만 지르는것도 짜증남",
    "rating": "1",
    "date": "15.06.11"
  },
  {
    "review_id": "9956213",
    "movie_id": "102392",
    "author": "dydg****",
    "review": "나카타히데오 감독님작품중  최악..",
    "rating": "4",
    "date": "15.05.28"
  },
  {
    "review_id": "9768037",
    "movie_id": "102392",
    "author": "my_c****",
    "review": "감을 잃으신듯 ...하네요",
    "rating": "2",
    "date": "15.03.09"
  },
  {
    "review_id": "9493243",
    "movie_id": "102392",
    "author": "52no****",
    "review": "공포영화인데 별로 안무서운 것이 가장큰 결점이지만, 전반적인 영화의 완성도는 높다. C급영화들 수준으로 점수받을 만한 영화는 아닌듯.",
    "rating": "5",
    "date": "14.12.20"
  },
  {
    "review_id": "9312189",
    "movie_id": "102392",
    "author": "wpry****",
    "review": "진짜 너무너무 재밌어요~♡",
    "rating": "10",
    "date": "14.10.24"
  },
  {
    "review_id": "9079686",
    "movie_id": "102392",
    "author": "coco****",
    "review": "유품청소하러 온 사람이 여주에게 몇 마디 해줬다고 여주가 계속 찾아가고 남주가 적극적으로 도와주고. 뜬근없이 억지 인연 맺어준 느낌? 게다가 가장 믿을만했던 남주가 허무하게 죽어버리네요. 애초에 안 무서운 거 알고 봤지만  허접한 건 사실...",
    "rating": "1",
    "date": "14.08.13"
  },
  {
    "review_id": "9066496",
    "movie_id": "102392",
    "author": "ray7****",
    "review": "피만철철넘치고 소리로 놀래키는 흔해빠진 대중적 공포는없지만  정말 몰입되고  심리적인  공포와 분위기  정말 맘에 든다  아무나  흉내 못내는 일본식 공포  굳!!!",
    "rating": "10",
    "date": "14.08.11"
  },
  {
    "review_id": "8579380",
    "movie_id": "102392",
    "author": "rfvg****",
    "review": "시간이 남아도는거 아니면 보지 마세요. 공포영화인데 긴장감 제로 와나 이거 돈주고 봤으면  진짜 아까웠을듯 차라리 그돈을 찢어버리는게 재미있었을거 같음이걸 영화라고 만드나 와나",
    "rating": "1",
    "date": "14.03.15"
  },
  {
    "review_id": "8483546",
    "movie_id": "102392",
    "author": "bs87****",
    "review": "남주 왜 죽임 개 어이없음이다 ㅡㅡ 정말 얄짤없는 일본식 지겨운 공포영화;;",
    "rating": "5",
    "date": "14.02.07"
  },
  {
    "review_id": "8380975",
    "movie_id": "102392",
    "author": "hyun****",
    "review": "강추강추졸라좋은영화에여 숙면을 제공해주져 피부가뽀송뽀송",
    "rating": "1",
    "date": "14.01.14"
  },
  {
    "review_id": "8373034",
    "movie_id": "102392",
    "author": "zzop****",
    "review": "와... 진짜 소름돋게 재미없다",
    "rating": "10",
    "date": "14.01.12"
  },
  {
    "review_id": "8312178",
    "movie_id": "102392",
    "author": "shin****",
    "review": "ㅋㅋㅋ...장난하나",
    "rating": "1",
    "date": "13.12.27"
  },
  {
    "review_id": "8300841",
    "movie_id": "102392",
    "author": "bloo****",
    "review": "다크워터 ... 이제그만~~~~",
    "rating": "2",
    "date": "13.12.25"
  },
  {
    "review_id": "8267973",
    "movie_id": "102392",
    "author": "dldm****",
    "review": "저는 공포영화 좋아하는 공포매니아 인데  요즘 들어서 볼만한 영화 입니다 <별점을 4.5점>",
    "rating": "7",
    "date": "13.12.22"
  },
  {
    "review_id": "8267144",
    "movie_id": "102392",
    "author": "caud****",
    "review": "답이없는영화 이건 공포가 아니라 sf물에 넣어야할듯",
    "rating": "1",
    "date": "13.12.21"
  },
  {
    "review_id": "8216722",
    "movie_id": "102392",
    "author": "choi****",
    "review": "기대감과 달리 허무하게 끝나버림.",
    "rating": "3",
    "date": "13.12.15"
  },
  {
    "review_id": "8210123",
    "movie_id": "102392",
    "author": "shai****",
    "review": "아스카 졸라열받네 가지말아야할곳은 왜가는거냐고 집에서 그냥나와서 딴대가던가 하지 아 빡쳐",
    "rating": "6",
    "date": "13.12.13"
  },
  {
    "review_id": "8203109",
    "movie_id": "102392",
    "author": "2_dp****",
    "review": "공포영화인데 공포는 없습니다 그렇다고 재미가 있지도 않습니다 나름대로 괜찮은 부분도 있지만 말그대로 부분이네요",
    "rating": "4",
    "date": "13.12.10"
  },
  {
    "review_id": "8198411",
    "movie_id": "102392",
    "author": "lets****",
    "review": "이건 뭐 다운받아보기에도 시간이 아까운... 도대체 뭘 얘기하고 싶은건지... 무섭지도 않고... 무당아줌마때문에 잠깐 웃었다ㅋㅋ",
    "rating": "1",
    "date": "13.12.08"
  },
  {
    "review_id": "8185575",
    "movie_id": "102392",
    "author": "newc****",
    "review": "저는 싫어해도 컴플렉스는 싫어하지 말아주세요",
    "rating": "4",
    "date": "13.12.02"
  },
  {
    "review_id": "8156279",
    "movie_id": "102392",
    "author": "andc****",
    "review": "6 8 10 외상후 스트레스 장애를 다룬 영화로써, 이만큼 실감나는 건 처음 봄. 공포영화라기 보다는 진지한 미스테리 심리 머그런 방면의 영화라 봐야 할듯.",
    "rating": "10",
    "date": "13.11.21"
  },
  {
    "review_id": "8120988",
    "movie_id": "102392",
    "author": "izum****",
    "review": "나카다 히데오 감독 작품이라 기대 했었는데 실망이 크네요~예전의 일본 호러 무비 반만큼도 않되는 영화입니다.",
    "rating": "4",
    "date": "13.11.07"
  },
  {
    "review_id": "8060493",
    "movie_id": "102392",
    "author": "pass****",
    "review": "티아라 지연의 사탄의 인형 카피",
    "rating": "5",
    "date": "13.10.14"
  },
  {
    "review_id": "8049052",
    "movie_id": "102392",
    "author": "dust****",
    "review": "포스터만 보고 현혹되지 말것",
    "rating": "6",
    "date": "13.10.09"
  },
  {
    "review_id": "8025213",
    "movie_id": "102392",
    "author": "lall****",
    "review": "난 일본에서 봄 . 일본에서도 망함. 다보고 나오는데 옆에 아주머니가 재미없지않냐고 말걸어옴. 화나보엿음.",
    "rating": "1",
    "date": "13.10.01"
  },
  {
    "review_id": "8014892",
    "movie_id": "102392",
    "author": "tnej****",
    "review": "영화관에서 돈주고 본 사람들이 너무 안타까워서마음이 아팠다 하지만 이 영화를 끝까지 본 시간두 너무 아까워서 나도아팠다",
    "rating": "1",
    "date": "13.09.25"
  },
  {
    "review_id": "8013649",
    "movie_id": "102392",
    "author": "mand****",
    "review": "불법 다운로드 받고 1점주면 안되냐?불법이 1점주면 정식으로 본사람은 분노에 치를 떨꺼다",
    "rating": "1",
    "date": "13.09.24"
  },
  {
    "review_id": "8010673",
    "movie_id": "102392",
    "author": "real****",
    "review": "나는 관대하다",
    "rating": "6",
    "date": "13.09.23"
  },
  {
    "review_id": "8004098",
    "movie_id": "102392",
    "author": "pkms****",
    "review": "그냥 미친년의 네버엔팅스토리...",
    "rating": "1",
    "date": "13.09.21"
  },
  {
    "review_id": "7994562",
    "movie_id": "102392",
    "author": "ejfk****",
    "review": "평점 안 믿고 괴기전식의 요란하게 놀래키는 유치한 설정이 없는 수준높은 호러라고 평점 8점준사람 믿고  영화 받는데 그냥 저님은 나카타 히데오가 과거에 링이라는 대작을 찍었어  그감독을 좋아해서 이 영화를 좋아하는 사람인가보네요 재미없게 봤습니다",
    "rating": "1",
    "date": "13.09.19"
  },
  {
    "review_id": "7985481",
    "movie_id": "102392",
    "author": "lala****",
    "review": "공포 영화 아니자요!! 초딩한테는 먹히겠네 ㅋㅋ",
    "rating": "1",
    "date": "13.09.16"
  },
  {
    "review_id": "7980851",
    "movie_id": "102392",
    "author": "bjhj****",
    "review": "얼마나 재미 없으면~ㅎㅎ",
    "rating": "1",
    "date": "13.09.15"
  },
  {
    "review_id": "7963383",
    "movie_id": "102392",
    "author": "jeal****",
    "review": "무서운 장면을 기대하고 봤다면 실망할만한 작품이긴 한데 이렇게 낮은 평점 받을 영화는 아니라고 봄. 근 몇년간 개봉한 사다코 복제품 인스턴트식 공포영화들 보단 훨씬 진중한 내용다뤘고 몰입도도 있음. 연출도 진부하지 않았고. CG는 그냥빼지..",
    "rating": "9",
    "date": "13.09.10"
  },
  {
    "review_id": "7962839",
    "movie_id": "102392",
    "author": "topt****",
    "review": "답답한 전개 의미부여가 돼지않는 결말 반전없는 뻔한 스토리 아이큐 80만 넘어도 영화 20분만보면 아가족은 죽은 사람들이구나 놀이터 아이가 죽은애구나 그냥 보이는 내용 복잡하게 생각하고 만든듯하나스토리라인이 밋밋한게 보면서도 허무하다는 생각뿐이었음.",
    "rating": "5",
    "date": "13.09.09"
  },
  {
    "review_id": "7948198",
    "movie_id": "102392",
    "author": "adiv****",
    "review": "내심 기대하고 보았지만....진짜 공포스러운것 하나 없고 스토리전개도 너무 지루하고 어색하게 하네요.  시종일관 엄청 지루했음.그리고 내용도 기묘한이야기 같은 형식으로 만들었지만 너무 식상한 내용공감도 안가고 짜증만남",
    "rating": "3",
    "date": "13.09.05"
  },
  {
    "review_id": "7943348",
    "movie_id": "102392",
    "author": "hami****",
    "review": "일본 원제목으로  동일제목의 공포 TV드라마를 이번에 영화로 만든 것인데. 무서운 것을 싫어하는 사람도 볼 수 있는 영화란 점에 동감. 아스카의는 비행기사고로 홀로 살아남은여아가 간호사가 되었다는 실화를 영화소재로넣은것이라는데내용의 흐름을오히려흐림",
    "rating": "6",
    "date": "13.09.02"
  },
  {
    "review_id": "7942440",
    "movie_id": "102392",
    "author": "1457****",
    "review": "정말 기대하고 봤는데.. 너무실망했다.. 이번엔 정말 졸작입니다. 배우들 연기며.. CG수준이며.. 전개며.. 모든것이 실망 스럽네 차라리 소리로 놀래켜라도 줬웠으면...하는 정도 !!! 보는 내내 하...허허.. 쩝...",
    "rating": "2",
    "date": "13.09.02"
  },
  {
    "review_id": "7940215",
    "movie_id": "102392",
    "author": "kdh3****",
    "review": "평점낮아서 안볼려다가 봤는데 속이 안좋아질 정도로 무섭고 긴장되는 영화였다.영화 중반부에 갑자기 속이 안좋아서 화장실 갈 정도로 긴장의 연속이었다.평점믿고 안보기엔 아쉬울뻔했다.근데 마지막 남주인공의 희생은 너무 가슴아프다.공포영화+미스터리 스릴러",
    "rating": "10",
    "date": "13.09.01"
  },
  {
    "review_id": "7939636",
    "movie_id": "102392",
    "author": "kaor****",
    "review": "아이 귀신이 아니라 과거에 묶여진 자신의 나약함이 가장 자신을 망쳐놓은게 아닌가 하고 느꼈음. 무섭진 않았지만 일상에 있을법한 소재로 나름 재밌게 봤음. 근데 마지막에 나의 히로키가.... ㅜㅜ",
    "rating": "6",
    "date": "13.09.01"
  },
  {
    "review_id": "7931572",
    "movie_id": "102392",
    "author": "quat****",
    "review": "1점이라도 준것은 공짜로 봣기 때문이다 진짜 내용자체도 재미없고 연출도 엉망이고 답답하고 딱 일본영화같은 배경만 나오고 딱 일본영화 수준을 못벗어나네 일본영화는 무슨 코스프레 하는곳같다 ㅋㅋ",
    "rating": "1",
    "date": "13.08.29"
  },
  {
    "review_id": "7928906",
    "movie_id": "102392",
    "author": "ske4****",
    "review": "소름끼친다!",
    "rating": "10",
    "date": "13.08.28"
  },
  {
    "review_id": "7924219",
    "movie_id": "102392",
    "author": "this****",
    "review": "일단 재미가 없고...의미어쩌고 하는데 진부하고 뻔하다. 구성도 독창적이지 못하다. 한마디로 쓰레기같은 영화다.",
    "rating": "1",
    "date": "13.08.26"
  },
  {
    "review_id": "7915475",
    "movie_id": "102392",
    "author": "pens****",
    "review": "한마디로 쩝...진짜재미없음 ....1접도 아까운영화",
    "rating": "1",
    "date": "13.08.23"
  },
  {
    "review_id": "7914990",
    "movie_id": "102392",
    "author": "alst****",
    "review": "나도 한마디만 한다  절대 보지마삼    제 점수는요~ 마이너스100점입니다",
    "rating": "1",
    "date": "13.08.23"
  },
  {
    "review_id": "7912105",
    "movie_id": "102392",
    "author": "rlat****",
    "review": "앗짱 믿고 본다",
    "rating": "10",
    "date": "13.08.22"
  },
  {
    "review_id": "7911149",
    "movie_id": "102392",
    "author": "1103****",
    "review": "진짜 별하나도 아까움 내가 인터넷에서 만원이나 주고 다운받았는데 이걸 진짜 영화라고 만들었냐 진짜 스토리 부터 애자같음씨",
    "rating": "1",
    "date": "13.08.22"
  },
  {
    "review_id": "7909411",
    "movie_id": "102392",
    "author": "balo****",
    "review": "은퇴할때가 됬네 자네",
    "rating": "1",
    "date": "13.08.21"
  },
  {
    "review_id": "7908976",
    "movie_id": "102392",
    "author": "trsk****",
    "review": "12세나 전체관람 했어도 될 영화 ...ㅣ",
    "rating": "2",
    "date": "13.08.21"
  },
  {
    "review_id": "7906841",
    "movie_id": "102392",
    "author": "hyun****",
    "review": "무섭진 않지만 스토린 괜찮음 평점이 넘 낮네",
    "rating": "10",
    "date": "13.08.20"
  },
  {
    "review_id": "7885949",
    "movie_id": "102392",
    "author": "ghdu****",
    "review": "링이나 주온같은 영화를 기대하고 봤다면 실망이 크겠지만 그래도 나름 느낌 있는 영화였는데 이렇게까지 욕 먹다니...",
    "rating": "6",
    "date": "13.08.15"
  },
  {
    "review_id": "7884940",
    "movie_id": "102392",
    "author": "yhnk****",
    "review": "ㅋㅋㅋㅋㅋㅋㅋㅋㅋ웃겨",
    "rating": "1",
    "date": "13.08.15"
  },
  {
    "review_id": "7873635",
    "movie_id": "102392",
    "author": "reds****",
    "review": "앗쨩이 바닥을 긁는 신이 가장 재미있었다. 공포가 아니라 코메디 영화",
    "rating": "1",
    "date": "13.08.12"
  },
  {
    "review_id": "7873601",
    "movie_id": "102392",
    "author": "smj6****",
    "review": "ㅡ",
    "rating": "1",
    "date": "13.08.12"
  },
  {
    "review_id": "7864828",
    "movie_id": "102392",
    "author": "rlaa****",
    "review": "재미가없다.전개가이상하다.  라고말하는 사람들은 그냥 귀신만 보는 생각없이보는사람이라고 생각합니다.재미? 시각적보다 심적으로 재미있습니다전개? 말할필요없이 완벽하고 복선도좋습니다눈에보이는 재미만을 쫒는사람들에겐 재미없겠네요생각하면서보면완벽합니다",
    "rating": "9",
    "date": "13.08.10"
  },
  {
    "review_id": "7864796",
    "movie_id": "102392",
    "author": "wndq****",
    "review": "솔직히 볼만합니다.죄책감과 외로움이 인간에게 얼마나 큰 공포인지 보여주는영화라고 생각합니다. 귀신의모습만 무서운영화를 보는사람들은 재미가없겠지만 저처럼 생각하는 사람들에겐 볼만한 영화라고 추천합니다.",
    "rating": "9",
    "date": "13.08.10"
  },
  {
    "review_id": "7863958",
    "movie_id": "102392",
    "author": "ghdk****",
    "review": "원래영화점수높게주는 편인데 이건 아닌거같다내가봣던 공포영화중 최악에 뽑힌다",
    "rating": "2",
    "date": "13.08.10"
  },
  {
    "review_id": "7863381",
    "movie_id": "102392",
    "author": "goms****",
    "review": "링의 단잠에서 깨어나지 못한 채 바닥까지 드러난 밑천",
    "rating": "1",
    "date": "13.08.09"
  },
  {
    "review_id": "7861329",
    "movie_id": "102392",
    "author": "love****",
    "review": "이게 공포영화라공?? ㅋㅋㅋㅋㅋㅋㅋㅋㅋㅋ살다살다 공포영화보면서 잠든적 처음임돠;;;;",
    "rating": "1",
    "date": "13.08.09"
  },
  {
    "review_id": "7860041",
    "movie_id": "102392",
    "author": "deux****",
    "review": "결말은 약간 허무한데 잼있게봤음",
    "rating": "8",
    "date": "13.08.08"
  },
  {
    "review_id": "7859985",
    "movie_id": "102392",
    "author": "fj11****",
    "review": "괜찮긴한데...... 내스탈아님",
    "rating": "7",
    "date": "13.08.08"
  },
  {
    "review_id": "7859046",
    "movie_id": "102392",
    "author": "agat****",
    "review": "보다가 잠들긴 처음인 공포영화",
    "rating": "1",
    "date": "13.08.08"
  },
  {
    "review_id": "7858221",
    "movie_id": "102392",
    "author": "hots****",
    "review": "평점 6은 되는 영화. 적어도 유치한 공포물의 기본이 되어버린 소리로 놀래키기는 없다. 큰 소리를 매개로 한 갑작스런 '놀람'의 이유은 공포가 아니다. 위기 순간에 대처하기 위한 인간 본능적 방어기제일뿐. 이는 공포와는 별개의 반응 체계이다.",
    "rating": "10",
    "date": "13.08.08"
  },
  {
    "review_id": "7857390",
    "movie_id": "102392",
    "author": "lee3****",
    "review": "더이상 일본영화의 미래는 없다",
    "rating": "2",
    "date": "13.08.08"
  },
  {
    "review_id": "7856808",
    "movie_id": "102392",
    "author": "tmdd****",
    "review": "이런 씨x같은영화는 오랜만이네 ㅋㅋㅋㅋㅋㅋ",
    "rating": "1",
    "date": "13.08.08"
  },
  {
    "review_id": "7856624",
    "movie_id": "102392",
    "author": "bles****",
    "review": "분위기도 이야기도 고전적이다",
    "rating": "6",
    "date": "13.08.08"
  },
  {
    "review_id": "7856516",
    "movie_id": "102392",
    "author": "lgee****",
    "review": "이 영화의 콤플렉스는 층간소음의 공포밖엔 건질 것이 없는 것이 문제다.",
    "rating": "6",
    "date": "13.08.08"
  },
  {
    "review_id": "7856297",
    "movie_id": "102392",
    "author": "gall****",
    "review": "일본산 흥행영화엔 특별한 것이 없다. 일본 공포물이 한물간지는 오래됐었고 나카다의 신작은 그걸 재확인해주는 용도? 느릿한 전개~ 기존 영화들을 답습하고 짜깁기한 식상하고 진부한 전개와  반전.  아까비48 출신의 여주인공은 여전히 발성 안되는 연기.",
    "rating": "4",
    "date": "13.08.07"
  },
  {
    "review_id": "7853917",
    "movie_id": "102392",
    "author": "egyp****",
    "review": "일본 공포판 헬로우고스트...?전혀 흥미롭지도 공포스럽지 못한 내용...답답하고 느린전개...어색한 배우들의 연기...",
    "rating": "3",
    "date": "13.08.07"
  },
  {
    "review_id": "7850209",
    "movie_id": "102392",
    "author": "crad****",
    "review": "링이란이름으로 마케팅 하기엔 이제 너무 먼 이야기다.. 감 많이 잃은듯",
    "rating": "3",
    "date": "13.08.06"
  },
  {
    "review_id": "7850204",
    "movie_id": "102392",
    "author": "dong****",
    "review": "일본 호러도 예전같지 않네.. 진짜 재미없다 ㅡㅡ;;",
    "rating": "1",
    "date": "13.08.06"
  },
  {
    "review_id": "7850200",
    "movie_id": "102392",
    "author": "crad****",
    "review": "언제까지 링 팔아먹을래? 완전 감 다 잃어버린 듯 하다",
    "rating": "1",
    "date": "13.08.06"
  },
  {
    "review_id": "7850197",
    "movie_id": "102392",
    "author": "kklo****",
    "review": "2013년에 이딴 영화를 보게 될 줄이야....",
    "rating": "1",
    "date": "13.08.06"
  },
  {
    "review_id": "7849073",
    "movie_id": "102392",
    "author": "dkun****",
    "review": "일본 공포영화를 오랜만에 보고싶었는데....왜 대체.... 대한극장 이런데서만 하는거지...ㅜ",
    "rating": "9",
    "date": "13.08.06"
  },
  {
    "review_id": "7845465",
    "movie_id": "102392",
    "author": "ldh0****",
    "review": "내가 한마디만 한다 OO",
    "rating": "1",
    "date": "13.08.05"
  },
  {
    "review_id": "7843993",
    "movie_id": "102392",
    "author": "qzmp****",
    "review": "나리미야 히로키 믿고 보면서 낮은 평점 때문에 불안했던 영화. 1408+검은 물밑에서. 보다보니 의외로 반전도 있고 볼만했음. 아역에게 맡기기엔 너무 가혹한 연기.",
    "rating": "5",
    "date": "13.08.05"
  },
  {
    "review_id": "7843061",
    "movie_id": "102392",
    "author": "wono****",
    "review": "웬만해서 평 잘 안남기는데, 저, 공포 영화 매니아인데, 기대하고 영화 보다 졸다 보다 졸다 계속 반복했네요. 힘든 영화였어요. 링 감독이었군요..뉴.ㄴ",
    "rating": "2",
    "date": "13.08.05"
  },
  {
    "review_id": "7841725",
    "movie_id": "102392",
    "author": "wooj****",
    "review": "도데체가....ㅠ.ㅠ영화 100분 동안 40분쯤 지나서. \" 넌 이제죽을거야\" 라는 대사 이후부터 좀 재미있을려나? 했더니...끝까지 실망시킨다!... 이건 아니다 싶다.   아래  \"돌\" 아이디의 말대로.. 감독의 시간도 멈춘듯^^",
    "rating": "3",
    "date": "13.08.05"
  },
  {
    "review_id": "7835345",
    "movie_id": "102392",
    "author": "wogh****",
    "review": "초반에 재미있을꺼같이나가다가 마지막엔딩에서 큰실망한작품 약간왜 마에다 연기어색한부분이많지.....",
    "rating": "5",
    "date": "13.08.04"
  },
  {
    "review_id": "7835224",
    "movie_id": "102392",
    "author": "drie****",
    "review": "나리미야 히로키 연기 잘함... 하지만 이 영화에서는... 할말은 많지만 하지 않겠습니다. 차기작을 기다려보겠다... 고 ㅜㅜ",
    "rating": "7",
    "date": "13.08.04"
  },
  {
    "review_id": "7828261",
    "movie_id": "102392",
    "author": "seon****",
    "review": "아!또실망이로군요..일본공포물은아예못보는데 큰맘먹고잔뜩긴장하며봤는데 콤플렉스란제목과그닥연관은없는거같아요..그래도밤에혼자보면무서울수도...",
    "rating": "4",
    "date": "13.08.03"
  },
  {
    "review_id": "7822574",
    "movie_id": "102392",
    "author": "cact****",
    "review": "솔직히 3점대 영화는 아니지;;;;;;",
    "rating": "10",
    "date": "13.08.02"
  },
  {
    "review_id": "7822546",
    "movie_id": "102392",
    "author": "cact****",
    "review": "7점대의 공포영화 같음",
    "rating": "10",
    "date": "13.08.02"
  },
  {
    "review_id": "7822445",
    "movie_id": "102392",
    "author": "hira****",
    "review": "아직도 감독의 명성, 배우의 명성으로 영화보는 자칭 평론가들 계시나??? 우습구만. 정말 이렇게 지루하고 집중못하는 영화는 오랜만이다. 어차피 일본배우 연기력이야 몇몇빼곤 기대도안해서 둘째치고. 정말 재미없다 더이상 무슨 말을하나.",
    "rating": "1",
    "date": "13.08.02"
  },
  {
    "review_id": "7821854",
    "movie_id": "102392",
    "author": "hs87****",
    "review": "쓸데없이 내 시간을 빼앗았구나반성문 써 오도록",
    "rating": "1",
    "date": "13.08.02"
  },
  {
    "review_id": "7821349",
    "movie_id": "102392",
    "author": "qkrg****",
    "review": "진짜별로.. 사람들 열받으라고 만든영화같아요ㅠㅠ; 왠만하면 영화 아무리재미없어도 재미없다고안하는데.. 진짜 재미도없고 전.혀하나도안무서움 무섭다고하는사람들이 신기할정도. 스토리도병맛이고 주인공도 답답하고 총체적 난국영화임.",
    "rating": "2",
    "date": "13.08.02"
  },
  {
    "review_id": "7817360",
    "movie_id": "102392",
    "author": "1231****",
    "review": "많이 당황스러웠다. 이리도 졸작일줄은 몰랐거든. 보는 내내 픽픽 웃음이 났다. 내가 봤던 일본 호러중에서 단연 최악이다. 주인공이 AKB48 아이돌일 때부터 알아봤다. 으아... 너무하다, 이건.",
    "rating": "1",
    "date": "13.08.02"
  },
  {
    "review_id": "7817160",
    "movie_id": "102392",
    "author": "sala****",
    "review": "시간아까움킬링타임도 안 될 정도의 지루함과존재하지 않는 소름쓰레기 단편",
    "rating": "1",
    "date": "13.08.02"
  },
  {
    "review_id": "7817094",
    "movie_id": "102392",
    "author": "geu1****",
    "review": "진짜 무섭다........................... 다보고 영화관을 나오면서이걸 돈주고 본 내자신이 무섭다..........진짜.........",
    "rating": "1",
    "date": "13.08.02"
  },
  {
    "review_id": "7816919",
    "movie_id": "102392",
    "author": "jagu****",
    "review": "한국인들 코드에 안맞는 일본식 공포물",
    "rating": "8",
    "date": "13.08.02"
  },
  {
    "review_id": "7813996",
    "movie_id": "102392",
    "author": "dkfh****",
    "review": "정말 무섭게 봣어요 짱짱",
    "rating": "10",
    "date": "13.08.01"
  },
  {
    "review_id": "7809874",
    "movie_id": "102392",
    "author": "jgwo****",
    "review": "음... 솔직히 스포로 먼저 본것들이 대부분이었다는 느낌이랄까 스포를 괜히 봤다는 생각이... 게다가 초반 부분이랑 중간중간에 개인적으로 지루한 부분이 어느정도 있었다는...",
    "rating": "5",
    "date": "13.08.01"
  },
  {
    "review_id": "7809517",
    "movie_id": "102392",
    "author": "mung****",
    "review": "불법다운로드 받고 평점 1점이라... 나카다 히데오 영화를 좋아하는 사람으로 안타깝네요. 절제된 영상과 음향 그리고 배우들의 연기... 괴기전식의 요란하게 놀래키는 유치한 설정이 없는 수준높은 호러입니다.",
    "rating": "8",
    "date": "13.08.01"
  },
  {
    "review_id": "7807954",
    "movie_id": "102392",
    "author": "kwzi****",
    "review": "오랜만에 봅니다 보면서 욕나오는 영화 잘봤습니다^^",
    "rating": "2",
    "date": "13.08.01"
  },
  {
    "review_id": "7807773",
    "movie_id": "102392",
    "author": "jeon****",
    "review": "아래 저 사람 겁나웃기네ㅋㅋ 한줄평이 그러라고 있는거여 ㅡㅡ;뭔 한국인들 수준이 어떻고 저떻고 ㅋㅋ 너도 한국인이여. 8점준다고 니가 뭐 잘나보이냐?",
    "rating": "5",
    "date": "13.08.01"
  },
  {
    "review_id": "7807623",
    "movie_id": "102392",
    "author": "e_ha****",
    "review": "너무 뻔해서 재미도없고 무섭지도않은 영화. 시간만버렸다",
    "rating": "1",
    "date": "13.08.01"
  },
  {
    "review_id": "7803824",
    "movie_id": "102392",
    "author": "cucu****",
    "review": "차라리 애니메이션으로 만들었으면 좋았을 것을.. 스토리는 둘째 치고 정말 연기들을 너무 못해요. 우리나라 영화배우들과 비교해서 그런진 모르겠지만... 아무튼.. 올해 최악의 영화로 뽑힐 듯.....",
    "rating": "1",
    "date": "13.07.31"
  },
  {
    "review_id": "7802969",
    "movie_id": "102392",
    "author": "next****",
    "review": "확실히 기대 이하....... 어느정도 예상 가능한 결말에 정말 공포라고 느낄 부분이 없음..일본 박스오피스 2주간 1위??  주인공이 아이돌이라 그런가 보네.....",
    "rating": "3",
    "date": "13.07.31"
  },
  {
    "review_id": "7802585",
    "movie_id": "102392",
    "author": "dkfm****",
    "review": "본사람은 별 1개.알바는 5개 라는게 확연히보임. 자꾸 울나라 영화랑 비교하는데,울나라 어떤 OOO 영화도 이정도는 없음.영화관에서 본사람이나.다운받아 본사람이나 시간아까워 눈물쏟음. 이게 공포영화냐 코미디냐.밤에 거울에 비친 내얼굴이 더무섭다.",
    "rating": "1",
    "date": "13.07.31"
  },
  {
    "review_id": "7802489",
    "movie_id": "102392",
    "author": "bs02****",
    "review": "돈주고 본것도 아니면서 쓰레기 영화니 최악이니 하는 사람들 정말 웃긴다ㅋㅋㅋ 불법으로 다운받아본거면 아무리 재미없어도 욕할 자격이 없지 꼴에 당당하네ㅋㅋㅋ",
    "rating": "10",
    "date": "13.07.31"
  }
]