[
  {
    "review_id": "9219755",
    "movie_id": "102483",
    "author": "kwhs****",
    "review": "화려하고 좋은 공연이었던 것 같음",
    "rating": "10",
    "date": "14.09.16"
  },
  {
    "review_id": "9053871",
    "movie_id": "102483",
    "author": "bini****",
    "review": "최고예요말이필요없네요",
    "rating": "10",
    "date": "14.08.09"
  },
  {
    "review_id": "7902266",
    "movie_id": "102483",
    "author": "baks****",
    "review": "더럽게 재미없네.평점2점부터 점수 준것들,M창...",
    "rating": "1",
    "date": "13.08.19"
  },
  {
    "review_id": "7403387",
    "movie_id": "102483",
    "author": "misu****",
    "review": "빈 오페라 국립극장 현장의 열기가 느껴져서 너무 좋았습니다! 특히 오케스트라와 비현실적으로 아름다운 주인공의 목소리! 저는 20대라 사실 낯선장르였으나부모님이 너무 좋아하셨습니다.^^ 뿌듯한 하루였어용ㅋ",
    "rating": "10",
    "date": "13.03.24"
  },
  {
    "review_id": "7401862",
    "movie_id": "102483",
    "author": "pefs****",
    "review": "아! 너무 아름다운 곡들과 짜임새 있는 story. 완전 감동.많이 추천하고 싶네요",
    "rating": "10",
    "date": "13.03.23"
  },
  {
    "review_id": "7344396",
    "movie_id": "102483",
    "author": "dbsr****",
    "review": "에라이",
    "rating": "1",
    "date": "13.03.13"
  },
  {
    "review_id": "7344357",
    "movie_id": "102483",
    "author": "kywk****",
    "review": "ㅎㅎ",
    "rating": "10",
    "date": "13.03.13"
  },
  {
    "review_id": "7328898",
    "movie_id": "102483",
    "author": "orch****",
    "review": "정말 최고입니다! 안나 네트렙코를 더 좋아하게 되네요!!",
    "rating": "10",
    "date": "13.03.07"
  },
  {
    "review_id": "7308970",
    "movie_id": "102483",
    "author": "yang****",
    "review": "이건 최고닷~~",
    "rating": "10",
    "date": "13.02.28"
  }
]