[
  {
    "review": "이영화는 비극도 아니고 희극도 아님.",
    "date": "15.08.18",
    "rating": "1",
    "author": "degl****",
    "review_id": "10249740",
    "movie_id": "10249"
  },
  {
    "review": "산업화를 통한 현대화로 점점 삭막해져가는 우리 사회에 대한 풍자. 우스꽝스럽지만 그저 웃을 수는 없는.",
    "date": "15.08.13",
    "rating": "10",
    "author": "nick****",
    "review_id": "10222243",
    "movie_id": "10249"
  },
  {
    "review": "마음이 따뜻해지는 코미디",
    "date": "15.08.10",
    "rating": "10",
    "author": "noom****",
    "review_id": "10212763",
    "movie_id": "10249"
  },
  {
    "review": "영화전개는 빠르나 이해가....",
    "date": "15.07.13",
    "rating": "4",
    "author": "arts****",
    "review_id": "10100236",
    "movie_id": "10249"
  },
  {
    "review": "시대배경에 맞게 무성영화라도 충분히 이해하고 공감할 수 있었던 불후의 명작이다",
    "date": "15.07.12",
    "rating": "10",
    "author": "hs10****",
    "review_id": "10095129",
    "movie_id": "10249"
  },
  {
    "review": "영화 역사상 한 정점이 되는 마스터피스",
    "date": "15.07.09",
    "rating": "10",
    "author": "choi****",
    "review_id": "10083746",
    "movie_id": "10249"
  },
  {
    "review": "영화의 전개와 진행은 숨이 가쁠 정도로 빠르다.. 잔인하고 가슴이 터지는 비탄의 장면에도 영화는 분위기를 잃지 않는다.. 이게 가능한 일인가?",
    "date": "15.06.24",
    "rating": "8",
    "author": "woxn****",
    "review_id": "10025130",
    "movie_id": "10249"
  },
  {
    "review": "그냥 명작이라는 단어 하나면 충분함.",
    "date": "15.06.20",
    "rating": "10",
    "author": "pigf****",
    "review_id": "10013779",
    "movie_id": "10249"
  },
  {
    "review": "재밌다 사랑스럽다 아름답다 예쁘다 귀엽다 슬프다 감동적이다",
    "date": "15.06.10",
    "rating": "10",
    "author": "hanj****",
    "review_id": "9987442",
    "movie_id": "10249"
  },
  {
    "review": "평론가들 평가봐라.ㅎ 니들이 감히 평가할 수 있는 작품이아니란다. 얘들아.",
    "date": "15.06.03",
    "rating": "10",
    "author": "beat****",
    "review_id": "9971680",
    "movie_id": "10249"
  },
  {
    "review": "종합 평점은 9점 드립니다.",
    "date": "15.05.20",
    "rating": "9",
    "author": "terr****",
    "review_id": "9932576",
    "movie_id": "10249"
  },
  {
    "review": "인생은 가까이서 보면 비극이지만 멀리서 보면 희극이다",
    "date": "15.05.15",
    "rating": "10",
    "author": "love****",
    "review_id": "9920320",
    "movie_id": "10249"
  },
  {
    "review": "명작 클라스는 위대하다",
    "date": "15.05.15",
    "rating": "10",
    "author": "tudd****",
    "review_id": "9918357",
    "movie_id": "10249"
  },
  {
    "review": "존경합니다. 찰리채플린. 영화 오늘 처음 봤는데 존경하기로 했습니다. 영화끝나고 영화가 20분짜리영화인줄 알았습니다. 웃다보니 시간이 너무 빨리가서....단순히 웃기기위한 웃음이 아닌 인간사와 시대의 애환을 관통하는 힐링을 위한 웃음. 걸작입니다.",
    "date": "15.05.09",
    "rating": "10",
    "author": "smal****",
    "review_id": "9906396",
    "movie_id": "10249"
  },
  {
    "review": "영원한 클래식의 형기.",
    "date": "15.04.27",
    "rating": "10",
    "author": "bkwa****",
    "review_id": "9874426",
    "movie_id": "10249"
  },
  {
    "review": "포드주의를 통렬하게 비판한 찰리채플린 방식의 유쾌한 코메디그의 천재성이 돋보인다",
    "date": "15.04.27",
    "rating": "10",
    "author": "mr_p****",
    "review_id": "9874114",
    "movie_id": "10249"
  },
  {
    "review": "코메디는 기본이고 노동자와 서민이 아니면 절대 공감을 못하는 영화.",
    "date": "15.04.22",
    "rating": "9",
    "author": "dizz****",
    "review_id": "9856647",
    "movie_id": "10249"
  },
  {
    "review": "웃을 수 있는 자만이 희망을 말할 수 있는 것.",
    "date": "15.04.22",
    "rating": "10",
    "author": "elka****",
    "review_id": "9856592",
    "movie_id": "10249"
  },
  {
    "review": "찰리채플린에게 박수를",
    "date": "15.04.21",
    "rating": "9",
    "author": "iii0****",
    "review_id": "9855828",
    "movie_id": "10249"
  },
  {
    "review": "정말 멋진영화였어요ㅠ",
    "date": "15.04.19",
    "rating": "10",
    "author": "kazu****",
    "review_id": "9852490",
    "movie_id": "10249"
  },
  {
    "review": "역시나 명불허전!!!",
    "date": "15.04.19",
    "rating": "9",
    "author": "ruas****",
    "review_id": "9852453",
    "movie_id": "10249"
  },
  {
    "review": "내 삶을 돌아보게한 영화이자 나을 깨워준 영화 그 무엇보다 가치있는 영화 10점이란 점수가 아깝진 않지만 너무 적은 숫자로 보인다.",
    "date": "15.04.16",
    "rating": "10",
    "author": "rlae****",
    "review_id": "9848613",
    "movie_id": "10249"
  },
  {
    "review": "내 인생 첫 채플린! 채플린을 더 알고싶다!",
    "date": "15.04.12",
    "rating": "10",
    "author": "dlrk****",
    "review_id": "9843010",
    "movie_id": "10249"
  },
  {
    "review": "말로는표현이 어려워    찰리 채플린의 명작  천재 맞더라",
    "date": "15.04.11",
    "rating": "10",
    "author": "min8****",
    "review_id": "9840695",
    "movie_id": "10249"
  },
  {
    "review": "역시 찰리 채플린이다.",
    "date": "15.04.10",
    "rating": "9",
    "author": "tndb****",
    "review_id": "9838902",
    "movie_id": "10249"
  },
  {
    "review": "애수로 가득한 우리 삶에 보내는 그의 순수하고 따뜻한 몸짓과 눈길은 어찌나 포근하던지. 교과서에 박제된진 오래지만 채플린의 휴머니즘과 통찰은 여전히 우리의 심금을 깊이 파고든다.",
    "date": "15.04.09",
    "rating": "9",
    "author": "cksn****",
    "review_id": "9836697",
    "movie_id": "10249"
  },
  {
    "review": "기계같이 돌아가는 삶을 통렬히 비판하고 웃음으로 승화시키는 찰리 채플린",
    "date": "15.04.06",
    "rating": "8",
    "author": "adox****",
    "review_id": "9832241",
    "movie_id": "10249"
  },
  {
    "review": "완전 명불허전... 무성영화의 매력을 알게 해준 영화",
    "date": "15.04.06",
    "rating": "9",
    "author": "eehc****",
    "review_id": "9832153",
    "movie_id": "10249"
  },
  {
    "review": "80 년 후에 봐도 재미있고, 찰리 채플린의 선견지명에 놀란다.",
    "date": "15.04.06",
    "rating": "10",
    "author": "duo_****",
    "review_id": "9832003",
    "movie_id": "10249"
  },
  {
    "review": "슬랩스틱으로 웃고 그때나 지금이나 똑같은 사회모습에 깨달음을 얻고 희망을 역설하는 모습에서 감동을 받는다. 그야말로 완벽. 상영관이 너무 적어서 보는데 고생스러웠던 것이 아쉬웠을 뿐.",
    "date": "15.04.06",
    "rating": "10",
    "author": "chao****",
    "review_id": "9831562",
    "movie_id": "10249"
  },
  {
    "review": "찰리채플린의 리틀 트램프.  1인극 최고의 서커스를 보고 난 기분.",
    "date": "15.04.06",
    "rating": "10",
    "author": "hell****",
    "review_id": "9830977",
    "movie_id": "10249"
  },
  {
    "review": "채플린...이소룡...동급 최강...",
    "date": "15.04.05",
    "rating": "10",
    "author": "baks****",
    "review_id": "9827999",
    "movie_id": "10249"
  },
  {
    "review": "찰리채플린의희대의대명작",
    "date": "15.04.04",
    "rating": "10",
    "author": "sell****",
    "review_id": "9825825",
    "movie_id": "10249"
  },
  {
    "review": "천재 찰리~100년전 작품이라니 믿기지않음~상상하고 실현하기!",
    "date": "15.04.02",
    "rating": "10",
    "author": "danc****",
    "review_id": "9823134",
    "movie_id": "10249"
  },
  {
    "review": "무거운 주제의식을 그만의 철학으로 풀어내는 해학의 정점",
    "date": "15.04.01",
    "rating": "8",
    "author": "arkj****",
    "review_id": "9819229",
    "movie_id": "10249"
  },
  {
    "review": "다시봐도 재미있다. 지금 봐도 이 영화는 너무도 잘 만들어보인다. 찰리 채플린이 왜 사랑받는지  왜 잊혀지지 않는지 알수있다.",
    "date": "15.03.31",
    "rating": "10",
    "author": "papa****",
    "review_id": "9819154",
    "movie_id": "10249"
  },
  {
    "review": "역사적 의미는 있을지 몰라도 이런 형식의 희극은 내 취향은 아니고",
    "date": "15.03.31",
    "rating": "7",
    "author": "clie****",
    "review_id": "9818933",
    "movie_id": "10249"
  },
  {
    "review": "나에겐 찰리채플린을 알게해준 영화이자 무성영화의 재미를 알게해준 영화. 이 영화를 시작으로 찰리채플린의 무성영화 대표작들과 유성영화 전작을 모두 찾아보았다. 다른 영화들의 메세지도 아직까지 유효한 것들이 많다.",
    "date": "15.03.31",
    "rating": "10",
    "author": "rock****",
    "review_id": "9818537",
    "movie_id": "10249"
  },
  {
    "review": "아름답고 멋지고 멋진 영화입니다. 영화가 아닌 찰리채플린 그 자체를 보여 준 작품",
    "date": "15.03.30",
    "rating": "10",
    "author": "jnew****",
    "review_id": "9817260",
    "movie_id": "10249"
  },
  {
    "review": "간만에 신선하게.웃었습니다",
    "date": "15.03.29",
    "rating": "8",
    "author": "sora****",
    "review_id": "9813831",
    "movie_id": "10249"
  },
  {
    "review": "80년전 그의 통찰이 지금도 유효함에 서글프다",
    "date": "15.03.29",
    "rating": "10",
    "author": "gmdq****",
    "review_id": "9813727",
    "movie_id": "10249"
  },
  {
    "review": "워낙 유명한 영화라 궁금한 마음에 보게되었습니다. 기대하고 봤는데.. 그 기대 이상이었습니다. 전체적으로 무성영화였음에도 삽입된 주인공의 목소리에 매혹되었습니다. 또한 마지막 장면은 한동안 저를 웃게 만들것 같네요.정말 보기 잘했습니다.",
    "date": "15.03.28",
    "rating": "10",
    "author": "ciko****",
    "review_id": "9812920",
    "movie_id": "10249"
  },
  {
    "review": "그의 천재성에 다시 감탄하고 웃고 감동받았어요ㅎㅎ",
    "date": "15.03.28",
    "rating": "10",
    "author": "dewl****",
    "review_id": "9812877",
    "movie_id": "10249"
  },
  {
    "review": "피아노 선율과 함께한 모던타임즈너무 좋았어요@!",
    "date": "15.03.28",
    "rating": "10",
    "author": "dltn****",
    "review_id": "9812792",
    "movie_id": "10249"
  },
  {
    "review": "그녀의 허름한 집을 보고도 \"천국이네\"라며 행복해하는 찰리에게 반했다. 100년이 지난 지금 자본은 쉴새없이 커져왔지만 그처럼 깊은 행복을 느꼈던 일이 언제였는지..",
    "date": "15.03.28",
    "rating": "10",
    "author": "phg2****",
    "review_id": "9812787",
    "movie_id": "10249"
  },
  {
    "review": "최고다. 많은 대사와 최첨단 기술의 CG  없이도 충분히 감동과 재미를 주는 영화. 안봤으면 후회했을듯. 찰리 채플린은 천재!",
    "date": "15.03.28",
    "rating": "10",
    "author": "gemi****",
    "review_id": "9810886",
    "movie_id": "10249"
  },
  {
    "review": "찰리채플린은 제게 항상 살아갈 희망을 주는 사람입니다",
    "date": "15.03.27",
    "rating": "10",
    "author": "smil****",
    "review_id": "9810522",
    "movie_id": "10249"
  },
  {
    "review": "찰리 채플린의 영화는 스톱모션 영화처럼 아기자기하다. 극장에서 보게되서 정말 좋음 찰리 채플린의 필모를 다시 복습하게 될거같은!",
    "date": "15.03.27",
    "rating": "10",
    "author": "sunm****",
    "review_id": "9809873",
    "movie_id": "10249"
  },
  {
    "review": "보고 보고 또 봐도 채플린의 천재성을 인정하게 되는 명작",
    "date": "15.03.27",
    "rating": "10",
    "author": "yjch****",
    "review_id": "9809734",
    "movie_id": "10249"
  },
  {
    "review": "오랫만에보는 채플린영화. 명작. 음악도 너무좋다.",
    "date": "15.03.27",
    "rating": "8",
    "author": "yeju****",
    "review_id": "9808952",
    "movie_id": "10249"
  },
  {
    "review": "시대를 초월해 공감할 수 있는, 코미디에 철학과 따뜻한 인류애를 담은 휴머니스트의 마스터피스.",
    "date": "15.03.27",
    "rating": "9",
    "author": "tear****",
    "review_id": "9808771",
    "movie_id": "10249"
  },
  {
    "review": "정말 최고의 영화, 찰리채플린의 명연기에 빠지다. 배꼽빠질뻔!",
    "date": "15.03.25",
    "rating": "10",
    "author": "chus****",
    "review_id": "9805620",
    "movie_id": "10249"
  },
  {
    "review": "고전이 왜 고전인지 보여준다",
    "date": "15.03.25",
    "rating": "9",
    "author": "dhoo****",
    "review_id": "9804648",
    "movie_id": "10249"
  },
  {
    "review": "오히려 옛날 영화가 명작이 더 많은 것 같아요. 요새 영화는 CG와 카메라 장난이 너무 심해서 눈만 아픕니다.",
    "date": "15.03.25",
    "rating": "10",
    "author": "powe****",
    "review_id": "9804173",
    "movie_id": "10249"
  },
  {
    "review": "찰리채플린이 80년을 앞서간 것인가, 우리가 80년 뒤로 후퇴한 것인가.",
    "date": "15.03.24",
    "rating": "10",
    "author": "kmog****",
    "review_id": "9804043",
    "movie_id": "10249"
  },
  {
    "review": "웃을 일 없는 세상 이지만.. 그이 몸짓과 표정으로 웃게 만들어 주는 영화. 스마일 : )",
    "date": "15.03.24",
    "rating": "10",
    "author": "jinm****",
    "review_id": "9804037",
    "movie_id": "10249"
  },
  {
    "review": "와 찰리채플린의 두뇌는 예전부터 대단하다고 느꼈지만 이번거로 하여금 다시느대단하다는것을느끼게해준영화였다",
    "date": "15.03.24",
    "rating": "10",
    "author": "trap****",
    "review_id": "9803827",
    "movie_id": "10249"
  },
  {
    "review": "명작이란... 처음 봤을때 재밌고, 다시봐도 재밌고, 10년 20년 몇OO이 지나도 재밌는게 명작이다..",
    "date": "15.03.24",
    "rating": "10",
    "author": "chun****",
    "review_id": "9803596",
    "movie_id": "10249"
  },
  {
    "review": "예전엔 무성영화를 보고 사람들끼리 모여 서로 영화에 대해 평을 나누었지만 이젠 영화에서 모든 정력을 소비하고 현실에서 휴대폰만 쳐다보며 걸어다니는 무성의 삶이 되어버렸다. 그가 죽어서도 되돌아 왔구나 삶의 대화를 찿아주려고..",
    "date": "15.03.24",
    "rating": "8",
    "author": "daum****",
    "review_id": "9803266",
    "movie_id": "10249"
  },
  {
    "review": "내생애 가장 행복한 영화",
    "date": "15.03.24",
    "rating": "10",
    "author": "sjj0****",
    "review_id": "9803126",
    "movie_id": "10249"
  },
  {
    "review": "이 영화에 평가가 필요합니까?",
    "date": "15.03.24",
    "rating": "10",
    "author": "skhs****",
    "review_id": "9803089",
    "movie_id": "10249"
  },
  {
    "review": "역시 명작. 리마스터링에 감사합니다",
    "date": "15.03.23",
    "rating": "10",
    "author": "mddo****",
    "review_id": "9802637",
    "movie_id": "10249"
  },
  {
    "review": "시대에 뒤쳐지지 않는 코미디!",
    "date": "15.03.23",
    "rating": "9",
    "author": "miss****",
    "review_id": "9802521",
    "movie_id": "10249"
  },
  {
    "review": "다시봐도 좋았어요! 찰리채플린은 어떻게 그렇게 몸을 쓰는지.. 신기하고 대단하네요. 굿!",
    "date": "15.03.23",
    "rating": "10",
    "author": "looo****",
    "review_id": "9802417",
    "movie_id": "10249"
  },
  {
    "review": "무성영화지만 너무 재미있게 봤어요!!!",
    "date": "15.03.23",
    "rating": "10",
    "author": "plut****",
    "review_id": "9801755",
    "movie_id": "10249"
  },
  {
    "review": "아 내가 오늘 참 재미있는 '영화'를 봤구나.",
    "date": "15.03.22",
    "rating": "8",
    "author": "hans****",
    "review_id": "9800851",
    "movie_id": "10249"
  },
  {
    "review": "이 영화를 별로라고 하는 사람들이 이해가 안갈 정도다.",
    "date": "15.03.22",
    "rating": "10",
    "author": "plim****",
    "review_id": "9800632",
    "movie_id": "10249"
  },
  {
    "review": "오랜만에 무성영화의 매력에 빠짐",
    "date": "15.03.22",
    "rating": "10",
    "author": "rebe****",
    "review_id": "9799626",
    "movie_id": "10249"
  },
  {
    "review": "이거 무지 유명하지...",
    "date": "15.03.22",
    "rating": "10",
    "author": "534k****",
    "review_id": "9798376",
    "movie_id": "10249"
  },
  {
    "review": "1930년대의 영화라기엔 현재를 관통하는 직관과 통찰력이 있다! 그리고 무거울 수 있는 주제를 유머와 해학으로 풀어내는 그만의 능력!찬란한 슬픔이 느껴지는 영화...!",
    "date": "15.03.21",
    "rating": "10",
    "author": "mero****",
    "review_id": "9798249",
    "movie_id": "10249"
  },
  {
    "review": "어째서 지금과 조금도 달라진게 없을까..",
    "date": "15.03.21",
    "rating": "10",
    "author": "fshk****",
    "review_id": "9797495",
    "movie_id": "10249"
  },
  {
    "review": "애덤 스미스도 이렇게 될 걸 알았을까?",
    "date": "15.03.21",
    "rating": "10",
    "author": "hend****",
    "review_id": "9797250",
    "movie_id": "10249"
  },
  {
    "review": "코메디지만 웃을수 없고 간단해보이지만 뜻이 있고 절망적이지만 희망적이다",
    "date": "15.03.21",
    "rating": "10",
    "author": "tres****",
    "review_id": "9797078",
    "movie_id": "10249"
  },
  {
    "review": "처음 만난 찰리 채플린의 영화.. 천재적인 끼와 재능에 깜짝그가 감독 각본 주연 심지어 작품 속 음악까지 만든 그의 활약에 또 한 번 놀라게 됐어요.",
    "date": "15.03.21",
    "rating": "9",
    "author": "ng11****",
    "review_id": "9796822",
    "movie_id": "10249"
  },
  {
    "review": "언제 봐도 최고인 찰리 채플린의 불변의 명작!",
    "date": "15.03.21",
    "rating": "10",
    "author": "forh****",
    "review_id": "9796671",
    "movie_id": "10249"
  },
  {
    "review": "고전이지만 현대와 여전히 소통되는 희극",
    "date": "15.03.21",
    "rating": "10",
    "author": "2get****",
    "review_id": "9796461",
    "movie_id": "10249"
  },
  {
    "review": "모던타임즈는 봐야한다 왜냐하면 찰리채플린 이니까...",
    "date": "15.03.21",
    "rating": "10",
    "author": "psj0****",
    "review_id": "9796453",
    "movie_id": "10249"
  },
  {
    "review": "기대기대 한번도 보지못했던",
    "date": "15.03.21",
    "rating": "8",
    "author": "jks9****",
    "review_id": "9796026",
    "movie_id": "10249"
  },
  {
    "review": "21세기에 극장에서 이 영화를 볼 수 있어서 정말 행복했습니다.",
    "date": "15.03.20",
    "rating": "10",
    "author": "priv****",
    "review_id": "9795813",
    "movie_id": "10249"
  },
  {
    "review": "고전영화의 매력을 느낄 수 있어서 좋았다!",
    "date": "15.03.20",
    "rating": "10",
    "author": "tjdd****",
    "review_id": "9795716",
    "movie_id": "10249"
  },
  {
    "review": "겨울왕국보다 훨씬 좋다!",
    "date": "15.03.20",
    "rating": "10",
    "author": "kimt****",
    "review_id": "9795692",
    "movie_id": "10249"
  },
  {
    "review": "리틀 트램프가 출연한 마지막 영화라니 더 인상 깊었습니다.",
    "date": "15.03.20",
    "rating": "8",
    "author": "dbgu****",
    "review_id": "9795414",
    "movie_id": "10249"
  },
  {
    "review": "우리는 영화 속 찰리를 꼭두각시처럼 조종하고 보며 웃지만 찰리는 사회를 조종한다.",
    "date": "15.03.20",
    "rating": "7",
    "author": "hys3****",
    "review_id": "9795272",
    "movie_id": "10249"
  },
  {
    "review": "80년전 영화를 극장에서 볼수있는 는 축복 ! 이건  극장에서  봐야해 .",
    "date": "15.03.20",
    "rating": "10",
    "author": "eiga****",
    "review_id": "9794857",
    "movie_id": "10249"
  },
  {
    "review": "혁명이였지않았을까조심히생각해본다",
    "date": "15.03.20",
    "rating": "9",
    "author": "xx41****",
    "review_id": "9794567",
    "movie_id": "10249"
  },
  {
    "review": "그가 존재해서 다행이다",
    "date": "15.03.19",
    "rating": "10",
    "author": "rasa****",
    "review_id": "9793878",
    "movie_id": "10249"
  },
  {
    "review": "세진컴퓨터에서 첫 586 컴퓨터를 구매했을 당시에 부록으로 줘서 봤던 영화. 새록새록 역시 명작이지.",
    "date": "15.03.19",
    "rating": "10",
    "author": "ppmm****",
    "review_id": "9792864",
    "movie_id": "10249"
  },
  {
    "review": "지금봐도 명작임. 채플린 영원하라.",
    "date": "15.03.18",
    "rating": "10",
    "author": "igel****",
    "review_id": "9791890",
    "movie_id": "10249"
  },
  {
    "review": "영화를 사랑하는 사람으로서 꼭 봐야하는 영화이자아픈 역사속에 희상되었던 서민들에게 희망과 힘이되어주는영화",
    "date": "15.03.17",
    "rating": "10",
    "author": "2759****",
    "review_id": "9790160",
    "movie_id": "10249"
  },
  {
    "review": "이 영화를 재개봉 한다는 것에 감사를 표합니다.",
    "date": "15.03.17",
    "rating": "10",
    "author": "dong****",
    "review_id": "9789495",
    "movie_id": "10249"
  },
  {
    "review": "재개봉 하네? 무조건 봐야겠다",
    "date": "15.03.15",
    "rating": "10",
    "author": "shaw****",
    "review_id": "9783914",
    "movie_id": "10249"
  },
  {
    "review": "찰리 채플린의 영화라니... 정말 명작 그 자체",
    "date": "15.03.15",
    "rating": "10",
    "author": "gusg****",
    "review_id": "9783703",
    "movie_id": "10249"
  },
  {
    "review": "언제봐도 재밌지만 뭔가 슬픈....",
    "date": "15.03.14",
    "rating": "10",
    "author": "hhjs****",
    "review_id": "9779630",
    "movie_id": "10249"
  },
  {
    "review": "한마디 없이~꼭 다문 입술~나 그 목소리를 꼭 들을래요~다음에 보면 꼭 인사해요~또 봐요 미스터 채플린~",
    "date": "15.03.14",
    "rating": "10",
    "author": "ance****",
    "review_id": "9779155",
    "movie_id": "10249"
  },
  {
    "review": "채플린사상 최고의 영화 ㅠㅠ 겁나 재밌쪙",
    "date": "15.03.13",
    "rating": "10",
    "author": "stre****",
    "review_id": "9778014",
    "movie_id": "10249"
  },
  {
    "review": "옛날영화 가 요즘 영화 보다 뜻깊고 교훈이 많다",
    "date": "15.03.13",
    "rating": "10",
    "author": "hikh****",
    "review_id": "9777769",
    "movie_id": "10249"
  },
  {
    "review": "채플린 영화중에 가장 최고다 채플린하면 딱 생각나는 영화중 대표적인 작품이라고 생각됨..",
    "date": "15.03.13",
    "rating": "10",
    "author": "user****",
    "review_id": "9777621",
    "movie_id": "10249"
  },
  {
    "review": "진짜 쩐다..내인생 최고의영화였음",
    "date": "15.03.13",
    "rating": "10",
    "author": "cz27****",
    "review_id": "9776837",
    "movie_id": "10249"
  },
  {
    "review": "전설이 돌아오는구나. 꼭 봐야지.",
    "date": "15.03.12",
    "rating": "10",
    "author": "hyen****",
    "review_id": "9773038",
    "movie_id": "10249"
  },
  {
    "review": "결국 찰리채플린의 바램아닌 바램대로 21세기는 도래했다",
    "date": "15.03.07",
    "rating": "10",
    "author": "sona****",
    "review_id": "9761848",
    "movie_id": "10249"
  }
]