[
  {
    "review": "지금본다면 유치하고 어디선가 본듯한 연출의 짜집기로만 보인다. 역설적이게도 그 식상한 연출들은 모두 이 영화가 시초. 다소 지루한 이야기일 수도 있지만 첩보물의 아버지에 대한 갈채를...",
    "date": "15.06.30",
    "rating": "7",
    "author": "inos****",
    "review_id": "10053924",
    "movie_id": "10243"
  },
  {
    "review": "숨막히는 서스펜스, 짜임새있는 플롯이 만들어내는 히치콕의 스릴러 중 하나. 이번에도, 압도적이다.",
    "date": "15.06.13",
    "rating": "10",
    "author": "agm0****",
    "review_id": "9996925",
    "movie_id": "10243"
  },
  {
    "review": "사실 히치콕은 이영화를  그냥 심각한두개의영화들사이에서  심심풀이로 가볍게  만든영화라고함.",
    "date": "15.04.10",
    "rating": "10",
    "author": "jari****",
    "review_id": "9837384",
    "movie_id": "10243"
  },
  {
    "review": "1959년도에 이런영화를 만들다니 대단하다. 10 점밖에 못주는 것이 아쉬울 따름이다.",
    "date": "15.04.01",
    "rating": "10",
    "author": "fing****",
    "review_id": "9819476",
    "movie_id": "10243"
  },
  {
    "review": "이후 모든 스릴러의 모태가 되었고...  그래서 이영화의 후계자들에 익숙한 사람들에겐 심심해진 영화..",
    "date": "15.03.07",
    "rating": "9",
    "author": "heim****",
    "review_id": "9762519",
    "movie_id": "10243"
  },
  {
    "review": "서스펜스 스릴러의 교과서",
    "date": "13.01.13",
    "rating": "10",
    "author": "kimd****",
    "review_id": "7108836",
    "movie_id": "10243"
  },
  {
    "review": "현대 시대에 나오는 모든 서스펜스스릴러 영화의 전개방식을 이미 그 시대에 담아냈고,알프레드히치콕의 서스펜스스릴러영화의 교과서적인 작품.",
    "date": "13.01.13",
    "rating": "8",
    "author": "full****",
    "review_id": "7108744",
    "movie_id": "10243"
  },
  {
    "review": "이정도면 스릴러에서 보여줄 거 다 보여줬다.",
    "date": "12.11.03",
    "rating": "9",
    "author": "cha1****",
    "review_id": "6849772",
    "movie_id": "10243"
  },
  {
    "review": "제작년도를 감안한다면 대단한 서스펜스스릴러 영화다.",
    "date": "12.10.14",
    "rating": "10",
    "author": "heod****",
    "review_id": "6800329",
    "movie_id": "10243"
  },
  {
    "review": "히치콕 영화는 수OO전에 스릴러의 패러다임을 만들어놓았다",
    "date": "12.10.08",
    "rating": "10",
    "author": "wlwl****",
    "review_id": "6772918",
    "movie_id": "10243"
  },
  {
    "review": "50년 훨씬 전에 만들어진 영화라니 정말 믿기지 않는다. 싸이코만큼 조마조마하고 스릴 넘쳐서 정말 재미있게 봤다.",
    "date": "12.08.25",
    "rating": "9",
    "author": "scnd****",
    "review_id": "6642314",
    "movie_id": "10243"
  },
  {
    "review": "정말 재밌었다.. 서스펜스류의 영화.. 배후의 숨겨진 또 다른 비밀/범죄의 사실 폭로 ..아 멋지다",
    "date": "12.07.13",
    "rating": "9",
    "author": "prim****",
    "review_id": "6475011",
    "movie_id": "10243"
  },
  {
    "review": "감독에겐 평작. 뜬금없는 번역제목에 고민하다. 어떤 미친 넘이...",
    "date": "12.07.02",
    "rating": "6",
    "author": "pria****",
    "review_id": "6438456",
    "movie_id": "10243"
  },
  {
    "review": "현기증과 싸이코 사이. 재밌다.",
    "date": "12.06.26",
    "rating": "8",
    "author": "manj****",
    "review_id": "6418548",
    "movie_id": "10243"
  },
  {
    "review": "언제봐도 재밌는 히치콕영화...",
    "date": "12.02.27",
    "rating": "9",
    "author": "jys4****",
    "review_id": "6108366",
    "movie_id": "10243"
  },
  {
    "review": "가장 교과서적인,전형적인 히치콕영화",
    "date": "12.02.24",
    "rating": "10",
    "author": "pret****",
    "review_id": "6101420",
    "movie_id": "10243"
  },
  {
    "review": "처음에는 긴장감도 있고 괜찮았는데..중간에 상황 다밝혀지니까 흥미가처음보다떨어짐",
    "date": "12.02.14",
    "rating": "8",
    "author": "ehwj****",
    "review_id": "6073565",
    "movie_id": "10243"
  },
  {
    "review": "히치콕의 모든 기술적 성취가 담긴 블록버스터",
    "date": "12.02.12",
    "rating": "10",
    "author": "andr****",
    "review_id": "6068999",
    "movie_id": "10243"
  },
  {
    "review": "역시나 흥미로운 히치콕의 스릴러",
    "date": "12.01.11",
    "rating": "9",
    "author": "figh****",
    "review_id": "5979218",
    "movie_id": "10243"
  },
  {
    "review": "만점줘야되는데, 달랑 키스만???",
    "date": "11.10.05",
    "rating": "9",
    "author": "ilov****",
    "review_id": "5772445",
    "movie_id": "10243"
  },
  {
    "review": "인디아나 존스와 007의 먼 조상. 지금까지 본 히치콕 영화중 가장 대중적",
    "date": "11.08.29",
    "rating": "9",
    "author": "hhan****",
    "review_id": "5696841",
    "movie_id": "10243"
  },
  {
    "review": "드럽게 재미없네 ㅡㅡ",
    "date": "11.08.28",
    "rating": "3",
    "author": "thed****",
    "review_id": "5693171",
    "movie_id": "10243"
  },
  {
    "review": "히치콕판 '나는 상업영화다'",
    "date": "11.08.15",
    "rating": "10",
    "author": "czsu****",
    "review_id": "5656085",
    "movie_id": "10243"
  },
  {
    "review": "그당시엔괜찬은영화였겟지만지금은지루하다여자때문에죽을뻔했는데갑자기같은편이된다",
    "date": "11.07.29",
    "rating": "6",
    "author": "zzzo****",
    "review_id": "5579102",
    "movie_id": "10243"
  },
  {
    "review": "오오미 석상에서의 추격전이라니 1959년에 만들었다니 오오미",
    "date": "11.06.21",
    "rating": "9",
    "author": "kmog****",
    "review_id": "5492284",
    "movie_id": "10243"
  },
  {
    "review": "몇몇 스토리적 결점을 상쇄하고도 남는 막판의 압도적 서스펜스와 재기넘치는 장면들.",
    "date": "11.03.21",
    "rating": "9",
    "author": "mist****",
    "review_id": "5325895",
    "movie_id": "10243"
  },
  {
    "review": "명성에 비해 의외로 담담한 히치콕 스릴러",
    "date": "11.03.19",
    "rating": "6",
    "author": "bbq2****",
    "review_id": "5321703",
    "movie_id": "10243"
  },
  {
    "review": "재밌다.!",
    "date": "10.12.31",
    "rating": "8",
    "author": "gmdo****",
    "review_id": "5108742",
    "movie_id": "10243"
  },
  {
    "review": "최근 영화보다 낫다. 영화 내내 손에 땀을 쥐게 하는 훌륭한 서스팬스 영화.",
    "date": "10.12.20",
    "rating": "10",
    "author": "gksq****",
    "review_id": "5067184",
    "movie_id": "10243"
  },
  {
    "review": "끝내주는 재미",
    "date": "10.12.01",
    "rating": "10",
    "author": "jone****",
    "review_id": "5011839",
    "movie_id": "10243"
  },
  {
    "review": "웃기고 어이없고 스릴있는 영화!",
    "date": "10.11.10",
    "rating": "7",
    "author": "no13****",
    "review_id": "4949657",
    "movie_id": "10243"
  },
  {
    "review": "히치콕식 서스펜스를 고스란히 녹여낸 가볍고 유쾌한 어드벤처물",
    "date": "10.10.19",
    "rating": "8",
    "author": "resm****",
    "review_id": "4910903",
    "movie_id": "10243"
  },
  {
    "review": "압권[壓卷]",
    "date": "10.09.15",
    "rating": "10",
    "author": "arti****",
    "review_id": "4837953",
    "movie_id": "10243"
  },
  {
    "review": "믿을 수 없는 영화.",
    "date": "10.08.17",
    "rating": "10",
    "author": "dlwo****",
    "review_id": "4758150",
    "movie_id": "10243"
  },
  {
    "review": "뛰어넘을수있는사람이있을까..? 마지막 터널에 장면은 아직도 나를 애매하게 만든다",
    "date": "10.07.10",
    "rating": "9",
    "author": "tlaw****",
    "review_id": "4628140",
    "movie_id": "10243"
  },
  {
    "review": "군더더기가 없다. 이 사람이 이래서 거장이구나.",
    "date": "10.07.09",
    "rating": "10",
    "author": "shin****",
    "review_id": "4623163",
    "movie_id": "10243"
  },
  {
    "review": "본인은 이 영화가 아직도 재밌다는 사실에 놀랐다",
    "date": "10.05.07",
    "rating": "10",
    "author": "spar****",
    "review_id": "4485474",
    "movie_id": "10243"
  },
  {
    "review": "무난하다. 보는 내내 남자 주인공이 불쌍하다는 생각밖에...약간 지루한 감도 있고.",
    "date": "10.03.22",
    "rating": "5",
    "author": "stit****",
    "review_id": "4376166",
    "movie_id": "10243"
  },
  {
    "review": "난 히치콕이 천재라고 밖에 생각이 들지 않는다...",
    "date": "10.02.25",
    "rating": "8",
    "author": "thra****",
    "review_id": "4317385",
    "movie_id": "10243"
  },
  {
    "review": "심각한 첩보 스릴러라고만 생각하면 오산. 히치콕 최고의 오락영화라고 할 만하니까.",
    "date": "10.02.10",
    "rating": "10",
    "author": "movi****",
    "review_id": "4267525",
    "movie_id": "10243"
  },
  {
    "review": "꼬이고 꼬이고 꼬이고 정신을 못차리겠네 ㅋㅋ",
    "date": "10.01.27",
    "rating": "7",
    "author": "iss2****",
    "review_id": "4214049",
    "movie_id": "10243"
  },
  {
    "review": "히치콕은역시천재최근스릴러들보다수준이높다",
    "date": "10.01.14",
    "rating": "10",
    "author": "6820****",
    "review_id": "4168838",
    "movie_id": "10243"
  },
  {
    "review": "인간들아 초딩스런 평점 주기전에 이 영화는 1959년도 영화라는 걸 좀 알고 봐라..",
    "date": "10.01.12",
    "rating": "10",
    "author": "eleg****",
    "review_id": "4161276",
    "movie_id": "10243"
  },
  {
    "review": "엔딩 직전까지는 참 좋았는 데, 엔딩이 좀 허무하고 허접함....-_-;",
    "date": "09.12.27",
    "rating": "10",
    "author": "ljho****",
    "review_id": "4091998",
    "movie_id": "10243"
  },
  {
    "review": "거장의 향기란",
    "date": "09.12.02",
    "rating": "10",
    "author": "arcu****",
    "review_id": "4009830",
    "movie_id": "10243"
  },
  {
    "review": "빠른 영화들로 익숙해져서 그런지 재밌지는 않았-",
    "date": "09.11.08",
    "rating": "6",
    "author": "z1z2****",
    "review_id": "3946274",
    "movie_id": "10243"
  },
  {
    "review": "히치콕 감독님 귀엽게 등장하시는군요 ㅋㅋㅋㅋ",
    "date": "09.10.30",
    "rating": "9",
    "author": "jara****",
    "review_id": "3924021",
    "movie_id": "10243"
  },
  {
    "review": "알프레드 히치콕이란 이름만으로 미화된 작품, 그저 평범한 영화에 불과하다",
    "date": "09.10.23",
    "rating": "5",
    "author": "like****",
    "review_id": "3909785",
    "movie_id": "10243"
  },
  {
    "review": "수많은 영화에 영향을 끼쳤으니 의미부여가 정당하지요...",
    "date": "09.10.10",
    "rating": "9",
    "author": "sbj1****",
    "review_id": "3883808",
    "movie_id": "10243"
  },
  {
    "review": "좋다. 하지만 이 정도 영화에 그렇게 많은 의미를 부여하는 게 정당한 일인가?",
    "date": "09.08.12",
    "rating": "9",
    "author": "paus****",
    "review_id": "3739296",
    "movie_id": "10243"
  },
  {
    "review": "좀 길지만, 오명보다는 좋았다",
    "date": "09.08.03",
    "rating": "8",
    "author": "movi****",
    "review_id": "3704206",
    "movie_id": "10243"
  },
  {
    "review": "그리고 마침내 그는 영국으로 건너가 007이 되는데..",
    "date": "09.07.23",
    "rating": "7",
    "author": "fon9****",
    "review_id": "3658275",
    "movie_id": "10243"
  },
  {
    "review": "히치콕의 서스펜스는 기절할 정도다.",
    "date": "09.06.04",
    "rating": "8",
    "author": "dngu****",
    "review_id": "3543431",
    "movie_id": "10243"
  },
  {
    "review": "오늘날 수많은 007 첩보시리즈를 양산하게 한데 발판이 되어준 영화.",
    "date": "09.05.14",
    "rating": "10",
    "author": "youe****",
    "review_id": "3493972",
    "movie_id": "10243"
  },
  {
    "review": "느슨한 구조로 엮여있지만 놓치지 않는 긴박감 !",
    "date": "09.04.24",
    "rating": "8",
    "author": "tkdw****",
    "review_id": "3438926",
    "movie_id": "10243"
  },
  {
    "review": "모든 스릴러물의 귀감. 엄청난 구조의 영화다.. 59년작이라 믿을수 없다.!!",
    "date": "09.04.19",
    "rating": "10",
    "author": "smki****",
    "review_id": "3428665",
    "movie_id": "10243"
  },
  {
    "review": "이정도면 지금 극장에서 상영해도 손색없을정돈데 50년대영화라니..",
    "date": "09.04.02",
    "rating": "10",
    "author": "asex****",
    "review_id": "3400538",
    "movie_id": "10243"
  },
  {
    "review": "어릴적 감동이 다시, 끝까지 긴장되는 스릴러, 노스웨스트항공, 러시모어산의 액션...",
    "date": "09.04.02",
    "rating": "9",
    "author": "sioh****",
    "review_id": "3399929",
    "movie_id": "10243"
  },
  {
    "review": "최고다!! 이게 지루하다는 사람들은 히치콕 감독의 영화는 절대 보지 마시라.",
    "date": "09.03.12",
    "rating": "10",
    "author": "hjpa****",
    "review_id": "3360628",
    "movie_id": "10243"
  },
  {
    "review": "히치콕의 작품은 지금 보아도 대단 이것 역시 아주 모범적인 스릴러 걸작 중 하나",
    "date": "09.03.09",
    "rating": "8",
    "author": "deff****",
    "review_id": "3355834",
    "movie_id": "10243"
  },
  {
    "review": "지금 봐도 재밌네요",
    "date": "09.03.04",
    "rating": "8",
    "author": "khsf****",
    "review_id": "3347018",
    "movie_id": "10243"
  },
  {
    "review": "100점이 없는게 안타까울뿐...마지막 러쉬모어산의 추격씬은 지금시각으로 봐도 압권",
    "date": "09.03.03",
    "rating": "10",
    "author": "zzan****",
    "review_id": "3345401",
    "movie_id": "10243"
  },
  {
    "review": "히치콕은 날 실망시키지 않는다. 스릴러의 최고봉.",
    "date": "09.02.22",
    "rating": "10",
    "author": "jmp0****",
    "review_id": "3324381",
    "movie_id": "10243"
  },
  {
    "review": "예전엔 대단했을 지도... 지금은...?",
    "date": "09.02.08",
    "rating": "5",
    "author": "rhye****",
    "review_id": "3286458",
    "movie_id": "10243"
  },
  {
    "review": "히치콕은 천재인듯",
    "date": "09.01.25",
    "rating": "10",
    "author": "fram****",
    "review_id": "3247689",
    "movie_id": "10243"
  },
  {
    "review": "007이 있게한 작품",
    "date": "09.01.22",
    "rating": "10",
    "author": "pori****",
    "review_id": "3238364",
    "movie_id": "10243"
  },
  {
    "review": "요즘 영화보다 훨씬 재밌고 잘만들었다!! 음악도 예술이고 역시 히치콕영화는 최고!!",
    "date": "09.01.18",
    "rating": "9",
    "author": "gkdi****",
    "review_id": "3229090",
    "movie_id": "10243"
  },
  {
    "review": "과대평가 된 작품.. 그 이상 그 이하도 아닌 \"평작\"",
    "date": "09.01.17",
    "rating": "6",
    "author": "pola****",
    "review_id": "3226383",
    "movie_id": "10243"
  },
  {
    "review": "정말 재밌군",
    "date": "09.01.15",
    "rating": "9",
    "author": "star****",
    "review_id": "3223002",
    "movie_id": "10243"
  },
  {
    "review": "50년전 영화라니 대단하다 히치콕",
    "date": "09.01.11",
    "rating": "8",
    "author": "brot****",
    "review_id": "3210626",
    "movie_id": "10243"
  },
  {
    "review": "히치콕의 절정",
    "date": "09.01.09",
    "rating": "10",
    "author": "mind****",
    "review_id": "3205048",
    "movie_id": "10243"
  },
  {
    "review": "재밌을 때 끝내야 했는데... 후반부가 늘어지는 것 빼고는 흠 잡을 곳 없는 서스펜스",
    "date": "08.12.26",
    "rating": "7",
    "author": "rose****",
    "review_id": "3152389",
    "movie_id": "10243"
  },
  {
    "review": "정말 대단한 긴장감과, 여운이 남는 멋진 작품",
    "date": "08.12.22",
    "rating": "8",
    "author": "dhsp****",
    "review_id": "3140222",
    "movie_id": "10243"
  },
  {
    "review": "웰메이드작!!",
    "date": "08.12.20",
    "rating": "9",
    "author": "kinb****",
    "review_id": "3132027",
    "movie_id": "10243"
  },
  {
    "review": "이런 영화를 59년에 만들었다니 정말 대단하다.",
    "date": "08.11.30",
    "rating": "10",
    "author": "scho****",
    "review_id": "3080804",
    "movie_id": "10243"
  },
  {
    "review": "충격적으로 재밌다.",
    "date": "08.11.04",
    "rating": "10",
    "author": "pawr****",
    "review_id": "3034784",
    "movie_id": "10243"
  },
  {
    "review": "영화사의 거대한 발자취 그러나 지금보기에는 너무나 지루",
    "date": "08.09.29",
    "rating": "5",
    "author": "back****",
    "review_id": "2974051",
    "movie_id": "10243"
  },
  {
    "review": "히치콕감독영화첨봤는데너무기대를많이했나..어린나이라59년때생각하면서볼수도없었고",
    "date": "08.09.13",
    "rating": "5",
    "author": "nury****",
    "review_id": "2939188",
    "movie_id": "10243"
  },
  {
    "review": "시대를 앞서갔다.",
    "date": "08.09.05",
    "rating": "10",
    "author": "dhlt****",
    "review_id": "2923143",
    "movie_id": "10243"
  },
  {
    "review": "재밌네요 ㅋ",
    "date": "08.07.27",
    "rating": "8",
    "author": "yuly****",
    "review_id": "2807779",
    "movie_id": "10243"
  },
  {
    "review": "히치콕영화중 지금봐도 볼만한...",
    "date": "08.06.16",
    "rating": "8",
    "author": "drd1****",
    "review_id": "2702153",
    "movie_id": "10243"
  },
  {
    "review": "와우.. 히치콕작품에 졸작이란 없음",
    "date": "08.05.25",
    "rating": "10",
    "author": "lyk8****",
    "review_id": "2662416",
    "movie_id": "10243"
  },
  {
    "review": "메인정보 헬기습격이뭐냐ㅉㅉ 히치콕과 작업하고싶다.그를뛰어넘으리",
    "date": "08.05.12",
    "rating": "10",
    "author": "dma9****",
    "review_id": "2634605",
    "movie_id": "10243"
  },
  {
    "review": "히치콕이 지금쯤 살아있다면 어떤 영화를 만들까? 대단하다 !",
    "date": "08.05.08",
    "rating": "10",
    "author": "enfl****",
    "review_id": "2624127",
    "movie_id": "10243"
  },
  {
    "review": "요즘 영화들의 그 잘난 첨단C.G.로도 발 끝에도 미치지 못한다",
    "date": "08.04.22",
    "rating": "10",
    "author": "baks****",
    "review_id": "2594136",
    "movie_id": "10243"
  },
  {
    "review": "스릴러의 정석. 이게 바로 영화",
    "date": "08.04.13",
    "rating": "9",
    "author": "leh0****",
    "review_id": "2577681",
    "movie_id": "10243"
  },
  {
    "review": "정교하고 깔끔하면서 위트도 빼놓지 않은 매력",
    "date": "08.03.25",
    "rating": "10",
    "author": "shin****",
    "review_id": "2541198",
    "movie_id": "10243"
  },
  {
    "review": "발동과 스타카토 속 임기응변과 유머",
    "date": "08.03.18",
    "rating": "7",
    "author": "paci****",
    "review_id": "2527826",
    "movie_id": "10243"
  },
  {
    "review": "캐리 그랜트의 코믹한 연기가 빛을 발한 작품",
    "date": "08.01.26",
    "rating": "10",
    "author": "xana****",
    "review_id": "2371806",
    "movie_id": "10243"
  },
  {
    "review": "히치콕의 깔끔하고 세련된 연출력.",
    "date": "08.01.02",
    "rating": "10",
    "author": "amos****",
    "review_id": "2291631",
    "movie_id": "10243"
  },
  {
    "review": "very good !",
    "date": "07.11.30",
    "rating": "10",
    "author": "cles****",
    "review_id": "2194737",
    "movie_id": "10243"
  },
  {
    "review": "말도 안돼... 이게 정말 59년 작이야...",
    "date": "07.11.25",
    "rating": "10",
    "author": "gema****",
    "review_id": "2181340",
    "movie_id": "10243"
  },
  {
    "review": "엔딩이 급작스럽지만. 역시 히치콕이다.",
    "date": "07.11.09",
    "rating": "8",
    "author": "kuic****",
    "review_id": "2141791",
    "movie_id": "10243"
  },
  {
    "review": "힘빼고 찍은영화라지만 히치콕 할아버지의 내공은 여전했다..지금봐도 재미있는영화ㅋ",
    "date": "07.10.30",
    "rating": "8",
    "author": "yggg****",
    "review_id": "2123385",
    "movie_id": "10243"
  },
  {
    "review": "뭔지모를 내재되어 있는 스릴감 최고",
    "date": "07.09.30",
    "rating": "9",
    "author": "scri****",
    "review_id": "2060735",
    "movie_id": "10243"
  },
  {
    "review": "새삼 느끼는 공식의 중요성. 캐리 그랜트의 여유있는 연기도 좋다.",
    "date": "07.09.29",
    "rating": "8",
    "author": "choi****",
    "review_id": "2058776",
    "movie_id": "10243"
  },
  {
    "review": "거의 최강이었던 듯!",
    "date": "07.09.13",
    "rating": "10",
    "author": "shei****",
    "review_id": "2017472",
    "movie_id": "10243"
  },
  {
    "review": "뒤쫓는 거대 세력의 음모와 이를 피하는 서스펜스 ...",
    "date": "07.09.11",
    "rating": "8",
    "author": "1stl****",
    "review_id": "2014620",
    "movie_id": "10243"
  },
  {
    "review": "극의 전개만 훌륭해도 고발의식은 없어도 된다.",
    "date": "07.07.30",
    "rating": "8",
    "author": "wuts****",
    "review_id": "1827207",
    "movie_id": "10243"
  },
  {
    "review": "히치콕식 스릴러는 역시나 흥미롭다",
    "date": "07.07.24",
    "rating": "6",
    "author": "okjo****",
    "review_id": "1805780",
    "movie_id": "10243"
  }
]