[
  {
    "review": "'존 맥클레인' 이라 쓰고 '개고생' 이라 읽어야 한다",
    "date": "15.08.26",
    "rating": "8",
    "author": "syoc****",
    "review_id": "10276882",
    "movie_id": "10245"
  },
  {
    "review": "비현실적이라도 짜릿한 결말",
    "date": "15.08.03",
    "rating": "9",
    "author": "payb****",
    "review_id": "10181711",
    "movie_id": "10245"
  },
  {
    "review": "90년도에 이런 스케일의 영화를 만들었다는 게 놀랍다 얼마나 앞서가는 거지",
    "date": "15.07.21",
    "rating": "10",
    "author": "he_9****",
    "review_id": "10126574",
    "movie_id": "10245"
  },
  {
    "review": "활주로에서 시원하게 터트려줄 때의 카타르시스.",
    "date": "15.07.20",
    "rating": "8",
    "author": "ogr5****",
    "review_id": "10122062",
    "movie_id": "10245"
  },
  {
    "review": "밋밋한 액션과 개성없는 악당들의 향연. 촬영 장소만 넓어졌을 뿐 액션의 깊이는 찾아볼 수가 없다.",
    "date": "15.07.12",
    "rating": "4",
    "author": "inos****",
    "review_id": "10096541",
    "movie_id": "10245"
  },
  {
    "review": "역시 다이하드!!!!",
    "date": "15.07.11",
    "rating": "8",
    "author": "kenn****",
    "review_id": "10091612",
    "movie_id": "10245"
  },
  {
    "review": "액션의 신. 마지막 장면은 잊을 수가 없다.",
    "date": "15.04.11",
    "rating": "10",
    "author": "lsh5****",
    "review_id": "9839509",
    "movie_id": "10245"
  },
  {
    "review": "진짜 미친놈인지 알았어",
    "date": "15.02.24",
    "rating": "8",
    "author": "sona****",
    "review_id": "9734655",
    "movie_id": "10245"
  },
  {
    "review": "맥클레인과 그랜트는 특수부대를 이끌고 그 교회를 포위하나, 이미 탈출준비를 해 놓은 스튜어트 일당은 스노우모빌을 이용하여 747 점보기가 준비된 곳으로 빠져나간다. 이번에도 죽을 뻔하다 살아난 맥클레인은 그들이 떨구고 간 총에 공포탄이 들어있는것잼~",
    "date": "15.01.25",
    "rating": "9",
    "author": "aty1****",
    "review_id": "9634444",
    "movie_id": "10245"
  },
  {
    "review": "갠적으로 1편보다 더 재밌었쏘",
    "date": "15.01.05",
    "rating": "9",
    "author": "cosk****",
    "review_id": "9563559",
    "movie_id": "10245"
  },
  {
    "review": "로렌조 거슬려..꽉막혔네;ㅋ악당들 총질 너무 못해;여전히 주인공은 최강ㅎㅎ1편보다 확실히 재밌음",
    "date": "14.12.20",
    "rating": "9",
    "author": "hans****",
    "review_id": "9491040",
    "movie_id": "10245"
  },
  {
    "review": "최고.. 브루스윌리스가 대머리가 아니라니ㅋㅋㅋ 근데 이게 더 멋있다..bb",
    "date": "14.12.13",
    "rating": "10",
    "author": "gpwl****",
    "review_id": "9470064",
    "movie_id": "10245"
  },
  {
    "review": "전작보다 스케일이 커진만큼 화끈한 액션",
    "date": "14.11.29",
    "rating": "8",
    "author": "rcan****",
    "review_id": "9433110",
    "movie_id": "10245"
  },
  {
    "review": "솔직히 여기까지가 다이하드 시리즈이지. 3편 부터는 폐쇄된 공간에서의 빠른 액션 전개도 없고, 무슨 퀴즈나 맞추고 억지로 한스 그루버의 형이라고 엮질 않나. 암턴 2편도 최고의 다이하드 임",
    "date": "14.11.19",
    "rating": "9",
    "author": "macc****",
    "review_id": "9400911",
    "movie_id": "10245"
  },
  {
    "review": "과욕만 앞선 채 산만한 액션 난무",
    "date": "14.11.18",
    "rating": "2",
    "author": "goms****",
    "review_id": "9397935",
    "movie_id": "10245"
  },
  {
    "review": "앞, 중반 의 아쉬움을 마지막에 한번에 다 만회해버린다. 비행기 씬은  다이하드 시리즈 중에서도  최고의 명장면이다.  플라이 투더 스카이 환희가 보면 안되는 영화",
    "date": "14.11.01",
    "rating": "9",
    "author": "otu2****",
    "review_id": "9335221",
    "movie_id": "10245"
  },
  {
    "review": "이번 편은 마지막 장면이 대박이네요 ㅋㅋㅋ",
    "date": "14.09.26",
    "rating": "8",
    "author": "keal****",
    "review_id": "9241501",
    "movie_id": "10245"
  },
  {
    "review": "액션장면과 비행기 폭파장면인 엔딩의 카타르시스는 지금 봐도 손에 꼽을 만한 명장면",
    "date": "14.09.06",
    "rating": "10",
    "author": "bsm9****",
    "review_id": "9172943",
    "movie_id": "10245"
  },
  {
    "review": "소품만 바꾸면 요즘 영화라고 해도 믿을 만큼 완성도 높은 영화이다. 화려한 액션신과 브루스 윌리스의 연기, 그리고 조연들의 확실한 서포트는 무리한개연성을 눈감게 할 만큼 뛰어나다. 우리나라에서도 언젠가 이런 영화를 볼 수 있는 날이 오기를 기대하며.",
    "date": "14.09.05",
    "rating": "10",
    "author": "kboy****",
    "review_id": "9170851",
    "movie_id": "10245"
  },
  {
    "review": "명작입니다. 그 당시에나 지금이나 엄청난 명작입니다",
    "date": "14.08.15",
    "rating": "10",
    "author": "yyn9****",
    "review_id": "9088052",
    "movie_id": "10245"
  },
  {
    "review": "좀 심심한 액션영화....",
    "date": "14.08.10",
    "rating": "6",
    "author": "chom****",
    "review_id": "9059190",
    "movie_id": "10245"
  },
  {
    "review": "1편에 비해 볼거리도 많고 덜 지루함. 특히 다이하드하면 떠오르는 명장면 비행기 폭파신을 볼 수 있는 시리즈 속편. 옥에 티가 유난히 많은 작품. 역시나 좀 지루함",
    "date": "14.08.01",
    "rating": "6",
    "author": "jjaj****",
    "review_id": "8997151",
    "movie_id": "10245"
  },
  {
    "review": "존맥클레인이 고생할수록 관객은 즐겁다~",
    "date": "14.08.01",
    "rating": "10",
    "author": "whia****",
    "review_id": "8997022",
    "movie_id": "10245"
  },
  {
    "review": "레니 할린의 연출과 다이 하드  시리즈는 촛점이 잘 안 맞는듯. 액션은 탁월!",
    "date": "14.07.19",
    "rating": "8",
    "author": "pont****",
    "review_id": "8929627",
    "movie_id": "10245"
  },
  {
    "review": "다이하드 시리즈 중에서도 최고의 명작으로 손꼽히는 영화..천재감독과 천재배우의 만남..",
    "date": "14.06.23",
    "rating": "10",
    "author": "duke****",
    "review_id": "8850048",
    "movie_id": "10245"
  },
  {
    "review": "규모는 더욱 커졌고 물론 재밌지만, 1편만큼의 긴장감과 박진감을 보여주진 못한 것 같다. 브루스 윌리스의 캐릭터는 여전히 눈길을 끌지만, 이 역시 1편이 더 좋았다.",
    "date": "14.06.07",
    "rating": "7",
    "author": "zxc1****",
    "review_id": "8805937",
    "movie_id": "10245"
  },
  {
    "review": "난 크리스마스랑 신년때 나홀로집에 보다 이영화가 더 생각나더라~",
    "date": "14.06.06",
    "rating": "10",
    "author": "king****",
    "review_id": "8803605",
    "movie_id": "10245"
  },
  {
    "review": "1편만큼은 아니지만, 재밌다",
    "date": "14.05.04",
    "rating": "8",
    "author": "fghy****",
    "review_id": "8700313",
    "movie_id": "10245"
  },
  {
    "review": "오락영화의 교본급 ㅋㅋ 개꿀잼",
    "date": "14.04.29",
    "rating": "9",
    "author": "sens****",
    "review_id": "8682138",
    "movie_id": "10245"
  },
  {
    "review": "다이하드 시리즈는 솔까 다 재밌는듯ㅡㅡ",
    "date": "14.03.25",
    "rating": "10",
    "author": "m132****",
    "review_id": "8606298",
    "movie_id": "10245"
  },
  {
    "review": "전작보다 조금 아쉬웠다.",
    "date": "14.02.28",
    "rating": "9",
    "author": "come****",
    "review_id": "8545505",
    "movie_id": "10245"
  },
  {
    "review": "맥클레인과 그의 아내는 절대정의의 심판자!",
    "date": "14.01.07",
    "rating": "2",
    "author": "pent****",
    "review_id": "8359693",
    "movie_id": "10245"
  },
  {
    "review": "정말 소름끼친다!!!",
    "date": "13.12.26",
    "rating": "10",
    "author": "ske4****",
    "review_id": "8304683",
    "movie_id": "10245"
  },
  {
    "review": "난 이게 1보다 잼있는데",
    "date": "13.12.22",
    "rating": "10",
    "author": "sams****",
    "review_id": "8273603",
    "movie_id": "10245"
  },
  {
    "review": "이때만해도 머리가 덜 벗겨졌는데..",
    "date": "13.12.19",
    "rating": "7",
    "author": "adiv****",
    "review_id": "8246446",
    "movie_id": "10245"
  },
  {
    "review": "비행기 폭파 장면 하나로도 충분히 재미있는 영화.",
    "date": "13.12.12",
    "rating": "8",
    "author": "kxvt****",
    "review_id": "8207258",
    "movie_id": "10245"
  },
  {
    "review": "90년대 최고의 시리즈 액션의 명작이제졸라 미챠버리긋네 재미 있어서 ㅎㅎ",
    "date": "13.12.06",
    "rating": "10",
    "author": "yyho****",
    "review_id": "8194313",
    "movie_id": "10245"
  },
  {
    "review": "1편보다 약간 아쉬움이 있긴 하지만 그래도 명작임",
    "date": "13.10.11",
    "rating": "10",
    "author": "534k****",
    "review_id": "8053628",
    "movie_id": "10245"
  },
  {
    "review": "전작처럼 화끈한 액션영화.",
    "date": "13.10.08",
    "rating": "7",
    "author": "wlgh****",
    "review_id": "8045018",
    "movie_id": "10245"
  },
  {
    "review": "비행기 폭발이 가장 멌있었다",
    "date": "13.09.25",
    "rating": "10",
    "author": "hell****",
    "review_id": "8015571",
    "movie_id": "10245"
  },
  {
    "review": "1편보다는 못하지만 90년대 액션물로서 볼만한 작품.",
    "date": "13.09.19",
    "rating": "7",
    "author": "newf****",
    "review_id": "7996968",
    "movie_id": "10245"
  },
  {
    "review": "내가 좋아하는 다이하드~",
    "date": "13.08.30",
    "rating": "10",
    "author": "polo****",
    "review_id": "7935437",
    "movie_id": "10245"
  },
  {
    "review": "저는 1편보다 2편이 낫네요. 잊을 수 없는 비행기 폭파씬도 있고.ㅋ",
    "date": "13.08.28",
    "rating": "10",
    "author": "jumm****",
    "review_id": "7928851",
    "movie_id": "10245"
  },
  {
    "review": "지루할 틈 없이 너무 재밌게 봤습니다! 특히 비행기 폭발장면... (근데 왜 맥클레인 아내가 기자를 전기충격기로 지진거죠? 1편에서야 워낙 밉상이었지만 여기선 안 그랬던 거 같은데...)",
    "date": "13.08.27",
    "rating": "10",
    "author": "ieew****",
    "review_id": "7926158",
    "movie_id": "10245"
  },
  {
    "review": "비행기 폭발씬 쩔지.",
    "date": "13.08.25",
    "rating": "10",
    "author": "igel****",
    "review_id": "7921588",
    "movie_id": "10245"
  },
  {
    "review": "정말 재밌다. 내가 원하는 오락영화 수준에 딱 적당하다.",
    "date": "13.08.08",
    "rating": "8",
    "author": "ldy6****",
    "review_id": "7856765",
    "movie_id": "10245"
  },
  {
    "review": "조금 아쉽다는 평도 있지만, 개인적으론 1편만큼이나 재밌게 본 수작. 시종일관 긴장감 넘치는 스토리 구성과 전작에 버금가는 액션또한 맘에들었다.",
    "date": "13.08.01",
    "rating": "9",
    "author": "gshh****",
    "review_id": "7804687",
    "movie_id": "10245"
  },
  {
    "review": "재밌긴 재밌지만 말로형언할수없는 무언가가 사라진느낌 .분명 1편엔 있었는데..스펙터클하고 특히 마지막 라이터하나로 비행기 터트리는 장면은 이영화의 백미.다만 아내와의 사랑이 돋보이진않아서 아쉬웠다",
    "date": "13.07.06",
    "rating": "6",
    "author": "chjy****",
    "review_id": "7709728",
    "movie_id": "10245"
  },
  {
    "review": "무데뽀 영웅",
    "date": "13.06.08",
    "rating": "8",
    "author": "xlas****",
    "review_id": "7608804",
    "movie_id": "10245"
  },
  {
    "review": "정말 죽이기 힘든 남자죠~~ 잘 못하면 내가 죽을 수,,, ㅎㅎ",
    "date": "13.05.29",
    "rating": "7",
    "author": "milk****",
    "review_id": "7561646",
    "movie_id": "10245"
  },
  {
    "review": "1편처럼 잼있다.. 대작임.",
    "date": "13.05.29",
    "rating": "10",
    "author": "qorc****",
    "review_id": "7561156",
    "movie_id": "10245"
  },
  {
    "review": "비행기 날개 위에서 그렇게 할 수 있는게 말이 되는가?",
    "date": "13.05.27",
    "rating": "1",
    "author": "mara****",
    "review_id": "7557721",
    "movie_id": "10245"
  },
  {
    "review": "전편보다 못하다. 사랑하는 아내를 구하려는 설정이 참 좋았다.",
    "date": "13.04.26",
    "rating": "7",
    "author": "01aj****",
    "review_id": "7482931",
    "movie_id": "10245"
  },
  {
    "review": "좀 잔인한 장면이 있고 전편 보다 재미는 조금 덜 하지만 마지막에 한방이 있다.",
    "date": "13.04.18",
    "rating": "8",
    "author": "ssun****",
    "review_id": "7465900",
    "movie_id": "10245"
  },
  {
    "review": "오락영화로써는 최고인데.. 1편의 매력이 사라짐",
    "date": "13.04.09",
    "rating": "7",
    "author": "xx41****",
    "review_id": "7445730",
    "movie_id": "10245"
  },
  {
    "review": "마지막 하이라이트가 마음에 드네 ㅎㅎ",
    "date": "13.04.02",
    "rating": "9",
    "author": "sumi****",
    "review_id": "7429948",
    "movie_id": "10245"
  },
  {
    "review": "다이하드는 내가 초딩5학년때 처음봤던영화당시 이 영화를 처음보고 나서 액션 장면에 눈이 와닿았다각 시리즈마다 사건이 벌어지는 장소가 달라 더 재밌다개인적으론 1,2탄이 재밌음이런 초특급 오락 액션영화 나오기도 힘들다",
    "date": "13.03.08",
    "rating": "10",
    "author": "leew****",
    "review_id": "7330636",
    "movie_id": "10245"
  },
  {
    "review": "Yippie Kay Yay Mother Fuckerㅋㅋㅋㅋㅋㅋㅋㅋ 여객기 폭파시키고 호탕하게 웃는 존 맥클레인이 얼마나 멋진짘ㅋㅋㅋㅋㅋ",
    "date": "13.03.03",
    "rating": "10",
    "author": "minw****",
    "review_id": "7321799",
    "movie_id": "10245"
  },
  {
    "review": "역시 다이하드",
    "date": "13.02.23",
    "rating": "10",
    "author": "mens****",
    "review_id": "7295013",
    "movie_id": "10245"
  },
  {
    "review": "꽤된영화라 지금보면 이상할수도 잇지만 액션만큼은 아주좋다아",
    "date": "13.02.23",
    "rating": "8",
    "author": "whdu****",
    "review_id": "7292706",
    "movie_id": "10245"
  },
  {
    "review": "액션하면 다이하드지",
    "date": "13.02.21",
    "rating": "8",
    "author": "jwjw****",
    "review_id": "7285440",
    "movie_id": "10245"
  },
  {
    "review": "레니 할린은 쫌 그래....^^",
    "date": "13.02.17",
    "rating": "7",
    "author": "spar****",
    "review_id": "7275376",
    "movie_id": "10245"
  },
  {
    "review": "정말 최고의 액션 영화!!",
    "date": "13.02.17",
    "rating": "10",
    "author": "wjdq****",
    "review_id": "7273812",
    "movie_id": "10245"
  },
  {
    "review": "누가 마지막 20분을 위한 앞의 1시간 반이라고했는데 정말이네요 한시간 반동안 살짝 지루할정도로 진부함이 느껴지는 액션에 구멍송송뚫린 스토리에 살짝 빡쳐있었는데 마지막 20분땜애 8점 입니다 1편보다는 덜함.",
    "date": "13.02.16",
    "rating": "8",
    "author": "x_bo****",
    "review_id": "7270952",
    "movie_id": "10245"
  },
  {
    "review": "비행기장면이 기억날뿐",
    "date": "13.02.11",
    "rating": "8",
    "author": "iiii****",
    "review_id": "7251180",
    "movie_id": "10245"
  },
  {
    "review": "초반부는 허술해도 뒷부분에 승부수가",
    "date": "13.02.09",
    "rating": "8",
    "author": "bks7****",
    "review_id": "7240419",
    "movie_id": "10245"
  },
  {
    "review": "브루스 윌리스가 선사하는 액션의 진수",
    "date": "13.02.04",
    "rating": "9",
    "author": "thel****",
    "review_id": "7226191",
    "movie_id": "10245"
  },
  {
    "review": "스토리에 허점",
    "date": "13.01.27",
    "rating": "8",
    "author": "5672****",
    "review_id": "7184517",
    "movie_id": "10245"
  },
  {
    "review": "미친 주요정보에서 영화 스포일러 다뿌리네 ㅡㅡ",
    "date": "13.01.19",
    "rating": "9",
    "author": "pcy1****",
    "review_id": "7132187",
    "movie_id": "10245"
  },
  {
    "review": "비행기 폭파씬은 잊지 못할 듯",
    "date": "13.01.19",
    "rating": "8",
    "author": "figh****",
    "review_id": "7131723",
    "movie_id": "10245"
  },
  {
    "review": "비행기씬은 잊을수없다...",
    "date": "13.01.09",
    "rating": "10",
    "author": "ghkd****",
    "review_id": "7095904",
    "movie_id": "10245"
  },
  {
    "review": "재밌다. 코믹 액션",
    "date": "13.01.08",
    "rating": "9",
    "author": "east****",
    "review_id": "7092939",
    "movie_id": "10245"
  },
  {
    "review": "비행기 장면이 최고였음",
    "date": "12.12.25",
    "rating": "10",
    "author": "nyz1****",
    "review_id": "7042213",
    "movie_id": "10245"
  },
  {
    "review": "나름 괜찮았던 작품",
    "date": "12.12.25",
    "rating": "10",
    "author": "jhh1****",
    "review_id": "7042206",
    "movie_id": "10245"
  },
  {
    "review": "비행기 폭파씬은 아직도 기억나는 명장면.",
    "date": "12.12.11",
    "rating": "9",
    "author": "kem1****",
    "review_id": "6993527",
    "movie_id": "10245"
  },
  {
    "review": "개연성은 떨어지지만 지금봐도 잼있을정도의 오락성을 가지고 있음!",
    "date": "12.12.09",
    "rating": "8",
    "author": "h2o8****",
    "review_id": "6986198",
    "movie_id": "10245"
  },
  {
    "review": "비행기에 불붙이던 엔딩이 아직도 기억에 남는군(과학적으론 말이안되지만) 공항에서 테러리스트들과 싸우는 맥클레인형사 참 멋졌지 머리도 풍성하고",
    "date": "12.11.07",
    "rating": "10",
    "author": "bajj****",
    "review_id": "6862098",
    "movie_id": "10245"
  },
  {
    "review": "1편을 능가하는 시리즈 최고의 작품",
    "date": "12.11.03",
    "rating": "10",
    "author": "jjis****",
    "review_id": "6850595",
    "movie_id": "10245"
  },
  {
    "review": "존맥클레인의 전설 2탄...",
    "date": "12.10.20",
    "rating": "8",
    "author": "rosn****",
    "review_id": "6814989",
    "movie_id": "10245"
  },
  {
    "review": "명작은 오래되도 촌스럽지 않은법인데 낙하산 탈출좌석 신이라던지 마지막 점화 신은 마치 괴짜가족이나 어니스트를 보는듯 했다",
    "date": "12.10.15",
    "rating": "8",
    "author": "nimi****",
    "review_id": "6804487",
    "movie_id": "10245"
  },
  {
    "review": "최고..... 말이 필요업슴 이젠 3보러갈꺼임..",
    "date": "12.10.05",
    "rating": "10",
    "author": "seve****",
    "review_id": "6765711",
    "movie_id": "10245"
  },
  {
    "review": "액션의 교과서 2편 하지만 1편이 더재밌었다",
    "date": "12.09.25",
    "rating": "9",
    "author": "sooh****",
    "review_id": "6730834",
    "movie_id": "10245"
  },
  {
    "review": "1편보다 약한 긴장감 그래도 준수함",
    "date": "12.09.02",
    "rating": "8",
    "author": "fait****",
    "review_id": "6663104",
    "movie_id": "10245"
  },
  {
    "review": "1보단 스케일에 액션씬까지 더 커지고 더 재밌었다!",
    "date": "12.08.15",
    "rating": "10",
    "author": "robo****",
    "review_id": "6610379",
    "movie_id": "10245"
  },
  {
    "review": "뉴욕PD의 정신적인 영웅~",
    "date": "12.07.26",
    "rating": "10",
    "author": "thug****",
    "review_id": "6533154",
    "movie_id": "10245"
  },
  {
    "review": "이건 뭐지? 11점...... 자체버그인가??",
    "date": "12.07.22",
    "rating": "10",
    "author": "4529****",
    "review_id": "6516957",
    "movie_id": "10245"
  },
  {
    "review": "크리스마스 영화에서 빠지면 안되는 영화 ㅋㅋ",
    "date": "12.07.21",
    "rating": "10",
    "author": "cha1****",
    "review_id": "6507826",
    "movie_id": "10245"
  },
  {
    "review": "이피카이예이 마더퍼킹",
    "date": "12.07.07",
    "rating": "10",
    "author": "1369****",
    "review_id": "6452799",
    "movie_id": "10245"
  },
  {
    "review": "옥의 티 말고는 흠잡을 때없는 연작",
    "date": "12.06.10",
    "rating": "7",
    "author": "silv****",
    "review_id": "6381686",
    "movie_id": "10245"
  },
  {
    "review": "솔직히 다이하드는 2만빼고 다재밌다;; 비행기가지고 뭘한거지?",
    "date": "12.06.06",
    "rating": "8",
    "author": "yoob****",
    "review_id": "6371533",
    "movie_id": "10245"
  },
  {
    "review": "가장 잼있게본 시리즈!",
    "date": "12.05.24",
    "rating": "10",
    "author": "kuky****",
    "review_id": "6328383",
    "movie_id": "10245"
  },
  {
    "review": "액션 스케일은 더 커졌는데 스토리의 얼개는 더 느슨해졌다. 여전히 통쾌하긴 하다.",
    "date": "12.04.16",
    "rating": "7",
    "author": "airi****",
    "review_id": "6226143",
    "movie_id": "10245"
  },
  {
    "review": "역시나 재미있다.마지막 와이프 대사가 압권\"맥클레인 우린 항상 왜이렇지\"",
    "date": "12.03.30",
    "rating": "9",
    "author": "cred****",
    "review_id": "6178846",
    "movie_id": "10245"
  },
  {
    "review": "재밌다",
    "date": "12.03.03",
    "rating": "8",
    "author": "nike****",
    "review_id": "6121293",
    "movie_id": "10245"
  },
  {
    "review": "다이하드시리즈중 2번째로 재미없음 하지만 다이하드전부재밋음",
    "date": "12.03.01",
    "rating": "9",
    "author": "icom****",
    "review_id": "6114851",
    "movie_id": "10245"
  },
  {
    "review": "재밌다",
    "date": "12.02.28",
    "rating": "9",
    "author": "hist****",
    "review_id": "6110757",
    "movie_id": "10245"
  },
  {
    "review": "다이하드 시리즈는 전부ㅏ 최ㄱ고.",
    "date": "12.01.27",
    "rating": "9",
    "author": "tsp0****",
    "review_id": "6025617",
    "movie_id": "10245"
  },
  {
    "review": "1탄에 이어 여전히 재미있다 단 여기저기 어거지가 좀..",
    "date": "12.01.16",
    "rating": "8",
    "author": "cruf****",
    "review_id": "5991363",
    "movie_id": "10245"
  },
  {
    "review": "과학적오류를 감안하고서라도 정말 몰입해서 봤습니다. 좋은 액션 영화입니다.",
    "date": "12.01.03",
    "rating": "9",
    "author": "maru****",
    "review_id": "5957664",
    "movie_id": "10245"
  },
  {
    "review": "크리스마스에 어울리는 시원한 액션. 긴장감과 박진감 넘치는 전개 엄청난 마지막부분",
    "date": "11.12.25",
    "rating": "10",
    "author": "jack****",
    "review_id": "5933705",
    "movie_id": "10245"
  }
]