[
  {
    "review": "임청하와의 첫만남이 바로 이 영화였다. 다소 과장된 설정이 좀 있기는 하지만, 헐리웃 슬랩스틱 코미디에 영향을 받은 재치넘치는 장면들은 높은 점수를 받을만 하다. 특히, 지붕 위에서의 라스트씬은 가히 압권!",
    "date": "15.02.28",
    "rating": "8",
    "author": "pola****",
    "review_id": "9748191",
    "movie_id": "10247"
  },
  {
    "review": "칭샤 누님  짧은 머리가 인상적",
    "date": "14.08.14",
    "rating": "10",
    "author": "chlg****",
    "review_id": "9081931",
    "movie_id": "10247"
  },
  {
    "review": "잼있어요^^ 임청하 최고!!",
    "date": "14.07.18",
    "rating": "10",
    "author": "oliz****",
    "review_id": "8926923",
    "movie_id": "10247"
  },
  {
    "review": "서극의 칼과 함께 서극의 최고작품 중 하나.홍콩판 뜨거운 것이 좋아 를 본 느낌이였다",
    "date": "13.08.16",
    "rating": "10",
    "author": "cary****",
    "review_id": "7889033",
    "movie_id": "10247"
  },
  {
    "review": "평타는 합니다...",
    "date": "12.08.07",
    "rating": "6",
    "author": "dlwo****",
    "review_id": "6581104",
    "movie_id": "10247"
  },
  {
    "review": "별루",
    "date": "11.10.25",
    "rating": "2",
    "author": "dbzh****",
    "review_id": "5809157",
    "movie_id": "10247"
  },
  {
    "review": "내용은 잘 모르겠고, 홍콩미녀배우 세명이 있었다.",
    "date": "11.07.02",
    "rating": "7",
    "author": "leei****",
    "review_id": "5515153",
    "movie_id": "10247"
  },
  {
    "review": "중학생때 봤다면 재미있었을까??",
    "date": "11.04.03",
    "rating": "5",
    "author": "kusa****",
    "review_id": "5350406",
    "movie_id": "10247"
  },
  {
    "review": "당시 3명중 엽청문을 젤좋아했음 ~~~~~~~~",
    "date": "10.12.24",
    "rating": "6",
    "author": "fnsk****",
    "review_id": "5081311",
    "movie_id": "10247"
  },
  {
    "review": "임청하, 종초홍, 엽청문의 매력을 한자리에서 입맛대로 만끽하라  7.5점",
    "date": "10.12.12",
    "rating": "7",
    "author": "gall****",
    "review_id": "5046354",
    "movie_id": "10247"
  },
  {
    "review": "상하이블루스와 함께 서극 감독의 최고작..필견!!!",
    "date": "09.10.05",
    "rating": "10",
    "author": "zand****",
    "review_id": "3875787",
    "movie_id": "10247"
  },
  {
    "review": "내 생애 가장 인상깊은 홍콩영화 중 하나...",
    "date": "09.01.01",
    "rating": "10",
    "author": "van4****",
    "review_id": "3173251",
    "movie_id": "10247"
  },
  {
    "review": "좀 엉성하긴 하지만 임청하, 종초홍, 엽천문 3인방의 매력만으로도 업!",
    "date": "08.03.14",
    "rating": "8",
    "author": "team****",
    "review_id": "2519177",
    "movie_id": "10247"
  },
  {
    "review": "따봉 !!",
    "date": "08.02.08",
    "rating": "7",
    "author": "evil****",
    "review_id": "2423458",
    "movie_id": "10247"
  },
  {
    "review": "임청하남장만으로도 최고다!!! 스토리는 조금..?ㅋㅋ 여자들 다 미녀야",
    "date": "07.08.06",
    "rating": "10",
    "author": "mand****",
    "review_id": "1889324",
    "movie_id": "10247"
  },
  {
    "review": "good~!   good~!   good~!",
    "date": "07.02.11",
    "rating": "10",
    "author": "shei****",
    "review_id": "1463091",
    "movie_id": "10247"
  },
  {
    "review": "보고 안 웃으면 당신 웃길 영화 없습니다",
    "date": "06.11.14",
    "rating": "10",
    "author": "mjpr****",
    "review_id": "1232011",
    "movie_id": "10247"
  },
  {
    "review": "보고싶은데 없다..",
    "date": "06.11.07",
    "rating": "10",
    "author": "witc****",
    "review_id": "1220494",
    "movie_id": "10247"
  },
  {
    "review": "엄청재미 있습니다......",
    "date": "06.10.28",
    "rating": "10",
    "author": "book****",
    "review_id": "1203128",
    "movie_id": "10247"
  },
  {
    "review": "최고!",
    "date": "05.12.30",
    "rating": "10",
    "author": "sogu****",
    "review_id": "540811",
    "movie_id": "10247"
  },
  {
    "review": "국내 출시 DVD의 자막은 개허접이지만 영화만큼은 쵝오!!!",
    "date": "05.10.10",
    "rating": "10",
    "author": "dras****",
    "review_id": "439248",
    "movie_id": "10247"
  },
  {
    "review": "장낭이아닌영화죠~엽천문,임청하,종초홍~",
    "date": "05.08.02",
    "rating": "10",
    "author": "roni****",
    "review_id": "348897",
    "movie_id": "10247"
  },
  {
    "review": "어... 재미있게 봤는데...ㅡㅡ??",
    "date": "03.12.31",
    "rating": "5",
    "author": "yael****",
    "review_id": "7465",
    "movie_id": "10247"
  },
  {
    "review": "재미없다",
    "date": "03.12.24",
    "rating": "1",
    "author": "orph****",
    "review_id": "5603",
    "movie_id": "10247"
  }
]