[
  {
    "review": "진짜 명작. 멕라이언 진짜 이뻣을 때 ㅠㅠ",
    "date": "15.08.24",
    "rating": "10",
    "author": "yubi****",
    "review_id": "10270063",
    "movie_id": "10250"
  },
  {
    "review": "지금봐도 전혀 촌스럽지 않은 영화",
    "date": "15.08.12",
    "rating": "10",
    "author": "sde0****",
    "review_id": "10218688",
    "movie_id": "10250"
  },
  {
    "review": "우디 앨런의 <애니 홀>과 비교하며 감상하면 더 볼만하다",
    "date": "15.07.25",
    "rating": "7",
    "author": "iuba****",
    "review_id": "10139237",
    "movie_id": "10250"
  },
  {
    "review": "주인공들이 쉴 새 없이 이야기하는 영화들 중에선 가장 사랑스럽다. 해리 코닉 주니어의 It had to be you 때문에 더 로맨틱한 영화.",
    "date": "15.07.20",
    "rating": "8",
    "author": "ilil****",
    "review_id": "10122051",
    "movie_id": "10250"
  },
  {
    "review": "주인공들이 쉴 새 없이 이야기하는 영화들 중에선 가장 사랑스럽다. 해리 코닉 주니어의 It had to be you 때문에 더 로맨틱한 영화.",
    "date": "15.07.20",
    "rating": "8",
    "author": "ilil****",
    "review_id": "10122052",
    "movie_id": "10250"
  },
  {
    "review": "미치겠다ㅋㅋ내나이보다도 오래된 영화 보고 설랬다!! 이둘의 얘기가 왜 하나도 안촌스럽지",
    "date": "15.07.09",
    "rating": "10",
    "author": "rami****",
    "review_id": "10085434",
    "movie_id": "10250"
  },
  {
    "review": "25년전에 나온 영화라니;; 말도안돼...",
    "date": "15.06.19",
    "rating": "10",
    "author": "mjh8****",
    "review_id": "10011139",
    "movie_id": "10250"
  },
  {
    "review": "이 영화 추천합니다 ㅎㅎ",
    "date": "15.05.29",
    "rating": "8",
    "author": "hapo****",
    "review_id": "9958932",
    "movie_id": "10250"
  },
  {
    "review": "와우 내가 태어나기도 전 영화였네..명작이다  오래오래 기억할...",
    "date": "15.05.26",
    "rating": "10",
    "author": "op90****",
    "review_id": "9950917",
    "movie_id": "10250"
  },
  {
    "review": "로맨틱 코미디의 원천이자 정석이며 교과서 같은 영화",
    "date": "15.04.07",
    "rating": "8",
    "author": "sipj****",
    "review_id": "9833556",
    "movie_id": "10250"
  },
  {
    "review": "맥 라이언 너무 예쁘고 사랑스럽다... 지금봐도 전혀 촌스럽지 않은 영화다.",
    "date": "15.02.24",
    "rating": "10",
    "author": "rode****",
    "review_id": "9734326",
    "movie_id": "10250"
  },
  {
    "review": "친구와 연인, 질투와 편안함 그 미묘한 경계 사이",
    "date": "15.02.22",
    "rating": "9",
    "author": "rudg****",
    "review_id": "9728636",
    "movie_id": "10250"
  },
  {
    "review": "이렇게 높은평점 받을 영화는 아닌듯..딱7~8점초반영화",
    "date": "15.02.18",
    "rating": "1",
    "author": "jsjh****",
    "review_id": "9709266",
    "movie_id": "10250"
  },
  {
    "review": "맥라이언의 연기는 언터쳐블.. 영화 자체로도 아직까지 신선",
    "date": "15.01.26",
    "rating": "9",
    "author": "azga****",
    "review_id": "9640488",
    "movie_id": "10250"
  },
  {
    "review": "볼때마다 새록새록. 연말엔 꼭 생각이 난다.",
    "date": "14.12.09",
    "rating": "8",
    "author": "para****",
    "review_id": "9461116",
    "movie_id": "10250"
  },
  {
    "review": "로코역사상 이렇게 비주얼상 안 어울리는 커플이 있을까 했는데 다 보고 나니 참으로 잘 어울리는 커플",
    "date": "14.11.03",
    "rating": "8",
    "author": "whia****",
    "review_id": "9339870",
    "movie_id": "10250"
  },
  {
    "review": "영화도 재밌고 맥라이언도 너무이쁘고...왜 맥라이언 자신이 로.코 의 여왕이라고 했는지 알게되는 영화",
    "date": "14.10.13",
    "rating": "10",
    "author": "feru****",
    "review_id": "9290614",
    "movie_id": "10250"
  },
  {
    "review": "봐도봐도 좋은 영화! 인연이라는게 존재할까 생각하게 한다",
    "date": "14.10.11",
    "rating": "10",
    "author": "haer****",
    "review_id": "9284181",
    "movie_id": "10250"
  },
  {
    "review": "오래된 영화지만 시대를 통틀어 로맨스물의 끝판왕 하나를 선택해야한다면 전 이 영화를 추천할 것 같음. 다른 설명이 필요없고 그냥 모든 것이 다, 완벽 그 자체... 그야말로 완전체!",
    "date": "14.08.13",
    "rating": "10",
    "author": "obje****",
    "review_id": "9075929",
    "movie_id": "10250"
  },
  {
    "review": "재밌음 보고싶던 영화였는데",
    "date": "14.08.07",
    "rating": "9",
    "author": "cd26****",
    "review_id": "9045181",
    "movie_id": "10250"
  },
  {
    "review": "진짜, 맥라이언 리즈시절 대박, ㅎㅎ 이걸 이제야보다니,, 아무튼 나름 잘봤습니다. 시간때우는데는 충분합니다/^^",
    "date": "14.07.25",
    "rating": "8",
    "author": "tjdt****",
    "review_id": "8955310",
    "movie_id": "10250"
  },
  {
    "review": "영화가 정말 멋져요, 맥 라이언은 너무나 아름답고요. 끝나니 웃음이 남는 영화네요.",
    "date": "14.07.22",
    "rating": "10",
    "author": "un1f****",
    "review_id": "8939326",
    "movie_id": "10250"
  },
  {
    "review": "내최고의로맨틱코미디",
    "date": "14.07.16",
    "rating": "10",
    "author": "qodp****",
    "review_id": "8921919",
    "movie_id": "10250"
  },
  {
    "review": "올드하지만 촌스럽지않고 풍부한 90년대의 미국의 모습...그리고 한번쯤은 생각해봣을 이성친구와의 관계",
    "date": "14.07.13",
    "rating": "10",
    "author": "tjra****",
    "review_id": "8914207",
    "movie_id": "10250"
  },
  {
    "review": "평범하지만 아름다운 뉴요커들의 밀당",
    "date": "14.07.13",
    "rating": "9",
    "author": "nobl****",
    "review_id": "8912528",
    "movie_id": "10250"
  },
  {
    "review": "남자와 여자는 생물학적으로 생식이 가능한이상 절대 친구가될수없다는걸 알게해준 영화 ㅋ",
    "date": "14.06.24",
    "rating": "9",
    "author": "croi****",
    "review_id": "8852074",
    "movie_id": "10250"
  },
  {
    "review": "영화의 야한얘기가 한편으로 우리가 생각하는 무엇인가와 통하는것같다.",
    "date": "14.06.13",
    "rating": "10",
    "author": "neon****",
    "review_id": "8827288",
    "movie_id": "10250"
  },
  {
    "review": "사람도 자꾸 만나고 말해보면서 알아가야 인연?짝?이 되는거 같네요두사람이 처음에 만났을때 결혼할줄 알았나..스쳐가는 이성일뿐이였잖아요 제게도 누군가 그렇게 스쳐가게 될 수도있단 생각이씁쓸하게 느껴져요.",
    "date": "14.05.26",
    "rating": "8",
    "author": "skfk****",
    "review_id": "8766058",
    "movie_id": "10250"
  },
  {
    "review": "옛날영화인데도 불구하고 전혀 진부하지 않고 재밋네요..특히 마지막에 해리가 샐리한테 고백할때 장면으뉴최고에요 ㅋㅋ",
    "date": "14.05.22",
    "rating": "10",
    "author": "rudr****",
    "review_id": "8753251",
    "movie_id": "10250"
  },
  {
    "review": "하도유명하길래봤는데 그냥 멕라이언얼굴밖에기억에안남는다 무슨로맨틱코미디의정석이야 진심재미없는데 남자주인공너무못생겼음 그나마엔딩은좀볼만하고 진심별로인영화",
    "date": "14.05.06",
    "rating": "3",
    "author": "dudd****",
    "review_id": "8710712",
    "movie_id": "10250"
  },
  {
    "review": "진짜 아름답고 사랑스럽다 ㅠㅠ",
    "date": "14.05.02",
    "rating": "10",
    "author": "qnad****",
    "review_id": "8693771",
    "movie_id": "10250"
  },
  {
    "review": "25년이 지난 지금 다시 봐도 뻔하지 않은 스토리 라인이 여전히 신선하게 느껴진다.",
    "date": "14.04.28",
    "rating": "8",
    "author": "jbri****",
    "review_id": "8679839",
    "movie_id": "10250"
  },
  {
    "review": "이토록 사랑스러운 영화가 또 있을까? 코드가 맞는다는 거. 비포시리즈와 또 다르게 좋다.",
    "date": "14.03.25",
    "rating": "10",
    "author": "grum****",
    "review_id": "8606420",
    "movie_id": "10250"
  },
  {
    "review": "사랑스러움의 정점인 그녀 맥라이언만으로도 행복한 영화",
    "date": "14.03.13",
    "rating": "10",
    "author": "gem9****",
    "review_id": "8572464",
    "movie_id": "10250"
  },
  {
    "review": "빌리 크리스탈과 맥 라이언. 물 만난 고기들의 펄떡이는 앙상블.",
    "date": "14.03.06",
    "rating": "8",
    "author": "boyc****",
    "review_id": "8559376",
    "movie_id": "10250"
  },
  {
    "review": "명 장면들의 연속...",
    "date": "14.03.02",
    "rating": "10",
    "author": "ykdi****",
    "review_id": "8550473",
    "movie_id": "10250"
  },
  {
    "review": "내인생의 영화중 한편임. .",
    "date": "14.02.22",
    "rating": "10",
    "author": "isin****",
    "review_id": "8528486",
    "movie_id": "10250"
  },
  {
    "review": "배부른 플레이보이와 플레이걸의 한시간 반동안의 염장.  서로 좋아서 밤에 불러서 잠자리한거면서 왜 미안해 해야하는거지? 이해안될 정도로 속보이는 두사람. 처음에 괜히 싫어하는 척하다가 끝에가서 갑자기 나타나 좋아하게 된다는 뻔하고 뻔한 스토리와 결말.",
    "date": "14.02.08",
    "rating": "1",
    "author": "mara****",
    "review_id": "8488313",
    "movie_id": "10250"
  },
  {
    "review": "그래.. 매력적인 여자와 친구'만' 할 남자는 아무도 없지..",
    "date": "14.02.02",
    "rating": "9",
    "author": "tn99****",
    "review_id": "8465570",
    "movie_id": "10250"
  },
  {
    "review": "맥라이언 빼면 시체...",
    "date": "14.01.16",
    "rating": "8",
    "author": "katy****",
    "review_id": "8387701",
    "movie_id": "10250"
  },
  {
    "review": "나도 모르게 영화 속에서 해답을 구하고 있었다.",
    "date": "14.01.09",
    "rating": "8",
    "author": "corc****",
    "review_id": "8362326",
    "movie_id": "10250"
  },
  {
    "review": "딱 이런 사랑하고싶다.정말.",
    "date": "13.12.28",
    "rating": "10",
    "author": "tlaa****",
    "review_id": "8314660",
    "movie_id": "10250"
  },
  {
    "review": "역시 로코의 본고장은 미쿡이여 오글거리다가도 소소하게 터지다가도 정말 외로워서 눈물이난다 크리스마스에 이걸 쳐보고있다니 젠장",
    "date": "13.12.25",
    "rating": "10",
    "author": "mand****",
    "review_id": "8300752",
    "movie_id": "10250"
  },
  {
    "review": "중간중간뻔하고지루한장면도잇엇다하지만 연애의 정석을 보여주는것같다 2편째부터 영화에빠져들더니 다보고나니까 기분이좋다 역시 남자랑여자는 친구가 될수없는건가사랑하는 내사람이 갑자기 막보고싶어진다 역시대작은 대작이구나 지금봐도 명작인걸보면",
    "date": "13.12.22",
    "rating": "10",
    "author": "miss****",
    "review_id": "8270283",
    "movie_id": "10250"
  },
  {
    "review": "이렇게 만족스러운 영화가 있을까. 태어나서 이영화를 본게 행운이다. 정말 최고다!",
    "date": "13.12.16",
    "rating": "10",
    "author": "xhap****",
    "review_id": "8218099",
    "movie_id": "10250"
  },
  {
    "review": "와우..이렇게 세련된 감각의 영화가 89년작이라니..기가 막히다",
    "date": "13.11.24",
    "rating": "10",
    "author": "jdh1****",
    "review_id": "8163899",
    "movie_id": "10250"
  },
  {
    "review": "별생각없이 봤는데 웃기고 공감되는부분이 많았어요",
    "date": "13.11.22",
    "rating": "9",
    "author": "sksk****",
    "review_id": "8160257",
    "movie_id": "10250"
  },
  {
    "review": "공감은 되지만 개연성은 떨어지는 로맨스",
    "date": "13.11.16",
    "rating": "5",
    "author": "breg****",
    "review_id": "8144511",
    "movie_id": "10250"
  },
  {
    "review": "오래되서 촌스러운영환줄알았는데.,,대사가 톡톡튀구 좋아요..!!>< 멕라이언너무이쁘고 잘하구,로코의 진수다..",
    "date": "13.11.05",
    "rating": "9",
    "author": "pooh****",
    "review_id": "8116187",
    "movie_id": "10250"
  },
  {
    "review": "10번을 넘게봐도 질리지 않는 영화.",
    "date": "13.11.05",
    "rating": "10",
    "author": "four****",
    "review_id": "8116005",
    "movie_id": "10250"
  },
  {
    "review": "좋아용 10점 만점에 10점",
    "date": "13.10.01",
    "rating": "10",
    "author": "007w****",
    "review_id": "8025135",
    "movie_id": "10250"
  },
  {
    "review": "사랑스럽다.",
    "date": "13.09.16",
    "rating": "9",
    "author": "chiy****",
    "review_id": "7987524",
    "movie_id": "10250"
  },
  {
    "review": "로맨틱 코미디만 수십편을 봤지만, 이영화를 능가하는 영화는 단연컨대 없었다!!!!!!!!!!!!!!!!!!!!!! 로맨틱 코미디의 제왕. 버릴 대사, 버릴 영상이 없다. 편집상을 준다면 이영화에게",
    "date": "13.09.14",
    "rating": "10",
    "author": "exvn****",
    "review_id": "7979687",
    "movie_id": "10250"
  },
  {
    "review": "옛날에 보고 또봤지만 해리가 처음에 말했듯이남녀 사이에는 친구가 될수 없다는 말이 결국 맞아 떨어졌네.. 맥라이언은 지금봐도 이때 너무 사랑스러웠다ㅋㅋ",
    "date": "13.09.12",
    "rating": "8",
    "author": "ehwj****",
    "review_id": "7968472",
    "movie_id": "10250"
  },
  {
    "review": "그냥 첫마디 나눴을 때 이 사람이다 싶을 때가 있다지..",
    "date": "13.09.09",
    "rating": "9",
    "author": "zjan****",
    "review_id": "7960660",
    "movie_id": "10250"
  },
  {
    "review": "멋진 영화",
    "date": "13.08.20",
    "rating": "8",
    "author": "alem****",
    "review_id": "7906472",
    "movie_id": "10250"
  },
  {
    "review": "해리와 샐리가 나누는 대화가 좋았다. 현실적인 내용이라서 더욱 공감가기도 했음!",
    "date": "13.08.12",
    "rating": "8",
    "author": "vvvv****",
    "review_id": "7871501",
    "movie_id": "10250"
  },
  {
    "review": "몇 년이 지나도 보고 또 볼 만한 영화.",
    "date": "13.08.07",
    "rating": "10",
    "author": "yesi****",
    "review_id": "7853529",
    "movie_id": "10250"
  },
  {
    "review": "맥라이언의 신음연기는 압권",
    "date": "13.08.06",
    "rating": "10",
    "author": "luck****",
    "review_id": "7846507",
    "movie_id": "10250"
  },
  {
    "review": "로맨틱 코미디의 정석",
    "date": "13.07.30",
    "rating": "9",
    "author": "wndg****",
    "review_id": "7798981",
    "movie_id": "10250"
  },
  {
    "review": "해리 완전 밥맛",
    "date": "13.07.23",
    "rating": "7",
    "author": "aaa3****",
    "review_id": "7777786",
    "movie_id": "10250"
  },
  {
    "review": "로맨스 영화를 좋아하지 않는 사람은 안 보는게 나음. 영화 후 기억에 남는 것은 남녀는 친구가 될수 없다는 것 그리고 매력적인 맥 라이언의 모습 정도. 맥 라이언의 리즈 시절을 보기 위해 그냥 감상해본 1인.",
    "date": "13.07.18",
    "rating": "6",
    "author": "jjaj****",
    "review_id": "7758344",
    "movie_id": "10250"
  },
  {
    "review": "내 인생 최고의 영화",
    "date": "13.07.10",
    "rating": "10",
    "author": "0143****",
    "review_id": "7722585",
    "movie_id": "10250"
  },
  {
    "review": "맥 라이언 리즈 시절 엄청나구나",
    "date": "13.07.06",
    "rating": "9",
    "author": "ldy6****",
    "review_id": "7709167",
    "movie_id": "10250"
  },
  {
    "review": "로맨틱 코미디의 정점",
    "date": "13.07.01",
    "rating": "10",
    "author": "rnfh****",
    "review_id": "7695376",
    "movie_id": "10250"
  },
  {
    "review": "이토록 매력적이고 이토록 사랑스러운 여자가 또 어디 있을까.",
    "date": "13.06.23",
    "rating": "10",
    "author": "xrot****",
    "review_id": "7673683",
    "movie_id": "10250"
  },
  {
    "review": "명성에맞게 로맨틱하고 재밌었다 보니까 이영화가 로맨틱물의 선구자노릇한듯로맨스물에서 많이본 요소들이 눈에띄었음~",
    "date": "13.06.20",
    "rating": "10",
    "author": "anwl****",
    "review_id": "7657914",
    "movie_id": "10250"
  },
  {
    "review": "유머러스한 대사가 좋다.",
    "date": "13.06.09",
    "rating": "10",
    "author": "bsm9****",
    "review_id": "7620028",
    "movie_id": "10250"
  },
  {
    "review": "맥 라이언이 너무 너무 이쁨~!!",
    "date": "13.06.08",
    "rating": "10",
    "author": "mium****",
    "review_id": "7610137",
    "movie_id": "10250"
  },
  {
    "review": "매력적인 사람이네요",
    "date": "13.06.07",
    "rating": "7",
    "author": "choc****",
    "review_id": "7602459",
    "movie_id": "10250"
  },
  {
    "review": "명장면많다 멋진영화",
    "date": "13.06.01",
    "rating": "10",
    "author": "eye0****",
    "review_id": "7569669",
    "movie_id": "10250"
  },
  {
    "review": "머 말을 해야 아나?",
    "date": "13.05.21",
    "rating": "9",
    "author": "dosa****",
    "review_id": "7546377",
    "movie_id": "10250"
  },
  {
    "review": "로맨틱 코메디의 수작",
    "date": "13.05.11",
    "rating": "10",
    "author": "nebg****",
    "review_id": "7521210",
    "movie_id": "10250"
  },
  {
    "review": "이제는 고전이라고 불러야 할 로맨틱 코미디 명작. 팍 꽂히는 대사들을 가지고 있으며 맥 라이언의 가장 아름다운 시절을 볼 수 있다. 정말 예쁘고 사랑스럽다. 쉴틈없이 쏟아지는 대사들은 이런 영화류의 특징이지만,  호불호가 갈릴 수 있다.",
    "date": "13.05.08",
    "rating": "10",
    "author": "iepa****",
    "review_id": "7515165",
    "movie_id": "10250"
  },
  {
    "review": "달곰하다",
    "date": "13.05.05",
    "rating": "10",
    "author": "lsh5****",
    "review_id": "7508839",
    "movie_id": "10250"
  },
  {
    "review": "의외로기대이상.맥라이언에게서눈을못떼겠음.그녀가왜로코퀸인지를보여주는작품.",
    "date": "13.05.04",
    "rating": "10",
    "author": "s2pi****",
    "review_id": "7504637",
    "movie_id": "10250"
  },
  {
    "review": "해리는 언제부터 친구와 연인사이에서 고민하고 갈등햇던것일까그리고 왜 해리는 매번 분위기가 이상해질때쯤이면 화제를돌려 애써 모면하려햇던것일까자신이 한말들을 주어담을수없기에 그래서 지킬수밖에없엇기에 슬프지만 긴시간이 지난후 자신에게 솔직해진 해리..",
    "date": "13.04.10",
    "rating": "10",
    "author": "cndd****",
    "review_id": "7448174",
    "movie_id": "10250"
  },
  {
    "review": "이런게 진짜 로코지! 러브액추얼리 저리가",
    "date": "13.04.06",
    "rating": "9",
    "author": "cand****",
    "review_id": "7438847",
    "movie_id": "10250"
  },
  {
    "review": "깔끔하고 쉽게 녹아드는 맥주같은 영화 마지막은 깊지않지만 적당한 취기가 남는다. 중간중간나오는 다른 노부부들의 연애담은 마치 이 말도안되는 픽션이 진짜 있었을 것같은 착각에 빠지게 한다. 권태기의 연인에게 추천 아니라면;...",
    "date": "13.04.03",
    "rating": "10",
    "author": "whda****",
    "review_id": "7433188",
    "movie_id": "10250"
  },
  {
    "review": "내가본 최고영화",
    "date": "13.03.30",
    "rating": "10",
    "author": "youy****",
    "review_id": "7421685",
    "movie_id": "10250"
  },
  {
    "review": "로맨틱코메디의 원조격 영화. 맥라이언의 매력에 반할수 밖에없다.",
    "date": "13.03.29",
    "rating": "10",
    "author": "zndz****",
    "review_id": "7420674",
    "movie_id": "10250"
  },
  {
    "review": "우정과 사랑 사이에서 간당간당하게 이어나가는 두 사람의 관계가 이상하게 와 닿았다. 내 상황이랑 비교하게 되고...ㅠㅠ 사랑스럽고 예쁜 영화.",
    "date": "13.03.23",
    "rating": "8",
    "author": "floo****",
    "review_id": "7402974",
    "movie_id": "10250"
  },
  {
    "review": "잘 짜여진 대본 속에 배우들의 호연",
    "date": "13.03.21",
    "rating": "8",
    "author": "arkj****",
    "review_id": "7383665",
    "movie_id": "10250"
  },
  {
    "review": "정말 최고.. 첨밀밀과 비슷",
    "date": "13.03.18",
    "rating": "10",
    "author": "wjaw****",
    "review_id": "7360339",
    "movie_id": "10250"
  },
  {
    "review": "보는 내내 정말 재미있게 봤다가 결론이 갑자기 딱 나타나서.. 약간 당황.. 하지만 재밌다.....ㅎㅎ",
    "date": "13.03.02",
    "rating": "9",
    "author": "su08****",
    "review_id": "7318444",
    "movie_id": "10250"
  },
  {
    "review": "오랜만에 진짜 완성도 높은 영화를 봤다 보는 내내 진짜 .. 간단하게 말하면심각하게 재밌다",
    "date": "13.02.23",
    "rating": "10",
    "author": "fbal****",
    "review_id": "7292579",
    "movie_id": "10250"
  },
  {
    "review": "참 비현실적인 영화. 거짓으로 짜맞춘듯한 느낌. 큰 감동은 없었고 그냥 해피앤딩. 볼만하긴 한듯. 재미는 솔직히 없다. 맥라이언의 외모때문에 특별히 7점줌",
    "date": "13.02.20",
    "rating": "7",
    "author": "kp20****",
    "review_id": "7283525",
    "movie_id": "10250"
  },
  {
    "review": "좋다좋다. 사랑하고싶네!내가 잠들기 전 마지막으로 이야기하고 싶은 사람은 당신이야.",
    "date": "13.02.12",
    "rating": "9",
    "author": "okre****",
    "review_id": "7256183",
    "movie_id": "10250"
  },
  {
    "review": "자신을 사랑하는 사람이 있다는 것은 로맨스 있는 삶이다.",
    "date": "13.02.07",
    "rating": "8",
    "author": "kos4****",
    "review_id": "7233525",
    "movie_id": "10250"
  },
  {
    "review": "로맨틱코미디의 교과서!! 멕라이언 너무 이쁘다ㅎ",
    "date": "13.02.07",
    "rating": "10",
    "author": "aida****",
    "review_id": "7233250",
    "movie_id": "10250"
  },
  {
    "review": "두 남녀의 변화하는 감정을 눈빛에 담은 배우들의 연기가 최고!영화에 삽입된 음악과, 화면구성, 그리고 이미지 또한 영화가 말하고자 하는 핵심을 느낄 수 있는데 일조하고 있다. 겨울이면 으레 보곤 하는데, 볼 때 마다 재미있다.",
    "date": "13.01.24",
    "rating": "10",
    "author": "rlae****",
    "review_id": "7165820",
    "movie_id": "10250"
  },
  {
    "review": "모든연인들에게 추천해주고 싶은 영화, 사랑에 대해 다시한번 나에게 많은 질문을 던져보게 만드는 그런 영화여서 참 좋았다.",
    "date": "13.01.21",
    "rating": "9",
    "author": "with****",
    "review_id": "7139155",
    "movie_id": "10250"
  },
  {
    "review": "열번은 봤는데 이영화개그코드가 참 좋아요. 캐릭터들도 매력있고!",
    "date": "13.01.13",
    "rating": "9",
    "author": "quin****",
    "review_id": "7107801",
    "movie_id": "10250"
  },
  {
    "review": "그다지 와닿지 않고 연애 에대한 감독의 시선만 들어가있을뿐 영화 자체에 대한 흥미도는 9점짜리가 절대 아니다 그리고 오랜만에 만나든 단기간에 만나든 사랑 끼워맞추기는 절대 공감될수 없는 스토리다",
    "date": "13.01.04",
    "rating": "6",
    "author": "chjy****",
    "review_id": "7081259",
    "movie_id": "10250"
  },
  {
    "review": "새해 되기전에 보니까 더욱 와닿는다..",
    "date": "12.12.31",
    "rating": "10",
    "author": "zxkl****",
    "review_id": "7068988",
    "movie_id": "10250"
  },
  {
    "review": "그다지...",
    "date": "12.12.30",
    "rating": "5",
    "author": "dbzh****",
    "review_id": "7062857",
    "movie_id": "10250"
  },
  {
    "review": "대사가 시원시원해서  좋다!!",
    "date": "12.12.26",
    "rating": "9",
    "author": "ceo0****",
    "review_id": "7049261",
    "movie_id": "10250"
  },
  {
    "review": "더러운 매너에 저 혼자 잘났다 떠들던 남자와 바쁜 식당에서 VIP라도 되는냥 복잡한 주문하며 종업원 귀찮게 구는 진상깐깐녀의 로맨스.",
    "date": "12.12.16",
    "rating": "8",
    "author": "jihy****",
    "review_id": "7009951",
    "movie_id": "10250"
  },
  {
    "review": "혼자가 힘들어 곁에 있던  사람과의 사랑  끼워 맞추기.",
    "date": "12.12.09",
    "rating": "8",
    "author": "marc****",
    "review_id": "6987913",
    "movie_id": "10250"
  },
  {
    "review": "도대체 이 영화에 대한 별점이 왜 이렇게 야박한지 모르겠다... 최고의 영화..",
    "date": "12.12.09",
    "rating": "10",
    "author": "spar****",
    "review_id": "6987238",
    "movie_id": "10250"
  }
]