[
  {
    "review_id": "9466371",
    "movie_id": "102501",
    "author": "todo****",
    "review": "묻히기 아까운 드라마네요",
    "rating": "10",
    "date": "14.12.11"
  },
  {
    "review_id": "9248414",
    "movie_id": "102501",
    "author": "jw09****",
    "review": "보는 내내 스릴넘처고 감동이었다 박형식의 연기도 인상깊어고 서준영의 연도 인상깊었다 이 드라마가 월화나 수목극 이었다면 시청률 1위를 할수 있었을거같다 드라마 스패셜 시리우스화이팅!!",
    "rating": "10",
    "date": "14.09.29"
  },
  {
    "review_id": "8211174",
    "movie_id": "102501",
    "author": "fian****",
    "review": "깊은 여운을 남기는 드라마네요. 캐릭터 하나하나 마다의 관점으로 여러번 봐도 인상깊어요.",
    "rating": "10",
    "date": "13.12.13"
  },
  {
    "review_id": "7766297",
    "movie_id": "102501",
    "author": "devi****",
    "review": "엔딩이 아쉬웠지만, 그래도 전체적으로  은창, 신우 두 캐릭터의 대비, 전환에 대한 연출이 좋았고, 극본, 연기들도  좋았습니다. 전체적으로 드라마가 내포가 있는 메타포도 좋았구요.",
    "rating": "10",
    "date": "13.07.20"
  },
  {
    "review_id": "7503307",
    "movie_id": "102501",
    "author": "only****",
    "review": "극본의 힘이 중요한걸 새삼느낀다.. 좋은 배우들이 그나마 살리니 억지라도 봤다 기타 연작시리즈에 비해 너무 떨어지는 수준이었음ㅠ 억지설정들이 참....",
    "rating": "2",
    "date": "13.05.03"
  },
  {
    "review_id": "7494607",
    "movie_id": "102501",
    "author": "ftts****",
    "review": "인상 깊은 드라마",
    "rating": "10",
    "date": "13.04.30"
  },
  {
    "review_id": "7322130",
    "movie_id": "102501",
    "author": "dnsj****",
    "review": "1회부터 봤는데작품진짜좋은데 조금만더길었으면 제대로된엔딩을 보게될것같았는데 아쉬워요 ㅠㅠ극본진짜좋은데",
    "rating": "9",
    "date": "13.03.03"
  },
  {
    "review_id": "7265429",
    "movie_id": "102501",
    "author": "seo8****",
    "review": "연출,ost,연기를 극본이 한참 못따라간다",
    "rating": "5",
    "date": "13.02.14"
  },
  {
    "review_id": "7244817",
    "movie_id": "102501",
    "author": "imfe****",
    "review": "뭘 말하려고 하는지는 알겠는데 너무 억지스럽고 공감도 안된다.",
    "rating": "5",
    "date": "13.02.09"
  },
  {
    "review_id": "7186431",
    "movie_id": "102501",
    "author": "tsyu****",
    "review": "4회로 마무리하려니 급하게 진행될 수 밖에없는점이 아쉽기도 하지만 지루하지않게 감동 받았습니다. 좋은연기하는 새 얼굴 안것같아 기분좋네요.",
    "rating": "10",
    "date": "13.01.28"
  },
  {
    "review_id": "7186337",
    "movie_id": "102501",
    "author": "chan****",
    "review": "시리우스......늦게까지 잠안자고 봤는데....첫회하기전 광고때는 별로 일거같았는데 우연히 1회를 보게됬는데...그이후 꼬박꼬박챙겨봤던거같다....안봤으면 후회할뻔했다...마지막회...눈물이 흘리면서...진짜..",
    "rating": "10",
    "date": "13.01.28"
  },
  {
    "review_id": "7186254",
    "movie_id": "102501",
    "author": "walk****",
    "review": "전 마지막에 되게 훈훈했네요 신우엄마가 진짜 신우를 싫어했던게 아니라는걸 알게되서 그런지....",
    "rating": "10",
    "date": "13.01.28"
  },
  {
    "review_id": "7186235",
    "movie_id": "102501",
    "author": "9838****",
    "review": "1회부터 4회..마지막회까지 꼬박 눈비비며 기다리다가 다 챙겨봤는데 정말 아쉽네요 ㅠ 4회까지 밖에 안한다는게 ㅠ 근데 또 모르죠.정규시간 16-20부작까지 했으면 이런 정말 몰입되고 기억에 남을 드라마가 됬을지...",
    "rating": "10",
    "date": "13.01.28"
  },
  {
    "review_id": "7186119",
    "movie_id": "102501",
    "author": "qkrt****",
    "review": "정말좋아요 오랫만에 깊이있는 드라마와 배우.",
    "rating": "10",
    "date": "13.01.28"
  },
  {
    "review_id": "7181307",
    "movie_id": "102501",
    "author": "alsw****",
    "review": "대스타만 찾아 드라마를 만든다고 모두 시청자들의 마음을?얻을수는 없다. 남여 사이의 사랑 일색인 요즘 드라마에서 보기힘든 소재와 드라마의 스토리 전개가 흥미진진했다. 무엇보다 주인공 서준영씨의 1인 2역의 연기는 꽤 오랫동안 기억에 남을것 같다.",
    "rating": "10",
    "date": "13.01.27"
  },
  {
    "review_id": "7170878",
    "movie_id": "102501",
    "author": "baks****",
    "review": "시리우스 블랙인지,시리우스 화이트 인지가 모호하다.톱스타가 출연하지 않는다는건,시청률 확보에 별 도움이 되지 않는다는걸 증명한 드라마.여주인공이라도,좀 알려진 애를 쓰지 그랬어...무슨 실험드라마도 아니고...실험실의 모르모트라도 되버린 기분이다...",
    "rating": "3",
    "date": "13.01.25"
  },
  {
    "review_id": "7140406",
    "movie_id": "102501",
    "author": "mini****",
    "review": "재밌게 다시보기로봤습니다 시청률이아쉽네요~",
    "rating": "10",
    "date": "13.01.21"
  },
  {
    "review_id": "7139312",
    "movie_id": "102501",
    "author": "neen****",
    "review": "이런 드라마가 하는지도 몰랐다가 이건 뭐지?하고 다시보기로 그냥 봤는데 너무 재밌네요 분위기가 좀 어둡긴하지만 제가 평소 각각의 배우들이 가지고있던 이미지를 새롭게 볼 수 있게된것같아요. 재밌게 잘 보고 있습니다^^ 시청률이 낮은게 아쉽네요.",
    "rating": "10",
    "date": "13.01.21"
  },
  {
    "review_id": "7139291",
    "movie_id": "102501",
    "author": "pdsl****",
    "review": "굿이야",
    "rating": "10",
    "date": "13.01.21"
  },
  {
    "review_id": "7138844",
    "movie_id": "102501",
    "author": "mail****",
    "review": "진짜대박!!!!!!!!!!!!!!말로표현을못해요 이드라마너무재밋어요특히 배우들의 연기력이 대단한거같아요류승수,서준영,박형식 씨 등등 너무몰입이잘되요 ㅋㅋㅋ",
    "rating": "10",
    "date": "13.01.20"
  },
  {
    "review_id": "7138836",
    "movie_id": "102501",
    "author": "mail****",
    "review": "지금까지봣던드라마중에 손가락안에드는 드라마 ㅋㅋㅋ배우들연기력도 뛰어납니다!!♥",
    "rating": "10",
    "date": "13.01.20"
  },
  {
    "review_id": "7122242",
    "movie_id": "102501",
    "author": "dail****",
    "review": "헐.... 대박인데 시청률이 고작 3.3% 라니....",
    "rating": "10",
    "date": "13.01.16"
  },
  {
    "review_id": "7113568",
    "movie_id": "102501",
    "author": "whdb****",
    "review": "모든게 최고!",
    "rating": "10",
    "date": "13.01.14"
  },
  {
    "review_id": "7113555",
    "movie_id": "102501",
    "author": "cher****",
    "review": "서준영씨 그리고 다른분들까지 정말 연기잘하시구 내용도 신선하네요..ㅎㅎ 1인2역 어색할 줄 알앗는데 서준영씨 넘 자연스럽고 원래 팬이었지만 다시한번 감탄하게 합니다..ㅎㅎ",
    "rating": "10",
    "date": "13.01.14"
  },
  {
    "review_id": "7113531",
    "movie_id": "102501",
    "author": "dlgk****",
    "review": "서준영연기 줄거리 모두 좋아요 일주일기다리기힘드네요ㅋㅋ",
    "rating": "10",
    "date": "13.01.14"
  },
  {
    "review_id": "7113514",
    "movie_id": "102501",
    "author": "thtj****",
    "review": "으허 ㅠㅜㅠㅜㅠ너므 재밌어요!!!!서준영씨 연기 잘한다누유ㅠㅠㅠㅠ짱♥",
    "rating": "10",
    "date": "13.01.14"
  },
  {
    "review_id": "7113491",
    "movie_id": "102501",
    "author": "yja9****",
    "review": "형동생 잘 구분 못하는 사람들이 있네; 드라마 참 재밌어요",
    "rating": "10",
    "date": "13.01.14"
  },
  {
    "review_id": "7113481",
    "movie_id": "102501",
    "author": "dlth****",
    "review": "연기너무잘하고요~정말재밌어요!!",
    "rating": "10",
    "date": "13.01.14"
  },
  {
    "review_id": "7113470",
    "movie_id": "102501",
    "author": "imkc****",
    "review": "참...",
    "rating": "1",
    "date": "13.01.14"
  },
  {
    "review_id": "7113449",
    "movie_id": "102501",
    "author": "nada****",
    "review": "1회는 신선햇는데 왜케 얼토당토한 진행을 하는지...똑똑하고 카리스마 있던 형은 감옥에서 나오면서 왜케 멍청해지셨는지..답답허다",
    "rating": "4",
    "date": "13.01.14"
  },
  {
    "review_id": "7113413",
    "movie_id": "102501",
    "author": "sshs****",
    "review": "연기자들은 괜찮은데 아무리드라마라지만 작가닝ㅇ 너무 터무니없이 극을 전개해나가시네요ㅎㅎ",
    "rating": "3",
    "date": "13.01.14"
  },
  {
    "review_id": "7097264",
    "movie_id": "102501",
    "author": "gim5****",
    "review": "재밌네요!",
    "rating": "10",
    "date": "13.01.10"
  },
  {
    "review_id": "7090555",
    "movie_id": "102501",
    "author": "kykm****",
    "review": "1인2역.서준영 멋지네요.아름다운그대 다시 보기 시작",
    "rating": "10",
    "date": "13.01.07"
  },
  {
    "review_id": "7090541",
    "movie_id": "102501",
    "author": "toma****",
    "review": "화크만큼재미남ㅋ",
    "rating": "10",
    "date": "13.01.07"
  },
  {
    "review_id": "7089910",
    "movie_id": "102501",
    "author": "pear****",
    "review": "이런 배우들의 조합이란...!!!!!! 빨리 일요일이 됐으면",
    "rating": "10",
    "date": "13.01.07"
  },
  {
    "review_id": "7089099",
    "movie_id": "102501",
    "author": "duwl****",
    "review": "진짜짱~!!!!! ㅎ~ㅅ",
    "rating": "10",
    "date": "13.01.07"
  },
  {
    "review_id": "7089096",
    "movie_id": "102501",
    "author": "hell****",
    "review": "1회 봤는데 너무 인상깊어서 잠못이루고 있습니다^.~",
    "rating": "10",
    "date": "13.01.07"
  }
]