[
  {
    "review_id": "7713382",
    "movie_id": "102590",
    "author": "gkdl****",
    "review": "첨보는데괜춘한듯?근데여기장소는어딘가뵹?궁금",
    "rating": "6",
    "date": "13.07.07"
  },
  {
    "review_id": "7702905",
    "movie_id": "102590",
    "author": "joy0****",
    "review": "붐 얼굴보면 화가나.",
    "rating": "1",
    "date": "13.07.04"
  },
  {
    "review_id": "7553803",
    "movie_id": "102590",
    "author": "el_s****",
    "review": "재밌어요",
    "rating": "10",
    "date": "13.05.25"
  },
  {
    "review_id": "7523433",
    "movie_id": "102590",
    "author": "ygs4****",
    "review": "재밌는데 문제는 가톨릭 기독교 불교 등등 ... 할게 많아서",
    "rating": "10",
    "date": "13.05.12"
  },
  {
    "review_id": "7449495",
    "movie_id": "102590",
    "author": "baks****",
    "review": "평점 조절 위원회에서 일하러 나왔습니다.오늘은 할일이 없네용...(웃음)",
    "rating": "1",
    "date": "13.04.11"
  },
  {
    "review_id": "7235333",
    "movie_id": "102590",
    "author": "wjd7****",
    "review": "55",
    "rating": "1",
    "date": "13.02.07"
  }
]